维度,纪元,空间带,学派形态,领域切片,状态,产物数
工程,替代,①地球,官档,01主承力,PART,2
工程,替代,①地球,官档,02推进工质,OPEN,0
工程,替代,①地球,官档,03主动磁防,OPEN,0
工程,替代,①地球,官档,04能源聚变,OPEN,0
工程,替代,①地球,官档,05生命闭环,OPEN,0
工程,替代,①地球,官档,06自控算力,OPEN,0
工程,替代,①地球,官档,07拆解延寿,OPEN,0
工程,替代,①地球,私档,01主承力,OPEN,0
工程,替代,①地球,私档,02推进工质,OPEN,0
工程,替代,①地球,私档,03主动磁防,OPEN,0
工程,替代,①地球,私档,04能源聚变,OPEN,0
工程,替代,①地球,私档,05生命闭环,OPEN,0
工程,替代,①地球,私档,06自控算力,OPEN,0
工程,替代,①地球,私档,07拆解延寿,OPEN,0
工程,替代,①地球,互济,01主承力,OPEN,0
工程,替代,①地球,互济,02推进工质,OPEN,0
工程,替代,①地球,互济,03主动磁防,OPEN,0
工程,替代,①地球,互济,04能源聚变,OPEN,0
工程,替代,①地球,互济,05生命闭环,OPEN,0
工程,替代,①地球,互济,06自控算力,OPEN,0
工程,替代,①地球,互济,07拆解延寿,OPEN,0
工程,替代,①地球,商贸,01主承力,OPEN,0
工程,替代,①地球,商贸,02推进工质,OPEN,0
工程,替代,①地球,商贸,03主动磁防,OPEN,0
工程,替代,①地球,商贸,04能源聚变,OPEN,0
工程,替代,①地球,商贸,05生命闭环,OPEN,0
工程,替代,①地球,商贸,06自控算力,OPEN,0
工程,替代,①地球,商贸,07拆解延寿,OPEN,0
工程,替代,①地球,工技,01主承力,OPEN,0
工程,替代,①地球,工技,02推进工质,OPEN,0
工程,替代,①地球,工技,03主动磁防,OPEN,0
工程,替代,①地球,工技,04能源聚变,OPEN,0
工程,替代,①地球,工技,05生命闭环,OPEN,0
工程,替代,①地球,工技,06自控算力,PART,1
工程,替代,①地球,工技,07拆解延寿,OPEN,0
工程,替代,①地球,科医,01主承力,OPEN,0
工程,替代,①地球,科医,02推进工质,OPEN,0
工程,替代,①地球,科医,03主动磁防,OPEN,0
工程,替代,①地球,科医,04能源聚变,OPEN,0
工程,替代,①地球,科医,05生命闭环,OPEN,0
工程,替代,①地球,科医,06自控算力,OPEN,0
工程,替代,①地球,科医,07拆解延寿,OPEN,0
工程,替代,②地月系,官档,01主承力,PART,1
工程,替代,②地月系,官档,02推进工质,OPEN,0
工程,替代,②地月系,官档,03主动磁防,OPEN,0
工程,替代,②地月系,官档,04能源聚变,OPEN,0
工程,替代,②地月系,官档,05生命闭环,OPEN,0
工程,替代,②地月系,官档,06自控算力,OPEN,0
工程,替代,②地月系,官档,07拆解延寿,OPEN,0
工程,替代,②地月系,私档,01主承力,OPEN,0
工程,替代,②地月系,私档,02推进工质,OPEN,0
工程,替代,②地月系,私档,03主动磁防,OPEN,0
工程,替代,②地月系,私档,04能源聚变,OPEN,0
工程,替代,②地月系,私档,05生命闭环,OPEN,0
工程,替代,②地月系,私档,06自控算力,OPEN,0
工程,替代,②地月系,私档,07拆解延寿,OPEN,0
工程,替代,②地月系,互济,01主承力,OPEN,0
工程,替代,②地月系,互济,02推进工质,OPEN,0
工程,替代,②地月系,互济,03主动磁防,OPEN,0
工程,替代,②地月系,互济,04能源聚变,OPEN,0
工程,替代,②地月系,互济,05生命闭环,OPEN,0
工程,替代,②地月系,互济,06自控算力,OPEN,0
工程,替代,②地月系,互济,07拆解延寿,OPEN,0
工程,替代,②地月系,商贸,01主承力,OPEN,0
工程,替代,②地月系,商贸,02推进工质,OPEN,0
工程,替代,②地月系,商贸,03主动磁防,OPEN,0
工程,替代,②地月系,商贸,04能源聚变,OPEN,0
工程,替代,②地月系,商贸,05生命闭环,OPEN,0
工程,替代,②地月系,商贸,06自控算力,OPEN,0
工程,替代,②地月系,商贸,07拆解延寿,OPEN,0
工程,替代,②地月系,工技,01主承力,OPEN,0
工程,替代,②地月系,工技,02推进工质,OPEN,0
工程,替代,②地月系,工技,03主动磁防,OPEN,0
工程,替代,②地月系,工技,04能源聚变,OPEN,0
工程,替代,②地月系,工技,05生命闭环,OPEN,0
工程,替代,②地月系,工技,06自控算力,OPEN,0
工程,替代,②地月系,工技,07拆解延寿,OPEN,0
工程,替代,②地月系,科医,01主承力,OPEN,0
工程,替代,②地月系,科医,02推进工质,OPEN,0
工程,替代,②地月系,科医,03主动磁防,OPEN,0
工程,替代,②地月系,科医,04能源聚变,OPEN,0
工程,替代,②地月系,科医,05生命闭环,OPEN,0
工程,替代,②地月系,科医,06自控算力,OPEN,0
工程,替代,②地月系,科医,07拆解延寿,OPEN,0
工程,替代,③内太阳系,官档,01主承力,PART,1
工程,替代,③内太阳系,官档,02推进工质,OPEN,0
工程,替代,③内太阳系,官档,03主动磁防,OPEN,0
工程,替代,③内太阳系,官档,04能源聚变,OPEN,0
工程,替代,③内太阳系,官档,05生命闭环,OPEN,0
工程,替代,③内太阳系,官档,06自控算力,OPEN,0
工程,替代,③内太阳系,官档,07拆解延寿,OPEN,0
工程,替代,③内太阳系,私档,01主承力,OPEN,0
工程,替代,③内太阳系,私档,02推进工质,OPEN,0
工程,替代,③内太阳系,私档,03主动磁防,OPEN,0
工程,替代,③内太阳系,私档,04能源聚变,OPEN,0
工程,替代,③内太阳系,私档,05生命闭环,OPEN,0
工程,替代,③内太阳系,私档,06自控算力,OPEN,0
工程,替代,③内太阳系,私档,07拆解延寿,OPEN,0
工程,替代,③内太阳系,互济,01主承力,OPEN,0
工程,替代,③内太阳系,互济,02推进工质,OPEN,0
工程,替代,③内太阳系,互济,03主动磁防,OPEN,0
工程,替代,③内太阳系,互济,04能源聚变,OPEN,0
工程,替代,③内太阳系,互济,05生命闭环,OPEN,0
工程,替代,③内太阳系,互济,06自控算力,OPEN,0
工程,替代,③内太阳系,互济,07拆解延寿,OPEN,0
工程,替代,③内太阳系,商贸,01主承力,OPEN,0
工程,替代,③内太阳系,商贸,02推进工质,OPEN,0
工程,替代,③内太阳系,商贸,03主动磁防,OPEN,0
工程,替代,③内太阳系,商贸,04能源聚变,OPEN,0
工程,替代,③内太阳系,商贸,05生命闭环,OPEN,0
工程,替代,③内太阳系,商贸,06自控算力,OPEN,0
工程,替代,③内太阳系,商贸,07拆解延寿,OPEN,0
工程,替代,③内太阳系,工技,01主承力,OPEN,0
工程,替代,③内太阳系,工技,02推进工质,OPEN,0
工程,替代,③内太阳系,工技,03主动磁防,OPEN,0
工程,替代,③内太阳系,工技,04能源聚变,OPEN,0
工程,替代,③内太阳系,工技,05生命闭环,OPEN,0
工程,替代,③内太阳系,工技,06自控算力,OPEN,0
工程,替代,③内太阳系,工技,07拆解延寿,OPEN,0
工程,替代,③内太阳系,科医,01主承力,OPEN,0
工程,替代,③内太阳系,科医,02推进工质,OPEN,0
工程,替代,③内太阳系,科医,03主动磁防,OPEN,0
工程,替代,③内太阳系,科医,04能源聚变,OPEN,0
工程,替代,③内太阳系,科医,05生命闭环,OPEN,0
工程,替代,③内太阳系,科医,06自控算力,OPEN,0
工程,替代,③内太阳系,科医,07拆解延寿,OPEN,0
工程,替代,④深空,官档,01主承力,PART,1
工程,替代,④深空,官档,02推进工质,OPEN,0
工程,替代,④深空,官档,03主动磁防,OPEN,0
工程,替代,④深空,官档,04能源聚变,OPEN,0
工程,替代,④深空,官档,05生命闭环,OPEN,0
工程,替代,④深空,官档,06自控算力,OPEN,0
工程,替代,④深空,官档,07拆解延寿,OPEN,0
工程,替代,④深空,私档,01主承力,OPEN,0
工程,替代,④深空,私档,02推进工质,OPEN,0
工程,替代,④深空,私档,03主动磁防,OPEN,0
工程,替代,④深空,私档,04能源聚变,OPEN,0
工程,替代,④深空,私档,05生命闭环,OPEN,0
工程,替代,④深空,私档,06自控算力,OPEN,0
工程,替代,④深空,私档,07拆解延寿,OPEN,0
工程,替代,④深空,互济,01主承力,OPEN,0
工程,替代,④深空,互济,02推进工质,OPEN,0
工程,替代,④深空,互济,03主动磁防,OPEN,0
工程,替代,④深空,互济,04能源聚变,OPEN,0
工程,替代,④深空,互济,05生命闭环,OPEN,0
工程,替代,④深空,互济,06自控算力,OPEN,0
工程,替代,④深空,互济,07拆解延寿,OPEN,0
工程,替代,④深空,商贸,01主承力,OPEN,0
工程,替代,④深空,商贸,02推进工质,OPEN,0
工程,替代,④深空,商贸,03主动磁防,OPEN,0
工程,替代,④深空,商贸,04能源聚变,OPEN,0
工程,替代,④深空,商贸,05生命闭环,OPEN,0
工程,替代,④深空,商贸,06自控算力,OPEN,0
工程,替代,④深空,商贸,07拆解延寿,OPEN,0
工程,替代,④深空,工技,01主承力,OPEN,0
工程,替代,④深空,工技,02推进工质,OPEN,0
工程,替代,④深空,工技,03主动磁防,OPEN,0
工程,替代,④深空,工技,04能源聚变,OPEN,0
工程,替代,④深空,工技,05生命闭环,OPEN,0
工程,替代,④深空,工技,06自控算力,OPEN,0
工程,替代,④深空,工技,07拆解延寿,OPEN,0
工程,替代,④深空,科医,01主承力,OPEN,0
工程,替代,④深空,科医,02推进工质,OPEN,0
工程,替代,④深空,科医,03主动磁防,OPEN,0
工程,替代,④深空,科医,04能源聚变,OPEN,0
工程,替代,④深空,科医,05生命闭环,OPEN,0
工程,替代,④深空,科医,06自控算力,OPEN,0
工程,替代,④深空,科医,07拆解延寿,OPEN,0
工程,替代,⑤比邻星,官档,01主承力,PART,1
工程,替代,⑤比邻星,官档,02推进工质,OPEN,0
工程,替代,⑤比邻星,官档,03主动磁防,OPEN,0
工程,替代,⑤比邻星,官档,04能源聚变,OPEN,0
工程,替代,⑤比邻星,官档,05生命闭环,OPEN,0
工程,替代,⑤比邻星,官档,06自控算力,OPEN,0
工程,替代,⑤比邻星,官档,07拆解延寿,OPEN,0
工程,替代,⑤比邻星,私档,01主承力,OPEN,0
工程,替代,⑤比邻星,私档,02推进工质,OPEN,0
工程,替代,⑤比邻星,私档,03主动磁防,OPEN,0
工程,替代,⑤比邻星,私档,04能源聚变,OPEN,0
工程,替代,⑤比邻星,私档,05生命闭环,OPEN,0
工程,替代,⑤比邻星,私档,06自控算力,OPEN,0
工程,替代,⑤比邻星,私档,07拆解延寿,OPEN,0
工程,替代,⑤比邻星,互济,01主承力,OPEN,0
工程,替代,⑤比邻星,互济,02推进工质,OPEN,0
工程,替代,⑤比邻星,互济,03主动磁防,OPEN,0
工程,替代,⑤比邻星,互济,04能源聚变,OPEN,0
工程,替代,⑤比邻星,互济,05生命闭环,OPEN,0
工程,替代,⑤比邻星,互济,06自控算力,OPEN,0
工程,替代,⑤比邻星,互济,07拆解延寿,OPEN,0
工程,替代,⑤比邻星,商贸,01主承力,OPEN,0
工程,替代,⑤比邻星,商贸,02推进工质,OPEN,0
工程,替代,⑤比邻星,商贸,03主动磁防,OPEN,0
工程,替代,⑤比邻星,商贸,04能源聚变,OPEN,0
工程,替代,⑤比邻星,商贸,05生命闭环,OPEN,0
工程,替代,⑤比邻星,商贸,06自控算力,OPEN,0
工程,替代,⑤比邻星,商贸,07拆解延寿,OPEN,0
工程,替代,⑤比邻星,工技,01主承力,OPEN,0
工程,替代,⑤比邻星,工技,02推进工质,OPEN,0
工程,替代,⑤比邻星,工技,03主动磁防,OPEN,0
工程,替代,⑤比邻星,工技,04能源聚变,OPEN,0
工程,替代,⑤比邻星,工技,05生命闭环,OPEN,0
工程,替代,⑤比邻星,工技,06自控算力,OPEN,0
工程,替代,⑤比邻星,工技,07拆解延寿,OPEN,0
工程,替代,⑤比邻星,科医,01主承力,OPEN,0
工程,替代,⑤比邻星,科医,02推进工质,OPEN,0
工程,替代,⑤比邻星,科医,03主动磁防,OPEN,0
工程,替代,⑤比邻星,科医,04能源聚变,OPEN,0
工程,替代,⑤比邻星,科医,05生命闭环,OPEN,0
工程,替代,⑤比邻星,科医,06自控算力,OPEN,0
工程,替代,⑤比邻星,科医,07拆解延寿,OPEN,0
工程,竞赛,①地球,官档,01主承力,PART,1
工程,竞赛,①地球,官档,02推进工质,OPEN,0
工程,竞赛,①地球,官档,03主动磁防,OPEN,0
工程,竞赛,①地球,官档,04能源聚变,OPEN,0
工程,竞赛,①地球,官档,05生命闭环,OPEN,0
工程,竞赛,①地球,官档,06自控算力,OPEN,0
工程,竞赛,①地球,官档,07拆解延寿,OPEN,0
工程,竞赛,①地球,私档,01主承力,OPEN,0
工程,竞赛,①地球,私档,02推进工质,OPEN,0
工程,竞赛,①地球,私档,03主动磁防,OPEN,0
工程,竞赛,①地球,私档,04能源聚变,OPEN,0
工程,竞赛,①地球,私档,05生命闭环,OPEN,0
工程,竞赛,①地球,私档,06自控算力,OPEN,0
工程,竞赛,①地球,私档,07拆解延寿,OPEN,0
工程,竞赛,①地球,互济,01主承力,OPEN,0
工程,竞赛,①地球,互济,02推进工质,OPEN,0
工程,竞赛,①地球,互济,03主动磁防,OPEN,0
工程,竞赛,①地球,互济,04能源聚变,OPEN,0
工程,竞赛,①地球,互济,05生命闭环,OPEN,0
工程,竞赛,①地球,互济,06自控算力,OPEN,0
工程,竞赛,①地球,互济,07拆解延寿,OPEN,0
工程,竞赛,①地球,商贸,01主承力,OPEN,0
工程,竞赛,①地球,商贸,02推进工质,OPEN,0
工程,竞赛,①地球,商贸,03主动磁防,OPEN,0
工程,竞赛,①地球,商贸,04能源聚变,OPEN,0
工程,竞赛,①地球,商贸,05生命闭环,OPEN,0
工程,竞赛,①地球,商贸,06自控算力,OPEN,0
工程,竞赛,①地球,商贸,07拆解延寿,OPEN,0
工程,竞赛,①地球,工技,01主承力,OPEN,0
工程,竞赛,①地球,工技,02推进工质,OPEN,0
工程,竞赛,①地球,工技,03主动磁防,OPEN,0
工程,竞赛,①地球,工技,04能源聚变,OPEN,0
工程,竞赛,①地球,工技,05生命闭环,OPEN,0
工程,竞赛,①地球,工技,06自控算力,OPEN,0
工程,竞赛,①地球,工技,07拆解延寿,OPEN,0
工程,竞赛,①地球,科医,01主承力,OPEN,0
工程,竞赛,①地球,科医,02推进工质,OPEN,0
工程,竞赛,①地球,科医,03主动磁防,OPEN,0
工程,竞赛,①地球,科医,04能源聚变,OPEN,0
工程,竞赛,①地球,科医,05生命闭环,OPEN,0
工程,竞赛,①地球,科医,06自控算力,OPEN,0
工程,竞赛,①地球,科医,07拆解延寿,OPEN,0
工程,竞赛,②地月系,官档,01主承力,PART,1
工程,竞赛,②地月系,官档,02推进工质,OPEN,0
工程,竞赛,②地月系,官档,03主动磁防,OPEN,0
工程,竞赛,②地月系,官档,04能源聚变,OPEN,0
工程,竞赛,②地月系,官档,05生命闭环,OPEN,0
工程,竞赛,②地月系,官档,06自控算力,OPEN,0
工程,竞赛,②地月系,官档,07拆解延寿,OPEN,0
工程,竞赛,②地月系,私档,01主承力,OPEN,0
工程,竞赛,②地月系,私档,02推进工质,OPEN,0
工程,竞赛,②地月系,私档,03主动磁防,OPEN,0
工程,竞赛,②地月系,私档,04能源聚变,OPEN,0
工程,竞赛,②地月系,私档,05生命闭环,OPEN,0
工程,竞赛,②地月系,私档,06自控算力,OPEN,0
工程,竞赛,②地月系,私档,07拆解延寿,OPEN,0
工程,竞赛,②地月系,互济,01主承力,OPEN,0
工程,竞赛,②地月系,互济,02推进工质,OPEN,0
工程,竞赛,②地月系,互济,03主动磁防,OPEN,0
工程,竞赛,②地月系,互济,04能源聚变,OPEN,0
工程,竞赛,②地月系,互济,05生命闭环,OPEN,0
工程,竞赛,②地月系,互济,06自控算力,OPEN,0
工程,竞赛,②地月系,互济,07拆解延寿,OPEN,0
工程,竞赛,②地月系,商贸,01主承力,OPEN,0
工程,竞赛,②地月系,商贸,02推进工质,OPEN,0
工程,竞赛,②地月系,商贸,03主动磁防,OPEN,0
工程,竞赛,②地月系,商贸,04能源聚变,OPEN,0
工程,竞赛,②地月系,商贸,05生命闭环,OPEN,0
工程,竞赛,②地月系,商贸,06自控算力,OPEN,0
工程,竞赛,②地月系,商贸,07拆解延寿,OPEN,0
工程,竞赛,②地月系,工技,01主承力,OPEN,0
工程,竞赛,②地月系,工技,02推进工质,OPEN,0
工程,竞赛,②地月系,工技,03主动磁防,OPEN,0
工程,竞赛,②地月系,工技,04能源聚变,OPEN,0
工程,竞赛,②地月系,工技,05生命闭环,OPEN,0
工程,竞赛,②地月系,工技,06自控算力,OPEN,0
工程,竞赛,②地月系,工技,07拆解延寿,OPEN,0
工程,竞赛,②地月系,科医,01主承力,OPEN,0
工程,竞赛,②地月系,科医,02推进工质,OPEN,0
工程,竞赛,②地月系,科医,03主动磁防,OPEN,0
工程,竞赛,②地月系,科医,04能源聚变,OPEN,0
工程,竞赛,②地月系,科医,05生命闭环,OPEN,0
工程,竞赛,②地月系,科医,06自控算力,OPEN,0
工程,竞赛,②地月系,科医,07拆解延寿,OPEN,0
工程,竞赛,③内太阳系,官档,01主承力,PART,1
工程,竞赛,③内太阳系,官档,02推进工质,OPEN,0
工程,竞赛,③内太阳系,官档,03主动磁防,OPEN,0
工程,竞赛,③内太阳系,官档,04能源聚变,OPEN,0
工程,竞赛,③内太阳系,官档,05生命闭环,OPEN,0
工程,竞赛,③内太阳系,官档,06自控算力,OPEN,0
工程,竞赛,③内太阳系,官档,07拆解延寿,OPEN,0
工程,竞赛,③内太阳系,私档,01主承力,OPEN,0
工程,竞赛,③内太阳系,私档,02推进工质,OPEN,0
工程,竞赛,③内太阳系,私档,03主动磁防,OPEN,0
工程,竞赛,③内太阳系,私档,04能源聚变,OPEN,0
工程,竞赛,③内太阳系,私档,05生命闭环,OPEN,0
工程,竞赛,③内太阳系,私档,06自控算力,OPEN,0
工程,竞赛,③内太阳系,私档,07拆解延寿,OPEN,0
工程,竞赛,③内太阳系,互济,01主承力,OPEN,0
工程,竞赛,③内太阳系,互济,02推进工质,OPEN,0
工程,竞赛,③内太阳系,互济,03主动磁防,OPEN,0
工程,竞赛,③内太阳系,互济,04能源聚变,OPEN,0
工程,竞赛,③内太阳系,互济,05生命闭环,OPEN,0
工程,竞赛,③内太阳系,互济,06自控算力,OPEN,0
工程,竞赛,③内太阳系,互济,07拆解延寿,OPEN,0
工程,竞赛,③内太阳系,商贸,01主承力,OPEN,0
工程,竞赛,③内太阳系,商贸,02推进工质,OPEN,0
工程,竞赛,③内太阳系,商贸,03主动磁防,OPEN,0
工程,竞赛,③内太阳系,商贸,04能源聚变,OPEN,0
工程,竞赛,③内太阳系,商贸,05生命闭环,OPEN,0
工程,竞赛,③内太阳系,商贸,06自控算力,OPEN,0
工程,竞赛,③内太阳系,商贸,07拆解延寿,OPEN,0
工程,竞赛,③内太阳系,工技,01主承力,OPEN,0
工程,竞赛,③内太阳系,工技,02推进工质,OPEN,0
工程,竞赛,③内太阳系,工技,03主动磁防,OPEN,0
工程,竞赛,③内太阳系,工技,04能源聚变,OPEN,0
工程,竞赛,③内太阳系,工技,05生命闭环,OPEN,0
工程,竞赛,③内太阳系,工技,06自控算力,OPEN,0
工程,竞赛,③内太阳系,工技,07拆解延寿,OPEN,0
工程,竞赛,③内太阳系,科医,01主承力,OPEN,0
工程,竞赛,③内太阳系,科医,02推进工质,OPEN,0
工程,竞赛,③内太阳系,科医,03主动磁防,OPEN,0
工程,竞赛,③内太阳系,科医,04能源聚变,OPEN,0
工程,竞赛,③内太阳系,科医,05生命闭环,OPEN,0
工程,竞赛,③内太阳系,科医,06自控算力,OPEN,0
工程,竞赛,③内太阳系,科医,07拆解延寿,OPEN,0
工程,竞赛,④深空,官档,01主承力,PART,1
工程,竞赛,④深空,官档,02推进工质,OPEN,0
工程,竞赛,④深空,官档,03主动磁防,OPEN,0
工程,竞赛,④深空,官档,04能源聚变,OPEN,0
工程,竞赛,④深空,官档,05生命闭环,OPEN,0
工程,竞赛,④深空,官档,06自控算力,OPEN,0
工程,竞赛,④深空,官档,07拆解延寿,OPEN,0
工程,竞赛,④深空,私档,01主承力,OPEN,0
工程,竞赛,④深空,私档,02推进工质,OPEN,0
工程,竞赛,④深空,私档,03主动磁防,OPEN,0
工程,竞赛,④深空,私档,04能源聚变,OPEN,0
工程,竞赛,④深空,私档,05生命闭环,OPEN,0
工程,竞赛,④深空,私档,06自控算力,OPEN,0
工程,竞赛,④深空,私档,07拆解延寿,OPEN,0
工程,竞赛,④深空,互济,01主承力,OPEN,0
工程,竞赛,④深空,互济,02推进工质,OPEN,0
工程,竞赛,④深空,互济,03主动磁防,OPEN,0
工程,竞赛,④深空,互济,04能源聚变,OPEN,0
工程,竞赛,④深空,互济,05生命闭环,OPEN,0
工程,竞赛,④深空,互济,06自控算力,OPEN,0
工程,竞赛,④深空,互济,07拆解延寿,OPEN,0
工程,竞赛,④深空,商贸,01主承力,OPEN,0
工程,竞赛,④深空,商贸,02推进工质,OPEN,0
工程,竞赛,④深空,商贸,03主动磁防,OPEN,0
工程,竞赛,④深空,商贸,04能源聚变,OPEN,0
工程,竞赛,④深空,商贸,05生命闭环,OPEN,0
工程,竞赛,④深空,商贸,06自控算力,OPEN,0
工程,竞赛,④深空,商贸,07拆解延寿,OPEN,0
工程,竞赛,④深空,工技,01主承力,OPEN,0
工程,竞赛,④深空,工技,02推进工质,OPEN,0
工程,竞赛,④深空,工技,03主动磁防,OPEN,0
工程,竞赛,④深空,工技,04能源聚变,OPEN,0
工程,竞赛,④深空,工技,05生命闭环,OPEN,0
工程,竞赛,④深空,工技,06自控算力,OPEN,0
工程,竞赛,④深空,工技,07拆解延寿,OPEN,0
工程,竞赛,④深空,科医,01主承力,OPEN,0
工程,竞赛,④深空,科医,02推进工质,OPEN,0
工程,竞赛,④深空,科医,03主动磁防,OPEN,0
工程,竞赛,④深空,科医,04能源聚变,OPEN,0
工程,竞赛,④深空,科医,05生命闭环,OPEN,0
工程,竞赛,④深空,科医,06自控算力,OPEN,0
工程,竞赛,④深空,科医,07拆解延寿,OPEN,0
工程,竞赛,⑤比邻星,官档,01主承力,PART,1
工程,竞赛,⑤比邻星,官档,02推进工质,OPEN,0
工程,竞赛,⑤比邻星,官档,03主动磁防,OPEN,0
工程,竞赛,⑤比邻星,官档,04能源聚变,OPEN,0
工程,竞赛,⑤比邻星,官档,05生命闭环,OPEN,0
工程,竞赛,⑤比邻星,官档,06自控算力,OPEN,0
工程,竞赛,⑤比邻星,官档,07拆解延寿,OPEN,0
工程,竞赛,⑤比邻星,私档,01主承力,OPEN,0
工程,竞赛,⑤比邻星,私档,02推进工质,OPEN,0
工程,竞赛,⑤比邻星,私档,03主动磁防,OPEN,0
工程,竞赛,⑤比邻星,私档,04能源聚变,OPEN,0
工程,竞赛,⑤比邻星,私档,05生命闭环,OPEN,0
工程,竞赛,⑤比邻星,私档,06自控算力,OPEN,0
工程,竞赛,⑤比邻星,私档,07拆解延寿,OPEN,0
工程,竞赛,⑤比邻星,互济,01主承力,OPEN,0
工程,竞赛,⑤比邻星,互济,02推进工质,OPEN,0
工程,竞赛,⑤比邻星,互济,03主动磁防,OPEN,0
工程,竞赛,⑤比邻星,互济,04能源聚变,OPEN,0
工程,竞赛,⑤比邻星,互济,05生命闭环,OPEN,0
工程,竞赛,⑤比邻星,互济,06自控算力,OPEN,0
工程,竞赛,⑤比邻星,互济,07拆解延寿,OPEN,0
工程,竞赛,⑤比邻星,商贸,01主承力,OPEN,0
工程,竞赛,⑤比邻星,商贸,02推进工质,OPEN,0
工程,竞赛,⑤比邻星,商贸,03主动磁防,OPEN,0
工程,竞赛,⑤比邻星,商贸,04能源聚变,OPEN,0
工程,竞赛,⑤比邻星,商贸,05生命闭环,OPEN,0
工程,竞赛,⑤比邻星,商贸,06自控算力,OPEN,0
工程,竞赛,⑤比邻星,商贸,07拆解延寿,OPEN,0
工程,竞赛,⑤比邻星,工技,01主承力,OPEN,0
工程,竞赛,⑤比邻星,工技,02推进工质,OPEN,0
工程,竞赛,⑤比邻星,工技,03主动磁防,OPEN,0
工程,竞赛,⑤比邻星,工技,04能源聚变,OPEN,0
工程,竞赛,⑤比邻星,工技,05生命闭环,OPEN,0
工程,竞赛,⑤比邻星,工技,06自控算力,OPEN,0
工程,竞赛,⑤比邻星,工技,07拆解延寿,OPEN,0
工程,竞赛,⑤比邻星,科医,01主承力,OPEN,0
工程,竞赛,⑤比邻星,科医,02推进工质,OPEN,0
工程,竞赛,⑤比邻星,科医,03主动磁防,OPEN,0
工程,竞赛,⑤比邻星,科医,04能源聚变,OPEN,0
工程,竞赛,⑤比邻星,科医,05生命闭环,OPEN,0
工程,竞赛,⑤比邻星,科医,06自控算力,OPEN,0
工程,竞赛,⑤比邻星,科医,07拆解延寿,OPEN,0
工程,丰裕,①地球,官档,01主承力,PART,1
工程,丰裕,①地球,官档,02推进工质,OPEN,0
工程,丰裕,①地球,官档,03主动磁防,OPEN,0
工程,丰裕,①地球,官档,04能源聚变,OPEN,0
工程,丰裕,①地球,官档,05生命闭环,OPEN,0
工程,丰裕,①地球,官档,06自控算力,OPEN,0
工程,丰裕,①地球,官档,07拆解延寿,OPEN,0
工程,丰裕,①地球,私档,01主承力,OPEN,0
工程,丰裕,①地球,私档,02推进工质,OPEN,0
工程,丰裕,①地球,私档,03主动磁防,OPEN,0
工程,丰裕,①地球,私档,04能源聚变,OPEN,0
工程,丰裕,①地球,私档,05生命闭环,OPEN,0
工程,丰裕,①地球,私档,06自控算力,OPEN,0
工程,丰裕,①地球,私档,07拆解延寿,OPEN,0
工程,丰裕,①地球,互济,01主承力,OPEN,0
工程,丰裕,①地球,互济,02推进工质,OPEN,0
工程,丰裕,①地球,互济,03主动磁防,OPEN,0
工程,丰裕,①地球,互济,04能源聚变,OPEN,0
工程,丰裕,①地球,互济,05生命闭环,OPEN,0
工程,丰裕,①地球,互济,06自控算力,OPEN,0
工程,丰裕,①地球,互济,07拆解延寿,OPEN,0
工程,丰裕,①地球,商贸,01主承力,OPEN,0
工程,丰裕,①地球,商贸,02推进工质,OPEN,0
工程,丰裕,①地球,商贸,03主动磁防,OPEN,0
工程,丰裕,①地球,商贸,04能源聚变,OPEN,0
工程,丰裕,①地球,商贸,05生命闭环,OPEN,0
工程,丰裕,①地球,商贸,06自控算力,OPEN,0
工程,丰裕,①地球,商贸,07拆解延寿,OPEN,0
工程,丰裕,①地球,工技,01主承力,OPEN,0
工程,丰裕,①地球,工技,02推进工质,OPEN,0
工程,丰裕,①地球,工技,03主动磁防,OPEN,0
工程,丰裕,①地球,工技,04能源聚变,OPEN,0
工程,丰裕,①地球,工技,05生命闭环,OPEN,0
工程,丰裕,①地球,工技,06自控算力,OPEN,0
工程,丰裕,①地球,工技,07拆解延寿,OPEN,0
工程,丰裕,①地球,科医,01主承力,OPEN,0
工程,丰裕,①地球,科医,02推进工质,OPEN,0
工程,丰裕,①地球,科医,03主动磁防,OPEN,0
工程,丰裕,①地球,科医,04能源聚变,OPEN,0
工程,丰裕,①地球,科医,05生命闭环,OPEN,0
工程,丰裕,①地球,科医,06自控算力,OPEN,0
工程,丰裕,①地球,科医,07拆解延寿,OPEN,0
工程,丰裕,②地月系,官档,01主承力,PART,1
工程,丰裕,②地月系,官档,02推进工质,OPEN,0
工程,丰裕,②地月系,官档,03主动磁防,OPEN,0
工程,丰裕,②地月系,官档,04能源聚变,OPEN,0
工程,丰裕,②地月系,官档,05生命闭环,OPEN,0
工程,丰裕,②地月系,官档,06自控算力,OPEN,0
工程,丰裕,②地月系,官档,07拆解延寿,OPEN,0
工程,丰裕,②地月系,私档,01主承力,OPEN,0
工程,丰裕,②地月系,私档,02推进工质,OPEN,0
工程,丰裕,②地月系,私档,03主动磁防,OPEN,0
工程,丰裕,②地月系,私档,04能源聚变,OPEN,0
工程,丰裕,②地月系,私档,05生命闭环,OPEN,0
工程,丰裕,②地月系,私档,06自控算力,OPEN,0
工程,丰裕,②地月系,私档,07拆解延寿,OPEN,0
工程,丰裕,②地月系,互济,01主承力,OPEN,0
工程,丰裕,②地月系,互济,02推进工质,OPEN,0
工程,丰裕,②地月系,互济,03主动磁防,OPEN,0
工程,丰裕,②地月系,互济,04能源聚变,OPEN,0
工程,丰裕,②地月系,互济,05生命闭环,OPEN,0
工程,丰裕,②地月系,互济,06自控算力,OPEN,0
工程,丰裕,②地月系,互济,07拆解延寿,OPEN,0
工程,丰裕,②地月系,商贸,01主承力,OPEN,0
工程,丰裕,②地月系,商贸,02推进工质,OPEN,0
工程,丰裕,②地月系,商贸,03主动磁防,OPEN,0
工程,丰裕,②地月系,商贸,04能源聚变,OPEN,0
工程,丰裕,②地月系,商贸,05生命闭环,OPEN,0
工程,丰裕,②地月系,商贸,06自控算力,OPEN,0
工程,丰裕,②地月系,商贸,07拆解延寿,OPEN,0
工程,丰裕,②地月系,工技,01主承力,OPEN,0
工程,丰裕,②地月系,工技,02推进工质,OPEN,0
工程,丰裕,②地月系,工技,03主动磁防,OPEN,0
工程,丰裕,②地月系,工技,04能源聚变,OPEN,0
工程,丰裕,②地月系,工技,05生命闭环,OPEN,0
工程,丰裕,②地月系,工技,06自控算力,OPEN,0
工程,丰裕,②地月系,工技,07拆解延寿,OPEN,0
工程,丰裕,②地月系,科医,01主承力,OPEN,0
工程,丰裕,②地月系,科医,02推进工质,OPEN,0
工程,丰裕,②地月系,科医,03主动磁防,OPEN,0
工程,丰裕,②地月系,科医,04能源聚变,OPEN,0
工程,丰裕,②地月系,科医,05生命闭环,OPEN,0
工程,丰裕,②地月系,科医,06自控算力,OPEN,0
工程,丰裕,②地月系,科医,07拆解延寿,OPEN,0
工程,丰裕,③内太阳系,官档,01主承力,PART,1
工程,丰裕,③内太阳系,官档,02推进工质,OPEN,0
工程,丰裕,③内太阳系,官档,03主动磁防,OPEN,0
工程,丰裕,③内太阳系,官档,04能源聚变,OPEN,0
工程,丰裕,③内太阳系,官档,05生命闭环,OPEN,0
工程,丰裕,③内太阳系,官档,06自控算力,OPEN,0
工程,丰裕,③内太阳系,官档,07拆解延寿,OPEN,0
工程,丰裕,③内太阳系,私档,01主承力,OPEN,0
工程,丰裕,③内太阳系,私档,02推进工质,OPEN,0
工程,丰裕,③内太阳系,私档,03主动磁防,OPEN,0
工程,丰裕,③内太阳系,私档,04能源聚变,OPEN,0
工程,丰裕,③内太阳系,私档,05生命闭环,OPEN,0
工程,丰裕,③内太阳系,私档,06自控算力,OPEN,0
工程,丰裕,③内太阳系,私档,07拆解延寿,OPEN,0
工程,丰裕,③内太阳系,互济,01主承力,OPEN,0
工程,丰裕,③内太阳系,互济,02推进工质,OPEN,0
工程,丰裕,③内太阳系,互济,03主动磁防,OPEN,0
工程,丰裕,③内太阳系,互济,04能源聚变,OPEN,0
工程,丰裕,③内太阳系,互济,05生命闭环,OPEN,0
工程,丰裕,③内太阳系,互济,06自控算力,OPEN,0
工程,丰裕,③内太阳系,互济,07拆解延寿,OPEN,0
工程,丰裕,③内太阳系,商贸,01主承力,OPEN,0
工程,丰裕,③内太阳系,商贸,02推进工质,OPEN,0
工程,丰裕,③内太阳系,商贸,03主动磁防,OPEN,0
工程,丰裕,③内太阳系,商贸,04能源聚变,OPEN,0
工程,丰裕,③内太阳系,商贸,05生命闭环,OPEN,0
工程,丰裕,③内太阳系,商贸,06自控算力,OPEN,0
工程,丰裕,③内太阳系,商贸,07拆解延寿,OPEN,0
工程,丰裕,③内太阳系,工技,01主承力,OPEN,0
工程,丰裕,③内太阳系,工技,02推进工质,OPEN,0
工程,丰裕,③内太阳系,工技,03主动磁防,OPEN,0
工程,丰裕,③内太阳系,工技,04能源聚变,OPEN,0
工程,丰裕,③内太阳系,工技,05生命闭环,OPEN,0
工程,丰裕,③内太阳系,工技,06自控算力,OPEN,0
工程,丰裕,③内太阳系,工技,07拆解延寿,OPEN,0
工程,丰裕,③内太阳系,科医,01主承力,OPEN,0
工程,丰裕,③内太阳系,科医,02推进工质,OPEN,0
工程,丰裕,③内太阳系,科医,03主动磁防,OPEN,0
工程,丰裕,③内太阳系,科医,04能源聚变,OPEN,0
工程,丰裕,③内太阳系,科医,05生命闭环,OPEN,0
工程,丰裕,③内太阳系,科医,06自控算力,OPEN,0
工程,丰裕,③内太阳系,科医,07拆解延寿,OPEN,0
工程,丰裕,④深空,官档,01主承力,PART,1
工程,丰裕,④深空,官档,02推进工质,OPEN,0
工程,丰裕,④深空,官档,03主动磁防,OPEN,0
工程,丰裕,④深空,官档,04能源聚变,OPEN,0
工程,丰裕,④深空,官档,05生命闭环,OPEN,0
工程,丰裕,④深空,官档,06自控算力,OPEN,0
工程,丰裕,④深空,官档,07拆解延寿,OPEN,0
工程,丰裕,④深空,私档,01主承力,OPEN,0
工程,丰裕,④深空,私档,02推进工质,OPEN,0
工程,丰裕,④深空,私档,03主动磁防,OPEN,0
工程,丰裕,④深空,私档,04能源聚变,OPEN,0
工程,丰裕,④深空,私档,05生命闭环,OPEN,0
工程,丰裕,④深空,私档,06自控算力,OPEN,0
工程,丰裕,④深空,私档,07拆解延寿,OPEN,0
工程,丰裕,④深空,互济,01主承力,OPEN,0
工程,丰裕,④深空,互济,02推进工质,OPEN,0
工程,丰裕,④深空,互济,03主动磁防,OPEN,0
工程,丰裕,④深空,互济,04能源聚变,OPEN,0
工程,丰裕,④深空,互济,05生命闭环,OPEN,0
工程,丰裕,④深空,互济,06自控算力,OPEN,0
工程,丰裕,④深空,互济,07拆解延寿,OPEN,0
工程,丰裕,④深空,商贸,01主承力,OPEN,0
工程,丰裕,④深空,商贸,02推进工质,OPEN,0
工程,丰裕,④深空,商贸,03主动磁防,OPEN,0
工程,丰裕,④深空,商贸,04能源聚变,OPEN,0
工程,丰裕,④深空,商贸,05生命闭环,OPEN,0
工程,丰裕,④深空,商贸,06自控算力,OPEN,0
工程,丰裕,④深空,商贸,07拆解延寿,OPEN,0
工程,丰裕,④深空,工技,01主承力,OPEN,0
工程,丰裕,④深空,工技,02推进工质,OPEN,0
工程,丰裕,④深空,工技,03主动磁防,OPEN,0
工程,丰裕,④深空,工技,04能源聚变,OPEN,0
工程,丰裕,④深空,工技,05生命闭环,OPEN,0
工程,丰裕,④深空,工技,06自控算力,OPEN,0
工程,丰裕,④深空,工技,07拆解延寿,OPEN,0
工程,丰裕,④深空,科医,01主承力,OPEN,0
工程,丰裕,④深空,科医,02推进工质,OPEN,0
工程,丰裕,④深空,科医,03主动磁防,OPEN,0
工程,丰裕,④深空,科医,04能源聚变,OPEN,0
工程,丰裕,④深空,科医,05生命闭环,OPEN,0
工程,丰裕,④深空,科医,06自控算力,OPEN,0
工程,丰裕,④深空,科医,07拆解延寿,OPEN,0
工程,丰裕,⑤比邻星,官档,01主承力,PART,1
工程,丰裕,⑤比邻星,官档,02推进工质,OPEN,0
工程,丰裕,⑤比邻星,官档,03主动磁防,OPEN,0
工程,丰裕,⑤比邻星,官档,04能源聚变,OPEN,0
工程,丰裕,⑤比邻星,官档,05生命闭环,OPEN,0
工程,丰裕,⑤比邻星,官档,06自控算力,OPEN,0
工程,丰裕,⑤比邻星,官档,07拆解延寿,OPEN,0
工程,丰裕,⑤比邻星,私档,01主承力,OPEN,0
工程,丰裕,⑤比邻星,私档,02推进工质,OPEN,0
工程,丰裕,⑤比邻星,私档,03主动磁防,OPEN,0
工程,丰裕,⑤比邻星,私档,04能源聚变,OPEN,0
工程,丰裕,⑤比邻星,私档,05生命闭环,OPEN,0
工程,丰裕,⑤比邻星,私档,06自控算力,OPEN,0
工程,丰裕,⑤比邻星,私档,07拆解延寿,OPEN,0
工程,丰裕,⑤比邻星,互济,01主承力,OPEN,0
工程,丰裕,⑤比邻星,互济,02推进工质,OPEN,0
工程,丰裕,⑤比邻星,互济,03主动磁防,OPEN,0
工程,丰裕,⑤比邻星,互济,04能源聚变,OPEN,0
工程,丰裕,⑤比邻星,互济,05生命闭环,OPEN,0
工程,丰裕,⑤比邻星,互济,06自控算力,OPEN,0
工程,丰裕,⑤比邻星,互济,07拆解延寿,OPEN,0
工程,丰裕,⑤比邻星,商贸,01主承力,OPEN,0
工程,丰裕,⑤比邻星,商贸,02推进工质,OPEN,0
工程,丰裕,⑤比邻星,商贸,03主动磁防,OPEN,0
工程,丰裕,⑤比邻星,商贸,04能源聚变,OPEN,0
工程,丰裕,⑤比邻星,商贸,05生命闭环,OPEN,0
工程,丰裕,⑤比邻星,商贸,06自控算力,OPEN,0
工程,丰裕,⑤比邻星,商贸,07拆解延寿,OPEN,0
工程,丰裕,⑤比邻星,工技,01主承力,OPEN,0
工程,丰裕,⑤比邻星,工技,02推进工质,OPEN,0
工程,丰裕,⑤比邻星,工技,03主动磁防,OPEN,0
工程,丰裕,⑤比邻星,工技,04能源聚变,OPEN,0
工程,丰裕,⑤比邻星,工技,05生命闭环,OPEN,0
工程,丰裕,⑤比邻星,工技,06自控算力,OPEN,0
工程,丰裕,⑤比邻星,工技,07拆解延寿,OPEN,0
工程,丰裕,⑤比邻星,科医,01主承力,OPEN,0
工程,丰裕,⑤比邻星,科医,02推进工质,OPEN,0
工程,丰裕,⑤比邻星,科医,03主动磁防,OPEN,0
工程,丰裕,⑤比邻星,科医,04能源聚变,OPEN,0
工程,丰裕,⑤比邻星,科医,05生命闭环,OPEN,0
工程,丰裕,⑤比邻星,科医,06自控算力,OPEN,0
工程,丰裕,⑤比邻星,科医,07拆解延寿,OPEN,0
工程,离心,①地球,官档,01主承力,PART,1
工程,离心,①地球,官档,02推进工质,OPEN,0
工程,离心,①地球,官档,03主动磁防,OPEN,0
工程,离心,①地球,官档,04能源聚变,OPEN,0
工程,离心,①地球,官档,05生命闭环,OPEN,0
工程,离心,①地球,官档,06自控算力,OPEN,0
工程,离心,①地球,官档,07拆解延寿,OPEN,0
工程,离心,①地球,私档,01主承力,OPEN,0
工程,离心,①地球,私档,02推进工质,OPEN,0
工程,离心,①地球,私档,03主动磁防,OPEN,0
工程,离心,①地球,私档,04能源聚变,OPEN,0
工程,离心,①地球,私档,05生命闭环,OPEN,0
工程,离心,①地球,私档,06自控算力,OPEN,0
工程,离心,①地球,私档,07拆解延寿,OPEN,0
工程,离心,①地球,互济,01主承力,OPEN,0
工程,离心,①地球,互济,02推进工质,OPEN,0
工程,离心,①地球,互济,03主动磁防,OPEN,0
工程,离心,①地球,互济,04能源聚变,OPEN,0
工程,离心,①地球,互济,05生命闭环,OPEN,0
工程,离心,①地球,互济,06自控算力,OPEN,0
工程,离心,①地球,互济,07拆解延寿,OPEN,0
工程,离心,①地球,商贸,01主承力,OPEN,0
工程,离心,①地球,商贸,02推进工质,OPEN,0
工程,离心,①地球,商贸,03主动磁防,OPEN,0
工程,离心,①地球,商贸,04能源聚变,OPEN,0
工程,离心,①地球,商贸,05生命闭环,OPEN,0
工程,离心,①地球,商贸,06自控算力,OPEN,0
工程,离心,①地球,商贸,07拆解延寿,OPEN,0
工程,离心,①地球,工技,01主承力,OPEN,0
工程,离心,①地球,工技,02推进工质,OPEN,0
工程,离心,①地球,工技,03主动磁防,OPEN,0
工程,离心,①地球,工技,04能源聚变,OPEN,0
工程,离心,①地球,工技,05生命闭环,OPEN,0
工程,离心,①地球,工技,06自控算力,OPEN,0
工程,离心,①地球,工技,07拆解延寿,OPEN,0
工程,离心,①地球,科医,01主承力,OPEN,0
工程,离心,①地球,科医,02推进工质,OPEN,0
工程,离心,①地球,科医,03主动磁防,OPEN,0
工程,离心,①地球,科医,04能源聚变,OPEN,0
工程,离心,①地球,科医,05生命闭环,OPEN,0
工程,离心,①地球,科医,06自控算力,OPEN,0
工程,离心,①地球,科医,07拆解延寿,OPEN,0
工程,离心,②地月系,官档,01主承力,PART,1
工程,离心,②地月系,官档,02推进工质,OPEN,0
工程,离心,②地月系,官档,03主动磁防,OPEN,0
工程,离心,②地月系,官档,04能源聚变,OPEN,0
工程,离心,②地月系,官档,05生命闭环,OPEN,0
工程,离心,②地月系,官档,06自控算力,OPEN,0
工程,离心,②地月系,官档,07拆解延寿,OPEN,0
工程,离心,②地月系,私档,01主承力,OPEN,0
工程,离心,②地月系,私档,02推进工质,OPEN,0
工程,离心,②地月系,私档,03主动磁防,OPEN,0
工程,离心,②地月系,私档,04能源聚变,OPEN,0
工程,离心,②地月系,私档,05生命闭环,OPEN,0
工程,离心,②地月系,私档,06自控算力,OPEN,0
工程,离心,②地月系,私档,07拆解延寿,OPEN,0
工程,离心,②地月系,互济,01主承力,OPEN,0
工程,离心,②地月系,互济,02推进工质,OPEN,0
工程,离心,②地月系,互济,03主动磁防,OPEN,0
工程,离心,②地月系,互济,04能源聚变,OPEN,0
工程,离心,②地月系,互济,05生命闭环,OPEN,0
工程,离心,②地月系,互济,06自控算力,OPEN,0
工程,离心,②地月系,互济,07拆解延寿,OPEN,0
工程,离心,②地月系,商贸,01主承力,OPEN,0
工程,离心,②地月系,商贸,02推进工质,OPEN,0
工程,离心,②地月系,商贸,03主动磁防,OPEN,0
工程,离心,②地月系,商贸,04能源聚变,OPEN,0
工程,离心,②地月系,商贸,05生命闭环,OPEN,0
工程,离心,②地月系,商贸,06自控算力,OPEN,0
工程,离心,②地月系,商贸,07拆解延寿,OPEN,0
工程,离心,②地月系,工技,01主承力,OPEN,0
工程,离心,②地月系,工技,02推进工质,OPEN,0
工程,离心,②地月系,工技,03主动磁防,OPEN,0
工程,离心,②地月系,工技,04能源聚变,OPEN,0
工程,离心,②地月系,工技,05生命闭环,OPEN,0
工程,离心,②地月系,工技,06自控算力,OPEN,0
工程,离心,②地月系,工技,07拆解延寿,OPEN,0
工程,离心,②地月系,科医,01主承力,OPEN,0
工程,离心,②地月系,科医,02推进工质,OPEN,0
工程,离心,②地月系,科医,03主动磁防,OPEN,0
工程,离心,②地月系,科医,04能源聚变,OPEN,0
工程,离心,②地月系,科医,05生命闭环,OPEN,0
工程,离心,②地月系,科医,06自控算力,OPEN,0
工程,离心,②地月系,科医,07拆解延寿,OPEN,0
工程,离心,③内太阳系,官档,01主承力,FULL,3
工程,离心,③内太阳系,官档,02推进工质,OPEN,0
工程,离心,③内太阳系,官档,03主动磁防,OPEN,0
工程,离心,③内太阳系,官档,04能源聚变,OPEN,0
工程,离心,③内太阳系,官档,05生命闭环,OPEN,0
工程,离心,③内太阳系,官档,06自控算力,OPEN,0
工程,离心,③内太阳系,官档,07拆解延寿,OPEN,0
工程,离心,③内太阳系,私档,01主承力,OPEN,0
工程,离心,③内太阳系,私档,02推进工质,OPEN,0
工程,离心,③内太阳系,私档,03主动磁防,OPEN,0
工程,离心,③内太阳系,私档,04能源聚变,OPEN,0
工程,离心,③内太阳系,私档,05生命闭环,OPEN,0
工程,离心,③内太阳系,私档,06自控算力,OPEN,0
工程,离心,③内太阳系,私档,07拆解延寿,OPEN,0
工程,离心,③内太阳系,互济,01主承力,OPEN,0
工程,离心,③内太阳系,互济,02推进工质,OPEN,0
工程,离心,③内太阳系,互济,03主动磁防,OPEN,0
工程,离心,③内太阳系,互济,04能源聚变,OPEN,0
工程,离心,③内太阳系,互济,05生命闭环,OPEN,0
工程,离心,③内太阳系,互济,06自控算力,OPEN,0
工程,离心,③内太阳系,互济,07拆解延寿,OPEN,0
工程,离心,③内太阳系,商贸,01主承力,OPEN,0
工程,离心,③内太阳系,商贸,02推进工质,OPEN,0
工程,离心,③内太阳系,商贸,03主动磁防,OPEN,0
工程,离心,③内太阳系,商贸,04能源聚变,OPEN,0
工程,离心,③内太阳系,商贸,05生命闭环,OPEN,0
工程,离心,③内太阳系,商贸,06自控算力,OPEN,0
工程,离心,③内太阳系,商贸,07拆解延寿,OPEN,0
工程,离心,③内太阳系,工技,01主承力,OPEN,0
工程,离心,③内太阳系,工技,02推进工质,OPEN,0
工程,离心,③内太阳系,工技,03主动磁防,OPEN,0
工程,离心,③内太阳系,工技,04能源聚变,OPEN,0
工程,离心,③内太阳系,工技,05生命闭环,OPEN,0
工程,离心,③内太阳系,工技,06自控算力,OPEN,0
工程,离心,③内太阳系,工技,07拆解延寿,OPEN,0
工程,离心,③内太阳系,科医,01主承力,OPEN,0
工程,离心,③内太阳系,科医,02推进工质,OPEN,0
工程,离心,③内太阳系,科医,03主动磁防,OPEN,0
工程,离心,③内太阳系,科医,04能源聚变,OPEN,0
工程,离心,③内太阳系,科医,05生命闭环,OPEN,0
工程,离心,③内太阳系,科医,06自控算力,OPEN,0
工程,离心,③内太阳系,科医,07拆解延寿,OPEN,0
工程,离心,④深空,官档,01主承力,PART,1
工程,离心,④深空,官档,02推进工质,OPEN,0
工程,离心,④深空,官档,03主动磁防,OPEN,0
工程,离心,④深空,官档,04能源聚变,OPEN,0
工程,离心,④深空,官档,05生命闭环,OPEN,0
工程,离心,④深空,官档,06自控算力,OPEN,0
工程,离心,④深空,官档,07拆解延寿,OPEN,0
工程,离心,④深空,私档,01主承力,OPEN,0
工程,离心,④深空,私档,02推进工质,OPEN,0
工程,离心,④深空,私档,03主动磁防,OPEN,0
工程,离心,④深空,私档,04能源聚变,OPEN,0
工程,离心,④深空,私档,05生命闭环,OPEN,0
工程,离心,④深空,私档,06自控算力,OPEN,0
工程,离心,④深空,私档,07拆解延寿,OPEN,0
工程,离心,④深空,互济,01主承力,OPEN,0
工程,离心,④深空,互济,02推进工质,OPEN,0
工程,离心,④深空,互济,03主动磁防,OPEN,0
工程,离心,④深空,互济,04能源聚变,OPEN,0
工程,离心,④深空,互济,05生命闭环,OPEN,0
工程,离心,④深空,互济,06自控算力,OPEN,0
工程,离心,④深空,互济,07拆解延寿,OPEN,0
工程,离心,④深空,商贸,01主承力,OPEN,0
工程,离心,④深空,商贸,02推进工质,OPEN,0
工程,离心,④深空,商贸,03主动磁防,OPEN,0
工程,离心,④深空,商贸,04能源聚变,OPEN,0
工程,离心,④深空,商贸,05生命闭环,OPEN,0
工程,离心,④深空,商贸,06自控算力,OPEN,0
工程,离心,④深空,商贸,07拆解延寿,OPEN,0
工程,离心,④深空,工技,01主承力,OPEN,0
工程,离心,④深空,工技,02推进工质,OPEN,0
工程,离心,④深空,工技,03主动磁防,OPEN,0
工程,离心,④深空,工技,04能源聚变,OPEN,0
工程,离心,④深空,工技,05生命闭环,OPEN,0
工程,离心,④深空,工技,06自控算力,OPEN,0
工程,离心,④深空,工技,07拆解延寿,OPEN,0
工程,离心,④深空,科医,01主承力,OPEN,0
工程,离心,④深空,科医,02推进工质,OPEN,0
工程,离心,④深空,科医,03主动磁防,OPEN,0
工程,离心,④深空,科医,04能源聚变,OPEN,0
工程,离心,④深空,科医,05生命闭环,OPEN,0
工程,离心,④深空,科医,06自控算力,OPEN,0
工程,离心,④深空,科医,07拆解延寿,OPEN,0
工程,离心,⑤比邻星,官档,01主承力,PART,1
工程,离心,⑤比邻星,官档,02推进工质,OPEN,0
工程,离心,⑤比邻星,官档,03主动磁防,OPEN,0
工程,离心,⑤比邻星,官档,04能源聚变,OPEN,0
工程,离心,⑤比邻星,官档,05生命闭环,OPEN,0
工程,离心,⑤比邻星,官档,06自控算力,OPEN,0
工程,离心,⑤比邻星,官档,07拆解延寿,OPEN,0
工程,离心,⑤比邻星,私档,01主承力,OPEN,0
工程,离心,⑤比邻星,私档,02推进工质,OPEN,0
工程,离心,⑤比邻星,私档,03主动磁防,OPEN,0
工程,离心,⑤比邻星,私档,04能源聚变,OPEN,0
工程,离心,⑤比邻星,私档,05生命闭环,OPEN,0
工程,离心,⑤比邻星,私档,06自控算力,OPEN,0
工程,离心,⑤比邻星,私档,07拆解延寿,OPEN,0
工程,离心,⑤比邻星,互济,01主承力,OPEN,0
工程,离心,⑤比邻星,互济,02推进工质,OPEN,0
工程,离心,⑤比邻星,互济,03主动磁防,OPEN,0
工程,离心,⑤比邻星,互济,04能源聚变,OPEN,0
工程,离心,⑤比邻星,互济,05生命闭环,OPEN,0
工程,离心,⑤比邻星,互济,06自控算力,OPEN,0
工程,离心,⑤比邻星,互济,07拆解延寿,OPEN,0
工程,离心,⑤比邻星,商贸,01主承力,OPEN,0
工程,离心,⑤比邻星,商贸,02推进工质,OPEN,0
工程,离心,⑤比邻星,商贸,03主动磁防,OPEN,0
工程,离心,⑤比邻星,商贸,04能源聚变,OPEN,0
工程,离心,⑤比邻星,商贸,05生命闭环,OPEN,0
工程,离心,⑤比邻星,商贸,06自控算力,OPEN,0
工程,离心,⑤比邻星,商贸,07拆解延寿,OPEN,0
工程,离心,⑤比邻星,工技,01主承力,OPEN,0
工程,离心,⑤比邻星,工技,02推进工质,OPEN,0
工程,离心,⑤比邻星,工技,03主动磁防,OPEN,0
工程,离心,⑤比邻星,工技,04能源聚变,OPEN,0
工程,离心,⑤比邻星,工技,05生命闭环,OPEN,0
工程,离心,⑤比邻星,工技,06自控算力,OPEN,0
工程,离心,⑤比邻星,工技,07拆解延寿,OPEN,0
工程,离心,⑤比邻星,科医,01主承力,OPEN,0
工程,离心,⑤比邻星,科医,02推进工质,OPEN,0
工程,离心,⑤比邻星,科医,03主动磁防,OPEN,0
工程,离心,⑤比邻星,科医,04能源聚变,OPEN,0
工程,离心,⑤比邻星,科医,05生命闭环,OPEN,0
工程,离心,⑤比邻星,科医,06自控算力,OPEN,0
工程,离心,⑤比邻星,科医,07拆解延寿,OPEN,0
工程,启航,①地球,官档,01主承力,PART,1
工程,启航,①地球,官档,02推进工质,OPEN,0
工程,启航,①地球,官档,03主动磁防,OPEN,0
工程,启航,①地球,官档,04能源聚变,OPEN,0
工程,启航,①地球,官档,05生命闭环,OPEN,0
工程,启航,①地球,官档,06自控算力,OPEN,0
工程,启航,①地球,官档,07拆解延寿,OPEN,0
工程,启航,①地球,私档,01主承力,OPEN,0
工程,启航,①地球,私档,02推进工质,OPEN,0
工程,启航,①地球,私档,03主动磁防,OPEN,0
工程,启航,①地球,私档,04能源聚变,OPEN,0
工程,启航,①地球,私档,05生命闭环,OPEN,0
工程,启航,①地球,私档,06自控算力,OPEN,0
工程,启航,①地球,私档,07拆解延寿,OPEN,0
工程,启航,①地球,互济,01主承力,OPEN,0
工程,启航,①地球,互济,02推进工质,OPEN,0
工程,启航,①地球,互济,03主动磁防,OPEN,0
工程,启航,①地球,互济,04能源聚变,OPEN,0
工程,启航,①地球,互济,05生命闭环,OPEN,0
工程,启航,①地球,互济,06自控算力,OPEN,0
工程,启航,①地球,互济,07拆解延寿,OPEN,0
工程,启航,①地球,商贸,01主承力,OPEN,0
工程,启航,①地球,商贸,02推进工质,OPEN,0
工程,启航,①地球,商贸,03主动磁防,OPEN,0
工程,启航,①地球,商贸,04能源聚变,OPEN,0
工程,启航,①地球,商贸,05生命闭环,OPEN,0
工程,启航,①地球,商贸,06自控算力,OPEN,0
工程,启航,①地球,商贸,07拆解延寿,OPEN,0
工程,启航,①地球,工技,01主承力,OPEN,0
工程,启航,①地球,工技,02推进工质,OPEN,0
工程,启航,①地球,工技,03主动磁防,OPEN,0
工程,启航,①地球,工技,04能源聚变,OPEN,0
工程,启航,①地球,工技,05生命闭环,OPEN,0
工程,启航,①地球,工技,06自控算力,OPEN,0
工程,启航,①地球,工技,07拆解延寿,OPEN,0
工程,启航,①地球,科医,01主承力,OPEN,0
工程,启航,①地球,科医,02推进工质,OPEN,0
工程,启航,①地球,科医,03主动磁防,OPEN,0
工程,启航,①地球,科医,04能源聚变,OPEN,0
工程,启航,①地球,科医,05生命闭环,OPEN,0
工程,启航,①地球,科医,06自控算力,OPEN,0
工程,启航,①地球,科医,07拆解延寿,OPEN,0
工程,启航,②地月系,官档,01主承力,PART,1
工程,启航,②地月系,官档,02推进工质,OPEN,0
工程,启航,②地月系,官档,03主动磁防,OPEN,0
工程,启航,②地月系,官档,04能源聚变,OPEN,0
工程,启航,②地月系,官档,05生命闭环,OPEN,0
工程,启航,②地月系,官档,06自控算力,OPEN,0
工程,启航,②地月系,官档,07拆解延寿,OPEN,0
工程,启航,②地月系,私档,01主承力,OPEN,0
工程,启航,②地月系,私档,02推进工质,OPEN,0
工程,启航,②地月系,私档,03主动磁防,OPEN,0
工程,启航,②地月系,私档,04能源聚变,OPEN,0
工程,启航,②地月系,私档,05生命闭环,OPEN,0
工程,启航,②地月系,私档,06自控算力,OPEN,0
工程,启航,②地月系,私档,07拆解延寿,OPEN,0
工程,启航,②地月系,互济,01主承力,OPEN,0
工程,启航,②地月系,互济,02推进工质,OPEN,0
工程,启航,②地月系,互济,03主动磁防,OPEN,0
工程,启航,②地月系,互济,04能源聚变,OPEN,0
工程,启航,②地月系,互济,05生命闭环,OPEN,0
工程,启航,②地月系,互济,06自控算力,OPEN,0
工程,启航,②地月系,互济,07拆解延寿,OPEN,0
工程,启航,②地月系,商贸,01主承力,OPEN,0
工程,启航,②地月系,商贸,02推进工质,OPEN,0
工程,启航,②地月系,商贸,03主动磁防,OPEN,0
工程,启航,②地月系,商贸,04能源聚变,OPEN,0
工程,启航,②地月系,商贸,05生命闭环,OPEN,0
工程,启航,②地月系,商贸,06自控算力,OPEN,0
工程,启航,②地月系,商贸,07拆解延寿,OPEN,0
工程,启航,②地月系,工技,01主承力,OPEN,0
工程,启航,②地月系,工技,02推进工质,OPEN,0
工程,启航,②地月系,工技,03主动磁防,OPEN,0
工程,启航,②地月系,工技,04能源聚变,OPEN,0
工程,启航,②地月系,工技,05生命闭环,OPEN,0
工程,启航,②地月系,工技,06自控算力,OPEN,0
工程,启航,②地月系,工技,07拆解延寿,OPEN,0
工程,启航,②地月系,科医,01主承力,OPEN,0
工程,启航,②地月系,科医,02推进工质,OPEN,0
工程,启航,②地月系,科医,03主动磁防,OPEN,0
工程,启航,②地月系,科医,04能源聚变,OPEN,0
工程,启航,②地月系,科医,05生命闭环,OPEN,0
工程,启航,②地月系,科医,06自控算力,OPEN,0
工程,启航,②地月系,科医,07拆解延寿,OPEN,0
工程,启航,③内太阳系,官档,01主承力,PART,1
工程,启航,③内太阳系,官档,02推进工质,OPEN,0
工程,启航,③内太阳系,官档,03主动磁防,OPEN,0
工程,启航,③内太阳系,官档,04能源聚变,OPEN,0
工程,启航,③内太阳系,官档,05生命闭环,OPEN,0
工程,启航,③内太阳系,官档,06自控算力,OPEN,0
工程,启航,③内太阳系,官档,07拆解延寿,OPEN,0
工程,启航,③内太阳系,私档,01主承力,OPEN,0
工程,启航,③内太阳系,私档,02推进工质,OPEN,0
工程,启航,③内太阳系,私档,03主动磁防,OPEN,0
工程,启航,③内太阳系,私档,04能源聚变,OPEN,0
工程,启航,③内太阳系,私档,05生命闭环,OPEN,0
工程,启航,③内太阳系,私档,06自控算力,OPEN,0
工程,启航,③内太阳系,私档,07拆解延寿,OPEN,0
工程,启航,③内太阳系,互济,01主承力,OPEN,0
工程,启航,③内太阳系,互济,02推进工质,OPEN,0
工程,启航,③内太阳系,互济,03主动磁防,OPEN,0
工程,启航,③内太阳系,互济,04能源聚变,OPEN,0
工程,启航,③内太阳系,互济,05生命闭环,OPEN,0
工程,启航,③内太阳系,互济,06自控算力,OPEN,0
工程,启航,③内太阳系,互济,07拆解延寿,OPEN,0
工程,启航,③内太阳系,商贸,01主承力,OPEN,0
工程,启航,③内太阳系,商贸,02推进工质,OPEN,0
工程,启航,③内太阳系,商贸,03主动磁防,OPEN,0
工程,启航,③内太阳系,商贸,04能源聚变,OPEN,0
工程,启航,③内太阳系,商贸,05生命闭环,OPEN,0
工程,启航,③内太阳系,商贸,06自控算力,OPEN,0
工程,启航,③内太阳系,商贸,07拆解延寿,OPEN,0
工程,启航,③内太阳系,工技,01主承力,OPEN,0
工程,启航,③内太阳系,工技,02推进工质,OPEN,0
工程,启航,③内太阳系,工技,03主动磁防,OPEN,0
工程,启航,③内太阳系,工技,04能源聚变,OPEN,0
工程,启航,③内太阳系,工技,05生命闭环,OPEN,0
工程,启航,③内太阳系,工技,06自控算力,OPEN,0
工程,启航,③内太阳系,工技,07拆解延寿,OPEN,0
工程,启航,③内太阳系,科医,01主承力,OPEN,0
工程,启航,③内太阳系,科医,02推进工质,OPEN,0
工程,启航,③内太阳系,科医,03主动磁防,OPEN,0
工程,启航,③内太阳系,科医,04能源聚变,OPEN,0
工程,启航,③内太阳系,科医,05生命闭环,OPEN,0
工程,启航,③内太阳系,科医,06自控算力,OPEN,0
工程,启航,③内太阳系,科医,07拆解延寿,OPEN,0
工程,启航,④深空,官档,01主承力,PART,2
工程,启航,④深空,官档,02推进工质,OPEN,0
工程,启航,④深空,官档,03主动磁防,OPEN,0
工程,启航,④深空,官档,04能源聚变,OPEN,0
工程,启航,④深空,官档,05生命闭环,OPEN,0
工程,启航,④深空,官档,06自控算力,OPEN,0
工程,启航,④深空,官档,07拆解延寿,OPEN,0
工程,启航,④深空,私档,01主承力,OPEN,0
工程,启航,④深空,私档,02推进工质,OPEN,0
工程,启航,④深空,私档,03主动磁防,OPEN,0
工程,启航,④深空,私档,04能源聚变,OPEN,0
工程,启航,④深空,私档,05生命闭环,OPEN,0
工程,启航,④深空,私档,06自控算力,OPEN,0
工程,启航,④深空,私档,07拆解延寿,OPEN,0
工程,启航,④深空,互济,01主承力,OPEN,0
工程,启航,④深空,互济,02推进工质,OPEN,0
工程,启航,④深空,互济,03主动磁防,OPEN,0
工程,启航,④深空,互济,04能源聚变,OPEN,0
工程,启航,④深空,互济,05生命闭环,OPEN,0
工程,启航,④深空,互济,06自控算力,OPEN,0
工程,启航,④深空,互济,07拆解延寿,OPEN,0
工程,启航,④深空,商贸,01主承力,OPEN,0
工程,启航,④深空,商贸,02推进工质,OPEN,0
工程,启航,④深空,商贸,03主动磁防,OPEN,0
工程,启航,④深空,商贸,04能源聚变,OPEN,0
工程,启航,④深空,商贸,05生命闭环,OPEN,0
工程,启航,④深空,商贸,06自控算力,OPEN,0
工程,启航,④深空,商贸,07拆解延寿,OPEN,0
工程,启航,④深空,工技,01主承力,OPEN,0
工程,启航,④深空,工技,02推进工质,OPEN,0
工程,启航,④深空,工技,03主动磁防,OPEN,0
工程,启航,④深空,工技,04能源聚变,OPEN,0
工程,启航,④深空,工技,05生命闭环,OPEN,0
工程,启航,④深空,工技,06自控算力,OPEN,0
工程,启航,④深空,工技,07拆解延寿,OPEN,0
工程,启航,④深空,科医,01主承力,OPEN,0
工程,启航,④深空,科医,02推进工质,OPEN,0
工程,启航,④深空,科医,03主动磁防,OPEN,0
工程,启航,④深空,科医,04能源聚变,OPEN,0
工程,启航,④深空,科医,05生命闭环,OPEN,0
工程,启航,④深空,科医,06自控算力,OPEN,0
工程,启航,④深空,科医,07拆解延寿,OPEN,0
工程,启航,⑤比邻星,官档,01主承力,PART,1
工程,启航,⑤比邻星,官档,02推进工质,OPEN,0
工程,启航,⑤比邻星,官档,03主动磁防,OPEN,0
工程,启航,⑤比邻星,官档,04能源聚变,OPEN,0
工程,启航,⑤比邻星,官档,05生命闭环,OPEN,0
工程,启航,⑤比邻星,官档,06自控算力,OPEN,0
工程,启航,⑤比邻星,官档,07拆解延寿,OPEN,0
工程,启航,⑤比邻星,私档,01主承力,OPEN,0
工程,启航,⑤比邻星,私档,02推进工质,OPEN,0
工程,启航,⑤比邻星,私档,03主动磁防,OPEN,0
工程,启航,⑤比邻星,私档,04能源聚变,OPEN,0
工程,启航,⑤比邻星,私档,05生命闭环,OPEN,0
工程,启航,⑤比邻星,私档,06自控算力,OPEN,0
工程,启航,⑤比邻星,私档,07拆解延寿,OPEN,0
工程,启航,⑤比邻星,互济,01主承力,OPEN,0
工程,启航,⑤比邻星,互济,02推进工质,OPEN,0
工程,启航,⑤比邻星,互济,03主动磁防,OPEN,0
工程,启航,⑤比邻星,互济,04能源聚变,OPEN,0
工程,启航,⑤比邻星,互济,05生命闭环,OPEN,0
工程,启航,⑤比邻星,互济,06自控算力,OPEN,0
工程,启航,⑤比邻星,互济,07拆解延寿,OPEN,0
工程,启航,⑤比邻星,商贸,01主承力,OPEN,0
工程,启航,⑤比邻星,商贸,02推进工质,OPEN,0
工程,启航,⑤比邻星,商贸,03主动磁防,OPEN,0
工程,启航,⑤比邻星,商贸,04能源聚变,OPEN,0
工程,启航,⑤比邻星,商贸,05生命闭环,OPEN,0
工程,启航,⑤比邻星,商贸,06自控算力,OPEN,0
工程,启航,⑤比邻星,商贸,07拆解延寿,OPEN,0
工程,启航,⑤比邻星,工技,01主承力,OPEN,0
工程,启航,⑤比邻星,工技,02推进工质,OPEN,0
工程,启航,⑤比邻星,工技,03主动磁防,OPEN,0
工程,启航,⑤比邻星,工技,04能源聚变,OPEN,0
工程,启航,⑤比邻星,工技,05生命闭环,OPEN,0
工程,启航,⑤比邻星,工技,06自控算力,OPEN,0
工程,启航,⑤比邻星,工技,07拆解延寿,OPEN,0
工程,启航,⑤比邻星,科医,01主承力,OPEN,0
工程,启航,⑤比邻星,科医,02推进工质,OPEN,0
工程,启航,⑤比邻星,科医,03主动磁防,OPEN,0
工程,启航,⑤比邻星,科医,04能源聚变,OPEN,0
工程,启航,⑤比邻星,科医,05生命闭环,OPEN,0
工程,启航,⑤比邻星,科医,06自控算力,OPEN,0
工程,启航,⑤比邻星,科医,07拆解延寿,OPEN,0
工程,落地,①地球,官档,01主承力,PART,1
工程,落地,①地球,官档,02推进工质,OPEN,0
工程,落地,①地球,官档,03主动磁防,OPEN,0
工程,落地,①地球,官档,04能源聚变,OPEN,0
工程,落地,①地球,官档,05生命闭环,OPEN,0
工程,落地,①地球,官档,06自控算力,OPEN,0
工程,落地,①地球,官档,07拆解延寿,OPEN,0
工程,落地,①地球,私档,01主承力,OPEN,0
工程,落地,①地球,私档,02推进工质,OPEN,0
工程,落地,①地球,私档,03主动磁防,OPEN,0
工程,落地,①地球,私档,04能源聚变,OPEN,0
工程,落地,①地球,私档,05生命闭环,OPEN,0
工程,落地,①地球,私档,06自控算力,OPEN,0
工程,落地,①地球,私档,07拆解延寿,OPEN,0
工程,落地,①地球,互济,01主承力,OPEN,0
工程,落地,①地球,互济,02推进工质,OPEN,0
工程,落地,①地球,互济,03主动磁防,OPEN,0
工程,落地,①地球,互济,04能源聚变,OPEN,0
工程,落地,①地球,互济,05生命闭环,OPEN,0
工程,落地,①地球,互济,06自控算力,OPEN,0
工程,落地,①地球,互济,07拆解延寿,OPEN,0
工程,落地,①地球,商贸,01主承力,OPEN,0
工程,落地,①地球,商贸,02推进工质,OPEN,0
工程,落地,①地球,商贸,03主动磁防,OPEN,0
工程,落地,①地球,商贸,04能源聚变,OPEN,0
工程,落地,①地球,商贸,05生命闭环,OPEN,0
工程,落地,①地球,商贸,06自控算力,OPEN,0
工程,落地,①地球,商贸,07拆解延寿,OPEN,0
工程,落地,①地球,工技,01主承力,OPEN,0
工程,落地,①地球,工技,02推进工质,OPEN,0
工程,落地,①地球,工技,03主动磁防,OPEN,0
工程,落地,①地球,工技,04能源聚变,OPEN,0
工程,落地,①地球,工技,05生命闭环,OPEN,0
工程,落地,①地球,工技,06自控算力,OPEN,0
工程,落地,①地球,工技,07拆解延寿,OPEN,0
工程,落地,①地球,科医,01主承力,OPEN,0
工程,落地,①地球,科医,02推进工质,OPEN,0
工程,落地,①地球,科医,03主动磁防,OPEN,0
工程,落地,①地球,科医,04能源聚变,OPEN,0
工程,落地,①地球,科医,05生命闭环,OPEN,0
工程,落地,①地球,科医,06自控算力,OPEN,0
工程,落地,①地球,科医,07拆解延寿,OPEN,0
工程,落地,②地月系,官档,01主承力,PART,1
工程,落地,②地月系,官档,02推进工质,OPEN,0
工程,落地,②地月系,官档,03主动磁防,OPEN,0
工程,落地,②地月系,官档,04能源聚变,OPEN,0
工程,落地,②地月系,官档,05生命闭环,OPEN,0
工程,落地,②地月系,官档,06自控算力,OPEN,0
工程,落地,②地月系,官档,07拆解延寿,OPEN,0
工程,落地,②地月系,私档,01主承力,OPEN,0
工程,落地,②地月系,私档,02推进工质,OPEN,0
工程,落地,②地月系,私档,03主动磁防,OPEN,0
工程,落地,②地月系,私档,04能源聚变,OPEN,0
工程,落地,②地月系,私档,05生命闭环,OPEN,0
工程,落地,②地月系,私档,06自控算力,OPEN,0
工程,落地,②地月系,私档,07拆解延寿,OPEN,0
工程,落地,②地月系,互济,01主承力,OPEN,0
工程,落地,②地月系,互济,02推进工质,OPEN,0
工程,落地,②地月系,互济,03主动磁防,OPEN,0
工程,落地,②地月系,互济,04能源聚变,OPEN,0
工程,落地,②地月系,互济,05生命闭环,OPEN,0
工程,落地,②地月系,互济,06自控算力,OPEN,0
工程,落地,②地月系,互济,07拆解延寿,OPEN,0
工程,落地,②地月系,商贸,01主承力,OPEN,0
工程,落地,②地月系,商贸,02推进工质,OPEN,0
工程,落地,②地月系,商贸,03主动磁防,OPEN,0
工程,落地,②地月系,商贸,04能源聚变,OPEN,0
工程,落地,②地月系,商贸,05生命闭环,OPEN,0
工程,落地,②地月系,商贸,06自控算力,OPEN,0
工程,落地,②地月系,商贸,07拆解延寿,OPEN,0
工程,落地,②地月系,工技,01主承力,OPEN,0
工程,落地,②地月系,工技,02推进工质,OPEN,0
工程,落地,②地月系,工技,03主动磁防,OPEN,0
工程,落地,②地月系,工技,04能源聚变,OPEN,0
工程,落地,②地月系,工技,05生命闭环,OPEN,0
工程,落地,②地月系,工技,06自控算力,OPEN,0
工程,落地,②地月系,工技,07拆解延寿,OPEN,0
工程,落地,②地月系,科医,01主承力,OPEN,0
工程,落地,②地月系,科医,02推进工质,OPEN,0
工程,落地,②地月系,科医,03主动磁防,OPEN,0
工程,落地,②地月系,科医,04能源聚变,OPEN,0
工程,落地,②地月系,科医,05生命闭环,OPEN,0
工程,落地,②地月系,科医,06自控算力,OPEN,0
工程,落地,②地月系,科医,07拆解延寿,OPEN,0
工程,落地,③内太阳系,官档,01主承力,PART,1
工程,落地,③内太阳系,官档,02推进工质,OPEN,0
工程,落地,③内太阳系,官档,03主动磁防,OPEN,0
工程,落地,③内太阳系,官档,04能源聚变,OPEN,0
工程,落地,③内太阳系,官档,05生命闭环,OPEN,0
工程,落地,③内太阳系,官档,06自控算力,OPEN,0
工程,落地,③内太阳系,官档,07拆解延寿,OPEN,0
工程,落地,③内太阳系,私档,01主承力,OPEN,0
工程,落地,③内太阳系,私档,02推进工质,OPEN,0
工程,落地,③内太阳系,私档,03主动磁防,OPEN,0
工程,落地,③内太阳系,私档,04能源聚变,OPEN,0
工程,落地,③内太阳系,私档,05生命闭环,OPEN,0
工程,落地,③内太阳系,私档,06自控算力,OPEN,0
工程,落地,③内太阳系,私档,07拆解延寿,OPEN,0
工程,落地,③内太阳系,互济,01主承力,OPEN,0
工程,落地,③内太阳系,互济,02推进工质,OPEN,0
工程,落地,③内太阳系,互济,03主动磁防,OPEN,0
工程,落地,③内太阳系,互济,04能源聚变,OPEN,0
工程,落地,③内太阳系,互济,05生命闭环,OPEN,0
工程,落地,③内太阳系,互济,06自控算力,OPEN,0
工程,落地,③内太阳系,互济,07拆解延寿,OPEN,0
工程,落地,③内太阳系,商贸,01主承力,OPEN,0
工程,落地,③内太阳系,商贸,02推进工质,OPEN,0
工程,落地,③内太阳系,商贸,03主动磁防,OPEN,0
工程,落地,③内太阳系,商贸,04能源聚变,OPEN,0
工程,落地,③内太阳系,商贸,05生命闭环,OPEN,0
工程,落地,③内太阳系,商贸,06自控算力,OPEN,0
工程,落地,③内太阳系,商贸,07拆解延寿,OPEN,0
工程,落地,③内太阳系,工技,01主承力,OPEN,0
工程,落地,③内太阳系,工技,02推进工质,OPEN,0
工程,落地,③内太阳系,工技,03主动磁防,OPEN,0
工程,落地,③内太阳系,工技,04能源聚变,OPEN,0
工程,落地,③内太阳系,工技,05生命闭环,OPEN,0
工程,落地,③内太阳系,工技,06自控算力,OPEN,0
工程,落地,③内太阳系,工技,07拆解延寿,OPEN,0
工程,落地,③内太阳系,科医,01主承力,OPEN,0
工程,落地,③内太阳系,科医,02推进工质,OPEN,0
工程,落地,③内太阳系,科医,03主动磁防,OPEN,0
工程,落地,③内太阳系,科医,04能源聚变,OPEN,0
工程,落地,③内太阳系,科医,05生命闭环,OPEN,0
工程,落地,③内太阳系,科医,06自控算力,OPEN,0
工程,落地,③内太阳系,科医,07拆解延寿,OPEN,0
工程,落地,④深空,官档,01主承力,PART,1
工程,落地,④深空,官档,02推进工质,OPEN,0
工程,落地,④深空,官档,03主动磁防,OPEN,0
工程,落地,④深空,官档,04能源聚变,OPEN,0
工程,落地,④深空,官档,05生命闭环,OPEN,0
工程,落地,④深空,官档,06自控算力,OPEN,0
工程,落地,④深空,官档,07拆解延寿,OPEN,0
工程,落地,④深空,私档,01主承力,OPEN,0
工程,落地,④深空,私档,02推进工质,OPEN,0
工程,落地,④深空,私档,03主动磁防,OPEN,0
工程,落地,④深空,私档,04能源聚变,OPEN,0
工程,落地,④深空,私档,05生命闭环,OPEN,0
工程,落地,④深空,私档,06自控算力,OPEN,0
工程,落地,④深空,私档,07拆解延寿,OPEN,0
工程,落地,④深空,互济,01主承力,OPEN,0
工程,落地,④深空,互济,02推进工质,OPEN,0
工程,落地,④深空,互济,03主动磁防,OPEN,0
工程,落地,④深空,互济,04能源聚变,OPEN,0
工程,落地,④深空,互济,05生命闭环,OPEN,0
工程,落地,④深空,互济,06自控算力,OPEN,0
工程,落地,④深空,互济,07拆解延寿,OPEN,0
工程,落地,④深空,商贸,01主承力,OPEN,0
工程,落地,④深空,商贸,02推进工质,OPEN,0
工程,落地,④深空,商贸,03主动磁防,OPEN,0
工程,落地,④深空,商贸,04能源聚变,OPEN,0
工程,落地,④深空,商贸,05生命闭环,OPEN,0
工程,落地,④深空,商贸,06自控算力,OPEN,0
工程,落地,④深空,商贸,07拆解延寿,OPEN,0
工程,落地,④深空,工技,01主承力,OPEN,0
工程,落地,④深空,工技,02推进工质,OPEN,0
工程,落地,④深空,工技,03主动磁防,OPEN,0
工程,落地,④深空,工技,04能源聚变,OPEN,0
工程,落地,④深空,工技,05生命闭环,OPEN,0
工程,落地,④深空,工技,06自控算力,OPEN,0
工程,落地,④深空,工技,07拆解延寿,OPEN,0
工程,落地,④深空,科医,01主承力,OPEN,0
工程,落地,④深空,科医,02推进工质,OPEN,0
工程,落地,④深空,科医,03主动磁防,OPEN,0
工程,落地,④深空,科医,04能源聚变,OPEN,0
工程,落地,④深空,科医,05生命闭环,OPEN,0
工程,落地,④深空,科医,06自控算力,OPEN,0
工程,落地,④深空,科医,07拆解延寿,OPEN,0
工程,落地,⑤比邻星,官档,01主承力,PART,1
工程,落地,⑤比邻星,官档,02推进工质,OPEN,0
工程,落地,⑤比邻星,官档,03主动磁防,OPEN,0
工程,落地,⑤比邻星,官档,04能源聚变,OPEN,0
工程,落地,⑤比邻星,官档,05生命闭环,OPEN,0
工程,落地,⑤比邻星,官档,06自控算力,OPEN,0
工程,落地,⑤比邻星,官档,07拆解延寿,OPEN,0
工程,落地,⑤比邻星,私档,01主承力,OPEN,0
工程,落地,⑤比邻星,私档,02推进工质,OPEN,0
工程,落地,⑤比邻星,私档,03主动磁防,OPEN,0
工程,落地,⑤比邻星,私档,04能源聚变,OPEN,0
工程,落地,⑤比邻星,私档,05生命闭环,OPEN,0
工程,落地,⑤比邻星,私档,06自控算力,OPEN,0
工程,落地,⑤比邻星,私档,07拆解延寿,OPEN,0
工程,落地,⑤比邻星,互济,01主承力,OPEN,0
工程,落地,⑤比邻星,互济,02推进工质,OPEN,0
工程,落地,⑤比邻星,互济,03主动磁防,OPEN,0
工程,落地,⑤比邻星,互济,04能源聚变,OPEN,0
工程,落地,⑤比邻星,互济,05生命闭环,OPEN,0
工程,落地,⑤比邻星,互济,06自控算力,OPEN,0
工程,落地,⑤比邻星,互济,07拆解延寿,OPEN,0
工程,落地,⑤比邻星,商贸,01主承力,OPEN,0
工程,落地,⑤比邻星,商贸,02推进工质,OPEN,0
工程,落地,⑤比邻星,商贸,03主动磁防,OPEN,0
工程,落地,⑤比邻星,商贸,04能源聚变,OPEN,0
工程,落地,⑤比邻星,商贸,05生命闭环,OPEN,0
工程,落地,⑤比邻星,商贸,06自控算力,OPEN,0
工程,落地,⑤比邻星,商贸,07拆解延寿,OPEN,0
工程,落地,⑤比邻星,工技,01主承力,OPEN,0
工程,落地,⑤比邻星,工技,02推进工质,OPEN,0
工程,落地,⑤比邻星,工技,03主动磁防,OPEN,0
工程,落地,⑤比邻星,工技,04能源聚变,OPEN,0
工程,落地,⑤比邻星,工技,05生命闭环,OPEN,0
工程,落地,⑤比邻星,工技,06自控算力,OPEN,0
工程,落地,⑤比邻星,工技,07拆解延寿,OPEN,0
工程,落地,⑤比邻星,科医,01主承力,OPEN,0
工程,落地,⑤比邻星,科医,02推进工质,OPEN,0
工程,落地,⑤比邻星,科医,03主动磁防,OPEN,0
工程,落地,⑤比邻星,科医,04能源聚变,OPEN,0
工程,落地,⑤比邻星,科医,05生命闭环,OPEN,0
工程,落地,⑤比邻星,科医,06自控算力,OPEN,0
工程,落地,⑤比邻星,科医,07拆解延寿,OPEN,0
工程,双星系,①地球,官档,01主承力,PART,1
工程,双星系,①地球,官档,02推进工质,OPEN,0
工程,双星系,①地球,官档,03主动磁防,OPEN,0
工程,双星系,①地球,官档,04能源聚变,OPEN,0
工程,双星系,①地球,官档,05生命闭环,OPEN,0
工程,双星系,①地球,官档,06自控算力,OPEN,0
工程,双星系,①地球,官档,07拆解延寿,OPEN,0
工程,双星系,①地球,私档,01主承力,OPEN,0
工程,双星系,①地球,私档,02推进工质,OPEN,0
工程,双星系,①地球,私档,03主动磁防,OPEN,0
工程,双星系,①地球,私档,04能源聚变,OPEN,0
工程,双星系,①地球,私档,05生命闭环,OPEN,0
工程,双星系,①地球,私档,06自控算力,OPEN,0
工程,双星系,①地球,私档,07拆解延寿,OPEN,0
工程,双星系,①地球,互济,01主承力,OPEN,0
工程,双星系,①地球,互济,02推进工质,OPEN,0
工程,双星系,①地球,互济,03主动磁防,OPEN,0
工程,双星系,①地球,互济,04能源聚变,OPEN,0
工程,双星系,①地球,互济,05生命闭环,OPEN,0
工程,双星系,①地球,互济,06自控算力,OPEN,0
工程,双星系,①地球,互济,07拆解延寿,OPEN,0
工程,双星系,①地球,商贸,01主承力,OPEN,0
工程,双星系,①地球,商贸,02推进工质,OPEN,0
工程,双星系,①地球,商贸,03主动磁防,OPEN,0
工程,双星系,①地球,商贸,04能源聚变,OPEN,0
工程,双星系,①地球,商贸,05生命闭环,OPEN,0
工程,双星系,①地球,商贸,06自控算力,OPEN,0
工程,双星系,①地球,商贸,07拆解延寿,OPEN,0
工程,双星系,①地球,工技,01主承力,OPEN,0
工程,双星系,①地球,工技,02推进工质,OPEN,0
工程,双星系,①地球,工技,03主动磁防,OPEN,0
工程,双星系,①地球,工技,04能源聚变,OPEN,0
工程,双星系,①地球,工技,05生命闭环,OPEN,0
工程,双星系,①地球,工技,06自控算力,OPEN,0
工程,双星系,①地球,工技,07拆解延寿,OPEN,0
工程,双星系,①地球,科医,01主承力,OPEN,0
工程,双星系,①地球,科医,02推进工质,OPEN,0
工程,双星系,①地球,科医,03主动磁防,OPEN,0
工程,双星系,①地球,科医,04能源聚变,OPEN,0
工程,双星系,①地球,科医,05生命闭环,OPEN,0
工程,双星系,①地球,科医,06自控算力,OPEN,0
工程,双星系,①地球,科医,07拆解延寿,OPEN,0
工程,双星系,②地月系,官档,01主承力,PART,1
工程,双星系,②地月系,官档,02推进工质,OPEN,0
工程,双星系,②地月系,官档,03主动磁防,OPEN,0
工程,双星系,②地月系,官档,04能源聚变,OPEN,0
工程,双星系,②地月系,官档,05生命闭环,OPEN,0
工程,双星系,②地月系,官档,06自控算力,OPEN,0
工程,双星系,②地月系,官档,07拆解延寿,OPEN,0
工程,双星系,②地月系,私档,01主承力,OPEN,0
工程,双星系,②地月系,私档,02推进工质,OPEN,0
工程,双星系,②地月系,私档,03主动磁防,OPEN,0
工程,双星系,②地月系,私档,04能源聚变,OPEN,0
工程,双星系,②地月系,私档,05生命闭环,OPEN,0
工程,双星系,②地月系,私档,06自控算力,OPEN,0
工程,双星系,②地月系,私档,07拆解延寿,OPEN,0
工程,双星系,②地月系,互济,01主承力,OPEN,0
工程,双星系,②地月系,互济,02推进工质,OPEN,0
工程,双星系,②地月系,互济,03主动磁防,OPEN,0
工程,双星系,②地月系,互济,04能源聚变,OPEN,0
工程,双星系,②地月系,互济,05生命闭环,OPEN,0
工程,双星系,②地月系,互济,06自控算力,OPEN,0
工程,双星系,②地月系,互济,07拆解延寿,OPEN,0
工程,双星系,②地月系,商贸,01主承力,OPEN,0
工程,双星系,②地月系,商贸,02推进工质,OPEN,0
工程,双星系,②地月系,商贸,03主动磁防,OPEN,0
工程,双星系,②地月系,商贸,04能源聚变,OPEN,0
工程,双星系,②地月系,商贸,05生命闭环,OPEN,0
工程,双星系,②地月系,商贸,06自控算力,OPEN,0
工程,双星系,②地月系,商贸,07拆解延寿,OPEN,0
工程,双星系,②地月系,工技,01主承力,OPEN,0
工程,双星系,②地月系,工技,02推进工质,OPEN,0
工程,双星系,②地月系,工技,03主动磁防,OPEN,0
工程,双星系,②地月系,工技,04能源聚变,OPEN,0
工程,双星系,②地月系,工技,05生命闭环,OPEN,0
工程,双星系,②地月系,工技,06自控算力,OPEN,0
工程,双星系,②地月系,工技,07拆解延寿,OPEN,0
工程,双星系,②地月系,科医,01主承力,OPEN,0
工程,双星系,②地月系,科医,02推进工质,OPEN,0
工程,双星系,②地月系,科医,03主动磁防,OPEN,0
工程,双星系,②地月系,科医,04能源聚变,OPEN,0
工程,双星系,②地月系,科医,05生命闭环,OPEN,0
工程,双星系,②地月系,科医,06自控算力,OPEN,0
工程,双星系,②地月系,科医,07拆解延寿,OPEN,0
工程,双星系,③内太阳系,官档,01主承力,PART,1
工程,双星系,③内太阳系,官档,02推进工质,OPEN,0
工程,双星系,③内太阳系,官档,03主动磁防,OPEN,0
工程,双星系,③内太阳系,官档,04能源聚变,OPEN,0
工程,双星系,③内太阳系,官档,05生命闭环,OPEN,0
工程,双星系,③内太阳系,官档,06自控算力,OPEN,0
工程,双星系,③内太阳系,官档,07拆解延寿,OPEN,0
工程,双星系,③内太阳系,私档,01主承力,OPEN,0
工程,双星系,③内太阳系,私档,02推进工质,OPEN,0
工程,双星系,③内太阳系,私档,03主动磁防,OPEN,0
工程,双星系,③内太阳系,私档,04能源聚变,OPEN,0
工程,双星系,③内太阳系,私档,05生命闭环,OPEN,0
工程,双星系,③内太阳系,私档,06自控算力,OPEN,0
工程,双星系,③内太阳系,私档,07拆解延寿,OPEN,0
工程,双星系,③内太阳系,互济,01主承力,OPEN,0
工程,双星系,③内太阳系,互济,02推进工质,OPEN,0
工程,双星系,③内太阳系,互济,03主动磁防,OPEN,0
工程,双星系,③内太阳系,互济,04能源聚变,OPEN,0
工程,双星系,③内太阳系,互济,05生命闭环,OPEN,0
工程,双星系,③内太阳系,互济,06自控算力,OPEN,0
工程,双星系,③内太阳系,互济,07拆解延寿,OPEN,0
工程,双星系,③内太阳系,商贸,01主承力,OPEN,0
工程,双星系,③内太阳系,商贸,02推进工质,OPEN,0
工程,双星系,③内太阳系,商贸,03主动磁防,OPEN,0
工程,双星系,③内太阳系,商贸,04能源聚变,OPEN,0
工程,双星系,③内太阳系,商贸,05生命闭环,OPEN,0
工程,双星系,③内太阳系,商贸,06自控算力,OPEN,0
工程,双星系,③内太阳系,商贸,07拆解延寿,OPEN,0
工程,双星系,③内太阳系,工技,01主承力,OPEN,0
工程,双星系,③内太阳系,工技,02推进工质,OPEN,0
工程,双星系,③内太阳系,工技,03主动磁防,OPEN,0
工程,双星系,③内太阳系,工技,04能源聚变,OPEN,0
工程,双星系,③内太阳系,工技,05生命闭环,OPEN,0
工程,双星系,③内太阳系,工技,06自控算力,OPEN,0
工程,双星系,③内太阳系,工技,07拆解延寿,OPEN,0
工程,双星系,③内太阳系,科医,01主承力,OPEN,0
工程,双星系,③内太阳系,科医,02推进工质,OPEN,0
工程,双星系,③内太阳系,科医,03主动磁防,OPEN,0
工程,双星系,③内太阳系,科医,04能源聚变,OPEN,0
工程,双星系,③内太阳系,科医,05生命闭环,OPEN,0
工程,双星系,③内太阳系,科医,06自控算力,OPEN,0
工程,双星系,③内太阳系,科医,07拆解延寿,OPEN,0
工程,双星系,④深空,官档,01主承力,PART,2
工程,双星系,④深空,官档,02推进工质,OPEN,0
工程,双星系,④深空,官档,03主动磁防,OPEN,0
工程,双星系,④深空,官档,04能源聚变,OPEN,0
工程,双星系,④深空,官档,05生命闭环,OPEN,0
工程,双星系,④深空,官档,06自控算力,OPEN,0
工程,双星系,④深空,官档,07拆解延寿,OPEN,0
工程,双星系,④深空,私档,01主承力,OPEN,0
工程,双星系,④深空,私档,02推进工质,OPEN,0
工程,双星系,④深空,私档,03主动磁防,OPEN,0
工程,双星系,④深空,私档,04能源聚变,OPEN,0
工程,双星系,④深空,私档,05生命闭环,OPEN,0
工程,双星系,④深空,私档,06自控算力,OPEN,0
工程,双星系,④深空,私档,07拆解延寿,OPEN,0
工程,双星系,④深空,互济,01主承力,OPEN,0
工程,双星系,④深空,互济,02推进工质,OPEN,0
工程,双星系,④深空,互济,03主动磁防,OPEN,0
工程,双星系,④深空,互济,04能源聚变,OPEN,0
工程,双星系,④深空,互济,05生命闭环,OPEN,0
工程,双星系,④深空,互济,06自控算力,OPEN,0
工程,双星系,④深空,互济,07拆解延寿,OPEN,0
工程,双星系,④深空,商贸,01主承力,OPEN,0
工程,双星系,④深空,商贸,02推进工质,OPEN,0
工程,双星系,④深空,商贸,03主动磁防,OPEN,0
工程,双星系,④深空,商贸,04能源聚变,OPEN,0
工程,双星系,④深空,商贸,05生命闭环,OPEN,0
工程,双星系,④深空,商贸,06自控算力,OPEN,0
工程,双星系,④深空,商贸,07拆解延寿,OPEN,0
工程,双星系,④深空,工技,01主承力,OPEN,0
工程,双星系,④深空,工技,02推进工质,OPEN,0
工程,双星系,④深空,工技,03主动磁防,OPEN,0
工程,双星系,④深空,工技,04能源聚变,OPEN,0
工程,双星系,④深空,工技,05生命闭环,OPEN,0
工程,双星系,④深空,工技,06自控算力,OPEN,0
工程,双星系,④深空,工技,07拆解延寿,OPEN,0
工程,双星系,④深空,科医,01主承力,OPEN,0
工程,双星系,④深空,科医,02推进工质,OPEN,0
工程,双星系,④深空,科医,03主动磁防,OPEN,0
工程,双星系,④深空,科医,04能源聚变,OPEN,0
工程,双星系,④深空,科医,05生命闭环,OPEN,0
工程,双星系,④深空,科医,06自控算力,OPEN,0
工程,双星系,④深空,科医,07拆解延寿,OPEN,0
工程,双星系,⑤比邻星,官档,01主承力,PART,1
工程,双星系,⑤比邻星,官档,02推进工质,OPEN,0
工程,双星系,⑤比邻星,官档,03主动磁防,OPEN,0
工程,双星系,⑤比邻星,官档,04能源聚变,OPEN,0
工程,双星系,⑤比邻星,官档,05生命闭环,OPEN,0
工程,双星系,⑤比邻星,官档,06自控算力,OPEN,0
工程,双星系,⑤比邻星,官档,07拆解延寿,OPEN,0
工程,双星系,⑤比邻星,私档,01主承力,OPEN,0
工程,双星系,⑤比邻星,私档,02推进工质,OPEN,0
工程,双星系,⑤比邻星,私档,03主动磁防,OPEN,0
工程,双星系,⑤比邻星,私档,04能源聚变,OPEN,0
工程,双星系,⑤比邻星,私档,05生命闭环,OPEN,0
工程,双星系,⑤比邻星,私档,06自控算力,OPEN,0
工程,双星系,⑤比邻星,私档,07拆解延寿,OPEN,0
工程,双星系,⑤比邻星,互济,01主承力,OPEN,0
工程,双星系,⑤比邻星,互济,02推进工质,OPEN,0
工程,双星系,⑤比邻星,互济,03主动磁防,OPEN,0
工程,双星系,⑤比邻星,互济,04能源聚变,OPEN,0
工程,双星系,⑤比邻星,互济,05生命闭环,OPEN,0
工程,双星系,⑤比邻星,互济,06自控算力,OPEN,0
工程,双星系,⑤比邻星,互济,07拆解延寿,OPEN,0
工程,双星系,⑤比邻星,商贸,01主承力,OPEN,0
工程,双星系,⑤比邻星,商贸,02推进工质,OPEN,0
工程,双星系,⑤比邻星,商贸,03主动磁防,OPEN,0
工程,双星系,⑤比邻星,商贸,04能源聚变,OPEN,0
工程,双星系,⑤比邻星,商贸,05生命闭环,OPEN,0
工程,双星系,⑤比邻星,商贸,06自控算力,OPEN,0
工程,双星系,⑤比邻星,商贸,07拆解延寿,OPEN,0
工程,双星系,⑤比邻星,工技,01主承力,OPEN,0
工程,双星系,⑤比邻星,工技,02推进工质,OPEN,0
工程,双星系,⑤比邻星,工技,03主动磁防,OPEN,0
工程,双星系,⑤比邻星,工技,04能源聚变,OPEN,0
工程,双星系,⑤比邻星,工技,05生命闭环,OPEN,0
工程,双星系,⑤比邻星,工技,06自控算力,OPEN,0
工程,双星系,⑤比邻星,工技,07拆解延寿,OPEN,0
工程,双星系,⑤比邻星,科医,01主承力,OPEN,0
工程,双星系,⑤比邻星,科医,02推进工质,OPEN,0
工程,双星系,⑤比邻星,科医,03主动磁防,OPEN,0
工程,双星系,⑤比邻星,科医,04能源聚变,OPEN,0
工程,双星系,⑤比邻星,科医,05生命闭环,OPEN,0
工程,双星系,⑤比邻星,科医,06自控算力,OPEN,0
工程,双星系,⑤比邻星,科医,07拆解延寿,OPEN,0
人,替代,①地球,官档,01生理重力,PART,2
人,替代,①地球,官档,02心理潜意识,OPEN,0
人,替代,①地球,官档,03代际认知,OPEN,0
人,替代,①地球,官档,04脑机共生,OPEN,0
人,替代,①地球,官档,05深空葬仪,OPEN,0
人,替代,①地球,官档,06代际启蒙,OPEN,0
人,替代,①地球,官档,07感官代偿,OPEN,0
人,替代,①地球,私档,01生理重力,OPEN,0
人,替代,①地球,私档,02心理潜意识,OPEN,0
人,替代,①地球,私档,03代际认知,OPEN,0
人,替代,①地球,私档,04脑机共生,OPEN,0
人,替代,①地球,私档,05深空葬仪,OPEN,0
人,替代,①地球,私档,06代际启蒙,OPEN,0
人,替代,①地球,私档,07感官代偿,OPEN,0
人,替代,①地球,互济,01生理重力,OPEN,0
人,替代,①地球,互济,02心理潜意识,OPEN,0
人,替代,①地球,互济,03代际认知,OPEN,0
人,替代,①地球,互济,04脑机共生,OPEN,0
人,替代,①地球,互济,05深空葬仪,OPEN,0
人,替代,①地球,互济,06代际启蒙,OPEN,0
人,替代,①地球,互济,07感官代偿,OPEN,0
人,替代,①地球,商贸,01生理重力,OPEN,0
人,替代,①地球,商贸,02心理潜意识,OPEN,0
人,替代,①地球,商贸,03代际认知,OPEN,0
人,替代,①地球,商贸,04脑机共生,OPEN,0
人,替代,①地球,商贸,05深空葬仪,OPEN,0
人,替代,①地球,商贸,06代际启蒙,OPEN,0
人,替代,①地球,商贸,07感官代偿,OPEN,0
人,替代,①地球,工技,01生理重力,OPEN,0
人,替代,①地球,工技,02心理潜意识,OPEN,0
人,替代,①地球,工技,03代际认知,OPEN,0
人,替代,①地球,工技,04脑机共生,OPEN,0
人,替代,①地球,工技,05深空葬仪,OPEN,0
人,替代,①地球,工技,06代际启蒙,OPEN,0
人,替代,①地球,工技,07感官代偿,OPEN,0
人,替代,①地球,科医,01生理重力,OPEN,0
人,替代,①地球,科医,02心理潜意识,OPEN,0
人,替代,①地球,科医,03代际认知,OPEN,0
人,替代,①地球,科医,04脑机共生,OPEN,0
人,替代,①地球,科医,05深空葬仪,OPEN,0
人,替代,①地球,科医,06代际启蒙,OPEN,0
人,替代,①地球,科医,07感官代偿,OPEN,0
人,替代,②地月系,官档,01生理重力,PART,1
人,替代,②地月系,官档,02心理潜意识,OPEN,0
人,替代,②地月系,官档,03代际认知,OPEN,0
人,替代,②地月系,官档,04脑机共生,OPEN,0
人,替代,②地月系,官档,05深空葬仪,OPEN,0
人,替代,②地月系,官档,06代际启蒙,OPEN,0
人,替代,②地月系,官档,07感官代偿,OPEN,0
人,替代,②地月系,私档,01生理重力,OPEN,0
人,替代,②地月系,私档,02心理潜意识,OPEN,0
人,替代,②地月系,私档,03代际认知,OPEN,0
人,替代,②地月系,私档,04脑机共生,OPEN,0
人,替代,②地月系,私档,05深空葬仪,OPEN,0
人,替代,②地月系,私档,06代际启蒙,OPEN,0
人,替代,②地月系,私档,07感官代偿,OPEN,0
人,替代,②地月系,互济,01生理重力,OPEN,0
人,替代,②地月系,互济,02心理潜意识,OPEN,0
人,替代,②地月系,互济,03代际认知,OPEN,0
人,替代,②地月系,互济,04脑机共生,OPEN,0
人,替代,②地月系,互济,05深空葬仪,OPEN,0
人,替代,②地月系,互济,06代际启蒙,OPEN,0
人,替代,②地月系,互济,07感官代偿,OPEN,0
人,替代,②地月系,商贸,01生理重力,OPEN,0
人,替代,②地月系,商贸,02心理潜意识,OPEN,0
人,替代,②地月系,商贸,03代际认知,OPEN,0
人,替代,②地月系,商贸,04脑机共生,OPEN,0
人,替代,②地月系,商贸,05深空葬仪,OPEN,0
人,替代,②地月系,商贸,06代际启蒙,OPEN,0
人,替代,②地月系,商贸,07感官代偿,OPEN,0
人,替代,②地月系,工技,01生理重力,OPEN,0
人,替代,②地月系,工技,02心理潜意识,OPEN,0
人,替代,②地月系,工技,03代际认知,OPEN,0
人,替代,②地月系,工技,04脑机共生,OPEN,0
人,替代,②地月系,工技,05深空葬仪,OPEN,0
人,替代,②地月系,工技,06代际启蒙,OPEN,0
人,替代,②地月系,工技,07感官代偿,OPEN,0
人,替代,②地月系,科医,01生理重力,OPEN,0
人,替代,②地月系,科医,02心理潜意识,OPEN,0
人,替代,②地月系,科医,03代际认知,OPEN,0
人,替代,②地月系,科医,04脑机共生,OPEN,0
人,替代,②地月系,科医,05深空葬仪,OPEN,0
人,替代,②地月系,科医,06代际启蒙,OPEN,0
人,替代,②地月系,科医,07感官代偿,OPEN,0
人,替代,③内太阳系,官档,01生理重力,PART,1
人,替代,③内太阳系,官档,02心理潜意识,OPEN,0
人,替代,③内太阳系,官档,03代际认知,OPEN,0
人,替代,③内太阳系,官档,04脑机共生,OPEN,0
人,替代,③内太阳系,官档,05深空葬仪,OPEN,0
人,替代,③内太阳系,官档,06代际启蒙,OPEN,0
人,替代,③内太阳系,官档,07感官代偿,OPEN,0
人,替代,③内太阳系,私档,01生理重力,OPEN,0
人,替代,③内太阳系,私档,02心理潜意识,OPEN,0
人,替代,③内太阳系,私档,03代际认知,OPEN,0
人,替代,③内太阳系,私档,04脑机共生,OPEN,0
人,替代,③内太阳系,私档,05深空葬仪,OPEN,0
人,替代,③内太阳系,私档,06代际启蒙,OPEN,0
人,替代,③内太阳系,私档,07感官代偿,OPEN,0
人,替代,③内太阳系,互济,01生理重力,OPEN,0
人,替代,③内太阳系,互济,02心理潜意识,OPEN,0
人,替代,③内太阳系,互济,03代际认知,OPEN,0
人,替代,③内太阳系,互济,04脑机共生,OPEN,0
人,替代,③内太阳系,互济,05深空葬仪,OPEN,0
人,替代,③内太阳系,互济,06代际启蒙,OPEN,0
人,替代,③内太阳系,互济,07感官代偿,OPEN,0
人,替代,③内太阳系,商贸,01生理重力,OPEN,0
人,替代,③内太阳系,商贸,02心理潜意识,OPEN,0
人,替代,③内太阳系,商贸,03代际认知,OPEN,0
人,替代,③内太阳系,商贸,04脑机共生,OPEN,0
人,替代,③内太阳系,商贸,05深空葬仪,OPEN,0
人,替代,③内太阳系,商贸,06代际启蒙,OPEN,0
人,替代,③内太阳系,商贸,07感官代偿,OPEN,0
人,替代,③内太阳系,工技,01生理重力,OPEN,0
人,替代,③内太阳系,工技,02心理潜意识,OPEN,0
人,替代,③内太阳系,工技,03代际认知,OPEN,0
人,替代,③内太阳系,工技,04脑机共生,OPEN,0
人,替代,③内太阳系,工技,05深空葬仪,OPEN,0
人,替代,③内太阳系,工技,06代际启蒙,OPEN,0
人,替代,③内太阳系,工技,07感官代偿,OPEN,0
人,替代,③内太阳系,科医,01生理重力,OPEN,0
人,替代,③内太阳系,科医,02心理潜意识,OPEN,0
人,替代,③内太阳系,科医,03代际认知,OPEN,0
人,替代,③内太阳系,科医,04脑机共生,OPEN,0
人,替代,③内太阳系,科医,05深空葬仪,OPEN,0
人,替代,③内太阳系,科医,06代际启蒙,OPEN,0
人,替代,③内太阳系,科医,07感官代偿,OPEN,0
人,替代,④深空,官档,01生理重力,PART,1
人,替代,④深空,官档,02心理潜意识,OPEN,0
人,替代,④深空,官档,03代际认知,OPEN,0
人,替代,④深空,官档,04脑机共生,OPEN,0
人,替代,④深空,官档,05深空葬仪,OPEN,0
人,替代,④深空,官档,06代际启蒙,OPEN,0
人,替代,④深空,官档,07感官代偿,OPEN,0
人,替代,④深空,私档,01生理重力,OPEN,0
人,替代,④深空,私档,02心理潜意识,OPEN,0
人,替代,④深空,私档,03代际认知,OPEN,0
人,替代,④深空,私档,04脑机共生,OPEN,0
人,替代,④深空,私档,05深空葬仪,OPEN,0
人,替代,④深空,私档,06代际启蒙,OPEN,0
人,替代,④深空,私档,07感官代偿,OPEN,0
人,替代,④深空,互济,01生理重力,OPEN,0
人,替代,④深空,互济,02心理潜意识,OPEN,0
人,替代,④深空,互济,03代际认知,OPEN,0
人,替代,④深空,互济,04脑机共生,OPEN,0
人,替代,④深空,互济,05深空葬仪,OPEN,0
人,替代,④深空,互济,06代际启蒙,OPEN,0
人,替代,④深空,互济,07感官代偿,OPEN,0
人,替代,④深空,商贸,01生理重力,OPEN,0
人,替代,④深空,商贸,02心理潜意识,OPEN,0
人,替代,④深空,商贸,03代际认知,OPEN,0
人,替代,④深空,商贸,04脑机共生,OPEN,0
人,替代,④深空,商贸,05深空葬仪,OPEN,0
人,替代,④深空,商贸,06代际启蒙,OPEN,0
人,替代,④深空,商贸,07感官代偿,OPEN,0
人,替代,④深空,工技,01生理重力,OPEN,0
人,替代,④深空,工技,02心理潜意识,OPEN,0
人,替代,④深空,工技,03代际认知,OPEN,0
人,替代,④深空,工技,04脑机共生,OPEN,0
人,替代,④深空,工技,05深空葬仪,OPEN,0
人,替代,④深空,工技,06代际启蒙,OPEN,0
人,替代,④深空,工技,07感官代偿,OPEN,0
人,替代,④深空,科医,01生理重力,OPEN,0
人,替代,④深空,科医,02心理潜意识,OPEN,0
人,替代,④深空,科医,03代际认知,OPEN,0
人,替代,④深空,科医,04脑机共生,OPEN,0
人,替代,④深空,科医,05深空葬仪,OPEN,0
人,替代,④深空,科医,06代际启蒙,OPEN,0
人,替代,④深空,科医,07感官代偿,OPEN,0
人,替代,⑤比邻星,官档,01生理重力,PART,1
人,替代,⑤比邻星,官档,02心理潜意识,OPEN,0
人,替代,⑤比邻星,官档,03代际认知,OPEN,0
人,替代,⑤比邻星,官档,04脑机共生,OPEN,0
人,替代,⑤比邻星,官档,05深空葬仪,OPEN,0
人,替代,⑤比邻星,官档,06代际启蒙,OPEN,0
人,替代,⑤比邻星,官档,07感官代偿,OPEN,0
人,替代,⑤比邻星,私档,01生理重力,OPEN,0
人,替代,⑤比邻星,私档,02心理潜意识,OPEN,0
人,替代,⑤比邻星,私档,03代际认知,OPEN,0
人,替代,⑤比邻星,私档,04脑机共生,OPEN,0
人,替代,⑤比邻星,私档,05深空葬仪,OPEN,0
人,替代,⑤比邻星,私档,06代际启蒙,OPEN,0
人,替代,⑤比邻星,私档,07感官代偿,OPEN,0
人,替代,⑤比邻星,互济,01生理重力,OPEN,0
人,替代,⑤比邻星,互济,02心理潜意识,OPEN,0
人,替代,⑤比邻星,互济,03代际认知,OPEN,0
人,替代,⑤比邻星,互济,04脑机共生,OPEN,0
人,替代,⑤比邻星,互济,05深空葬仪,OPEN,0
人,替代,⑤比邻星,互济,06代际启蒙,OPEN,0
人,替代,⑤比邻星,互济,07感官代偿,OPEN,0
人,替代,⑤比邻星,商贸,01生理重力,OPEN,0
人,替代,⑤比邻星,商贸,02心理潜意识,OPEN,0
人,替代,⑤比邻星,商贸,03代际认知,OPEN,0
人,替代,⑤比邻星,商贸,04脑机共生,OPEN,0
人,替代,⑤比邻星,商贸,05深空葬仪,OPEN,0
人,替代,⑤比邻星,商贸,06代际启蒙,OPEN,0
人,替代,⑤比邻星,商贸,07感官代偿,OPEN,0
人,替代,⑤比邻星,工技,01生理重力,OPEN,0
人,替代,⑤比邻星,工技,02心理潜意识,OPEN,0
人,替代,⑤比邻星,工技,03代际认知,OPEN,0
人,替代,⑤比邻星,工技,04脑机共生,OPEN,0
人,替代,⑤比邻星,工技,05深空葬仪,OPEN,0
人,替代,⑤比邻星,工技,06代际启蒙,OPEN,0
人,替代,⑤比邻星,工技,07感官代偿,OPEN,0
人,替代,⑤比邻星,科医,01生理重力,OPEN,0
人,替代,⑤比邻星,科医,02心理潜意识,OPEN,0
人,替代,⑤比邻星,科医,03代际认知,OPEN,0
人,替代,⑤比邻星,科医,04脑机共生,OPEN,0
人,替代,⑤比邻星,科医,05深空葬仪,OPEN,0
人,替代,⑤比邻星,科医,06代际启蒙,OPEN,0
人,替代,⑤比邻星,科医,07感官代偿,OPEN,0
人,竞赛,①地球,官档,01生理重力,PART,1
人,竞赛,①地球,官档,02心理潜意识,OPEN,0
人,竞赛,①地球,官档,03代际认知,OPEN,0
人,竞赛,①地球,官档,04脑机共生,OPEN,0
人,竞赛,①地球,官档,05深空葬仪,OPEN,0
人,竞赛,①地球,官档,06代际启蒙,OPEN,0
人,竞赛,①地球,官档,07感官代偿,OPEN,0
人,竞赛,①地球,私档,01生理重力,OPEN,0
人,竞赛,①地球,私档,02心理潜意识,OPEN,0
人,竞赛,①地球,私档,03代际认知,OPEN,0
人,竞赛,①地球,私档,04脑机共生,OPEN,0
人,竞赛,①地球,私档,05深空葬仪,OPEN,0
人,竞赛,①地球,私档,06代际启蒙,OPEN,0
人,竞赛,①地球,私档,07感官代偿,OPEN,0
人,竞赛,①地球,互济,01生理重力,OPEN,0
人,竞赛,①地球,互济,02心理潜意识,OPEN,0
人,竞赛,①地球,互济,03代际认知,OPEN,0
人,竞赛,①地球,互济,04脑机共生,OPEN,0
人,竞赛,①地球,互济,05深空葬仪,OPEN,0
人,竞赛,①地球,互济,06代际启蒙,OPEN,0
人,竞赛,①地球,互济,07感官代偿,OPEN,0
人,竞赛,①地球,商贸,01生理重力,OPEN,0
人,竞赛,①地球,商贸,02心理潜意识,OPEN,0
人,竞赛,①地球,商贸,03代际认知,OPEN,0
人,竞赛,①地球,商贸,04脑机共生,OPEN,0
人,竞赛,①地球,商贸,05深空葬仪,OPEN,0
人,竞赛,①地球,商贸,06代际启蒙,OPEN,0
人,竞赛,①地球,商贸,07感官代偿,OPEN,0
人,竞赛,①地球,工技,01生理重力,OPEN,0
人,竞赛,①地球,工技,02心理潜意识,OPEN,0
人,竞赛,①地球,工技,03代际认知,OPEN,0
人,竞赛,①地球,工技,04脑机共生,OPEN,0
人,竞赛,①地球,工技,05深空葬仪,OPEN,0
人,竞赛,①地球,工技,06代际启蒙,OPEN,0
人,竞赛,①地球,工技,07感官代偿,OPEN,0
人,竞赛,①地球,科医,01生理重力,OPEN,0
人,竞赛,①地球,科医,02心理潜意识,OPEN,0
人,竞赛,①地球,科医,03代际认知,OPEN,0
人,竞赛,①地球,科医,04脑机共生,OPEN,0
人,竞赛,①地球,科医,05深空葬仪,OPEN,0
人,竞赛,①地球,科医,06代际启蒙,OPEN,0
人,竞赛,①地球,科医,07感官代偿,OPEN,0
人,竞赛,②地月系,官档,01生理重力,PART,2
人,竞赛,②地月系,官档,02心理潜意识,OPEN,0
人,竞赛,②地月系,官档,03代际认知,OPEN,0
人,竞赛,②地月系,官档,04脑机共生,OPEN,0
人,竞赛,②地月系,官档,05深空葬仪,OPEN,0
人,竞赛,②地月系,官档,06代际启蒙,OPEN,0
人,竞赛,②地月系,官档,07感官代偿,OPEN,0
人,竞赛,②地月系,私档,01生理重力,OPEN,0
人,竞赛,②地月系,私档,02心理潜意识,OPEN,0
人,竞赛,②地月系,私档,03代际认知,OPEN,0
人,竞赛,②地月系,私档,04脑机共生,OPEN,0
人,竞赛,②地月系,私档,05深空葬仪,OPEN,0
人,竞赛,②地月系,私档,06代际启蒙,OPEN,0
人,竞赛,②地月系,私档,07感官代偿,OPEN,0
人,竞赛,②地月系,互济,01生理重力,OPEN,0
人,竞赛,②地月系,互济,02心理潜意识,OPEN,0
人,竞赛,②地月系,互济,03代际认知,OPEN,0
人,竞赛,②地月系,互济,04脑机共生,OPEN,0
人,竞赛,②地月系,互济,05深空葬仪,OPEN,0
人,竞赛,②地月系,互济,06代际启蒙,OPEN,0
人,竞赛,②地月系,互济,07感官代偿,OPEN,0
人,竞赛,②地月系,商贸,01生理重力,OPEN,0
人,竞赛,②地月系,商贸,02心理潜意识,OPEN,0
人,竞赛,②地月系,商贸,03代际认知,OPEN,0
人,竞赛,②地月系,商贸,04脑机共生,OPEN,0
人,竞赛,②地月系,商贸,05深空葬仪,OPEN,0
人,竞赛,②地月系,商贸,06代际启蒙,OPEN,0
人,竞赛,②地月系,商贸,07感官代偿,OPEN,0
人,竞赛,②地月系,工技,01生理重力,OPEN,0
人,竞赛,②地月系,工技,02心理潜意识,OPEN,0
人,竞赛,②地月系,工技,03代际认知,OPEN,0
人,竞赛,②地月系,工技,04脑机共生,OPEN,0
人,竞赛,②地月系,工技,05深空葬仪,OPEN,0
人,竞赛,②地月系,工技,06代际启蒙,OPEN,0
人,竞赛,②地月系,工技,07感官代偿,OPEN,0
人,竞赛,②地月系,科医,01生理重力,OPEN,0
人,竞赛,②地月系,科医,02心理潜意识,OPEN,0
人,竞赛,②地月系,科医,03代际认知,OPEN,0
人,竞赛,②地月系,科医,04脑机共生,OPEN,0
人,竞赛,②地月系,科医,05深空葬仪,OPEN,0
人,竞赛,②地月系,科医,06代际启蒙,OPEN,0
人,竞赛,②地月系,科医,07感官代偿,OPEN,0
人,竞赛,③内太阳系,官档,01生理重力,PART,1
人,竞赛,③内太阳系,官档,02心理潜意识,OPEN,0
人,竞赛,③内太阳系,官档,03代际认知,OPEN,0
人,竞赛,③内太阳系,官档,04脑机共生,OPEN,0
人,竞赛,③内太阳系,官档,05深空葬仪,OPEN,0
人,竞赛,③内太阳系,官档,06代际启蒙,OPEN,0
人,竞赛,③内太阳系,官档,07感官代偿,OPEN,0
人,竞赛,③内太阳系,私档,01生理重力,OPEN,0
人,竞赛,③内太阳系,私档,02心理潜意识,OPEN,0
人,竞赛,③内太阳系,私档,03代际认知,OPEN,0
人,竞赛,③内太阳系,私档,04脑机共生,OPEN,0
人,竞赛,③内太阳系,私档,05深空葬仪,OPEN,0
人,竞赛,③内太阳系,私档,06代际启蒙,OPEN,0
人,竞赛,③内太阳系,私档,07感官代偿,OPEN,0
人,竞赛,③内太阳系,互济,01生理重力,OPEN,0
人,竞赛,③内太阳系,互济,02心理潜意识,OPEN,0
人,竞赛,③内太阳系,互济,03代际认知,OPEN,0
人,竞赛,③内太阳系,互济,04脑机共生,OPEN,0
人,竞赛,③内太阳系,互济,05深空葬仪,OPEN,0
人,竞赛,③内太阳系,互济,06代际启蒙,OPEN,0
人,竞赛,③内太阳系,互济,07感官代偿,OPEN,0
人,竞赛,③内太阳系,商贸,01生理重力,OPEN,0
人,竞赛,③内太阳系,商贸,02心理潜意识,OPEN,0
人,竞赛,③内太阳系,商贸,03代际认知,OPEN,0
人,竞赛,③内太阳系,商贸,04脑机共生,OPEN,0
人,竞赛,③内太阳系,商贸,05深空葬仪,OPEN,0
人,竞赛,③内太阳系,商贸,06代际启蒙,OPEN,0
人,竞赛,③内太阳系,商贸,07感官代偿,OPEN,0
人,竞赛,③内太阳系,工技,01生理重力,OPEN,0
人,竞赛,③内太阳系,工技,02心理潜意识,OPEN,0
人,竞赛,③内太阳系,工技,03代际认知,OPEN,0
人,竞赛,③内太阳系,工技,04脑机共生,OPEN,0
人,竞赛,③内太阳系,工技,05深空葬仪,OPEN,0
人,竞赛,③内太阳系,工技,06代际启蒙,OPEN,0
人,竞赛,③内太阳系,工技,07感官代偿,OPEN,0
人,竞赛,③内太阳系,科医,01生理重力,OPEN,0
人,竞赛,③内太阳系,科医,02心理潜意识,OPEN,0
人,竞赛,③内太阳系,科医,03代际认知,OPEN,0
人,竞赛,③内太阳系,科医,04脑机共生,OPEN,0
人,竞赛,③内太阳系,科医,05深空葬仪,OPEN,0
人,竞赛,③内太阳系,科医,06代际启蒙,OPEN,0
人,竞赛,③内太阳系,科医,07感官代偿,OPEN,0
人,竞赛,④深空,官档,01生理重力,PART,1
人,竞赛,④深空,官档,02心理潜意识,OPEN,0
人,竞赛,④深空,官档,03代际认知,OPEN,0
人,竞赛,④深空,官档,04脑机共生,OPEN,0
人,竞赛,④深空,官档,05深空葬仪,OPEN,0
人,竞赛,④深空,官档,06代际启蒙,OPEN,0
人,竞赛,④深空,官档,07感官代偿,OPEN,0
人,竞赛,④深空,私档,01生理重力,OPEN,0
人,竞赛,④深空,私档,02心理潜意识,OPEN,0
人,竞赛,④深空,私档,03代际认知,OPEN,0
人,竞赛,④深空,私档,04脑机共生,OPEN,0
人,竞赛,④深空,私档,05深空葬仪,OPEN,0
人,竞赛,④深空,私档,06代际启蒙,OPEN,0
人,竞赛,④深空,私档,07感官代偿,OPEN,0
人,竞赛,④深空,互济,01生理重力,OPEN,0
人,竞赛,④深空,互济,02心理潜意识,OPEN,0
人,竞赛,④深空,互济,03代际认知,OPEN,0
人,竞赛,④深空,互济,04脑机共生,OPEN,0
人,竞赛,④深空,互济,05深空葬仪,OPEN,0
人,竞赛,④深空,互济,06代际启蒙,OPEN,0
人,竞赛,④深空,互济,07感官代偿,OPEN,0
人,竞赛,④深空,商贸,01生理重力,OPEN,0
人,竞赛,④深空,商贸,02心理潜意识,OPEN,0
人,竞赛,④深空,商贸,03代际认知,OPEN,0
人,竞赛,④深空,商贸,04脑机共生,OPEN,0
人,竞赛,④深空,商贸,05深空葬仪,OPEN,0
人,竞赛,④深空,商贸,06代际启蒙,OPEN,0
人,竞赛,④深空,商贸,07感官代偿,OPEN,0
人,竞赛,④深空,工技,01生理重力,OPEN,0
人,竞赛,④深空,工技,02心理潜意识,OPEN,0
人,竞赛,④深空,工技,03代际认知,OPEN,0
人,竞赛,④深空,工技,04脑机共生,OPEN,0
人,竞赛,④深空,工技,05深空葬仪,OPEN,0
人,竞赛,④深空,工技,06代际启蒙,OPEN,0
人,竞赛,④深空,工技,07感官代偿,OPEN,0
人,竞赛,④深空,科医,01生理重力,OPEN,0
人,竞赛,④深空,科医,02心理潜意识,OPEN,0
人,竞赛,④深空,科医,03代际认知,OPEN,0
人,竞赛,④深空,科医,04脑机共生,OPEN,0
人,竞赛,④深空,科医,05深空葬仪,OPEN,0
人,竞赛,④深空,科医,06代际启蒙,OPEN,0
人,竞赛,④深空,科医,07感官代偿,OPEN,0
人,竞赛,⑤比邻星,官档,01生理重力,PART,1
人,竞赛,⑤比邻星,官档,02心理潜意识,OPEN,0
人,竞赛,⑤比邻星,官档,03代际认知,OPEN,0
人,竞赛,⑤比邻星,官档,04脑机共生,OPEN,0
人,竞赛,⑤比邻星,官档,05深空葬仪,OPEN,0
人,竞赛,⑤比邻星,官档,06代际启蒙,OPEN,0
人,竞赛,⑤比邻星,官档,07感官代偿,OPEN,0
人,竞赛,⑤比邻星,私档,01生理重力,OPEN,0
人,竞赛,⑤比邻星,私档,02心理潜意识,OPEN,0
人,竞赛,⑤比邻星,私档,03代际认知,OPEN,0
人,竞赛,⑤比邻星,私档,04脑机共生,OPEN,0
人,竞赛,⑤比邻星,私档,05深空葬仪,OPEN,0
人,竞赛,⑤比邻星,私档,06代际启蒙,OPEN,0
人,竞赛,⑤比邻星,私档,07感官代偿,OPEN,0
人,竞赛,⑤比邻星,互济,01生理重力,OPEN,0
人,竞赛,⑤比邻星,互济,02心理潜意识,OPEN,0
人,竞赛,⑤比邻星,互济,03代际认知,OPEN,0
人,竞赛,⑤比邻星,互济,04脑机共生,OPEN,0
人,竞赛,⑤比邻星,互济,05深空葬仪,OPEN,0
人,竞赛,⑤比邻星,互济,06代际启蒙,OPEN,0
人,竞赛,⑤比邻星,互济,07感官代偿,OPEN,0
人,竞赛,⑤比邻星,商贸,01生理重力,OPEN,0
人,竞赛,⑤比邻星,商贸,02心理潜意识,OPEN,0
人,竞赛,⑤比邻星,商贸,03代际认知,OPEN,0
人,竞赛,⑤比邻星,商贸,04脑机共生,OPEN,0
人,竞赛,⑤比邻星,商贸,05深空葬仪,OPEN,0
人,竞赛,⑤比邻星,商贸,06代际启蒙,OPEN,0
人,竞赛,⑤比邻星,商贸,07感官代偿,OPEN,0
人,竞赛,⑤比邻星,工技,01生理重力,OPEN,0
人,竞赛,⑤比邻星,工技,02心理潜意识,OPEN,0
人,竞赛,⑤比邻星,工技,03代际认知,OPEN,0
人,竞赛,⑤比邻星,工技,04脑机共生,OPEN,0
人,竞赛,⑤比邻星,工技,05深空葬仪,OPEN,0
人,竞赛,⑤比邻星,工技,06代际启蒙,OPEN,0
人,竞赛,⑤比邻星,工技,07感官代偿,OPEN,0
人,竞赛,⑤比邻星,科医,01生理重力,OPEN,0
人,竞赛,⑤比邻星,科医,02心理潜意识,OPEN,0
人,竞赛,⑤比邻星,科医,03代际认知,OPEN,0
人,竞赛,⑤比邻星,科医,04脑机共生,OPEN,0
人,竞赛,⑤比邻星,科医,05深空葬仪,OPEN,0
人,竞赛,⑤比邻星,科医,06代际启蒙,OPEN,0
人,竞赛,⑤比邻星,科医,07感官代偿,OPEN,0
人,丰裕,①地球,官档,01生理重力,PART,1
人,丰裕,①地球,官档,02心理潜意识,OPEN,0
人,丰裕,①地球,官档,03代际认知,OPEN,0
人,丰裕,①地球,官档,04脑机共生,OPEN,0
人,丰裕,①地球,官档,05深空葬仪,OPEN,0
人,丰裕,①地球,官档,06代际启蒙,OPEN,0
人,丰裕,①地球,官档,07感官代偿,OPEN,0
人,丰裕,①地球,私档,01生理重力,OPEN,0
人,丰裕,①地球,私档,02心理潜意识,OPEN,0
人,丰裕,①地球,私档,03代际认知,OPEN,0
人,丰裕,①地球,私档,04脑机共生,OPEN,0
人,丰裕,①地球,私档,05深空葬仪,OPEN,0
人,丰裕,①地球,私档,06代际启蒙,OPEN,0
人,丰裕,①地球,私档,07感官代偿,OPEN,0
人,丰裕,①地球,互济,01生理重力,OPEN,0
人,丰裕,①地球,互济,02心理潜意识,OPEN,0
人,丰裕,①地球,互济,03代际认知,OPEN,0
人,丰裕,①地球,互济,04脑机共生,OPEN,0
人,丰裕,①地球,互济,05深空葬仪,OPEN,0
人,丰裕,①地球,互济,06代际启蒙,OPEN,0
人,丰裕,①地球,互济,07感官代偿,OPEN,0
人,丰裕,①地球,商贸,01生理重力,OPEN,0
人,丰裕,①地球,商贸,02心理潜意识,OPEN,0
人,丰裕,①地球,商贸,03代际认知,OPEN,0
人,丰裕,①地球,商贸,04脑机共生,OPEN,0
人,丰裕,①地球,商贸,05深空葬仪,OPEN,0
人,丰裕,①地球,商贸,06代际启蒙,OPEN,0
人,丰裕,①地球,商贸,07感官代偿,OPEN,0
人,丰裕,①地球,工技,01生理重力,OPEN,0
人,丰裕,①地球,工技,02心理潜意识,OPEN,0
人,丰裕,①地球,工技,03代际认知,OPEN,0
人,丰裕,①地球,工技,04脑机共生,OPEN,0
人,丰裕,①地球,工技,05深空葬仪,OPEN,0
人,丰裕,①地球,工技,06代际启蒙,OPEN,0
人,丰裕,①地球,工技,07感官代偿,OPEN,0
人,丰裕,①地球,科医,01生理重力,OPEN,0
人,丰裕,①地球,科医,02心理潜意识,OPEN,0
人,丰裕,①地球,科医,03代际认知,OPEN,0
人,丰裕,①地球,科医,04脑机共生,OPEN,0
人,丰裕,①地球,科医,05深空葬仪,OPEN,0
人,丰裕,①地球,科医,06代际启蒙,OPEN,0
人,丰裕,①地球,科医,07感官代偿,OPEN,0
人,丰裕,②地月系,官档,01生理重力,PART,1
人,丰裕,②地月系,官档,02心理潜意识,OPEN,0
人,丰裕,②地月系,官档,03代际认知,OPEN,0
人,丰裕,②地月系,官档,04脑机共生,OPEN,0
人,丰裕,②地月系,官档,05深空葬仪,OPEN,0
人,丰裕,②地月系,官档,06代际启蒙,OPEN,0
人,丰裕,②地月系,官档,07感官代偿,OPEN,0
人,丰裕,②地月系,私档,01生理重力,OPEN,0
人,丰裕,②地月系,私档,02心理潜意识,OPEN,0
人,丰裕,②地月系,私档,03代际认知,OPEN,0
人,丰裕,②地月系,私档,04脑机共生,OPEN,0
人,丰裕,②地月系,私档,05深空葬仪,OPEN,0
人,丰裕,②地月系,私档,06代际启蒙,OPEN,0
人,丰裕,②地月系,私档,07感官代偿,OPEN,0
人,丰裕,②地月系,互济,01生理重力,OPEN,0
人,丰裕,②地月系,互济,02心理潜意识,OPEN,0
人,丰裕,②地月系,互济,03代际认知,OPEN,0
人,丰裕,②地月系,互济,04脑机共生,OPEN,0
人,丰裕,②地月系,互济,05深空葬仪,OPEN,0
人,丰裕,②地月系,互济,06代际启蒙,OPEN,0
人,丰裕,②地月系,互济,07感官代偿,OPEN,0
人,丰裕,②地月系,商贸,01生理重力,OPEN,0
人,丰裕,②地月系,商贸,02心理潜意识,OPEN,0
人,丰裕,②地月系,商贸,03代际认知,OPEN,0
人,丰裕,②地月系,商贸,04脑机共生,OPEN,0
人,丰裕,②地月系,商贸,05深空葬仪,OPEN,0
人,丰裕,②地月系,商贸,06代际启蒙,OPEN,0
人,丰裕,②地月系,商贸,07感官代偿,OPEN,0
人,丰裕,②地月系,工技,01生理重力,OPEN,0
人,丰裕,②地月系,工技,02心理潜意识,OPEN,0
人,丰裕,②地月系,工技,03代际认知,OPEN,0
人,丰裕,②地月系,工技,04脑机共生,OPEN,0
人,丰裕,②地月系,工技,05深空葬仪,OPEN,0
人,丰裕,②地月系,工技,06代际启蒙,OPEN,0
人,丰裕,②地月系,工技,07感官代偿,OPEN,0
人,丰裕,②地月系,科医,01生理重力,OPEN,0
人,丰裕,②地月系,科医,02心理潜意识,OPEN,0
人,丰裕,②地月系,科医,03代际认知,OPEN,0
人,丰裕,②地月系,科医,04脑机共生,OPEN,0
人,丰裕,②地月系,科医,05深空葬仪,OPEN,0
人,丰裕,②地月系,科医,06代际启蒙,OPEN,0
人,丰裕,②地月系,科医,07感官代偿,OPEN,0
人,丰裕,③内太阳系,官档,01生理重力,PART,1
人,丰裕,③内太阳系,官档,02心理潜意识,OPEN,0
人,丰裕,③内太阳系,官档,03代际认知,OPEN,0
人,丰裕,③内太阳系,官档,04脑机共生,OPEN,0
人,丰裕,③内太阳系,官档,05深空葬仪,OPEN,0
人,丰裕,③内太阳系,官档,06代际启蒙,OPEN,0
人,丰裕,③内太阳系,官档,07感官代偿,OPEN,0
人,丰裕,③内太阳系,私档,01生理重力,OPEN,0
人,丰裕,③内太阳系,私档,02心理潜意识,OPEN,0
人,丰裕,③内太阳系,私档,03代际认知,OPEN,0
人,丰裕,③内太阳系,私档,04脑机共生,OPEN,0
人,丰裕,③内太阳系,私档,05深空葬仪,OPEN,0
人,丰裕,③内太阳系,私档,06代际启蒙,OPEN,0
人,丰裕,③内太阳系,私档,07感官代偿,OPEN,0
人,丰裕,③内太阳系,互济,01生理重力,OPEN,0
人,丰裕,③内太阳系,互济,02心理潜意识,OPEN,0
人,丰裕,③内太阳系,互济,03代际认知,OPEN,0
人,丰裕,③内太阳系,互济,04脑机共生,OPEN,0
人,丰裕,③内太阳系,互济,05深空葬仪,OPEN,0
人,丰裕,③内太阳系,互济,06代际启蒙,OPEN,0
人,丰裕,③内太阳系,互济,07感官代偿,OPEN,0
人,丰裕,③内太阳系,商贸,01生理重力,OPEN,0
人,丰裕,③内太阳系,商贸,02心理潜意识,OPEN,0
人,丰裕,③内太阳系,商贸,03代际认知,OPEN,0
人,丰裕,③内太阳系,商贸,04脑机共生,OPEN,0
人,丰裕,③内太阳系,商贸,05深空葬仪,OPEN,0
人,丰裕,③内太阳系,商贸,06代际启蒙,OPEN,0
人,丰裕,③内太阳系,商贸,07感官代偿,OPEN,0
人,丰裕,③内太阳系,工技,01生理重力,OPEN,0
人,丰裕,③内太阳系,工技,02心理潜意识,OPEN,0
人,丰裕,③内太阳系,工技,03代际认知,OPEN,0
人,丰裕,③内太阳系,工技,04脑机共生,OPEN,0
人,丰裕,③内太阳系,工技,05深空葬仪,OPEN,0
人,丰裕,③内太阳系,工技,06代际启蒙,OPEN,0
人,丰裕,③内太阳系,工技,07感官代偿,OPEN,0
人,丰裕,③内太阳系,科医,01生理重力,OPEN,0
人,丰裕,③内太阳系,科医,02心理潜意识,OPEN,0
人,丰裕,③内太阳系,科医,03代际认知,OPEN,0
人,丰裕,③内太阳系,科医,04脑机共生,OPEN,0
人,丰裕,③内太阳系,科医,05深空葬仪,OPEN,0
人,丰裕,③内太阳系,科医,06代际启蒙,OPEN,0
人,丰裕,③内太阳系,科医,07感官代偿,OPEN,0
人,丰裕,④深空,官档,01生理重力,PART,1
人,丰裕,④深空,官档,02心理潜意识,OPEN,0
人,丰裕,④深空,官档,03代际认知,OPEN,0
人,丰裕,④深空,官档,04脑机共生,OPEN,0
人,丰裕,④深空,官档,05深空葬仪,OPEN,0
人,丰裕,④深空,官档,06代际启蒙,OPEN,0
人,丰裕,④深空,官档,07感官代偿,OPEN,0
人,丰裕,④深空,私档,01生理重力,OPEN,0
人,丰裕,④深空,私档,02心理潜意识,OPEN,0
人,丰裕,④深空,私档,03代际认知,OPEN,0
人,丰裕,④深空,私档,04脑机共生,OPEN,0
人,丰裕,④深空,私档,05深空葬仪,OPEN,0
人,丰裕,④深空,私档,06代际启蒙,OPEN,0
人,丰裕,④深空,私档,07感官代偿,OPEN,0
人,丰裕,④深空,互济,01生理重力,OPEN,0
人,丰裕,④深空,互济,02心理潜意识,OPEN,0
人,丰裕,④深空,互济,03代际认知,OPEN,0
人,丰裕,④深空,互济,04脑机共生,OPEN,0
人,丰裕,④深空,互济,05深空葬仪,OPEN,0
人,丰裕,④深空,互济,06代际启蒙,OPEN,0
人,丰裕,④深空,互济,07感官代偿,OPEN,0
人,丰裕,④深空,商贸,01生理重力,OPEN,0
人,丰裕,④深空,商贸,02心理潜意识,OPEN,0
人,丰裕,④深空,商贸,03代际认知,OPEN,0
人,丰裕,④深空,商贸,04脑机共生,OPEN,0
人,丰裕,④深空,商贸,05深空葬仪,OPEN,0
人,丰裕,④深空,商贸,06代际启蒙,OPEN,0
人,丰裕,④深空,商贸,07感官代偿,OPEN,0
人,丰裕,④深空,工技,01生理重力,OPEN,0
人,丰裕,④深空,工技,02心理潜意识,OPEN,0
人,丰裕,④深空,工技,03代际认知,OPEN,0
人,丰裕,④深空,工技,04脑机共生,OPEN,0
人,丰裕,④深空,工技,05深空葬仪,OPEN,0
人,丰裕,④深空,工技,06代际启蒙,OPEN,0
人,丰裕,④深空,工技,07感官代偿,OPEN,0
人,丰裕,④深空,科医,01生理重力,OPEN,0
人,丰裕,④深空,科医,02心理潜意识,OPEN,0
人,丰裕,④深空,科医,03代际认知,OPEN,0
人,丰裕,④深空,科医,04脑机共生,OPEN,0
人,丰裕,④深空,科医,05深空葬仪,OPEN,0
人,丰裕,④深空,科医,06代际启蒙,OPEN,0
人,丰裕,④深空,科医,07感官代偿,OPEN,0
人,丰裕,⑤比邻星,官档,01生理重力,PART,1
人,丰裕,⑤比邻星,官档,02心理潜意识,OPEN,0
人,丰裕,⑤比邻星,官档,03代际认知,OPEN,0
人,丰裕,⑤比邻星,官档,04脑机共生,OPEN,0
人,丰裕,⑤比邻星,官档,05深空葬仪,OPEN,0
人,丰裕,⑤比邻星,官档,06代际启蒙,OPEN,0
人,丰裕,⑤比邻星,官档,07感官代偿,OPEN,0
人,丰裕,⑤比邻星,私档,01生理重力,OPEN,0
人,丰裕,⑤比邻星,私档,02心理潜意识,OPEN,0
人,丰裕,⑤比邻星,私档,03代际认知,OPEN,0
人,丰裕,⑤比邻星,私档,04脑机共生,OPEN,0
人,丰裕,⑤比邻星,私档,05深空葬仪,OPEN,0
人,丰裕,⑤比邻星,私档,06代际启蒙,OPEN,0
人,丰裕,⑤比邻星,私档,07感官代偿,OPEN,0
人,丰裕,⑤比邻星,互济,01生理重力,OPEN,0
人,丰裕,⑤比邻星,互济,02心理潜意识,OPEN,0
人,丰裕,⑤比邻星,互济,03代际认知,OPEN,0
人,丰裕,⑤比邻星,互济,04脑机共生,OPEN,0
人,丰裕,⑤比邻星,互济,05深空葬仪,OPEN,0
人,丰裕,⑤比邻星,互济,06代际启蒙,OPEN,0
人,丰裕,⑤比邻星,互济,07感官代偿,OPEN,0
人,丰裕,⑤比邻星,商贸,01生理重力,OPEN,0
人,丰裕,⑤比邻星,商贸,02心理潜意识,OPEN,0
人,丰裕,⑤比邻星,商贸,03代际认知,OPEN,0
人,丰裕,⑤比邻星,商贸,04脑机共生,OPEN,0
人,丰裕,⑤比邻星,商贸,05深空葬仪,OPEN,0
人,丰裕,⑤比邻星,商贸,06代际启蒙,OPEN,0
人,丰裕,⑤比邻星,商贸,07感官代偿,OPEN,0
人,丰裕,⑤比邻星,工技,01生理重力,OPEN,0
人,丰裕,⑤比邻星,工技,02心理潜意识,OPEN,0
人,丰裕,⑤比邻星,工技,03代际认知,OPEN,0
人,丰裕,⑤比邻星,工技,04脑机共生,OPEN,0
人,丰裕,⑤比邻星,工技,05深空葬仪,OPEN,0
人,丰裕,⑤比邻星,工技,06代际启蒙,OPEN,0
人,丰裕,⑤比邻星,工技,07感官代偿,OPEN,0
人,丰裕,⑤比邻星,科医,01生理重力,OPEN,0
人,丰裕,⑤比邻星,科医,02心理潜意识,OPEN,0
人,丰裕,⑤比邻星,科医,03代际认知,OPEN,0
人,丰裕,⑤比邻星,科医,04脑机共生,OPEN,0
人,丰裕,⑤比邻星,科医,05深空葬仪,OPEN,0
人,丰裕,⑤比邻星,科医,06代际启蒙,OPEN,0
人,丰裕,⑤比邻星,科医,07感官代偿,OPEN,0
人,离心,①地球,官档,01生理重力,PART,1
人,离心,①地球,官档,02心理潜意识,OPEN,0
人,离心,①地球,官档,03代际认知,OPEN,0
人,离心,①地球,官档,04脑机共生,OPEN,0
人,离心,①地球,官档,05深空葬仪,OPEN,0
人,离心,①地球,官档,06代际启蒙,OPEN,0
人,离心,①地球,官档,07感官代偿,OPEN,0
人,离心,①地球,私档,01生理重力,OPEN,0
人,离心,①地球,私档,02心理潜意识,OPEN,0
人,离心,①地球,私档,03代际认知,OPEN,0
人,离心,①地球,私档,04脑机共生,OPEN,0
人,离心,①地球,私档,05深空葬仪,OPEN,0
人,离心,①地球,私档,06代际启蒙,OPEN,0
人,离心,①地球,私档,07感官代偿,OPEN,0
人,离心,①地球,互济,01生理重力,OPEN,0
人,离心,①地球,互济,02心理潜意识,OPEN,0
人,离心,①地球,互济,03代际认知,OPEN,0
人,离心,①地球,互济,04脑机共生,OPEN,0
人,离心,①地球,互济,05深空葬仪,OPEN,0
人,离心,①地球,互济,06代际启蒙,OPEN,0
人,离心,①地球,互济,07感官代偿,OPEN,0
人,离心,①地球,商贸,01生理重力,OPEN,0
人,离心,①地球,商贸,02心理潜意识,OPEN,0
人,离心,①地球,商贸,03代际认知,OPEN,0
人,离心,①地球,商贸,04脑机共生,OPEN,0
人,离心,①地球,商贸,05深空葬仪,OPEN,0
人,离心,①地球,商贸,06代际启蒙,OPEN,0
人,离心,①地球,商贸,07感官代偿,OPEN,0
人,离心,①地球,工技,01生理重力,OPEN,0
人,离心,①地球,工技,02心理潜意识,OPEN,0
人,离心,①地球,工技,03代际认知,OPEN,0
人,离心,①地球,工技,04脑机共生,OPEN,0
人,离心,①地球,工技,05深空葬仪,OPEN,0
人,离心,①地球,工技,06代际启蒙,OPEN,0
人,离心,①地球,工技,07感官代偿,OPEN,0
人,离心,①地球,科医,01生理重力,OPEN,0
人,离心,①地球,科医,02心理潜意识,OPEN,0
人,离心,①地球,科医,03代际认知,OPEN,0
人,离心,①地球,科医,04脑机共生,OPEN,0
人,离心,①地球,科医,05深空葬仪,OPEN,0
人,离心,①地球,科医,06代际启蒙,OPEN,0
人,离心,①地球,科医,07感官代偿,OPEN,0
人,离心,②地月系,官档,01生理重力,PART,1
人,离心,②地月系,官档,02心理潜意识,OPEN,0
人,离心,②地月系,官档,03代际认知,OPEN,0
人,离心,②地月系,官档,04脑机共生,OPEN,0
人,离心,②地月系,官档,05深空葬仪,OPEN,0
人,离心,②地月系,官档,06代际启蒙,OPEN,0
人,离心,②地月系,官档,07感官代偿,OPEN,0
人,离心,②地月系,私档,01生理重力,OPEN,0
人,离心,②地月系,私档,02心理潜意识,OPEN,0
人,离心,②地月系,私档,03代际认知,OPEN,0
人,离心,②地月系,私档,04脑机共生,OPEN,0
人,离心,②地月系,私档,05深空葬仪,OPEN,0
人,离心,②地月系,私档,06代际启蒙,OPEN,0
人,离心,②地月系,私档,07感官代偿,OPEN,0
人,离心,②地月系,互济,01生理重力,OPEN,0
人,离心,②地月系,互济,02心理潜意识,OPEN,0
人,离心,②地月系,互济,03代际认知,OPEN,0
人,离心,②地月系,互济,04脑机共生,OPEN,0
人,离心,②地月系,互济,05深空葬仪,OPEN,0
人,离心,②地月系,互济,06代际启蒙,OPEN,0
人,离心,②地月系,互济,07感官代偿,OPEN,0
人,离心,②地月系,商贸,01生理重力,OPEN,0
人,离心,②地月系,商贸,02心理潜意识,OPEN,0
人,离心,②地月系,商贸,03代际认知,OPEN,0
人,离心,②地月系,商贸,04脑机共生,OPEN,0
人,离心,②地月系,商贸,05深空葬仪,OPEN,0
人,离心,②地月系,商贸,06代际启蒙,OPEN,0
人,离心,②地月系,商贸,07感官代偿,OPEN,0
人,离心,②地月系,工技,01生理重力,OPEN,0
人,离心,②地月系,工技,02心理潜意识,OPEN,0
人,离心,②地月系,工技,03代际认知,OPEN,0
人,离心,②地月系,工技,04脑机共生,OPEN,0
人,离心,②地月系,工技,05深空葬仪,OPEN,0
人,离心,②地月系,工技,06代际启蒙,OPEN,0
人,离心,②地月系,工技,07感官代偿,OPEN,0
人,离心,②地月系,科医,01生理重力,OPEN,0
人,离心,②地月系,科医,02心理潜意识,OPEN,0
人,离心,②地月系,科医,03代际认知,OPEN,0
人,离心,②地月系,科医,04脑机共生,OPEN,0
人,离心,②地月系,科医,05深空葬仪,OPEN,0
人,离心,②地月系,科医,06代际启蒙,OPEN,0
人,离心,②地月系,科医,07感官代偿,OPEN,0
人,离心,③内太阳系,官档,01生理重力,PART,1
人,离心,③内太阳系,官档,02心理潜意识,OPEN,0
人,离心,③内太阳系,官档,03代际认知,OPEN,0
人,离心,③内太阳系,官档,04脑机共生,OPEN,0
人,离心,③内太阳系,官档,05深空葬仪,OPEN,0
人,离心,③内太阳系,官档,06代际启蒙,OPEN,0
人,离心,③内太阳系,官档,07感官代偿,OPEN,0
人,离心,③内太阳系,私档,01生理重力,OPEN,0
人,离心,③内太阳系,私档,02心理潜意识,OPEN,0
人,离心,③内太阳系,私档,03代际认知,OPEN,0
人,离心,③内太阳系,私档,04脑机共生,OPEN,0
人,离心,③内太阳系,私档,05深空葬仪,OPEN,0
人,离心,③内太阳系,私档,06代际启蒙,OPEN,0
人,离心,③内太阳系,私档,07感官代偿,OPEN,0
人,离心,③内太阳系,互济,01生理重力,OPEN,0
人,离心,③内太阳系,互济,02心理潜意识,OPEN,0
人,离心,③内太阳系,互济,03代际认知,OPEN,0
人,离心,③内太阳系,互济,04脑机共生,OPEN,0
人,离心,③内太阳系,互济,05深空葬仪,OPEN,0
人,离心,③内太阳系,互济,06代际启蒙,OPEN,0
人,离心,③内太阳系,互济,07感官代偿,OPEN,0
人,离心,③内太阳系,商贸,01生理重力,OPEN,0
人,离心,③内太阳系,商贸,02心理潜意识,OPEN,0
人,离心,③内太阳系,商贸,03代际认知,OPEN,0
人,离心,③内太阳系,商贸,04脑机共生,OPEN,0
人,离心,③内太阳系,商贸,05深空葬仪,OPEN,0
人,离心,③内太阳系,商贸,06代际启蒙,OPEN,0
人,离心,③内太阳系,商贸,07感官代偿,OPEN,0
人,离心,③内太阳系,工技,01生理重力,OPEN,0
人,离心,③内太阳系,工技,02心理潜意识,OPEN,0
人,离心,③内太阳系,工技,03代际认知,OPEN,0
人,离心,③内太阳系,工技,04脑机共生,OPEN,0
人,离心,③内太阳系,工技,05深空葬仪,OPEN,0
人,离心,③内太阳系,工技,06代际启蒙,OPEN,0
人,离心,③内太阳系,工技,07感官代偿,OPEN,0
人,离心,③内太阳系,科医,01生理重力,OPEN,0
人,离心,③内太阳系,科医,02心理潜意识,OPEN,0
人,离心,③内太阳系,科医,03代际认知,OPEN,0
人,离心,③内太阳系,科医,04脑机共生,OPEN,0
人,离心,③内太阳系,科医,05深空葬仪,OPEN,0
人,离心,③内太阳系,科医,06代际启蒙,OPEN,0
人,离心,③内太阳系,科医,07感官代偿,OPEN,0
人,离心,④深空,官档,01生理重力,PART,1
人,离心,④深空,官档,02心理潜意识,OPEN,0
人,离心,④深空,官档,03代际认知,OPEN,0
人,离心,④深空,官档,04脑机共生,OPEN,0
人,离心,④深空,官档,05深空葬仪,OPEN,0
人,离心,④深空,官档,06代际启蒙,OPEN,0
人,离心,④深空,官档,07感官代偿,OPEN,0
人,离心,④深空,私档,01生理重力,OPEN,0
人,离心,④深空,私档,02心理潜意识,OPEN,0
人,离心,④深空,私档,03代际认知,OPEN,0
人,离心,④深空,私档,04脑机共生,OPEN,0
人,离心,④深空,私档,05深空葬仪,OPEN,0
人,离心,④深空,私档,06代际启蒙,OPEN,0
人,离心,④深空,私档,07感官代偿,OPEN,0
人,离心,④深空,互济,01生理重力,OPEN,0
人,离心,④深空,互济,02心理潜意识,OPEN,0
人,离心,④深空,互济,03代际认知,OPEN,0
人,离心,④深空,互济,04脑机共生,OPEN,0
人,离心,④深空,互济,05深空葬仪,OPEN,0
人,离心,④深空,互济,06代际启蒙,OPEN,0
人,离心,④深空,互济,07感官代偿,OPEN,0
人,离心,④深空,商贸,01生理重力,OPEN,0
人,离心,④深空,商贸,02心理潜意识,OPEN,0
人,离心,④深空,商贸,03代际认知,OPEN,0
人,离心,④深空,商贸,04脑机共生,OPEN,0
人,离心,④深空,商贸,05深空葬仪,OPEN,0
人,离心,④深空,商贸,06代际启蒙,OPEN,0
人,离心,④深空,商贸,07感官代偿,OPEN,0
人,离心,④深空,工技,01生理重力,OPEN,0
人,离心,④深空,工技,02心理潜意识,OPEN,0
人,离心,④深空,工技,03代际认知,OPEN,0
人,离心,④深空,工技,04脑机共生,OPEN,0
人,离心,④深空,工技,05深空葬仪,OPEN,0
人,离心,④深空,工技,06代际启蒙,OPEN,0
人,离心,④深空,工技,07感官代偿,OPEN,0
人,离心,④深空,科医,01生理重力,OPEN,0
人,离心,④深空,科医,02心理潜意识,OPEN,0
人,离心,④深空,科医,03代际认知,OPEN,0
人,离心,④深空,科医,04脑机共生,OPEN,0
人,离心,④深空,科医,05深空葬仪,OPEN,0
人,离心,④深空,科医,06代际启蒙,OPEN,0
人,离心,④深空,科医,07感官代偿,OPEN,0
人,离心,⑤比邻星,官档,01生理重力,PART,1
人,离心,⑤比邻星,官档,02心理潜意识,OPEN,0
人,离心,⑤比邻星,官档,03代际认知,OPEN,0
人,离心,⑤比邻星,官档,04脑机共生,OPEN,0
人,离心,⑤比邻星,官档,05深空葬仪,OPEN,0
人,离心,⑤比邻星,官档,06代际启蒙,OPEN,0
人,离心,⑤比邻星,官档,07感官代偿,OPEN,0
人,离心,⑤比邻星,私档,01生理重力,OPEN,0
人,离心,⑤比邻星,私档,02心理潜意识,OPEN,0
人,离心,⑤比邻星,私档,03代际认知,OPEN,0
人,离心,⑤比邻星,私档,04脑机共生,OPEN,0
人,离心,⑤比邻星,私档,05深空葬仪,OPEN,0
人,离心,⑤比邻星,私档,06代际启蒙,OPEN,0
人,离心,⑤比邻星,私档,07感官代偿,OPEN,0
人,离心,⑤比邻星,互济,01生理重力,OPEN,0
人,离心,⑤比邻星,互济,02心理潜意识,OPEN,0
人,离心,⑤比邻星,互济,03代际认知,OPEN,0
人,离心,⑤比邻星,互济,04脑机共生,OPEN,0
人,离心,⑤比邻星,互济,05深空葬仪,OPEN,0
人,离心,⑤比邻星,互济,06代际启蒙,OPEN,0
人,离心,⑤比邻星,互济,07感官代偿,OPEN,0
人,离心,⑤比邻星,商贸,01生理重力,OPEN,0
人,离心,⑤比邻星,商贸,02心理潜意识,OPEN,0
人,离心,⑤比邻星,商贸,03代际认知,OPEN,0
人,离心,⑤比邻星,商贸,04脑机共生,OPEN,0
人,离心,⑤比邻星,商贸,05深空葬仪,OPEN,0
人,离心,⑤比邻星,商贸,06代际启蒙,OPEN,0
人,离心,⑤比邻星,商贸,07感官代偿,OPEN,0
人,离心,⑤比邻星,工技,01生理重力,OPEN,0
人,离心,⑤比邻星,工技,02心理潜意识,OPEN,0
人,离心,⑤比邻星,工技,03代际认知,OPEN,0
人,离心,⑤比邻星,工技,04脑机共生,OPEN,0
人,离心,⑤比邻星,工技,05深空葬仪,OPEN,0
人,离心,⑤比邻星,工技,06代际启蒙,OPEN,0
人,离心,⑤比邻星,工技,07感官代偿,OPEN,0
人,离心,⑤比邻星,科医,01生理重力,OPEN,0
人,离心,⑤比邻星,科医,02心理潜意识,OPEN,0
人,离心,⑤比邻星,科医,03代际认知,OPEN,0
人,离心,⑤比邻星,科医,04脑机共生,OPEN,0
人,离心,⑤比邻星,科医,05深空葬仪,OPEN,0
人,离心,⑤比邻星,科医,06代际启蒙,OPEN,0
人,离心,⑤比邻星,科医,07感官代偿,OPEN,0
人,启航,①地球,官档,01生理重力,PART,1
人,启航,①地球,官档,02心理潜意识,OPEN,0
人,启航,①地球,官档,03代际认知,OPEN,0
人,启航,①地球,官档,04脑机共生,OPEN,0
人,启航,①地球,官档,05深空葬仪,OPEN,0
人,启航,①地球,官档,06代际启蒙,OPEN,0
人,启航,①地球,官档,07感官代偿,OPEN,0
人,启航,①地球,私档,01生理重力,OPEN,0
人,启航,①地球,私档,02心理潜意识,OPEN,0
人,启航,①地球,私档,03代际认知,OPEN,0
人,启航,①地球,私档,04脑机共生,OPEN,0
人,启航,①地球,私档,05深空葬仪,OPEN,0
人,启航,①地球,私档,06代际启蒙,OPEN,0
人,启航,①地球,私档,07感官代偿,OPEN,0
人,启航,①地球,互济,01生理重力,OPEN,0
人,启航,①地球,互济,02心理潜意识,OPEN,0
人,启航,①地球,互济,03代际认知,OPEN,0
人,启航,①地球,互济,04脑机共生,OPEN,0
人,启航,①地球,互济,05深空葬仪,OPEN,0
人,启航,①地球,互济,06代际启蒙,OPEN,0
人,启航,①地球,互济,07感官代偿,OPEN,0
人,启航,①地球,商贸,01生理重力,OPEN,0
人,启航,①地球,商贸,02心理潜意识,OPEN,0
人,启航,①地球,商贸,03代际认知,OPEN,0
人,启航,①地球,商贸,04脑机共生,OPEN,0
人,启航,①地球,商贸,05深空葬仪,OPEN,0
人,启航,①地球,商贸,06代际启蒙,OPEN,0
人,启航,①地球,商贸,07感官代偿,OPEN,0
人,启航,①地球,工技,01生理重力,OPEN,0
人,启航,①地球,工技,02心理潜意识,OPEN,0
人,启航,①地球,工技,03代际认知,OPEN,0
人,启航,①地球,工技,04脑机共生,OPEN,0
人,启航,①地球,工技,05深空葬仪,OPEN,0
人,启航,①地球,工技,06代际启蒙,OPEN,0
人,启航,①地球,工技,07感官代偿,OPEN,0
人,启航,①地球,科医,01生理重力,OPEN,0
人,启航,①地球,科医,02心理潜意识,OPEN,0
人,启航,①地球,科医,03代际认知,OPEN,0
人,启航,①地球,科医,04脑机共生,OPEN,0
人,启航,①地球,科医,05深空葬仪,OPEN,0
人,启航,①地球,科医,06代际启蒙,OPEN,0
人,启航,①地球,科医,07感官代偿,OPEN,0
人,启航,②地月系,官档,01生理重力,PART,1
人,启航,②地月系,官档,02心理潜意识,OPEN,0
人,启航,②地月系,官档,03代际认知,OPEN,0
人,启航,②地月系,官档,04脑机共生,OPEN,0
人,启航,②地月系,官档,05深空葬仪,OPEN,0
人,启航,②地月系,官档,06代际启蒙,OPEN,0
人,启航,②地月系,官档,07感官代偿,OPEN,0
人,启航,②地月系,私档,01生理重力,OPEN,0
人,启航,②地月系,私档,02心理潜意识,OPEN,0
人,启航,②地月系,私档,03代际认知,OPEN,0
人,启航,②地月系,私档,04脑机共生,OPEN,0
人,启航,②地月系,私档,05深空葬仪,OPEN,0
人,启航,②地月系,私档,06代际启蒙,OPEN,0
人,启航,②地月系,私档,07感官代偿,OPEN,0
人,启航,②地月系,互济,01生理重力,OPEN,0
人,启航,②地月系,互济,02心理潜意识,OPEN,0
人,启航,②地月系,互济,03代际认知,OPEN,0
人,启航,②地月系,互济,04脑机共生,OPEN,0
人,启航,②地月系,互济,05深空葬仪,OPEN,0
人,启航,②地月系,互济,06代际启蒙,OPEN,0
人,启航,②地月系,互济,07感官代偿,OPEN,0
人,启航,②地月系,商贸,01生理重力,OPEN,0
人,启航,②地月系,商贸,02心理潜意识,OPEN,0
人,启航,②地月系,商贸,03代际认知,OPEN,0
人,启航,②地月系,商贸,04脑机共生,OPEN,0
人,启航,②地月系,商贸,05深空葬仪,OPEN,0
人,启航,②地月系,商贸,06代际启蒙,OPEN,0
人,启航,②地月系,商贸,07感官代偿,OPEN,0
人,启航,②地月系,工技,01生理重力,OPEN,0
人,启航,②地月系,工技,02心理潜意识,OPEN,0
人,启航,②地月系,工技,03代际认知,OPEN,0
人,启航,②地月系,工技,04脑机共生,OPEN,0
人,启航,②地月系,工技,05深空葬仪,OPEN,0
人,启航,②地月系,工技,06代际启蒙,OPEN,0
人,启航,②地月系,工技,07感官代偿,OPEN,0
人,启航,②地月系,科医,01生理重力,OPEN,0
人,启航,②地月系,科医,02心理潜意识,OPEN,0
人,启航,②地月系,科医,03代际认知,OPEN,0
人,启航,②地月系,科医,04脑机共生,OPEN,0
人,启航,②地月系,科医,05深空葬仪,OPEN,0
人,启航,②地月系,科医,06代际启蒙,OPEN,0
人,启航,②地月系,科医,07感官代偿,OPEN,0
人,启航,③内太阳系,官档,01生理重力,PART,1
人,启航,③内太阳系,官档,02心理潜意识,OPEN,0
人,启航,③内太阳系,官档,03代际认知,OPEN,0
人,启航,③内太阳系,官档,04脑机共生,OPEN,0
人,启航,③内太阳系,官档,05深空葬仪,OPEN,0
人,启航,③内太阳系,官档,06代际启蒙,OPEN,0
人,启航,③内太阳系,官档,07感官代偿,OPEN,0
人,启航,③内太阳系,私档,01生理重力,OPEN,0
人,启航,③内太阳系,私档,02心理潜意识,OPEN,0
人,启航,③内太阳系,私档,03代际认知,OPEN,0
人,启航,③内太阳系,私档,04脑机共生,OPEN,0
人,启航,③内太阳系,私档,05深空葬仪,OPEN,0
人,启航,③内太阳系,私档,06代际启蒙,OPEN,0
人,启航,③内太阳系,私档,07感官代偿,OPEN,0
人,启航,③内太阳系,互济,01生理重力,OPEN,0
人,启航,③内太阳系,互济,02心理潜意识,OPEN,0
人,启航,③内太阳系,互济,03代际认知,OPEN,0
人,启航,③内太阳系,互济,04脑机共生,OPEN,0
人,启航,③内太阳系,互济,05深空葬仪,OPEN,0
人,启航,③内太阳系,互济,06代际启蒙,OPEN,0
人,启航,③内太阳系,互济,07感官代偿,OPEN,0
人,启航,③内太阳系,商贸,01生理重力,OPEN,0
人,启航,③内太阳系,商贸,02心理潜意识,OPEN,0
人,启航,③内太阳系,商贸,03代际认知,OPEN,0
人,启航,③内太阳系,商贸,04脑机共生,OPEN,0
人,启航,③内太阳系,商贸,05深空葬仪,OPEN,0
人,启航,③内太阳系,商贸,06代际启蒙,OPEN,0
人,启航,③内太阳系,商贸,07感官代偿,OPEN,0
人,启航,③内太阳系,工技,01生理重力,OPEN,0
人,启航,③内太阳系,工技,02心理潜意识,OPEN,0
人,启航,③内太阳系,工技,03代际认知,OPEN,0
人,启航,③内太阳系,工技,04脑机共生,OPEN,0
人,启航,③内太阳系,工技,05深空葬仪,OPEN,0
人,启航,③内太阳系,工技,06代际启蒙,OPEN,0
人,启航,③内太阳系,工技,07感官代偿,OPEN,0
人,启航,③内太阳系,科医,01生理重力,OPEN,0
人,启航,③内太阳系,科医,02心理潜意识,OPEN,0
人,启航,③内太阳系,科医,03代际认知,OPEN,0
人,启航,③内太阳系,科医,04脑机共生,OPEN,0
人,启航,③内太阳系,科医,05深空葬仪,OPEN,0
人,启航,③内太阳系,科医,06代际启蒙,OPEN,0
人,启航,③内太阳系,科医,07感官代偿,OPEN,0
人,启航,④深空,官档,01生理重力,PART,2
人,启航,④深空,官档,02心理潜意识,OPEN,0
人,启航,④深空,官档,03代际认知,OPEN,0
人,启航,④深空,官档,04脑机共生,OPEN,0
人,启航,④深空,官档,05深空葬仪,OPEN,0
人,启航,④深空,官档,06代际启蒙,OPEN,0
人,启航,④深空,官档,07感官代偿,OPEN,0
人,启航,④深空,私档,01生理重力,OPEN,0
人,启航,④深空,私档,02心理潜意识,OPEN,0
人,启航,④深空,私档,03代际认知,OPEN,0
人,启航,④深空,私档,04脑机共生,OPEN,0
人,启航,④深空,私档,05深空葬仪,OPEN,0
人,启航,④深空,私档,06代际启蒙,OPEN,0
人,启航,④深空,私档,07感官代偿,OPEN,0
人,启航,④深空,互济,01生理重力,OPEN,0
人,启航,④深空,互济,02心理潜意识,OPEN,0
人,启航,④深空,互济,03代际认知,OPEN,0
人,启航,④深空,互济,04脑机共生,OPEN,0
人,启航,④深空,互济,05深空葬仪,OPEN,0
人,启航,④深空,互济,06代际启蒙,OPEN,0
人,启航,④深空,互济,07感官代偿,OPEN,0
人,启航,④深空,商贸,01生理重力,OPEN,0
人,启航,④深空,商贸,02心理潜意识,OPEN,0
人,启航,④深空,商贸,03代际认知,OPEN,0
人,启航,④深空,商贸,04脑机共生,OPEN,0
人,启航,④深空,商贸,05深空葬仪,OPEN,0
人,启航,④深空,商贸,06代际启蒙,OPEN,0
人,启航,④深空,商贸,07感官代偿,OPEN,0
人,启航,④深空,工技,01生理重力,OPEN,0
人,启航,④深空,工技,02心理潜意识,OPEN,0
人,启航,④深空,工技,03代际认知,OPEN,0
人,启航,④深空,工技,04脑机共生,OPEN,0
人,启航,④深空,工技,05深空葬仪,OPEN,0
人,启航,④深空,工技,06代际启蒙,OPEN,0
人,启航,④深空,工技,07感官代偿,OPEN,0
人,启航,④深空,科医,01生理重力,OPEN,0
人,启航,④深空,科医,02心理潜意识,OPEN,0
人,启航,④深空,科医,03代际认知,OPEN,0
人,启航,④深空,科医,04脑机共生,OPEN,0
人,启航,④深空,科医,05深空葬仪,OPEN,0
人,启航,④深空,科医,06代际启蒙,OPEN,0
人,启航,④深空,科医,07感官代偿,OPEN,0
人,启航,⑤比邻星,官档,01生理重力,PART,1
人,启航,⑤比邻星,官档,02心理潜意识,OPEN,0
人,启航,⑤比邻星,官档,03代际认知,OPEN,0
人,启航,⑤比邻星,官档,04脑机共生,OPEN,0
人,启航,⑤比邻星,官档,05深空葬仪,OPEN,0
人,启航,⑤比邻星,官档,06代际启蒙,OPEN,0
人,启航,⑤比邻星,官档,07感官代偿,OPEN,0
人,启航,⑤比邻星,私档,01生理重力,OPEN,0
人,启航,⑤比邻星,私档,02心理潜意识,OPEN,0
人,启航,⑤比邻星,私档,03代际认知,OPEN,0
人,启航,⑤比邻星,私档,04脑机共生,OPEN,0
人,启航,⑤比邻星,私档,05深空葬仪,OPEN,0
人,启航,⑤比邻星,私档,06代际启蒙,OPEN,0
人,启航,⑤比邻星,私档,07感官代偿,OPEN,0
人,启航,⑤比邻星,互济,01生理重力,OPEN,0
人,启航,⑤比邻星,互济,02心理潜意识,OPEN,0
人,启航,⑤比邻星,互济,03代际认知,OPEN,0
人,启航,⑤比邻星,互济,04脑机共生,OPEN,0
人,启航,⑤比邻星,互济,05深空葬仪,OPEN,0
人,启航,⑤比邻星,互济,06代际启蒙,OPEN,0
人,启航,⑤比邻星,互济,07感官代偿,OPEN,0
人,启航,⑤比邻星,商贸,01生理重力,OPEN,0
人,启航,⑤比邻星,商贸,02心理潜意识,OPEN,0
人,启航,⑤比邻星,商贸,03代际认知,OPEN,0
人,启航,⑤比邻星,商贸,04脑机共生,OPEN,0
人,启航,⑤比邻星,商贸,05深空葬仪,OPEN,0
人,启航,⑤比邻星,商贸,06代际启蒙,OPEN,0
人,启航,⑤比邻星,商贸,07感官代偿,OPEN,0
人,启航,⑤比邻星,工技,01生理重力,OPEN,0
人,启航,⑤比邻星,工技,02心理潜意识,OPEN,0
人,启航,⑤比邻星,工技,03代际认知,OPEN,0
人,启航,⑤比邻星,工技,04脑机共生,OPEN,0
人,启航,⑤比邻星,工技,05深空葬仪,OPEN,0
人,启航,⑤比邻星,工技,06代际启蒙,OPEN,0
人,启航,⑤比邻星,工技,07感官代偿,OPEN,0
人,启航,⑤比邻星,科医,01生理重力,OPEN,0
人,启航,⑤比邻星,科医,02心理潜意识,OPEN,0
人,启航,⑤比邻星,科医,03代际认知,OPEN,0
人,启航,⑤比邻星,科医,04脑机共生,OPEN,0
人,启航,⑤比邻星,科医,05深空葬仪,OPEN,0
人,启航,⑤比邻星,科医,06代际启蒙,OPEN,0
人,启航,⑤比邻星,科医,07感官代偿,OPEN,0
人,落地,①地球,官档,01生理重力,PART,1
人,落地,①地球,官档,02心理潜意识,OPEN,0
人,落地,①地球,官档,03代际认知,OPEN,0
人,落地,①地球,官档,04脑机共生,OPEN,0
人,落地,①地球,官档,05深空葬仪,OPEN,0
人,落地,①地球,官档,06代际启蒙,OPEN,0
人,落地,①地球,官档,07感官代偿,OPEN,0
人,落地,①地球,私档,01生理重力,OPEN,0
人,落地,①地球,私档,02心理潜意识,OPEN,0
人,落地,①地球,私档,03代际认知,OPEN,0
人,落地,①地球,私档,04脑机共生,OPEN,0
人,落地,①地球,私档,05深空葬仪,OPEN,0
人,落地,①地球,私档,06代际启蒙,OPEN,0
人,落地,①地球,私档,07感官代偿,OPEN,0
人,落地,①地球,互济,01生理重力,OPEN,0
人,落地,①地球,互济,02心理潜意识,OPEN,0
人,落地,①地球,互济,03代际认知,OPEN,0
人,落地,①地球,互济,04脑机共生,OPEN,0
人,落地,①地球,互济,05深空葬仪,OPEN,0
人,落地,①地球,互济,06代际启蒙,OPEN,0
人,落地,①地球,互济,07感官代偿,OPEN,0
人,落地,①地球,商贸,01生理重力,OPEN,0
人,落地,①地球,商贸,02心理潜意识,OPEN,0
人,落地,①地球,商贸,03代际认知,OPEN,0
人,落地,①地球,商贸,04脑机共生,OPEN,0
人,落地,①地球,商贸,05深空葬仪,OPEN,0
人,落地,①地球,商贸,06代际启蒙,OPEN,0
人,落地,①地球,商贸,07感官代偿,OPEN,0
人,落地,①地球,工技,01生理重力,OPEN,0
人,落地,①地球,工技,02心理潜意识,OPEN,0
人,落地,①地球,工技,03代际认知,OPEN,0
人,落地,①地球,工技,04脑机共生,OPEN,0
人,落地,①地球,工技,05深空葬仪,OPEN,0
人,落地,①地球,工技,06代际启蒙,OPEN,0
人,落地,①地球,工技,07感官代偿,OPEN,0
人,落地,①地球,科医,01生理重力,OPEN,0
人,落地,①地球,科医,02心理潜意识,OPEN,0
人,落地,①地球,科医,03代际认知,OPEN,0
人,落地,①地球,科医,04脑机共生,OPEN,0
人,落地,①地球,科医,05深空葬仪,OPEN,0
人,落地,①地球,科医,06代际启蒙,OPEN,0
人,落地,①地球,科医,07感官代偿,OPEN,0
人,落地,②地月系,官档,01生理重力,PART,1
人,落地,②地月系,官档,02心理潜意识,OPEN,0
人,落地,②地月系,官档,03代际认知,OPEN,0
人,落地,②地月系,官档,04脑机共生,OPEN,0
人,落地,②地月系,官档,05深空葬仪,OPEN,0
人,落地,②地月系,官档,06代际启蒙,OPEN,0
人,落地,②地月系,官档,07感官代偿,OPEN,0
人,落地,②地月系,私档,01生理重力,OPEN,0
人,落地,②地月系,私档,02心理潜意识,OPEN,0
人,落地,②地月系,私档,03代际认知,OPEN,0
人,落地,②地月系,私档,04脑机共生,OPEN,0
人,落地,②地月系,私档,05深空葬仪,OPEN,0
人,落地,②地月系,私档,06代际启蒙,OPEN,0
人,落地,②地月系,私档,07感官代偿,OPEN,0
人,落地,②地月系,互济,01生理重力,OPEN,0
人,落地,②地月系,互济,02心理潜意识,OPEN,0
人,落地,②地月系,互济,03代际认知,OPEN,0
人,落地,②地月系,互济,04脑机共生,OPEN,0
人,落地,②地月系,互济,05深空葬仪,OPEN,0
人,落地,②地月系,互济,06代际启蒙,OPEN,0
人,落地,②地月系,互济,07感官代偿,OPEN,0
人,落地,②地月系,商贸,01生理重力,OPEN,0
人,落地,②地月系,商贸,02心理潜意识,OPEN,0
人,落地,②地月系,商贸,03代际认知,OPEN,0
人,落地,②地月系,商贸,04脑机共生,OPEN,0
人,落地,②地月系,商贸,05深空葬仪,OPEN,0
人,落地,②地月系,商贸,06代际启蒙,OPEN,0
人,落地,②地月系,商贸,07感官代偿,OPEN,0
人,落地,②地月系,工技,01生理重力,OPEN,0
人,落地,②地月系,工技,02心理潜意识,OPEN,0
人,落地,②地月系,工技,03代际认知,OPEN,0
人,落地,②地月系,工技,04脑机共生,OPEN,0
人,落地,②地月系,工技,05深空葬仪,OPEN,0
人,落地,②地月系,工技,06代际启蒙,OPEN,0
人,落地,②地月系,工技,07感官代偿,OPEN,0
人,落地,②地月系,科医,01生理重力,OPEN,0
人,落地,②地月系,科医,02心理潜意识,OPEN,0
人,落地,②地月系,科医,03代际认知,OPEN,0
人,落地,②地月系,科医,04脑机共生,OPEN,0
人,落地,②地月系,科医,05深空葬仪,OPEN,0
人,落地,②地月系,科医,06代际启蒙,OPEN,0
人,落地,②地月系,科医,07感官代偿,OPEN,0
人,落地,③内太阳系,官档,01生理重力,PART,1
人,落地,③内太阳系,官档,02心理潜意识,OPEN,0
人,落地,③内太阳系,官档,03代际认知,OPEN,0
人,落地,③内太阳系,官档,04脑机共生,OPEN,0
人,落地,③内太阳系,官档,05深空葬仪,OPEN,0
人,落地,③内太阳系,官档,06代际启蒙,OPEN,0
人,落地,③内太阳系,官档,07感官代偿,OPEN,0
人,落地,③内太阳系,私档,01生理重力,OPEN,0
人,落地,③内太阳系,私档,02心理潜意识,OPEN,0
人,落地,③内太阳系,私档,03代际认知,OPEN,0
人,落地,③内太阳系,私档,04脑机共生,OPEN,0
人,落地,③内太阳系,私档,05深空葬仪,OPEN,0
人,落地,③内太阳系,私档,06代际启蒙,OPEN,0
人,落地,③内太阳系,私档,07感官代偿,OPEN,0
人,落地,③内太阳系,互济,01生理重力,OPEN,0
人,落地,③内太阳系,互济,02心理潜意识,OPEN,0
人,落地,③内太阳系,互济,03代际认知,OPEN,0
人,落地,③内太阳系,互济,04脑机共生,OPEN,0
人,落地,③内太阳系,互济,05深空葬仪,OPEN,0
人,落地,③内太阳系,互济,06代际启蒙,OPEN,0
人,落地,③内太阳系,互济,07感官代偿,OPEN,0
人,落地,③内太阳系,商贸,01生理重力,OPEN,0
人,落地,③内太阳系,商贸,02心理潜意识,OPEN,0
人,落地,③内太阳系,商贸,03代际认知,OPEN,0
人,落地,③内太阳系,商贸,04脑机共生,OPEN,0
人,落地,③内太阳系,商贸,05深空葬仪,OPEN,0
人,落地,③内太阳系,商贸,06代际启蒙,OPEN,0
人,落地,③内太阳系,商贸,07感官代偿,OPEN,0
人,落地,③内太阳系,工技,01生理重力,OPEN,0
人,落地,③内太阳系,工技,02心理潜意识,OPEN,0
人,落地,③内太阳系,工技,03代际认知,OPEN,0
人,落地,③内太阳系,工技,04脑机共生,OPEN,0
人,落地,③内太阳系,工技,05深空葬仪,OPEN,0
人,落地,③内太阳系,工技,06代际启蒙,OPEN,0
人,落地,③内太阳系,工技,07感官代偿,OPEN,0
人,落地,③内太阳系,科医,01生理重力,OPEN,0
人,落地,③内太阳系,科医,02心理潜意识,OPEN,0
人,落地,③内太阳系,科医,03代际认知,OPEN,0
人,落地,③内太阳系,科医,04脑机共生,OPEN,0
人,落地,③内太阳系,科医,05深空葬仪,OPEN,0
人,落地,③内太阳系,科医,06代际启蒙,OPEN,0
人,落地,③内太阳系,科医,07感官代偿,OPEN,0
人,落地,④深空,官档,01生理重力,PART,1
人,落地,④深空,官档,02心理潜意识,OPEN,0
人,落地,④深空,官档,03代际认知,OPEN,0
人,落地,④深空,官档,04脑机共生,OPEN,0
人,落地,④深空,官档,05深空葬仪,OPEN,0
人,落地,④深空,官档,06代际启蒙,OPEN,0
人,落地,④深空,官档,07感官代偿,OPEN,0
人,落地,④深空,私档,01生理重力,OPEN,0
人,落地,④深空,私档,02心理潜意识,OPEN,0
人,落地,④深空,私档,03代际认知,OPEN,0
人,落地,④深空,私档,04脑机共生,OPEN,0
人,落地,④深空,私档,05深空葬仪,OPEN,0
人,落地,④深空,私档,06代际启蒙,OPEN,0
人,落地,④深空,私档,07感官代偿,OPEN,0
人,落地,④深空,互济,01生理重力,OPEN,0
人,落地,④深空,互济,02心理潜意识,OPEN,0
人,落地,④深空,互济,03代际认知,OPEN,0
人,落地,④深空,互济,04脑机共生,OPEN,0
人,落地,④深空,互济,05深空葬仪,OPEN,0
人,落地,④深空,互济,06代际启蒙,OPEN,0
人,落地,④深空,互济,07感官代偿,OPEN,0
人,落地,④深空,商贸,01生理重力,OPEN,0
人,落地,④深空,商贸,02心理潜意识,OPEN,0
人,落地,④深空,商贸,03代际认知,OPEN,0
人,落地,④深空,商贸,04脑机共生,OPEN,0
人,落地,④深空,商贸,05深空葬仪,OPEN,0
人,落地,④深空,商贸,06代际启蒙,OPEN,0
人,落地,④深空,商贸,07感官代偿,OPEN,0
人,落地,④深空,工技,01生理重力,OPEN,0
人,落地,④深空,工技,02心理潜意识,OPEN,0
人,落地,④深空,工技,03代际认知,OPEN,0
人,落地,④深空,工技,04脑机共生,OPEN,0
人,落地,④深空,工技,05深空葬仪,OPEN,0
人,落地,④深空,工技,06代际启蒙,OPEN,0
人,落地,④深空,工技,07感官代偿,OPEN,0
人,落地,④深空,科医,01生理重力,OPEN,0
人,落地,④深空,科医,02心理潜意识,OPEN,0
人,落地,④深空,科医,03代际认知,OPEN,0
人,落地,④深空,科医,04脑机共生,OPEN,0
人,落地,④深空,科医,05深空葬仪,OPEN,0
人,落地,④深空,科医,06代际启蒙,OPEN,0
人,落地,④深空,科医,07感官代偿,OPEN,0
人,落地,⑤比邻星,官档,01生理重力,PART,2
人,落地,⑤比邻星,官档,02心理潜意识,OPEN,0
人,落地,⑤比邻星,官档,03代际认知,OPEN,0
人,落地,⑤比邻星,官档,04脑机共生,OPEN,0
人,落地,⑤比邻星,官档,05深空葬仪,OPEN,0
人,落地,⑤比邻星,官档,06代际启蒙,OPEN,0
人,落地,⑤比邻星,官档,07感官代偿,OPEN,0
人,落地,⑤比邻星,私档,01生理重力,OPEN,0
人,落地,⑤比邻星,私档,02心理潜意识,OPEN,0
人,落地,⑤比邻星,私档,03代际认知,OPEN,0
人,落地,⑤比邻星,私档,04脑机共生,OPEN,0
人,落地,⑤比邻星,私档,05深空葬仪,OPEN,0
人,落地,⑤比邻星,私档,06代际启蒙,OPEN,0
人,落地,⑤比邻星,私档,07感官代偿,OPEN,0
人,落地,⑤比邻星,互济,01生理重力,OPEN,0
人,落地,⑤比邻星,互济,02心理潜意识,OPEN,0
人,落地,⑤比邻星,互济,03代际认知,OPEN,0
人,落地,⑤比邻星,互济,04脑机共生,OPEN,0
人,落地,⑤比邻星,互济,05深空葬仪,OPEN,0
人,落地,⑤比邻星,互济,06代际启蒙,OPEN,0
人,落地,⑤比邻星,互济,07感官代偿,OPEN,0
人,落地,⑤比邻星,商贸,01生理重力,OPEN,0
人,落地,⑤比邻星,商贸,02心理潜意识,OPEN,0
人,落地,⑤比邻星,商贸,03代际认知,OPEN,0
人,落地,⑤比邻星,商贸,04脑机共生,OPEN,0
人,落地,⑤比邻星,商贸,05深空葬仪,OPEN,0
人,落地,⑤比邻星,商贸,06代际启蒙,OPEN,0
人,落地,⑤比邻星,商贸,07感官代偿,OPEN,0
人,落地,⑤比邻星,工技,01生理重力,OPEN,0
人,落地,⑤比邻星,工技,02心理潜意识,OPEN,0
人,落地,⑤比邻星,工技,03代际认知,OPEN,0
人,落地,⑤比邻星,工技,04脑机共生,OPEN,0
人,落地,⑤比邻星,工技,05深空葬仪,OPEN,0
人,落地,⑤比邻星,工技,06代际启蒙,OPEN,0
人,落地,⑤比邻星,工技,07感官代偿,OPEN,0
人,落地,⑤比邻星,科医,01生理重力,OPEN,0
人,落地,⑤比邻星,科医,02心理潜意识,OPEN,0
人,落地,⑤比邻星,科医,03代际认知,OPEN,0
人,落地,⑤比邻星,科医,04脑机共生,OPEN,0
人,落地,⑤比邻星,科医,05深空葬仪,OPEN,0
人,落地,⑤比邻星,科医,06代际启蒙,OPEN,0
人,落地,⑤比邻星,科医,07感官代偿,OPEN,0
人,双星系,①地球,官档,01生理重力,PART,1
人,双星系,①地球,官档,02心理潜意识,OPEN,0
人,双星系,①地球,官档,03代际认知,OPEN,0
人,双星系,①地球,官档,04脑机共生,OPEN,0
人,双星系,①地球,官档,05深空葬仪,OPEN,0
人,双星系,①地球,官档,06代际启蒙,OPEN,0
人,双星系,①地球,官档,07感官代偿,OPEN,0
人,双星系,①地球,私档,01生理重力,OPEN,0
人,双星系,①地球,私档,02心理潜意识,OPEN,0
人,双星系,①地球,私档,03代际认知,OPEN,0
人,双星系,①地球,私档,04脑机共生,OPEN,0
人,双星系,①地球,私档,05深空葬仪,OPEN,0
人,双星系,①地球,私档,06代际启蒙,OPEN,0
人,双星系,①地球,私档,07感官代偿,OPEN,0
人,双星系,①地球,互济,01生理重力,OPEN,0
人,双星系,①地球,互济,02心理潜意识,OPEN,0
人,双星系,①地球,互济,03代际认知,OPEN,0
人,双星系,①地球,互济,04脑机共生,OPEN,0
人,双星系,①地球,互济,05深空葬仪,OPEN,0
人,双星系,①地球,互济,06代际启蒙,OPEN,0
人,双星系,①地球,互济,07感官代偿,OPEN,0
人,双星系,①地球,商贸,01生理重力,OPEN,0
人,双星系,①地球,商贸,02心理潜意识,OPEN,0
人,双星系,①地球,商贸,03代际认知,OPEN,0
人,双星系,①地球,商贸,04脑机共生,OPEN,0
人,双星系,①地球,商贸,05深空葬仪,OPEN,0
人,双星系,①地球,商贸,06代际启蒙,OPEN,0
人,双星系,①地球,商贸,07感官代偿,OPEN,0
人,双星系,①地球,工技,01生理重力,OPEN,0
人,双星系,①地球,工技,02心理潜意识,OPEN,0
人,双星系,①地球,工技,03代际认知,OPEN,0
人,双星系,①地球,工技,04脑机共生,OPEN,0
人,双星系,①地球,工技,05深空葬仪,OPEN,0
人,双星系,①地球,工技,06代际启蒙,OPEN,0
人,双星系,①地球,工技,07感官代偿,OPEN,0
人,双星系,①地球,科医,01生理重力,OPEN,0
人,双星系,①地球,科医,02心理潜意识,OPEN,0
人,双星系,①地球,科医,03代际认知,OPEN,0
人,双星系,①地球,科医,04脑机共生,OPEN,0
人,双星系,①地球,科医,05深空葬仪,OPEN,0
人,双星系,①地球,科医,06代际启蒙,OPEN,0
人,双星系,①地球,科医,07感官代偿,OPEN,0
人,双星系,②地月系,官档,01生理重力,PART,1
人,双星系,②地月系,官档,02心理潜意识,OPEN,0
人,双星系,②地月系,官档,03代际认知,OPEN,0
人,双星系,②地月系,官档,04脑机共生,OPEN,0
人,双星系,②地月系,官档,05深空葬仪,OPEN,0
人,双星系,②地月系,官档,06代际启蒙,OPEN,0
人,双星系,②地月系,官档,07感官代偿,OPEN,0
人,双星系,②地月系,私档,01生理重力,OPEN,0
人,双星系,②地月系,私档,02心理潜意识,OPEN,0
人,双星系,②地月系,私档,03代际认知,OPEN,0
人,双星系,②地月系,私档,04脑机共生,OPEN,0
人,双星系,②地月系,私档,05深空葬仪,OPEN,0
人,双星系,②地月系,私档,06代际启蒙,OPEN,0
人,双星系,②地月系,私档,07感官代偿,OPEN,0
人,双星系,②地月系,互济,01生理重力,OPEN,0
人,双星系,②地月系,互济,02心理潜意识,OPEN,0
人,双星系,②地月系,互济,03代际认知,OPEN,0
人,双星系,②地月系,互济,04脑机共生,OPEN,0
人,双星系,②地月系,互济,05深空葬仪,OPEN,0
人,双星系,②地月系,互济,06代际启蒙,OPEN,0
人,双星系,②地月系,互济,07感官代偿,OPEN,0
人,双星系,②地月系,商贸,01生理重力,OPEN,0
人,双星系,②地月系,商贸,02心理潜意识,OPEN,0
人,双星系,②地月系,商贸,03代际认知,OPEN,0
人,双星系,②地月系,商贸,04脑机共生,OPEN,0
人,双星系,②地月系,商贸,05深空葬仪,OPEN,0
人,双星系,②地月系,商贸,06代际启蒙,OPEN,0
人,双星系,②地月系,商贸,07感官代偿,OPEN,0
人,双星系,②地月系,工技,01生理重力,OPEN,0
人,双星系,②地月系,工技,02心理潜意识,OPEN,0
人,双星系,②地月系,工技,03代际认知,OPEN,0
人,双星系,②地月系,工技,04脑机共生,OPEN,0
人,双星系,②地月系,工技,05深空葬仪,OPEN,0
人,双星系,②地月系,工技,06代际启蒙,OPEN,0
人,双星系,②地月系,工技,07感官代偿,OPEN,0
人,双星系,②地月系,科医,01生理重力,OPEN,0
人,双星系,②地月系,科医,02心理潜意识,OPEN,0
人,双星系,②地月系,科医,03代际认知,OPEN,0
人,双星系,②地月系,科医,04脑机共生,OPEN,0
人,双星系,②地月系,科医,05深空葬仪,OPEN,0
人,双星系,②地月系,科医,06代际启蒙,OPEN,0
人,双星系,②地月系,科医,07感官代偿,OPEN,0
人,双星系,③内太阳系,官档,01生理重力,PART,1
人,双星系,③内太阳系,官档,02心理潜意识,OPEN,0
人,双星系,③内太阳系,官档,03代际认知,OPEN,0
人,双星系,③内太阳系,官档,04脑机共生,OPEN,0
人,双星系,③内太阳系,官档,05深空葬仪,OPEN,0
人,双星系,③内太阳系,官档,06代际启蒙,OPEN,0
人,双星系,③内太阳系,官档,07感官代偿,OPEN,0
人,双星系,③内太阳系,私档,01生理重力,OPEN,0
人,双星系,③内太阳系,私档,02心理潜意识,OPEN,0
人,双星系,③内太阳系,私档,03代际认知,OPEN,0
人,双星系,③内太阳系,私档,04脑机共生,OPEN,0
人,双星系,③内太阳系,私档,05深空葬仪,OPEN,0
人,双星系,③内太阳系,私档,06代际启蒙,OPEN,0
人,双星系,③内太阳系,私档,07感官代偿,OPEN,0
人,双星系,③内太阳系,互济,01生理重力,OPEN,0
人,双星系,③内太阳系,互济,02心理潜意识,OPEN,0
人,双星系,③内太阳系,互济,03代际认知,OPEN,0
人,双星系,③内太阳系,互济,04脑机共生,OPEN,0
人,双星系,③内太阳系,互济,05深空葬仪,OPEN,0
人,双星系,③内太阳系,互济,06代际启蒙,OPEN,0
人,双星系,③内太阳系,互济,07感官代偿,OPEN,0
人,双星系,③内太阳系,商贸,01生理重力,OPEN,0
人,双星系,③内太阳系,商贸,02心理潜意识,OPEN,0
人,双星系,③内太阳系,商贸,03代际认知,OPEN,0
人,双星系,③内太阳系,商贸,04脑机共生,OPEN,0
人,双星系,③内太阳系,商贸,05深空葬仪,OPEN,0
人,双星系,③内太阳系,商贸,06代际启蒙,OPEN,0
人,双星系,③内太阳系,商贸,07感官代偿,OPEN,0
人,双星系,③内太阳系,工技,01生理重力,OPEN,0
人,双星系,③内太阳系,工技,02心理潜意识,OPEN,0
人,双星系,③内太阳系,工技,03代际认知,OPEN,0
人,双星系,③内太阳系,工技,04脑机共生,OPEN,0
人,双星系,③内太阳系,工技,05深空葬仪,OPEN,0
人,双星系,③内太阳系,工技,06代际启蒙,OPEN,0
人,双星系,③内太阳系,工技,07感官代偿,OPEN,0
人,双星系,③内太阳系,科医,01生理重力,OPEN,0
人,双星系,③内太阳系,科医,02心理潜意识,OPEN,0
人,双星系,③内太阳系,科医,03代际认知,OPEN,0
人,双星系,③内太阳系,科医,04脑机共生,OPEN,0
人,双星系,③内太阳系,科医,05深空葬仪,OPEN,0
人,双星系,③内太阳系,科医,06代际启蒙,OPEN,0
人,双星系,③内太阳系,科医,07感官代偿,OPEN,0
人,双星系,④深空,官档,01生理重力,PART,1
人,双星系,④深空,官档,02心理潜意识,OPEN,0
人,双星系,④深空,官档,03代际认知,OPEN,0
人,双星系,④深空,官档,04脑机共生,OPEN,0
人,双星系,④深空,官档,05深空葬仪,OPEN,0
人,双星系,④深空,官档,06代际启蒙,OPEN,0
人,双星系,④深空,官档,07感官代偿,OPEN,0
人,双星系,④深空,私档,01生理重力,OPEN,0
人,双星系,④深空,私档,02心理潜意识,OPEN,0
人,双星系,④深空,私档,03代际认知,OPEN,0
人,双星系,④深空,私档,04脑机共生,OPEN,0
人,双星系,④深空,私档,05深空葬仪,OPEN,0
人,双星系,④深空,私档,06代际启蒙,OPEN,0
人,双星系,④深空,私档,07感官代偿,OPEN,0
人,双星系,④深空,互济,01生理重力,OPEN,0
人,双星系,④深空,互济,02心理潜意识,OPEN,0
人,双星系,④深空,互济,03代际认知,OPEN,0
人,双星系,④深空,互济,04脑机共生,OPEN,0
人,双星系,④深空,互济,05深空葬仪,OPEN,0
人,双星系,④深空,互济,06代际启蒙,OPEN,0
人,双星系,④深空,互济,07感官代偿,OPEN,0
人,双星系,④深空,商贸,01生理重力,OPEN,0
人,双星系,④深空,商贸,02心理潜意识,OPEN,0
人,双星系,④深空,商贸,03代际认知,OPEN,0
人,双星系,④深空,商贸,04脑机共生,OPEN,0
人,双星系,④深空,商贸,05深空葬仪,OPEN,0
人,双星系,④深空,商贸,06代际启蒙,OPEN,0
人,双星系,④深空,商贸,07感官代偿,OPEN,0
人,双星系,④深空,工技,01生理重力,OPEN,0
人,双星系,④深空,工技,02心理潜意识,OPEN,0
人,双星系,④深空,工技,03代际认知,OPEN,0
人,双星系,④深空,工技,04脑机共生,OPEN,0
人,双星系,④深空,工技,05深空葬仪,OPEN,0
人,双星系,④深空,工技,06代际启蒙,OPEN,0
人,双星系,④深空,工技,07感官代偿,OPEN,0
人,双星系,④深空,科医,01生理重力,OPEN,0
人,双星系,④深空,科医,02心理潜意识,OPEN,0
人,双星系,④深空,科医,03代际认知,OPEN,0
人,双星系,④深空,科医,04脑机共生,OPEN,0
人,双星系,④深空,科医,05深空葬仪,OPEN,0
人,双星系,④深空,科医,06代际启蒙,OPEN,0
人,双星系,④深空,科医,07感官代偿,OPEN,0
人,双星系,⑤比邻星,官档,01生理重力,PART,1
人,双星系,⑤比邻星,官档,02心理潜意识,OPEN,0
人,双星系,⑤比邻星,官档,03代际认知,OPEN,0
人,双星系,⑤比邻星,官档,04脑机共生,OPEN,0
人,双星系,⑤比邻星,官档,05深空葬仪,OPEN,0
人,双星系,⑤比邻星,官档,06代际启蒙,OPEN,0
人,双星系,⑤比邻星,官档,07感官代偿,OPEN,0
人,双星系,⑤比邻星,私档,01生理重力,OPEN,0
人,双星系,⑤比邻星,私档,02心理潜意识,OPEN,0
人,双星系,⑤比邻星,私档,03代际认知,OPEN,0
人,双星系,⑤比邻星,私档,04脑机共生,OPEN,0
人,双星系,⑤比邻星,私档,05深空葬仪,OPEN,0
人,双星系,⑤比邻星,私档,06代际启蒙,OPEN,0
人,双星系,⑤比邻星,私档,07感官代偿,OPEN,0
人,双星系,⑤比邻星,互济,01生理重力,OPEN,0
人,双星系,⑤比邻星,互济,02心理潜意识,OPEN,0
人,双星系,⑤比邻星,互济,03代际认知,OPEN,0
人,双星系,⑤比邻星,互济,04脑机共生,OPEN,0
人,双星系,⑤比邻星,互济,05深空葬仪,OPEN,0
人,双星系,⑤比邻星,互济,06代际启蒙,OPEN,0
人,双星系,⑤比邻星,互济,07感官代偿,OPEN,0
人,双星系,⑤比邻星,商贸,01生理重力,OPEN,0
人,双星系,⑤比邻星,商贸,02心理潜意识,OPEN,0
人,双星系,⑤比邻星,商贸,03代际认知,OPEN,0
人,双星系,⑤比邻星,商贸,04脑机共生,OPEN,0
人,双星系,⑤比邻星,商贸,05深空葬仪,OPEN,0
人,双星系,⑤比邻星,商贸,06代际启蒙,OPEN,0
人,双星系,⑤比邻星,商贸,07感官代偿,OPEN,0
人,双星系,⑤比邻星,工技,01生理重力,OPEN,0
人,双星系,⑤比邻星,工技,02心理潜意识,OPEN,0
人,双星系,⑤比邻星,工技,03代际认知,OPEN,0
人,双星系,⑤比邻星,工技,04脑机共生,OPEN,0
人,双星系,⑤比邻星,工技,05深空葬仪,OPEN,0
人,双星系,⑤比邻星,工技,06代际启蒙,OPEN,0
人,双星系,⑤比邻星,工技,07感官代偿,OPEN,0
人,双星系,⑤比邻星,科医,01生理重力,OPEN,0
人,双星系,⑤比邻星,科医,02心理潜意识,OPEN,0
人,双星系,⑤比邻星,科医,03代际认知,OPEN,0
人,双星系,⑤比邻星,科医,04脑机共生,OPEN,0
人,双星系,⑤比邻星,科医,05深空葬仪,OPEN,0
人,双星系,⑤比邻星,科医,06代际启蒙,OPEN,0
人,双星系,⑤比邻星,科医,07感官代偿,OPEN,0
社会,替代,①地球,官档,01权力更迭,PART,2
社会,替代,①地球,官档,02配给政治,OPEN,0
社会,替代,①地球,官档,03殖民离心,OPEN,0
社会,替代,①地球,官档,04违禁治安,OPEN,0
社会,替代,①地球,官档,05社群解构,OPEN,0
社会,替代,①地球,官档,06身份界定,OPEN,0
社会,替代,①地球,官档,07仪式公投,OPEN,0
社会,替代,①地球,私档,01权力更迭,OPEN,0
社会,替代,①地球,私档,02配给政治,OPEN,0
社会,替代,①地球,私档,03殖民离心,OPEN,0
社会,替代,①地球,私档,04违禁治安,OPEN,0
社会,替代,①地球,私档,05社群解构,OPEN,0
社会,替代,①地球,私档,06身份界定,OPEN,0
社会,替代,①地球,私档,07仪式公投,OPEN,0
社会,替代,①地球,互济,01权力更迭,OPEN,0
社会,替代,①地球,互济,02配给政治,OPEN,0
社会,替代,①地球,互济,03殖民离心,OPEN,0
社会,替代,①地球,互济,04违禁治安,OPEN,0
社会,替代,①地球,互济,05社群解构,OPEN,0
社会,替代,①地球,互济,06身份界定,OPEN,0
社会,替代,①地球,互济,07仪式公投,OPEN,0
社会,替代,①地球,商贸,01权力更迭,OPEN,0
社会,替代,①地球,商贸,02配给政治,OPEN,0
社会,替代,①地球,商贸,03殖民离心,OPEN,0
社会,替代,①地球,商贸,04违禁治安,OPEN,0
社会,替代,①地球,商贸,05社群解构,OPEN,0
社会,替代,①地球,商贸,06身份界定,OPEN,0
社会,替代,①地球,商贸,07仪式公投,OPEN,0
社会,替代,①地球,工技,01权力更迭,OPEN,0
社会,替代,①地球,工技,02配给政治,OPEN,0
社会,替代,①地球,工技,03殖民离心,OPEN,0
社会,替代,①地球,工技,04违禁治安,OPEN,0
社会,替代,①地球,工技,05社群解构,OPEN,0
社会,替代,①地球,工技,06身份界定,OPEN,0
社会,替代,①地球,工技,07仪式公投,OPEN,0
社会,替代,①地球,科医,01权力更迭,OPEN,0
社会,替代,①地球,科医,02配给政治,OPEN,0
社会,替代,①地球,科医,03殖民离心,OPEN,0
社会,替代,①地球,科医,04违禁治安,OPEN,0
社会,替代,①地球,科医,05社群解构,OPEN,0
社会,替代,①地球,科医,06身份界定,OPEN,0
社会,替代,①地球,科医,07仪式公投,OPEN,0
社会,替代,②地月系,官档,01权力更迭,PART,1
社会,替代,②地月系,官档,02配给政治,OPEN,0
社会,替代,②地月系,官档,03殖民离心,OPEN,0
社会,替代,②地月系,官档,04违禁治安,OPEN,0
社会,替代,②地月系,官档,05社群解构,OPEN,0
社会,替代,②地月系,官档,06身份界定,OPEN,0
社会,替代,②地月系,官档,07仪式公投,OPEN,0
社会,替代,②地月系,私档,01权力更迭,OPEN,0
社会,替代,②地月系,私档,02配给政治,OPEN,0
社会,替代,②地月系,私档,03殖民离心,OPEN,0
社会,替代,②地月系,私档,04违禁治安,OPEN,0
社会,替代,②地月系,私档,05社群解构,OPEN,0
社会,替代,②地月系,私档,06身份界定,OPEN,0
社会,替代,②地月系,私档,07仪式公投,OPEN,0
社会,替代,②地月系,互济,01权力更迭,OPEN,0
社会,替代,②地月系,互济,02配给政治,OPEN,0
社会,替代,②地月系,互济,03殖民离心,OPEN,0
社会,替代,②地月系,互济,04违禁治安,OPEN,0
社会,替代,②地月系,互济,05社群解构,OPEN,0
社会,替代,②地月系,互济,06身份界定,OPEN,0
社会,替代,②地月系,互济,07仪式公投,OPEN,0
社会,替代,②地月系,商贸,01权力更迭,OPEN,0
社会,替代,②地月系,商贸,02配给政治,OPEN,0
社会,替代,②地月系,商贸,03殖民离心,OPEN,0
社会,替代,②地月系,商贸,04违禁治安,OPEN,0
社会,替代,②地月系,商贸,05社群解构,OPEN,0
社会,替代,②地月系,商贸,06身份界定,OPEN,0
社会,替代,②地月系,商贸,07仪式公投,OPEN,0
社会,替代,②地月系,工技,01权力更迭,OPEN,0
社会,替代,②地月系,工技,02配给政治,OPEN,0
社会,替代,②地月系,工技,03殖民离心,OPEN,0
社会,替代,②地月系,工技,04违禁治安,OPEN,0
社会,替代,②地月系,工技,05社群解构,OPEN,0
社会,替代,②地月系,工技,06身份界定,OPEN,0
社会,替代,②地月系,工技,07仪式公投,OPEN,0
社会,替代,②地月系,科医,01权力更迭,OPEN,0
社会,替代,②地月系,科医,02配给政治,OPEN,0
社会,替代,②地月系,科医,03殖民离心,OPEN,0
社会,替代,②地月系,科医,04违禁治安,OPEN,0
社会,替代,②地月系,科医,05社群解构,OPEN,0
社会,替代,②地月系,科医,06身份界定,OPEN,0
社会,替代,②地月系,科医,07仪式公投,OPEN,0
社会,替代,③内太阳系,官档,01权力更迭,PART,1
社会,替代,③内太阳系,官档,02配给政治,OPEN,0
社会,替代,③内太阳系,官档,03殖民离心,OPEN,0
社会,替代,③内太阳系,官档,04违禁治安,OPEN,0
社会,替代,③内太阳系,官档,05社群解构,OPEN,0
社会,替代,③内太阳系,官档,06身份界定,OPEN,0
社会,替代,③内太阳系,官档,07仪式公投,OPEN,0
社会,替代,③内太阳系,私档,01权力更迭,OPEN,0
社会,替代,③内太阳系,私档,02配给政治,OPEN,0
社会,替代,③内太阳系,私档,03殖民离心,OPEN,0
社会,替代,③内太阳系,私档,04违禁治安,OPEN,0
社会,替代,③内太阳系,私档,05社群解构,OPEN,0
社会,替代,③内太阳系,私档,06身份界定,OPEN,0
社会,替代,③内太阳系,私档,07仪式公投,OPEN,0
社会,替代,③内太阳系,互济,01权力更迭,OPEN,0
社会,替代,③内太阳系,互济,02配给政治,OPEN,0
社会,替代,③内太阳系,互济,03殖民离心,OPEN,0
社会,替代,③内太阳系,互济,04违禁治安,OPEN,0
社会,替代,③内太阳系,互济,05社群解构,OPEN,0
社会,替代,③内太阳系,互济,06身份界定,OPEN,0
社会,替代,③内太阳系,互济,07仪式公投,OPEN,0
社会,替代,③内太阳系,商贸,01权力更迭,OPEN,0
社会,替代,③内太阳系,商贸,02配给政治,OPEN,0
社会,替代,③内太阳系,商贸,03殖民离心,OPEN,0
社会,替代,③内太阳系,商贸,04违禁治安,OPEN,0
社会,替代,③内太阳系,商贸,05社群解构,OPEN,0
社会,替代,③内太阳系,商贸,06身份界定,OPEN,0
社会,替代,③内太阳系,商贸,07仪式公投,OPEN,0
社会,替代,③内太阳系,工技,01权力更迭,OPEN,0
社会,替代,③内太阳系,工技,02配给政治,OPEN,0
社会,替代,③内太阳系,工技,03殖民离心,OPEN,0
社会,替代,③内太阳系,工技,04违禁治安,OPEN,0
社会,替代,③内太阳系,工技,05社群解构,OPEN,0
社会,替代,③内太阳系,工技,06身份界定,OPEN,0
社会,替代,③内太阳系,工技,07仪式公投,OPEN,0
社会,替代,③内太阳系,科医,01权力更迭,OPEN,0
社会,替代,③内太阳系,科医,02配给政治,OPEN,0
社会,替代,③内太阳系,科医,03殖民离心,OPEN,0
社会,替代,③内太阳系,科医,04违禁治安,OPEN,0
社会,替代,③内太阳系,科医,05社群解构,OPEN,0
社会,替代,③内太阳系,科医,06身份界定,OPEN,0
社会,替代,③内太阳系,科医,07仪式公投,OPEN,0
社会,替代,④深空,官档,01权力更迭,PART,1
社会,替代,④深空,官档,02配给政治,OPEN,0
社会,替代,④深空,官档,03殖民离心,OPEN,0
社会,替代,④深空,官档,04违禁治安,OPEN,0
社会,替代,④深空,官档,05社群解构,OPEN,0
社会,替代,④深空,官档,06身份界定,OPEN,0
社会,替代,④深空,官档,07仪式公投,OPEN,0
社会,替代,④深空,私档,01权力更迭,OPEN,0
社会,替代,④深空,私档,02配给政治,OPEN,0
社会,替代,④深空,私档,03殖民离心,OPEN,0
社会,替代,④深空,私档,04违禁治安,OPEN,0
社会,替代,④深空,私档,05社群解构,OPEN,0
社会,替代,④深空,私档,06身份界定,OPEN,0
社会,替代,④深空,私档,07仪式公投,OPEN,0
社会,替代,④深空,互济,01权力更迭,OPEN,0
社会,替代,④深空,互济,02配给政治,OPEN,0
社会,替代,④深空,互济,03殖民离心,OPEN,0
社会,替代,④深空,互济,04违禁治安,OPEN,0
社会,替代,④深空,互济,05社群解构,OPEN,0
社会,替代,④深空,互济,06身份界定,OPEN,0
社会,替代,④深空,互济,07仪式公投,OPEN,0
社会,替代,④深空,商贸,01权力更迭,OPEN,0
社会,替代,④深空,商贸,02配给政治,OPEN,0
社会,替代,④深空,商贸,03殖民离心,OPEN,0
社会,替代,④深空,商贸,04违禁治安,OPEN,0
社会,替代,④深空,商贸,05社群解构,OPEN,0
社会,替代,④深空,商贸,06身份界定,OPEN,0
社会,替代,④深空,商贸,07仪式公投,OPEN,0
社会,替代,④深空,工技,01权力更迭,OPEN,0
社会,替代,④深空,工技,02配给政治,OPEN,0
社会,替代,④深空,工技,03殖民离心,OPEN,0
社会,替代,④深空,工技,04违禁治安,OPEN,0
社会,替代,④深空,工技,05社群解构,OPEN,0
社会,替代,④深空,工技,06身份界定,OPEN,0
社会,替代,④深空,工技,07仪式公投,OPEN,0
社会,替代,④深空,科医,01权力更迭,OPEN,0
社会,替代,④深空,科医,02配给政治,OPEN,0
社会,替代,④深空,科医,03殖民离心,OPEN,0
社会,替代,④深空,科医,04违禁治安,OPEN,0
社会,替代,④深空,科医,05社群解构,OPEN,0
社会,替代,④深空,科医,06身份界定,OPEN,0
社会,替代,④深空,科医,07仪式公投,OPEN,0
社会,替代,⑤比邻星,官档,01权力更迭,PART,1
社会,替代,⑤比邻星,官档,02配给政治,OPEN,0
社会,替代,⑤比邻星,官档,03殖民离心,OPEN,0
社会,替代,⑤比邻星,官档,04违禁治安,OPEN,0
社会,替代,⑤比邻星,官档,05社群解构,OPEN,0
社会,替代,⑤比邻星,官档,06身份界定,OPEN,0
社会,替代,⑤比邻星,官档,07仪式公投,OPEN,0
社会,替代,⑤比邻星,私档,01权力更迭,OPEN,0
社会,替代,⑤比邻星,私档,02配给政治,OPEN,0
社会,替代,⑤比邻星,私档,03殖民离心,OPEN,0
社会,替代,⑤比邻星,私档,04违禁治安,OPEN,0
社会,替代,⑤比邻星,私档,05社群解构,OPEN,0
社会,替代,⑤比邻星,私档,06身份界定,OPEN,0
社会,替代,⑤比邻星,私档,07仪式公投,OPEN,0
社会,替代,⑤比邻星,互济,01权力更迭,OPEN,0
社会,替代,⑤比邻星,互济,02配给政治,OPEN,0
社会,替代,⑤比邻星,互济,03殖民离心,OPEN,0
社会,替代,⑤比邻星,互济,04违禁治安,OPEN,0
社会,替代,⑤比邻星,互济,05社群解构,OPEN,0
社会,替代,⑤比邻星,互济,06身份界定,OPEN,0
社会,替代,⑤比邻星,互济,07仪式公投,OPEN,0
社会,替代,⑤比邻星,商贸,01权力更迭,OPEN,0
社会,替代,⑤比邻星,商贸,02配给政治,OPEN,0
社会,替代,⑤比邻星,商贸,03殖民离心,OPEN,0
社会,替代,⑤比邻星,商贸,04违禁治安,OPEN,0
社会,替代,⑤比邻星,商贸,05社群解构,OPEN,0
社会,替代,⑤比邻星,商贸,06身份界定,OPEN,0
社会,替代,⑤比邻星,商贸,07仪式公投,OPEN,0
社会,替代,⑤比邻星,工技,01权力更迭,OPEN,0
社会,替代,⑤比邻星,工技,02配给政治,OPEN,0
社会,替代,⑤比邻星,工技,03殖民离心,OPEN,0
社会,替代,⑤比邻星,工技,04违禁治安,OPEN,0
社会,替代,⑤比邻星,工技,05社群解构,OPEN,0
社会,替代,⑤比邻星,工技,06身份界定,OPEN,0
社会,替代,⑤比邻星,工技,07仪式公投,OPEN,0
社会,替代,⑤比邻星,科医,01权力更迭,OPEN,0
社会,替代,⑤比邻星,科医,02配给政治,OPEN,0
社会,替代,⑤比邻星,科医,03殖民离心,OPEN,0
社会,替代,⑤比邻星,科医,04违禁治安,OPEN,0
社会,替代,⑤比邻星,科医,05社群解构,OPEN,0
社会,替代,⑤比邻星,科医,06身份界定,OPEN,0
社会,替代,⑤比邻星,科医,07仪式公投,OPEN,0
社会,竞赛,①地球,官档,01权力更迭,PART,1
社会,竞赛,①地球,官档,02配给政治,OPEN,0
社会,竞赛,①地球,官档,03殖民离心,OPEN,0
社会,竞赛,①地球,官档,04违禁治安,OPEN,0
社会,竞赛,①地球,官档,05社群解构,OPEN,0
社会,竞赛,①地球,官档,06身份界定,OPEN,0
社会,竞赛,①地球,官档,07仪式公投,OPEN,0
社会,竞赛,①地球,私档,01权力更迭,OPEN,0
社会,竞赛,①地球,私档,02配给政治,OPEN,0
社会,竞赛,①地球,私档,03殖民离心,OPEN,0
社会,竞赛,①地球,私档,04违禁治安,OPEN,0
社会,竞赛,①地球,私档,05社群解构,OPEN,0
社会,竞赛,①地球,私档,06身份界定,OPEN,0
社会,竞赛,①地球,私档,07仪式公投,OPEN,0
社会,竞赛,①地球,互济,01权力更迭,OPEN,0
社会,竞赛,①地球,互济,02配给政治,OPEN,0
社会,竞赛,①地球,互济,03殖民离心,OPEN,0
社会,竞赛,①地球,互济,04违禁治安,OPEN,0
社会,竞赛,①地球,互济,05社群解构,OPEN,0
社会,竞赛,①地球,互济,06身份界定,OPEN,0
社会,竞赛,①地球,互济,07仪式公投,OPEN,0
社会,竞赛,①地球,商贸,01权力更迭,OPEN,0
社会,竞赛,①地球,商贸,02配给政治,OPEN,0
社会,竞赛,①地球,商贸,03殖民离心,OPEN,0
社会,竞赛,①地球,商贸,04违禁治安,OPEN,0
社会,竞赛,①地球,商贸,05社群解构,OPEN,0
社会,竞赛,①地球,商贸,06身份界定,OPEN,0
社会,竞赛,①地球,商贸,07仪式公投,OPEN,0
社会,竞赛,①地球,工技,01权力更迭,OPEN,0
社会,竞赛,①地球,工技,02配给政治,OPEN,0
社会,竞赛,①地球,工技,03殖民离心,OPEN,0
社会,竞赛,①地球,工技,04违禁治安,OPEN,0
社会,竞赛,①地球,工技,05社群解构,OPEN,0
社会,竞赛,①地球,工技,06身份界定,OPEN,0
社会,竞赛,①地球,工技,07仪式公投,OPEN,0
社会,竞赛,①地球,科医,01权力更迭,OPEN,0
社会,竞赛,①地球,科医,02配给政治,OPEN,0
社会,竞赛,①地球,科医,03殖民离心,OPEN,0
社会,竞赛,①地球,科医,04违禁治安,OPEN,0
社会,竞赛,①地球,科医,05社群解构,OPEN,0
社会,竞赛,①地球,科医,06身份界定,OPEN,0
社会,竞赛,①地球,科医,07仪式公投,OPEN,0
社会,竞赛,②地月系,官档,01权力更迭,PART,1
社会,竞赛,②地月系,官档,02配给政治,OPEN,0
社会,竞赛,②地月系,官档,03殖民离心,OPEN,0
社会,竞赛,②地月系,官档,04违禁治安,OPEN,0
社会,竞赛,②地月系,官档,05社群解构,OPEN,0
社会,竞赛,②地月系,官档,06身份界定,OPEN,0
社会,竞赛,②地月系,官档,07仪式公投,OPEN,0
社会,竞赛,②地月系,私档,01权力更迭,OPEN,0
社会,竞赛,②地月系,私档,02配给政治,OPEN,0
社会,竞赛,②地月系,私档,03殖民离心,OPEN,0
社会,竞赛,②地月系,私档,04违禁治安,OPEN,0
社会,竞赛,②地月系,私档,05社群解构,OPEN,0
社会,竞赛,②地月系,私档,06身份界定,OPEN,0
社会,竞赛,②地月系,私档,07仪式公投,OPEN,0
社会,竞赛,②地月系,互济,01权力更迭,OPEN,0
社会,竞赛,②地月系,互济,02配给政治,OPEN,0
社会,竞赛,②地月系,互济,03殖民离心,OPEN,0
社会,竞赛,②地月系,互济,04违禁治安,OPEN,0
社会,竞赛,②地月系,互济,05社群解构,OPEN,0
社会,竞赛,②地月系,互济,06身份界定,OPEN,0
社会,竞赛,②地月系,互济,07仪式公投,OPEN,0
社会,竞赛,②地月系,商贸,01权力更迭,OPEN,0
社会,竞赛,②地月系,商贸,02配给政治,OPEN,0
社会,竞赛,②地月系,商贸,03殖民离心,OPEN,0
社会,竞赛,②地月系,商贸,04违禁治安,OPEN,0
社会,竞赛,②地月系,商贸,05社群解构,OPEN,0
社会,竞赛,②地月系,商贸,06身份界定,OPEN,0
社会,竞赛,②地月系,商贸,07仪式公投,OPEN,0
社会,竞赛,②地月系,工技,01权力更迭,OPEN,0
社会,竞赛,②地月系,工技,02配给政治,OPEN,0
社会,竞赛,②地月系,工技,03殖民离心,OPEN,0
社会,竞赛,②地月系,工技,04违禁治安,OPEN,0
社会,竞赛,②地月系,工技,05社群解构,OPEN,0
社会,竞赛,②地月系,工技,06身份界定,OPEN,0
社会,竞赛,②地月系,工技,07仪式公投,OPEN,0
社会,竞赛,②地月系,科医,01权力更迭,OPEN,0
社会,竞赛,②地月系,科医,02配给政治,OPEN,0
社会,竞赛,②地月系,科医,03殖民离心,OPEN,0
社会,竞赛,②地月系,科医,04违禁治安,OPEN,0
社会,竞赛,②地月系,科医,05社群解构,OPEN,0
社会,竞赛,②地月系,科医,06身份界定,OPEN,0
社会,竞赛,②地月系,科医,07仪式公投,OPEN,0
社会,竞赛,③内太阳系,官档,01权力更迭,PART,1
社会,竞赛,③内太阳系,官档,02配给政治,OPEN,0
社会,竞赛,③内太阳系,官档,03殖民离心,OPEN,0
社会,竞赛,③内太阳系,官档,04违禁治安,OPEN,0
社会,竞赛,③内太阳系,官档,05社群解构,OPEN,0
社会,竞赛,③内太阳系,官档,06身份界定,OPEN,0
社会,竞赛,③内太阳系,官档,07仪式公投,OPEN,0
社会,竞赛,③内太阳系,私档,01权力更迭,OPEN,0
社会,竞赛,③内太阳系,私档,02配给政治,OPEN,0
社会,竞赛,③内太阳系,私档,03殖民离心,OPEN,0
社会,竞赛,③内太阳系,私档,04违禁治安,OPEN,0
社会,竞赛,③内太阳系,私档,05社群解构,OPEN,0
社会,竞赛,③内太阳系,私档,06身份界定,OPEN,0
社会,竞赛,③内太阳系,私档,07仪式公投,OPEN,0
社会,竞赛,③内太阳系,互济,01权力更迭,OPEN,0
社会,竞赛,③内太阳系,互济,02配给政治,OPEN,0
社会,竞赛,③内太阳系,互济,03殖民离心,OPEN,0
社会,竞赛,③内太阳系,互济,04违禁治安,OPEN,0
社会,竞赛,③内太阳系,互济,05社群解构,OPEN,0
社会,竞赛,③内太阳系,互济,06身份界定,OPEN,0
社会,竞赛,③内太阳系,互济,07仪式公投,OPEN,0
社会,竞赛,③内太阳系,商贸,01权力更迭,OPEN,0
社会,竞赛,③内太阳系,商贸,02配给政治,OPEN,0
社会,竞赛,③内太阳系,商贸,03殖民离心,OPEN,0
社会,竞赛,③内太阳系,商贸,04违禁治安,OPEN,0
社会,竞赛,③内太阳系,商贸,05社群解构,OPEN,0
社会,竞赛,③内太阳系,商贸,06身份界定,OPEN,0
社会,竞赛,③内太阳系,商贸,07仪式公投,OPEN,0
社会,竞赛,③内太阳系,工技,01权力更迭,OPEN,0
社会,竞赛,③内太阳系,工技,02配给政治,OPEN,0
社会,竞赛,③内太阳系,工技,03殖民离心,OPEN,0
社会,竞赛,③内太阳系,工技,04违禁治安,OPEN,0
社会,竞赛,③内太阳系,工技,05社群解构,OPEN,0
社会,竞赛,③内太阳系,工技,06身份界定,OPEN,0
社会,竞赛,③内太阳系,工技,07仪式公投,OPEN,0
社会,竞赛,③内太阳系,科医,01权力更迭,OPEN,0
社会,竞赛,③内太阳系,科医,02配给政治,OPEN,0
社会,竞赛,③内太阳系,科医,03殖民离心,OPEN,0
社会,竞赛,③内太阳系,科医,04违禁治安,OPEN,0
社会,竞赛,③内太阳系,科医,05社群解构,OPEN,0
社会,竞赛,③内太阳系,科医,06身份界定,OPEN,0
社会,竞赛,③内太阳系,科医,07仪式公投,OPEN,0
社会,竞赛,④深空,官档,01权力更迭,PART,1
社会,竞赛,④深空,官档,02配给政治,OPEN,0
社会,竞赛,④深空,官档,03殖民离心,OPEN,0
社会,竞赛,④深空,官档,04违禁治安,OPEN,0
社会,竞赛,④深空,官档,05社群解构,OPEN,0
社会,竞赛,④深空,官档,06身份界定,OPEN,0
社会,竞赛,④深空,官档,07仪式公投,OPEN,0
社会,竞赛,④深空,私档,01权力更迭,OPEN,0
社会,竞赛,④深空,私档,02配给政治,OPEN,0
社会,竞赛,④深空,私档,03殖民离心,OPEN,0
社会,竞赛,④深空,私档,04违禁治安,OPEN,0
社会,竞赛,④深空,私档,05社群解构,OPEN,0
社会,竞赛,④深空,私档,06身份界定,OPEN,0
社会,竞赛,④深空,私档,07仪式公投,OPEN,0
社会,竞赛,④深空,互济,01权力更迭,OPEN,0
社会,竞赛,④深空,互济,02配给政治,OPEN,0
社会,竞赛,④深空,互济,03殖民离心,OPEN,0
社会,竞赛,④深空,互济,04违禁治安,OPEN,0
社会,竞赛,④深空,互济,05社群解构,OPEN,0
社会,竞赛,④深空,互济,06身份界定,OPEN,0
社会,竞赛,④深空,互济,07仪式公投,OPEN,0
社会,竞赛,④深空,商贸,01权力更迭,OPEN,0
社会,竞赛,④深空,商贸,02配给政治,OPEN,0
社会,竞赛,④深空,商贸,03殖民离心,OPEN,0
社会,竞赛,④深空,商贸,04违禁治安,OPEN,0
社会,竞赛,④深空,商贸,05社群解构,OPEN,0
社会,竞赛,④深空,商贸,06身份界定,OPEN,0
社会,竞赛,④深空,商贸,07仪式公投,OPEN,0
社会,竞赛,④深空,工技,01权力更迭,OPEN,0
社会,竞赛,④深空,工技,02配给政治,OPEN,0
社会,竞赛,④深空,工技,03殖民离心,OPEN,0
社会,竞赛,④深空,工技,04违禁治安,OPEN,0
社会,竞赛,④深空,工技,05社群解构,OPEN,0
社会,竞赛,④深空,工技,06身份界定,OPEN,0
社会,竞赛,④深空,工技,07仪式公投,OPEN,0
社会,竞赛,④深空,科医,01权力更迭,OPEN,0
社会,竞赛,④深空,科医,02配给政治,OPEN,0
社会,竞赛,④深空,科医,03殖民离心,OPEN,0
社会,竞赛,④深空,科医,04违禁治安,OPEN,0
社会,竞赛,④深空,科医,05社群解构,OPEN,0
社会,竞赛,④深空,科医,06身份界定,OPEN,0
社会,竞赛,④深空,科医,07仪式公投,OPEN,0
社会,竞赛,⑤比邻星,官档,01权力更迭,PART,1
社会,竞赛,⑤比邻星,官档,02配给政治,OPEN,0
社会,竞赛,⑤比邻星,官档,03殖民离心,OPEN,0
社会,竞赛,⑤比邻星,官档,04违禁治安,OPEN,0
社会,竞赛,⑤比邻星,官档,05社群解构,OPEN,0
社会,竞赛,⑤比邻星,官档,06身份界定,OPEN,0
社会,竞赛,⑤比邻星,官档,07仪式公投,OPEN,0
社会,竞赛,⑤比邻星,私档,01权力更迭,OPEN,0
社会,竞赛,⑤比邻星,私档,02配给政治,OPEN,0
社会,竞赛,⑤比邻星,私档,03殖民离心,OPEN,0
社会,竞赛,⑤比邻星,私档,04违禁治安,OPEN,0
社会,竞赛,⑤比邻星,私档,05社群解构,OPEN,0
社会,竞赛,⑤比邻星,私档,06身份界定,OPEN,0
社会,竞赛,⑤比邻星,私档,07仪式公投,OPEN,0
社会,竞赛,⑤比邻星,互济,01权力更迭,OPEN,0
社会,竞赛,⑤比邻星,互济,02配给政治,OPEN,0
社会,竞赛,⑤比邻星,互济,03殖民离心,OPEN,0
社会,竞赛,⑤比邻星,互济,04违禁治安,OPEN,0
社会,竞赛,⑤比邻星,互济,05社群解构,OPEN,0
社会,竞赛,⑤比邻星,互济,06身份界定,OPEN,0
社会,竞赛,⑤比邻星,互济,07仪式公投,OPEN,0
社会,竞赛,⑤比邻星,商贸,01权力更迭,OPEN,0
社会,竞赛,⑤比邻星,商贸,02配给政治,OPEN,0
社会,竞赛,⑤比邻星,商贸,03殖民离心,OPEN,0
社会,竞赛,⑤比邻星,商贸,04违禁治安,OPEN,0
社会,竞赛,⑤比邻星,商贸,05社群解构,OPEN,0
社会,竞赛,⑤比邻星,商贸,06身份界定,OPEN,0
社会,竞赛,⑤比邻星,商贸,07仪式公投,OPEN,0
社会,竞赛,⑤比邻星,工技,01权力更迭,OPEN,0
社会,竞赛,⑤比邻星,工技,02配给政治,OPEN,0
社会,竞赛,⑤比邻星,工技,03殖民离心,OPEN,0
社会,竞赛,⑤比邻星,工技,04违禁治安,OPEN,0
社会,竞赛,⑤比邻星,工技,05社群解构,OPEN,0
社会,竞赛,⑤比邻星,工技,06身份界定,OPEN,0
社会,竞赛,⑤比邻星,工技,07仪式公投,OPEN,0
社会,竞赛,⑤比邻星,科医,01权力更迭,OPEN,0
社会,竞赛,⑤比邻星,科医,02配给政治,OPEN,0
社会,竞赛,⑤比邻星,科医,03殖民离心,OPEN,0
社会,竞赛,⑤比邻星,科医,04违禁治安,OPEN,0
社会,竞赛,⑤比邻星,科医,05社群解构,OPEN,0
社会,竞赛,⑤比邻星,科医,06身份界定,OPEN,0
社会,竞赛,⑤比邻星,科医,07仪式公投,OPEN,0
社会,丰裕,①地球,官档,01权力更迭,PART,1
社会,丰裕,①地球,官档,02配给政治,OPEN,0
社会,丰裕,①地球,官档,03殖民离心,OPEN,0
社会,丰裕,①地球,官档,04违禁治安,OPEN,0
社会,丰裕,①地球,官档,05社群解构,OPEN,0
社会,丰裕,①地球,官档,06身份界定,OPEN,0
社会,丰裕,①地球,官档,07仪式公投,OPEN,0
社会,丰裕,①地球,私档,01权力更迭,OPEN,0
社会,丰裕,①地球,私档,02配给政治,OPEN,0
社会,丰裕,①地球,私档,03殖民离心,OPEN,0
社会,丰裕,①地球,私档,04违禁治安,OPEN,0
社会,丰裕,①地球,私档,05社群解构,OPEN,0
社会,丰裕,①地球,私档,06身份界定,OPEN,0
社会,丰裕,①地球,私档,07仪式公投,OPEN,0
社会,丰裕,①地球,互济,01权力更迭,OPEN,0
社会,丰裕,①地球,互济,02配给政治,OPEN,0
社会,丰裕,①地球,互济,03殖民离心,OPEN,0
社会,丰裕,①地球,互济,04违禁治安,OPEN,0
社会,丰裕,①地球,互济,05社群解构,OPEN,0
社会,丰裕,①地球,互济,06身份界定,OPEN,0
社会,丰裕,①地球,互济,07仪式公投,OPEN,0
社会,丰裕,①地球,商贸,01权力更迭,OPEN,0
社会,丰裕,①地球,商贸,02配给政治,OPEN,0
社会,丰裕,①地球,商贸,03殖民离心,OPEN,0
社会,丰裕,①地球,商贸,04违禁治安,OPEN,0
社会,丰裕,①地球,商贸,05社群解构,OPEN,0
社会,丰裕,①地球,商贸,06身份界定,OPEN,0
社会,丰裕,①地球,商贸,07仪式公投,OPEN,0
社会,丰裕,①地球,工技,01权力更迭,OPEN,0
社会,丰裕,①地球,工技,02配给政治,OPEN,0
社会,丰裕,①地球,工技,03殖民离心,OPEN,0
社会,丰裕,①地球,工技,04违禁治安,OPEN,0
社会,丰裕,①地球,工技,05社群解构,OPEN,0
社会,丰裕,①地球,工技,06身份界定,OPEN,0
社会,丰裕,①地球,工技,07仪式公投,OPEN,0
社会,丰裕,①地球,科医,01权力更迭,OPEN,0
社会,丰裕,①地球,科医,02配给政治,OPEN,0
社会,丰裕,①地球,科医,03殖民离心,OPEN,0
社会,丰裕,①地球,科医,04违禁治安,OPEN,0
社会,丰裕,①地球,科医,05社群解构,OPEN,0
社会,丰裕,①地球,科医,06身份界定,OPEN,0
社会,丰裕,①地球,科医,07仪式公投,OPEN,0
社会,丰裕,②地月系,官档,01权力更迭,PART,1
社会,丰裕,②地月系,官档,02配给政治,OPEN,0
社会,丰裕,②地月系,官档,03殖民离心,OPEN,0
社会,丰裕,②地月系,官档,04违禁治安,OPEN,0
社会,丰裕,②地月系,官档,05社群解构,OPEN,0
社会,丰裕,②地月系,官档,06身份界定,OPEN,0
社会,丰裕,②地月系,官档,07仪式公投,OPEN,0
社会,丰裕,②地月系,私档,01权力更迭,OPEN,0
社会,丰裕,②地月系,私档,02配给政治,OPEN,0
社会,丰裕,②地月系,私档,03殖民离心,OPEN,0
社会,丰裕,②地月系,私档,04违禁治安,OPEN,0
社会,丰裕,②地月系,私档,05社群解构,OPEN,0
社会,丰裕,②地月系,私档,06身份界定,OPEN,0
社会,丰裕,②地月系,私档,07仪式公投,OPEN,0
社会,丰裕,②地月系,互济,01权力更迭,OPEN,0
社会,丰裕,②地月系,互济,02配给政治,OPEN,0
社会,丰裕,②地月系,互济,03殖民离心,OPEN,0
社会,丰裕,②地月系,互济,04违禁治安,OPEN,0
社会,丰裕,②地月系,互济,05社群解构,OPEN,0
社会,丰裕,②地月系,互济,06身份界定,OPEN,0
社会,丰裕,②地月系,互济,07仪式公投,OPEN,0
社会,丰裕,②地月系,商贸,01权力更迭,OPEN,0
社会,丰裕,②地月系,商贸,02配给政治,OPEN,0
社会,丰裕,②地月系,商贸,03殖民离心,OPEN,0
社会,丰裕,②地月系,商贸,04违禁治安,OPEN,0
社会,丰裕,②地月系,商贸,05社群解构,OPEN,0
社会,丰裕,②地月系,商贸,06身份界定,OPEN,0
社会,丰裕,②地月系,商贸,07仪式公投,OPEN,0
社会,丰裕,②地月系,工技,01权力更迭,OPEN,0
社会,丰裕,②地月系,工技,02配给政治,OPEN,0
社会,丰裕,②地月系,工技,03殖民离心,OPEN,0
社会,丰裕,②地月系,工技,04违禁治安,OPEN,0
社会,丰裕,②地月系,工技,05社群解构,OPEN,0
社会,丰裕,②地月系,工技,06身份界定,OPEN,0
社会,丰裕,②地月系,工技,07仪式公投,OPEN,0
社会,丰裕,②地月系,科医,01权力更迭,OPEN,0
社会,丰裕,②地月系,科医,02配给政治,OPEN,0
社会,丰裕,②地月系,科医,03殖民离心,OPEN,0
社会,丰裕,②地月系,科医,04违禁治安,OPEN,0
社会,丰裕,②地月系,科医,05社群解构,OPEN,0
社会,丰裕,②地月系,科医,06身份界定,OPEN,0
社会,丰裕,②地月系,科医,07仪式公投,OPEN,0
社会,丰裕,③内太阳系,官档,01权力更迭,PART,1
社会,丰裕,③内太阳系,官档,02配给政治,OPEN,0
社会,丰裕,③内太阳系,官档,03殖民离心,OPEN,0
社会,丰裕,③内太阳系,官档,04违禁治安,OPEN,0
社会,丰裕,③内太阳系,官档,05社群解构,OPEN,0
社会,丰裕,③内太阳系,官档,06身份界定,OPEN,0
社会,丰裕,③内太阳系,官档,07仪式公投,OPEN,0
社会,丰裕,③内太阳系,私档,01权力更迭,OPEN,0
社会,丰裕,③内太阳系,私档,02配给政治,OPEN,0
社会,丰裕,③内太阳系,私档,03殖民离心,OPEN,0
社会,丰裕,③内太阳系,私档,04违禁治安,OPEN,0
社会,丰裕,③内太阳系,私档,05社群解构,OPEN,0
社会,丰裕,③内太阳系,私档,06身份界定,OPEN,0
社会,丰裕,③内太阳系,私档,07仪式公投,OPEN,0
社会,丰裕,③内太阳系,互济,01权力更迭,OPEN,0
社会,丰裕,③内太阳系,互济,02配给政治,OPEN,0
社会,丰裕,③内太阳系,互济,03殖民离心,OPEN,0
社会,丰裕,③内太阳系,互济,04违禁治安,OPEN,0
社会,丰裕,③内太阳系,互济,05社群解构,OPEN,0
社会,丰裕,③内太阳系,互济,06身份界定,OPEN,0
社会,丰裕,③内太阳系,互济,07仪式公投,OPEN,0
社会,丰裕,③内太阳系,商贸,01权力更迭,OPEN,0
社会,丰裕,③内太阳系,商贸,02配给政治,OPEN,0
社会,丰裕,③内太阳系,商贸,03殖民离心,OPEN,0
社会,丰裕,③内太阳系,商贸,04违禁治安,OPEN,0
社会,丰裕,③内太阳系,商贸,05社群解构,OPEN,0
社会,丰裕,③内太阳系,商贸,06身份界定,OPEN,0
社会,丰裕,③内太阳系,商贸,07仪式公投,OPEN,0
社会,丰裕,③内太阳系,工技,01权力更迭,OPEN,0
社会,丰裕,③内太阳系,工技,02配给政治,OPEN,0
社会,丰裕,③内太阳系,工技,03殖民离心,OPEN,0
社会,丰裕,③内太阳系,工技,04违禁治安,OPEN,0
社会,丰裕,③内太阳系,工技,05社群解构,OPEN,0
社会,丰裕,③内太阳系,工技,06身份界定,OPEN,0
社会,丰裕,③内太阳系,工技,07仪式公投,OPEN,0
社会,丰裕,③内太阳系,科医,01权力更迭,OPEN,0
社会,丰裕,③内太阳系,科医,02配给政治,OPEN,0
社会,丰裕,③内太阳系,科医,03殖民离心,OPEN,0
社会,丰裕,③内太阳系,科医,04违禁治安,OPEN,0
社会,丰裕,③内太阳系,科医,05社群解构,OPEN,0
社会,丰裕,③内太阳系,科医,06身份界定,OPEN,0
社会,丰裕,③内太阳系,科医,07仪式公投,OPEN,0
社会,丰裕,④深空,官档,01权力更迭,PART,1
社会,丰裕,④深空,官档,02配给政治,OPEN,0
社会,丰裕,④深空,官档,03殖民离心,OPEN,0
社会,丰裕,④深空,官档,04违禁治安,OPEN,0
社会,丰裕,④深空,官档,05社群解构,OPEN,0
社会,丰裕,④深空,官档,06身份界定,OPEN,0
社会,丰裕,④深空,官档,07仪式公投,OPEN,0
社会,丰裕,④深空,私档,01权力更迭,OPEN,0
社会,丰裕,④深空,私档,02配给政治,OPEN,0
社会,丰裕,④深空,私档,03殖民离心,OPEN,0
社会,丰裕,④深空,私档,04违禁治安,OPEN,0
社会,丰裕,④深空,私档,05社群解构,OPEN,0
社会,丰裕,④深空,私档,06身份界定,OPEN,0
社会,丰裕,④深空,私档,07仪式公投,OPEN,0
社会,丰裕,④深空,互济,01权力更迭,OPEN,0
社会,丰裕,④深空,互济,02配给政治,OPEN,0
社会,丰裕,④深空,互济,03殖民离心,OPEN,0
社会,丰裕,④深空,互济,04违禁治安,OPEN,0
社会,丰裕,④深空,互济,05社群解构,OPEN,0
社会,丰裕,④深空,互济,06身份界定,OPEN,0
社会,丰裕,④深空,互济,07仪式公投,OPEN,0
社会,丰裕,④深空,商贸,01权力更迭,OPEN,0
社会,丰裕,④深空,商贸,02配给政治,OPEN,0
社会,丰裕,④深空,商贸,03殖民离心,OPEN,0
社会,丰裕,④深空,商贸,04违禁治安,OPEN,0
社会,丰裕,④深空,商贸,05社群解构,OPEN,0
社会,丰裕,④深空,商贸,06身份界定,OPEN,0
社会,丰裕,④深空,商贸,07仪式公投,OPEN,0
社会,丰裕,④深空,工技,01权力更迭,OPEN,0
社会,丰裕,④深空,工技,02配给政治,OPEN,0
社会,丰裕,④深空,工技,03殖民离心,OPEN,0
社会,丰裕,④深空,工技,04违禁治安,OPEN,0
社会,丰裕,④深空,工技,05社群解构,OPEN,0
社会,丰裕,④深空,工技,06身份界定,OPEN,0
社会,丰裕,④深空,工技,07仪式公投,OPEN,0
社会,丰裕,④深空,科医,01权力更迭,OPEN,0
社会,丰裕,④深空,科医,02配给政治,OPEN,0
社会,丰裕,④深空,科医,03殖民离心,OPEN,0
社会,丰裕,④深空,科医,04违禁治安,OPEN,0
社会,丰裕,④深空,科医,05社群解构,OPEN,0
社会,丰裕,④深空,科医,06身份界定,OPEN,0
社会,丰裕,④深空,科医,07仪式公投,OPEN,0
社会,丰裕,⑤比邻星,官档,01权力更迭,PART,1
社会,丰裕,⑤比邻星,官档,02配给政治,OPEN,0
社会,丰裕,⑤比邻星,官档,03殖民离心,OPEN,0
社会,丰裕,⑤比邻星,官档,04违禁治安,OPEN,0
社会,丰裕,⑤比邻星,官档,05社群解构,OPEN,0
社会,丰裕,⑤比邻星,官档,06身份界定,OPEN,0
社会,丰裕,⑤比邻星,官档,07仪式公投,OPEN,0
社会,丰裕,⑤比邻星,私档,01权力更迭,OPEN,0
社会,丰裕,⑤比邻星,私档,02配给政治,OPEN,0
社会,丰裕,⑤比邻星,私档,03殖民离心,OPEN,0
社会,丰裕,⑤比邻星,私档,04违禁治安,OPEN,0
社会,丰裕,⑤比邻星,私档,05社群解构,OPEN,0
社会,丰裕,⑤比邻星,私档,06身份界定,OPEN,0
社会,丰裕,⑤比邻星,私档,07仪式公投,OPEN,0
社会,丰裕,⑤比邻星,互济,01权力更迭,OPEN,0
社会,丰裕,⑤比邻星,互济,02配给政治,OPEN,0
社会,丰裕,⑤比邻星,互济,03殖民离心,OPEN,0
社会,丰裕,⑤比邻星,互济,04违禁治安,OPEN,0
社会,丰裕,⑤比邻星,互济,05社群解构,OPEN,0
社会,丰裕,⑤比邻星,互济,06身份界定,OPEN,0
社会,丰裕,⑤比邻星,互济,07仪式公投,OPEN,0
社会,丰裕,⑤比邻星,商贸,01权力更迭,OPEN,0
社会,丰裕,⑤比邻星,商贸,02配给政治,OPEN,0
社会,丰裕,⑤比邻星,商贸,03殖民离心,OPEN,0
社会,丰裕,⑤比邻星,商贸,04违禁治安,OPEN,0
社会,丰裕,⑤比邻星,商贸,05社群解构,OPEN,0
社会,丰裕,⑤比邻星,商贸,06身份界定,OPEN,0
社会,丰裕,⑤比邻星,商贸,07仪式公投,OPEN,0
社会,丰裕,⑤比邻星,工技,01权力更迭,OPEN,0
社会,丰裕,⑤比邻星,工技,02配给政治,OPEN,0
社会,丰裕,⑤比邻星,工技,03殖民离心,OPEN,0
社会,丰裕,⑤比邻星,工技,04违禁治安,OPEN,0
社会,丰裕,⑤比邻星,工技,05社群解构,OPEN,0
社会,丰裕,⑤比邻星,工技,06身份界定,OPEN,0
社会,丰裕,⑤比邻星,工技,07仪式公投,OPEN,0
社会,丰裕,⑤比邻星,科医,01权力更迭,OPEN,0
社会,丰裕,⑤比邻星,科医,02配给政治,OPEN,0
社会,丰裕,⑤比邻星,科医,03殖民离心,OPEN,0
社会,丰裕,⑤比邻星,科医,04违禁治安,OPEN,0
社会,丰裕,⑤比邻星,科医,05社群解构,OPEN,0
社会,丰裕,⑤比邻星,科医,06身份界定,OPEN,0
社会,丰裕,⑤比邻星,科医,07仪式公投,OPEN,0
社会,离心,①地球,官档,01权力更迭,PART,1
社会,离心,①地球,官档,02配给政治,OPEN,0
社会,离心,①地球,官档,03殖民离心,OPEN,0
社会,离心,①地球,官档,04违禁治安,OPEN,0
社会,离心,①地球,官档,05社群解构,OPEN,0
社会,离心,①地球,官档,06身份界定,OPEN,0
社会,离心,①地球,官档,07仪式公投,OPEN,0
社会,离心,①地球,私档,01权力更迭,OPEN,0
社会,离心,①地球,私档,02配给政治,OPEN,0
社会,离心,①地球,私档,03殖民离心,OPEN,0
社会,离心,①地球,私档,04违禁治安,OPEN,0
社会,离心,①地球,私档,05社群解构,OPEN,0
社会,离心,①地球,私档,06身份界定,OPEN,0
社会,离心,①地球,私档,07仪式公投,OPEN,0
社会,离心,①地球,互济,01权力更迭,OPEN,0
社会,离心,①地球,互济,02配给政治,OPEN,0
社会,离心,①地球,互济,03殖民离心,OPEN,0
社会,离心,①地球,互济,04违禁治安,OPEN,0
社会,离心,①地球,互济,05社群解构,OPEN,0
社会,离心,①地球,互济,06身份界定,OPEN,0
社会,离心,①地球,互济,07仪式公投,OPEN,0
社会,离心,①地球,商贸,01权力更迭,OPEN,0
社会,离心,①地球,商贸,02配给政治,OPEN,0
社会,离心,①地球,商贸,03殖民离心,OPEN,0
社会,离心,①地球,商贸,04违禁治安,OPEN,0
社会,离心,①地球,商贸,05社群解构,OPEN,0
社会,离心,①地球,商贸,06身份界定,OPEN,0
社会,离心,①地球,商贸,07仪式公投,OPEN,0
社会,离心,①地球,工技,01权力更迭,OPEN,0
社会,离心,①地球,工技,02配给政治,OPEN,0
社会,离心,①地球,工技,03殖民离心,OPEN,0
社会,离心,①地球,工技,04违禁治安,OPEN,0
社会,离心,①地球,工技,05社群解构,OPEN,0
社会,离心,①地球,工技,06身份界定,OPEN,0
社会,离心,①地球,工技,07仪式公投,OPEN,0
社会,离心,①地球,科医,01权力更迭,OPEN,0
社会,离心,①地球,科医,02配给政治,OPEN,0
社会,离心,①地球,科医,03殖民离心,OPEN,0
社会,离心,①地球,科医,04违禁治安,OPEN,0
社会,离心,①地球,科医,05社群解构,OPEN,0
社会,离心,①地球,科医,06身份界定,OPEN,0
社会,离心,①地球,科医,07仪式公投,OPEN,0
社会,离心,②地月系,官档,01权力更迭,PART,1
社会,离心,②地月系,官档,02配给政治,OPEN,0
社会,离心,②地月系,官档,03殖民离心,OPEN,0
社会,离心,②地月系,官档,04违禁治安,OPEN,0
社会,离心,②地月系,官档,05社群解构,OPEN,0
社会,离心,②地月系,官档,06身份界定,OPEN,0
社会,离心,②地月系,官档,07仪式公投,OPEN,0
社会,离心,②地月系,私档,01权力更迭,OPEN,0
社会,离心,②地月系,私档,02配给政治,OPEN,0
社会,离心,②地月系,私档,03殖民离心,OPEN,0
社会,离心,②地月系,私档,04违禁治安,OPEN,0
社会,离心,②地月系,私档,05社群解构,OPEN,0
社会,离心,②地月系,私档,06身份界定,OPEN,0
社会,离心,②地月系,私档,07仪式公投,OPEN,0
社会,离心,②地月系,互济,01权力更迭,OPEN,0
社会,离心,②地月系,互济,02配给政治,OPEN,0
社会,离心,②地月系,互济,03殖民离心,OPEN,0
社会,离心,②地月系,互济,04违禁治安,OPEN,0
社会,离心,②地月系,互济,05社群解构,OPEN,0
社会,离心,②地月系,互济,06身份界定,OPEN,0
社会,离心,②地月系,互济,07仪式公投,OPEN,0
社会,离心,②地月系,商贸,01权力更迭,OPEN,0
社会,离心,②地月系,商贸,02配给政治,OPEN,0
社会,离心,②地月系,商贸,03殖民离心,OPEN,0
社会,离心,②地月系,商贸,04违禁治安,OPEN,0
社会,离心,②地月系,商贸,05社群解构,OPEN,0
社会,离心,②地月系,商贸,06身份界定,OPEN,0
社会,离心,②地月系,商贸,07仪式公投,OPEN,0
社会,离心,②地月系,工技,01权力更迭,OPEN,0
社会,离心,②地月系,工技,02配给政治,OPEN,0
社会,离心,②地月系,工技,03殖民离心,OPEN,0
社会,离心,②地月系,工技,04违禁治安,OPEN,0
社会,离心,②地月系,工技,05社群解构,OPEN,0
社会,离心,②地月系,工技,06身份界定,OPEN,0
社会,离心,②地月系,工技,07仪式公投,OPEN,0
社会,离心,②地月系,科医,01权力更迭,OPEN,0
社会,离心,②地月系,科医,02配给政治,OPEN,0
社会,离心,②地月系,科医,03殖民离心,OPEN,0
社会,离心,②地月系,科医,04违禁治安,OPEN,0
社会,离心,②地月系,科医,05社群解构,OPEN,0
社会,离心,②地月系,科医,06身份界定,OPEN,0
社会,离心,②地月系,科医,07仪式公投,OPEN,0
社会,离心,③内太阳系,官档,01权力更迭,FULL,5
社会,离心,③内太阳系,官档,02配给政治,OPEN,0
社会,离心,③内太阳系,官档,03殖民离心,OPEN,0
社会,离心,③内太阳系,官档,04违禁治安,OPEN,0
社会,离心,③内太阳系,官档,05社群解构,OPEN,0
社会,离心,③内太阳系,官档,06身份界定,OPEN,0
社会,离心,③内太阳系,官档,07仪式公投,OPEN,0
社会,离心,③内太阳系,私档,01权力更迭,OPEN,0
社会,离心,③内太阳系,私档,02配给政治,OPEN,0
社会,离心,③内太阳系,私档,03殖民离心,OPEN,0
社会,离心,③内太阳系,私档,04违禁治安,OPEN,0
社会,离心,③内太阳系,私档,05社群解构,OPEN,0
社会,离心,③内太阳系,私档,06身份界定,OPEN,0
社会,离心,③内太阳系,私档,07仪式公投,OPEN,0
社会,离心,③内太阳系,互济,01权力更迭,OPEN,0
社会,离心,③内太阳系,互济,02配给政治,OPEN,0
社会,离心,③内太阳系,互济,03殖民离心,OPEN,0
社会,离心,③内太阳系,互济,04违禁治安,OPEN,0
社会,离心,③内太阳系,互济,05社群解构,OPEN,0
社会,离心,③内太阳系,互济,06身份界定,OPEN,0
社会,离心,③内太阳系,互济,07仪式公投,OPEN,0
社会,离心,③内太阳系,商贸,01权力更迭,OPEN,0
社会,离心,③内太阳系,商贸,02配给政治,OPEN,0
社会,离心,③内太阳系,商贸,03殖民离心,OPEN,0
社会,离心,③内太阳系,商贸,04违禁治安,OPEN,0
社会,离心,③内太阳系,商贸,05社群解构,OPEN,0
社会,离心,③内太阳系,商贸,06身份界定,OPEN,0
社会,离心,③内太阳系,商贸,07仪式公投,OPEN,0
社会,离心,③内太阳系,工技,01权力更迭,OPEN,0
社会,离心,③内太阳系,工技,02配给政治,OPEN,0
社会,离心,③内太阳系,工技,03殖民离心,OPEN,0
社会,离心,③内太阳系,工技,04违禁治安,OPEN,0
社会,离心,③内太阳系,工技,05社群解构,OPEN,0
社会,离心,③内太阳系,工技,06身份界定,OPEN,0
社会,离心,③内太阳系,工技,07仪式公投,OPEN,0
社会,离心,③内太阳系,科医,01权力更迭,OPEN,0
社会,离心,③内太阳系,科医,02配给政治,OPEN,0
社会,离心,③内太阳系,科医,03殖民离心,OPEN,0
社会,离心,③内太阳系,科医,04违禁治安,OPEN,0
社会,离心,③内太阳系,科医,05社群解构,OPEN,0
社会,离心,③内太阳系,科医,06身份界定,OPEN,0
社会,离心,③内太阳系,科医,07仪式公投,OPEN,0
社会,离心,④深空,官档,01权力更迭,PART,1
社会,离心,④深空,官档,02配给政治,OPEN,0
社会,离心,④深空,官档,03殖民离心,OPEN,0
社会,离心,④深空,官档,04违禁治安,OPEN,0
社会,离心,④深空,官档,05社群解构,OPEN,0
社会,离心,④深空,官档,06身份界定,OPEN,0
社会,离心,④深空,官档,07仪式公投,OPEN,0
社会,离心,④深空,私档,01权力更迭,OPEN,0
社会,离心,④深空,私档,02配给政治,OPEN,0
社会,离心,④深空,私档,03殖民离心,OPEN,0
社会,离心,④深空,私档,04违禁治安,OPEN,0
社会,离心,④深空,私档,05社群解构,OPEN,0
社会,离心,④深空,私档,06身份界定,OPEN,0
社会,离心,④深空,私档,07仪式公投,OPEN,0
社会,离心,④深空,互济,01权力更迭,OPEN,0
社会,离心,④深空,互济,02配给政治,OPEN,0
社会,离心,④深空,互济,03殖民离心,OPEN,0
社会,离心,④深空,互济,04违禁治安,OPEN,0
社会,离心,④深空,互济,05社群解构,OPEN,0
社会,离心,④深空,互济,06身份界定,OPEN,0
社会,离心,④深空,互济,07仪式公投,OPEN,0
社会,离心,④深空,商贸,01权力更迭,OPEN,0
社会,离心,④深空,商贸,02配给政治,OPEN,0
社会,离心,④深空,商贸,03殖民离心,OPEN,0
社会,离心,④深空,商贸,04违禁治安,OPEN,0
社会,离心,④深空,商贸,05社群解构,OPEN,0
社会,离心,④深空,商贸,06身份界定,OPEN,0
社会,离心,④深空,商贸,07仪式公投,OPEN,0
社会,离心,④深空,工技,01权力更迭,OPEN,0
社会,离心,④深空,工技,02配给政治,OPEN,0
社会,离心,④深空,工技,03殖民离心,OPEN,0
社会,离心,④深空,工技,04违禁治安,OPEN,0
社会,离心,④深空,工技,05社群解构,OPEN,0
社会,离心,④深空,工技,06身份界定,OPEN,0
社会,离心,④深空,工技,07仪式公投,OPEN,0
社会,离心,④深空,科医,01权力更迭,OPEN,0
社会,离心,④深空,科医,02配给政治,OPEN,0
社会,离心,④深空,科医,03殖民离心,OPEN,0
社会,离心,④深空,科医,04违禁治安,OPEN,0
社会,离心,④深空,科医,05社群解构,OPEN,0
社会,离心,④深空,科医,06身份界定,OPEN,0
社会,离心,④深空,科医,07仪式公投,OPEN,0
社会,离心,⑤比邻星,官档,01权力更迭,PART,1
社会,离心,⑤比邻星,官档,02配给政治,OPEN,0
社会,离心,⑤比邻星,官档,03殖民离心,OPEN,0
社会,离心,⑤比邻星,官档,04违禁治安,OPEN,0
社会,离心,⑤比邻星,官档,05社群解构,OPEN,0
社会,离心,⑤比邻星,官档,06身份界定,OPEN,0
社会,离心,⑤比邻星,官档,07仪式公投,OPEN,0
社会,离心,⑤比邻星,私档,01权力更迭,OPEN,0
社会,离心,⑤比邻星,私档,02配给政治,OPEN,0
社会,离心,⑤比邻星,私档,03殖民离心,OPEN,0
社会,离心,⑤比邻星,私档,04违禁治安,OPEN,0
社会,离心,⑤比邻星,私档,05社群解构,OPEN,0
社会,离心,⑤比邻星,私档,06身份界定,OPEN,0
社会,离心,⑤比邻星,私档,07仪式公投,OPEN,0
社会,离心,⑤比邻星,互济,01权力更迭,OPEN,0
社会,离心,⑤比邻星,互济,02配给政治,OPEN,0
社会,离心,⑤比邻星,互济,03殖民离心,OPEN,0
社会,离心,⑤比邻星,互济,04违禁治安,OPEN,0
社会,离心,⑤比邻星,互济,05社群解构,OPEN,0
社会,离心,⑤比邻星,互济,06身份界定,OPEN,0
社会,离心,⑤比邻星,互济,07仪式公投,OPEN,0
社会,离心,⑤比邻星,商贸,01权力更迭,OPEN,0
社会,离心,⑤比邻星,商贸,02配给政治,OPEN,0
社会,离心,⑤比邻星,商贸,03殖民离心,OPEN,0
社会,离心,⑤比邻星,商贸,04违禁治安,OPEN,0
社会,离心,⑤比邻星,商贸,05社群解构,OPEN,0
社会,离心,⑤比邻星,商贸,06身份界定,OPEN,0
社会,离心,⑤比邻星,商贸,07仪式公投,OPEN,0
社会,离心,⑤比邻星,工技,01权力更迭,OPEN,0
社会,离心,⑤比邻星,工技,02配给政治,OPEN,0
社会,离心,⑤比邻星,工技,03殖民离心,OPEN,0
社会,离心,⑤比邻星,工技,04违禁治安,OPEN,0
社会,离心,⑤比邻星,工技,05社群解构,OPEN,0
社会,离心,⑤比邻星,工技,06身份界定,OPEN,0
社会,离心,⑤比邻星,工技,07仪式公投,OPEN,0
社会,离心,⑤比邻星,科医,01权力更迭,OPEN,0
社会,离心,⑤比邻星,科医,02配给政治,OPEN,0
社会,离心,⑤比邻星,科医,03殖民离心,OPEN,0
社会,离心,⑤比邻星,科医,04违禁治安,OPEN,0
社会,离心,⑤比邻星,科医,05社群解构,OPEN,0
社会,离心,⑤比邻星,科医,06身份界定,OPEN,0
社会,离心,⑤比邻星,科医,07仪式公投,OPEN,0
社会,启航,①地球,官档,01权力更迭,PART,1
社会,启航,①地球,官档,02配给政治,OPEN,0
社会,启航,①地球,官档,03殖民离心,OPEN,0
社会,启航,①地球,官档,04违禁治安,OPEN,0
社会,启航,①地球,官档,05社群解构,OPEN,0
社会,启航,①地球,官档,06身份界定,OPEN,0
社会,启航,①地球,官档,07仪式公投,OPEN,0
社会,启航,①地球,私档,01权力更迭,OPEN,0
社会,启航,①地球,私档,02配给政治,OPEN,0
社会,启航,①地球,私档,03殖民离心,OPEN,0
社会,启航,①地球,私档,04违禁治安,OPEN,0
社会,启航,①地球,私档,05社群解构,OPEN,0
社会,启航,①地球,私档,06身份界定,OPEN,0
社会,启航,①地球,私档,07仪式公投,OPEN,0
社会,启航,①地球,互济,01权力更迭,OPEN,0
社会,启航,①地球,互济,02配给政治,OPEN,0
社会,启航,①地球,互济,03殖民离心,OPEN,0
社会,启航,①地球,互济,04违禁治安,OPEN,0
社会,启航,①地球,互济,05社群解构,OPEN,0
社会,启航,①地球,互济,06身份界定,OPEN,0
社会,启航,①地球,互济,07仪式公投,OPEN,0
社会,启航,①地球,商贸,01权力更迭,OPEN,0
社会,启航,①地球,商贸,02配给政治,OPEN,0
社会,启航,①地球,商贸,03殖民离心,OPEN,0
社会,启航,①地球,商贸,04违禁治安,OPEN,0
社会,启航,①地球,商贸,05社群解构,OPEN,0
社会,启航,①地球,商贸,06身份界定,OPEN,0
社会,启航,①地球,商贸,07仪式公投,OPEN,0
社会,启航,①地球,工技,01权力更迭,OPEN,0
社会,启航,①地球,工技,02配给政治,OPEN,0
社会,启航,①地球,工技,03殖民离心,OPEN,0
社会,启航,①地球,工技,04违禁治安,OPEN,0
社会,启航,①地球,工技,05社群解构,OPEN,0
社会,启航,①地球,工技,06身份界定,OPEN,0
社会,启航,①地球,工技,07仪式公投,OPEN,0
社会,启航,①地球,科医,01权力更迭,OPEN,0
社会,启航,①地球,科医,02配给政治,OPEN,0
社会,启航,①地球,科医,03殖民离心,OPEN,0
社会,启航,①地球,科医,04违禁治安,OPEN,0
社会,启航,①地球,科医,05社群解构,OPEN,0
社会,启航,①地球,科医,06身份界定,OPEN,0
社会,启航,①地球,科医,07仪式公投,OPEN,0
社会,启航,②地月系,官档,01权力更迭,PART,1
社会,启航,②地月系,官档,02配给政治,OPEN,0
社会,启航,②地月系,官档,03殖民离心,OPEN,0
社会,启航,②地月系,官档,04违禁治安,OPEN,0
社会,启航,②地月系,官档,05社群解构,OPEN,0
社会,启航,②地月系,官档,06身份界定,OPEN,0
社会,启航,②地月系,官档,07仪式公投,OPEN,0
社会,启航,②地月系,私档,01权力更迭,OPEN,0
社会,启航,②地月系,私档,02配给政治,OPEN,0
社会,启航,②地月系,私档,03殖民离心,OPEN,0
社会,启航,②地月系,私档,04违禁治安,OPEN,0
社会,启航,②地月系,私档,05社群解构,OPEN,0
社会,启航,②地月系,私档,06身份界定,OPEN,0
社会,启航,②地月系,私档,07仪式公投,OPEN,0
社会,启航,②地月系,互济,01权力更迭,OPEN,0
社会,启航,②地月系,互济,02配给政治,OPEN,0
社会,启航,②地月系,互济,03殖民离心,OPEN,0
社会,启航,②地月系,互济,04违禁治安,OPEN,0
社会,启航,②地月系,互济,05社群解构,OPEN,0
社会,启航,②地月系,互济,06身份界定,OPEN,0
社会,启航,②地月系,互济,07仪式公投,OPEN,0
社会,启航,②地月系,商贸,01权力更迭,OPEN,0
社会,启航,②地月系,商贸,02配给政治,OPEN,0
社会,启航,②地月系,商贸,03殖民离心,OPEN,0
社会,启航,②地月系,商贸,04违禁治安,OPEN,0
社会,启航,②地月系,商贸,05社群解构,OPEN,0
社会,启航,②地月系,商贸,06身份界定,OPEN,0
社会,启航,②地月系,商贸,07仪式公投,OPEN,0
社会,启航,②地月系,工技,01权力更迭,OPEN,0
社会,启航,②地月系,工技,02配给政治,OPEN,0
社会,启航,②地月系,工技,03殖民离心,OPEN,0
社会,启航,②地月系,工技,04违禁治安,OPEN,0
社会,启航,②地月系,工技,05社群解构,OPEN,0
社会,启航,②地月系,工技,06身份界定,OPEN,0
社会,启航,②地月系,工技,07仪式公投,OPEN,0
社会,启航,②地月系,科医,01权力更迭,OPEN,0
社会,启航,②地月系,科医,02配给政治,OPEN,0
社会,启航,②地月系,科医,03殖民离心,OPEN,0
社会,启航,②地月系,科医,04违禁治安,OPEN,0
社会,启航,②地月系,科医,05社群解构,OPEN,0
社会,启航,②地月系,科医,06身份界定,OPEN,0
社会,启航,②地月系,科医,07仪式公投,OPEN,0
社会,启航,③内太阳系,官档,01权力更迭,PART,1
社会,启航,③内太阳系,官档,02配给政治,OPEN,0
社会,启航,③内太阳系,官档,03殖民离心,OPEN,0
社会,启航,③内太阳系,官档,04违禁治安,OPEN,0
社会,启航,③内太阳系,官档,05社群解构,OPEN,0
社会,启航,③内太阳系,官档,06身份界定,OPEN,0
社会,启航,③内太阳系,官档,07仪式公投,OPEN,0
社会,启航,③内太阳系,私档,01权力更迭,OPEN,0
社会,启航,③内太阳系,私档,02配给政治,OPEN,0
社会,启航,③内太阳系,私档,03殖民离心,OPEN,0
社会,启航,③内太阳系,私档,04违禁治安,OPEN,0
社会,启航,③内太阳系,私档,05社群解构,OPEN,0
社会,启航,③内太阳系,私档,06身份界定,OPEN,0
社会,启航,③内太阳系,私档,07仪式公投,OPEN,0
社会,启航,③内太阳系,互济,01权力更迭,OPEN,0
社会,启航,③内太阳系,互济,02配给政治,OPEN,0
社会,启航,③内太阳系,互济,03殖民离心,OPEN,0
社会,启航,③内太阳系,互济,04违禁治安,OPEN,0
社会,启航,③内太阳系,互济,05社群解构,OPEN,0
社会,启航,③内太阳系,互济,06身份界定,OPEN,0
社会,启航,③内太阳系,互济,07仪式公投,OPEN,0
社会,启航,③内太阳系,商贸,01权力更迭,OPEN,0
社会,启航,③内太阳系,商贸,02配给政治,OPEN,0
社会,启航,③内太阳系,商贸,03殖民离心,OPEN,0
社会,启航,③内太阳系,商贸,04违禁治安,OPEN,0
社会,启航,③内太阳系,商贸,05社群解构,OPEN,0
社会,启航,③内太阳系,商贸,06身份界定,OPEN,0
社会,启航,③内太阳系,商贸,07仪式公投,OPEN,0
社会,启航,③内太阳系,工技,01权力更迭,OPEN,0
社会,启航,③内太阳系,工技,02配给政治,OPEN,0
社会,启航,③内太阳系,工技,03殖民离心,OPEN,0
社会,启航,③内太阳系,工技,04违禁治安,OPEN,0
社会,启航,③内太阳系,工技,05社群解构,OPEN,0
社会,启航,③内太阳系,工技,06身份界定,OPEN,0
社会,启航,③内太阳系,工技,07仪式公投,OPEN,0
社会,启航,③内太阳系,科医,01权力更迭,OPEN,0
社会,启航,③内太阳系,科医,02配给政治,OPEN,0
社会,启航,③内太阳系,科医,03殖民离心,OPEN,0
社会,启航,③内太阳系,科医,04违禁治安,OPEN,0
社会,启航,③内太阳系,科医,05社群解构,OPEN,0
社会,启航,③内太阳系,科医,06身份界定,OPEN,0
社会,启航,③内太阳系,科医,07仪式公投,OPEN,0
社会,启航,④深空,官档,01权力更迭,PART,1
社会,启航,④深空,官档,02配给政治,OPEN,0
社会,启航,④深空,官档,03殖民离心,OPEN,0
社会,启航,④深空,官档,04违禁治安,OPEN,0
社会,启航,④深空,官档,05社群解构,OPEN,0
社会,启航,④深空,官档,06身份界定,OPEN,0
社会,启航,④深空,官档,07仪式公投,OPEN,0
社会,启航,④深空,私档,01权力更迭,OPEN,0
社会,启航,④深空,私档,02配给政治,OPEN,0
社会,启航,④深空,私档,03殖民离心,OPEN,0
社会,启航,④深空,私档,04违禁治安,OPEN,0
社会,启航,④深空,私档,05社群解构,OPEN,0
社会,启航,④深空,私档,06身份界定,OPEN,0
社会,启航,④深空,私档,07仪式公投,OPEN,0
社会,启航,④深空,互济,01权力更迭,OPEN,0
社会,启航,④深空,互济,02配给政治,OPEN,0
社会,启航,④深空,互济,03殖民离心,OPEN,0
社会,启航,④深空,互济,04违禁治安,OPEN,0
社会,启航,④深空,互济,05社群解构,OPEN,0
社会,启航,④深空,互济,06身份界定,OPEN,0
社会,启航,④深空,互济,07仪式公投,OPEN,0
社会,启航,④深空,商贸,01权力更迭,OPEN,0
社会,启航,④深空,商贸,02配给政治,OPEN,0
社会,启航,④深空,商贸,03殖民离心,OPEN,0
社会,启航,④深空,商贸,04违禁治安,OPEN,0
社会,启航,④深空,商贸,05社群解构,OPEN,0
社会,启航,④深空,商贸,06身份界定,OPEN,0
社会,启航,④深空,商贸,07仪式公投,OPEN,0
社会,启航,④深空,工技,01权力更迭,OPEN,0
社会,启航,④深空,工技,02配给政治,OPEN,0
社会,启航,④深空,工技,03殖民离心,OPEN,0
社会,启航,④深空,工技,04违禁治安,OPEN,0
社会,启航,④深空,工技,05社群解构,OPEN,0
社会,启航,④深空,工技,06身份界定,OPEN,0
社会,启航,④深空,工技,07仪式公投,OPEN,0
社会,启航,④深空,科医,01权力更迭,OPEN,0
社会,启航,④深空,科医,02配给政治,OPEN,0
社会,启航,④深空,科医,03殖民离心,OPEN,0
社会,启航,④深空,科医,04违禁治安,OPEN,0
社会,启航,④深空,科医,05社群解构,OPEN,0
社会,启航,④深空,科医,06身份界定,OPEN,0
社会,启航,④深空,科医,07仪式公投,OPEN,0
社会,启航,⑤比邻星,官档,01权力更迭,PART,1
社会,启航,⑤比邻星,官档,02配给政治,OPEN,0
社会,启航,⑤比邻星,官档,03殖民离心,OPEN,0
社会,启航,⑤比邻星,官档,04违禁治安,OPEN,0
社会,启航,⑤比邻星,官档,05社群解构,OPEN,0
社会,启航,⑤比邻星,官档,06身份界定,OPEN,0
社会,启航,⑤比邻星,官档,07仪式公投,OPEN,0
社会,启航,⑤比邻星,私档,01权力更迭,OPEN,0
社会,启航,⑤比邻星,私档,02配给政治,OPEN,0
社会,启航,⑤比邻星,私档,03殖民离心,OPEN,0
社会,启航,⑤比邻星,私档,04违禁治安,OPEN,0
社会,启航,⑤比邻星,私档,05社群解构,OPEN,0
社会,启航,⑤比邻星,私档,06身份界定,OPEN,0
社会,启航,⑤比邻星,私档,07仪式公投,OPEN,0
社会,启航,⑤比邻星,互济,01权力更迭,OPEN,0
社会,启航,⑤比邻星,互济,02配给政治,OPEN,0
社会,启航,⑤比邻星,互济,03殖民离心,OPEN,0
社会,启航,⑤比邻星,互济,04违禁治安,OPEN,0
社会,启航,⑤比邻星,互济,05社群解构,OPEN,0
社会,启航,⑤比邻星,互济,06身份界定,OPEN,0
社会,启航,⑤比邻星,互济,07仪式公投,OPEN,0
社会,启航,⑤比邻星,商贸,01权力更迭,OPEN,0
社会,启航,⑤比邻星,商贸,02配给政治,OPEN,0
社会,启航,⑤比邻星,商贸,03殖民离心,OPEN,0
社会,启航,⑤比邻星,商贸,04违禁治安,OPEN,0
社会,启航,⑤比邻星,商贸,05社群解构,OPEN,0
社会,启航,⑤比邻星,商贸,06身份界定,OPEN,0
社会,启航,⑤比邻星,商贸,07仪式公投,OPEN,0
社会,启航,⑤比邻星,工技,01权力更迭,OPEN,0
社会,启航,⑤比邻星,工技,02配给政治,OPEN,0
社会,启航,⑤比邻星,工技,03殖民离心,OPEN,0
社会,启航,⑤比邻星,工技,04违禁治安,OPEN,0
社会,启航,⑤比邻星,工技,05社群解构,OPEN,0
社会,启航,⑤比邻星,工技,06身份界定,OPEN,0
社会,启航,⑤比邻星,工技,07仪式公投,OPEN,0
社会,启航,⑤比邻星,科医,01权力更迭,OPEN,0
社会,启航,⑤比邻星,科医,02配给政治,OPEN,0
社会,启航,⑤比邻星,科医,03殖民离心,OPEN,0
社会,启航,⑤比邻星,科医,04违禁治安,OPEN,0
社会,启航,⑤比邻星,科医,05社群解构,OPEN,0
社会,启航,⑤比邻星,科医,06身份界定,OPEN,0
社会,启航,⑤比邻星,科医,07仪式公投,OPEN,0
社会,落地,①地球,官档,01权力更迭,PART,1
社会,落地,①地球,官档,02配给政治,OPEN,0
社会,落地,①地球,官档,03殖民离心,OPEN,0
社会,落地,①地球,官档,04违禁治安,OPEN,0
社会,落地,①地球,官档,05社群解构,OPEN,0
社会,落地,①地球,官档,06身份界定,OPEN,0
社会,落地,①地球,官档,07仪式公投,OPEN,0
社会,落地,①地球,私档,01权力更迭,OPEN,0
社会,落地,①地球,私档,02配给政治,OPEN,0
社会,落地,①地球,私档,03殖民离心,OPEN,0
社会,落地,①地球,私档,04违禁治安,OPEN,0
社会,落地,①地球,私档,05社群解构,OPEN,0
社会,落地,①地球,私档,06身份界定,OPEN,0
社会,落地,①地球,私档,07仪式公投,OPEN,0
社会,落地,①地球,互济,01权力更迭,OPEN,0
社会,落地,①地球,互济,02配给政治,OPEN,0
社会,落地,①地球,互济,03殖民离心,OPEN,0
社会,落地,①地球,互济,04违禁治安,OPEN,0
社会,落地,①地球,互济,05社群解构,OPEN,0
社会,落地,①地球,互济,06身份界定,OPEN,0
社会,落地,①地球,互济,07仪式公投,OPEN,0
社会,落地,①地球,商贸,01权力更迭,OPEN,0
社会,落地,①地球,商贸,02配给政治,OPEN,0
社会,落地,①地球,商贸,03殖民离心,OPEN,0
社会,落地,①地球,商贸,04违禁治安,OPEN,0
社会,落地,①地球,商贸,05社群解构,OPEN,0
社会,落地,①地球,商贸,06身份界定,OPEN,0
社会,落地,①地球,商贸,07仪式公投,OPEN,0
社会,落地,①地球,工技,01权力更迭,OPEN,0
社会,落地,①地球,工技,02配给政治,OPEN,0
社会,落地,①地球,工技,03殖民离心,OPEN,0
社会,落地,①地球,工技,04违禁治安,OPEN,0
社会,落地,①地球,工技,05社群解构,OPEN,0
社会,落地,①地球,工技,06身份界定,OPEN,0
社会,落地,①地球,工技,07仪式公投,OPEN,0
社会,落地,①地球,科医,01权力更迭,OPEN,0
社会,落地,①地球,科医,02配给政治,OPEN,0
社会,落地,①地球,科医,03殖民离心,OPEN,0
社会,落地,①地球,科医,04违禁治安,OPEN,0
社会,落地,①地球,科医,05社群解构,OPEN,0
社会,落地,①地球,科医,06身份界定,OPEN,0
社会,落地,①地球,科医,07仪式公投,OPEN,0
社会,落地,②地月系,官档,01权力更迭,PART,1
社会,落地,②地月系,官档,02配给政治,OPEN,0
社会,落地,②地月系,官档,03殖民离心,OPEN,0
社会,落地,②地月系,官档,04违禁治安,OPEN,0
社会,落地,②地月系,官档,05社群解构,OPEN,0
社会,落地,②地月系,官档,06身份界定,OPEN,0
社会,落地,②地月系,官档,07仪式公投,OPEN,0
社会,落地,②地月系,私档,01权力更迭,OPEN,0
社会,落地,②地月系,私档,02配给政治,OPEN,0
社会,落地,②地月系,私档,03殖民离心,OPEN,0
社会,落地,②地月系,私档,04违禁治安,OPEN,0
社会,落地,②地月系,私档,05社群解构,OPEN,0
社会,落地,②地月系,私档,06身份界定,OPEN,0
社会,落地,②地月系,私档,07仪式公投,OPEN,0
社会,落地,②地月系,互济,01权力更迭,OPEN,0
社会,落地,②地月系,互济,02配给政治,OPEN,0
社会,落地,②地月系,互济,03殖民离心,OPEN,0
社会,落地,②地月系,互济,04违禁治安,OPEN,0
社会,落地,②地月系,互济,05社群解构,OPEN,0
社会,落地,②地月系,互济,06身份界定,OPEN,0
社会,落地,②地月系,互济,07仪式公投,OPEN,0
社会,落地,②地月系,商贸,01权力更迭,OPEN,0
社会,落地,②地月系,商贸,02配给政治,OPEN,0
社会,落地,②地月系,商贸,03殖民离心,OPEN,0
社会,落地,②地月系,商贸,04违禁治安,OPEN,0
社会,落地,②地月系,商贸,05社群解构,OPEN,0
社会,落地,②地月系,商贸,06身份界定,OPEN,0
社会,落地,②地月系,商贸,07仪式公投,OPEN,0
社会,落地,②地月系,工技,01权力更迭,OPEN,0
社会,落地,②地月系,工技,02配给政治,OPEN,0
社会,落地,②地月系,工技,03殖民离心,OPEN,0
社会,落地,②地月系,工技,04违禁治安,OPEN,0
社会,落地,②地月系,工技,05社群解构,OPEN,0
社会,落地,②地月系,工技,06身份界定,OPEN,0
社会,落地,②地月系,工技,07仪式公投,OPEN,0
社会,落地,②地月系,科医,01权力更迭,OPEN,0
社会,落地,②地月系,科医,02配给政治,OPEN,0
社会,落地,②地月系,科医,03殖民离心,OPEN,0
社会,落地,②地月系,科医,04违禁治安,OPEN,0
社会,落地,②地月系,科医,05社群解构,OPEN,0
社会,落地,②地月系,科医,06身份界定,OPEN,0
社会,落地,②地月系,科医,07仪式公投,OPEN,0
社会,落地,③内太阳系,官档,01权力更迭,PART,1
社会,落地,③内太阳系,官档,02配给政治,OPEN,0
社会,落地,③内太阳系,官档,03殖民离心,OPEN,0
社会,落地,③内太阳系,官档,04违禁治安,OPEN,0
社会,落地,③内太阳系,官档,05社群解构,OPEN,0
社会,落地,③内太阳系,官档,06身份界定,OPEN,0
社会,落地,③内太阳系,官档,07仪式公投,OPEN,0
社会,落地,③内太阳系,私档,01权力更迭,OPEN,0
社会,落地,③内太阳系,私档,02配给政治,OPEN,0
社会,落地,③内太阳系,私档,03殖民离心,OPEN,0
社会,落地,③内太阳系,私档,04违禁治安,OPEN,0
社会,落地,③内太阳系,私档,05社群解构,OPEN,0
社会,落地,③内太阳系,私档,06身份界定,OPEN,0
社会,落地,③内太阳系,私档,07仪式公投,OPEN,0
社会,落地,③内太阳系,互济,01权力更迭,OPEN,0
社会,落地,③内太阳系,互济,02配给政治,OPEN,0
社会,落地,③内太阳系,互济,03殖民离心,OPEN,0
社会,落地,③内太阳系,互济,04违禁治安,OPEN,0
社会,落地,③内太阳系,互济,05社群解构,OPEN,0
社会,落地,③内太阳系,互济,06身份界定,OPEN,0
社会,落地,③内太阳系,互济,07仪式公投,OPEN,0
社会,落地,③内太阳系,商贸,01权力更迭,OPEN,0
社会,落地,③内太阳系,商贸,02配给政治,OPEN,0
社会,落地,③内太阳系,商贸,03殖民离心,OPEN,0
社会,落地,③内太阳系,商贸,04违禁治安,OPEN,0
社会,落地,③内太阳系,商贸,05社群解构,OPEN,0
社会,落地,③内太阳系,商贸,06身份界定,OPEN,0
社会,落地,③内太阳系,商贸,07仪式公投,OPEN,0
社会,落地,③内太阳系,工技,01权力更迭,OPEN,0
社会,落地,③内太阳系,工技,02配给政治,OPEN,0
社会,落地,③内太阳系,工技,03殖民离心,OPEN,0
社会,落地,③内太阳系,工技,04违禁治安,OPEN,0
社会,落地,③内太阳系,工技,05社群解构,OPEN,0
社会,落地,③内太阳系,工技,06身份界定,OPEN,0
社会,落地,③内太阳系,工技,07仪式公投,OPEN,0
社会,落地,③内太阳系,科医,01权力更迭,OPEN,0
社会,落地,③内太阳系,科医,02配给政治,OPEN,0
社会,落地,③内太阳系,科医,03殖民离心,OPEN,0
社会,落地,③内太阳系,科医,04违禁治安,OPEN,0
社会,落地,③内太阳系,科医,05社群解构,OPEN,0
社会,落地,③内太阳系,科医,06身份界定,OPEN,0
社会,落地,③内太阳系,科医,07仪式公投,OPEN,0
社会,落地,④深空,官档,01权力更迭,PART,1
社会,落地,④深空,官档,02配给政治,OPEN,0
社会,落地,④深空,官档,03殖民离心,OPEN,0
社会,落地,④深空,官档,04违禁治安,OPEN,0
社会,落地,④深空,官档,05社群解构,OPEN,0
社会,落地,④深空,官档,06身份界定,OPEN,0
社会,落地,④深空,官档,07仪式公投,OPEN,0
社会,落地,④深空,私档,01权力更迭,OPEN,0
社会,落地,④深空,私档,02配给政治,OPEN,0
社会,落地,④深空,私档,03殖民离心,OPEN,0
社会,落地,④深空,私档,04违禁治安,OPEN,0
社会,落地,④深空,私档,05社群解构,OPEN,0
社会,落地,④深空,私档,06身份界定,OPEN,0
社会,落地,④深空,私档,07仪式公投,OPEN,0
社会,落地,④深空,互济,01权力更迭,OPEN,0
社会,落地,④深空,互济,02配给政治,OPEN,0
社会,落地,④深空,互济,03殖民离心,OPEN,0
社会,落地,④深空,互济,04违禁治安,OPEN,0
社会,落地,④深空,互济,05社群解构,OPEN,0
社会,落地,④深空,互济,06身份界定,OPEN,0
社会,落地,④深空,互济,07仪式公投,OPEN,0
社会,落地,④深空,商贸,01权力更迭,OPEN,0
社会,落地,④深空,商贸,02配给政治,OPEN,0
社会,落地,④深空,商贸,03殖民离心,OPEN,0
社会,落地,④深空,商贸,04违禁治安,OPEN,0
社会,落地,④深空,商贸,05社群解构,OPEN,0
社会,落地,④深空,商贸,06身份界定,OPEN,0
社会,落地,④深空,商贸,07仪式公投,OPEN,0
社会,落地,④深空,工技,01权力更迭,OPEN,0
社会,落地,④深空,工技,02配给政治,OPEN,0
社会,落地,④深空,工技,03殖民离心,OPEN,0
社会,落地,④深空,工技,04违禁治安,OPEN,0
社会,落地,④深空,工技,05社群解构,OPEN,0
社会,落地,④深空,工技,06身份界定,OPEN,0
社会,落地,④深空,工技,07仪式公投,OPEN,0
社会,落地,④深空,科医,01权力更迭,OPEN,0
社会,落地,④深空,科医,02配给政治,OPEN,0
社会,落地,④深空,科医,03殖民离心,OPEN,0
社会,落地,④深空,科医,04违禁治安,OPEN,0
社会,落地,④深空,科医,05社群解构,OPEN,0
社会,落地,④深空,科医,06身份界定,OPEN,0
社会,落地,④深空,科医,07仪式公投,OPEN,0
社会,落地,⑤比邻星,官档,01权力更迭,PART,2
社会,落地,⑤比邻星,官档,02配给政治,OPEN,0
社会,落地,⑤比邻星,官档,03殖民离心,OPEN,0
社会,落地,⑤比邻星,官档,04违禁治安,OPEN,0
社会,落地,⑤比邻星,官档,05社群解构,OPEN,0
社会,落地,⑤比邻星,官档,06身份界定,OPEN,0
社会,落地,⑤比邻星,官档,07仪式公投,OPEN,0
社会,落地,⑤比邻星,私档,01权力更迭,OPEN,0
社会,落地,⑤比邻星,私档,02配给政治,OPEN,0
社会,落地,⑤比邻星,私档,03殖民离心,OPEN,0
社会,落地,⑤比邻星,私档,04违禁治安,OPEN,0
社会,落地,⑤比邻星,私档,05社群解构,OPEN,0
社会,落地,⑤比邻星,私档,06身份界定,OPEN,0
社会,落地,⑤比邻星,私档,07仪式公投,OPEN,0
社会,落地,⑤比邻星,互济,01权力更迭,OPEN,0
社会,落地,⑤比邻星,互济,02配给政治,OPEN,0
社会,落地,⑤比邻星,互济,03殖民离心,OPEN,0
社会,落地,⑤比邻星,互济,04违禁治安,OPEN,0
社会,落地,⑤比邻星,互济,05社群解构,OPEN,0
社会,落地,⑤比邻星,互济,06身份界定,OPEN,0
社会,落地,⑤比邻星,互济,07仪式公投,OPEN,0
社会,落地,⑤比邻星,商贸,01权力更迭,OPEN,0
社会,落地,⑤比邻星,商贸,02配给政治,OPEN,0
社会,落地,⑤比邻星,商贸,03殖民离心,OPEN,0
社会,落地,⑤比邻星,商贸,04违禁治安,OPEN,0
社会,落地,⑤比邻星,商贸,05社群解构,OPEN,0
社会,落地,⑤比邻星,商贸,06身份界定,OPEN,0
社会,落地,⑤比邻星,商贸,07仪式公投,OPEN,0
社会,落地,⑤比邻星,工技,01权力更迭,OPEN,0
社会,落地,⑤比邻星,工技,02配给政治,OPEN,0
社会,落地,⑤比邻星,工技,03殖民离心,OPEN,0
社会,落地,⑤比邻星,工技,04违禁治安,OPEN,0
社会,落地,⑤比邻星,工技,05社群解构,OPEN,0
社会,落地,⑤比邻星,工技,06身份界定,OPEN,0
社会,落地,⑤比邻星,工技,07仪式公投,OPEN,0
社会,落地,⑤比邻星,科医,01权力更迭,OPEN,0
社会,落地,⑤比邻星,科医,02配给政治,OPEN,0
社会,落地,⑤比邻星,科医,03殖民离心,OPEN,0
社会,落地,⑤比邻星,科医,04违禁治安,OPEN,0
社会,落地,⑤比邻星,科医,05社群解构,OPEN,0
社会,落地,⑤比邻星,科医,06身份界定,OPEN,0
社会,落地,⑤比邻星,科医,07仪式公投,OPEN,0
社会,双星系,①地球,官档,01权力更迭,PART,1
社会,双星系,①地球,官档,02配给政治,OPEN,0
社会,双星系,①地球,官档,03殖民离心,OPEN,0
社会,双星系,①地球,官档,04违禁治安,OPEN,0
社会,双星系,①地球,官档,05社群解构,OPEN,0
社会,双星系,①地球,官档,06身份界定,OPEN,0
社会,双星系,①地球,官档,07仪式公投,OPEN,0
社会,双星系,①地球,私档,01权力更迭,OPEN,0
社会,双星系,①地球,私档,02配给政治,OPEN,0
社会,双星系,①地球,私档,03殖民离心,OPEN,0
社会,双星系,①地球,私档,04违禁治安,OPEN,0
社会,双星系,①地球,私档,05社群解构,OPEN,0
社会,双星系,①地球,私档,06身份界定,OPEN,0
社会,双星系,①地球,私档,07仪式公投,OPEN,0
社会,双星系,①地球,互济,01权力更迭,OPEN,0
社会,双星系,①地球,互济,02配给政治,OPEN,0
社会,双星系,①地球,互济,03殖民离心,OPEN,0
社会,双星系,①地球,互济,04违禁治安,OPEN,0
社会,双星系,①地球,互济,05社群解构,OPEN,0
社会,双星系,①地球,互济,06身份界定,OPEN,0
社会,双星系,①地球,互济,07仪式公投,OPEN,0
社会,双星系,①地球,商贸,01权力更迭,OPEN,0
社会,双星系,①地球,商贸,02配给政治,OPEN,0
社会,双星系,①地球,商贸,03殖民离心,OPEN,0
社会,双星系,①地球,商贸,04违禁治安,OPEN,0
社会,双星系,①地球,商贸,05社群解构,OPEN,0
社会,双星系,①地球,商贸,06身份界定,OPEN,0
社会,双星系,①地球,商贸,07仪式公投,OPEN,0
社会,双星系,①地球,工技,01权力更迭,OPEN,0
社会,双星系,①地球,工技,02配给政治,OPEN,0
社会,双星系,①地球,工技,03殖民离心,OPEN,0
社会,双星系,①地球,工技,04违禁治安,OPEN,0
社会,双星系,①地球,工技,05社群解构,OPEN,0
社会,双星系,①地球,工技,06身份界定,OPEN,0
社会,双星系,①地球,工技,07仪式公投,OPEN,0
社会,双星系,①地球,科医,01权力更迭,OPEN,0
社会,双星系,①地球,科医,02配给政治,OPEN,0
社会,双星系,①地球,科医,03殖民离心,OPEN,0
社会,双星系,①地球,科医,04违禁治安,OPEN,0
社会,双星系,①地球,科医,05社群解构,OPEN,0
社会,双星系,①地球,科医,06身份界定,OPEN,0
社会,双星系,①地球,科医,07仪式公投,OPEN,0
社会,双星系,②地月系,官档,01权力更迭,PART,1
社会,双星系,②地月系,官档,02配给政治,OPEN,0
社会,双星系,②地月系,官档,03殖民离心,OPEN,0
社会,双星系,②地月系,官档,04违禁治安,OPEN,0
社会,双星系,②地月系,官档,05社群解构,OPEN,0
社会,双星系,②地月系,官档,06身份界定,OPEN,0
社会,双星系,②地月系,官档,07仪式公投,OPEN,0
社会,双星系,②地月系,私档,01权力更迭,OPEN,0
社会,双星系,②地月系,私档,02配给政治,OPEN,0
社会,双星系,②地月系,私档,03殖民离心,OPEN,0
社会,双星系,②地月系,私档,04违禁治安,OPEN,0
社会,双星系,②地月系,私档,05社群解构,OPEN,0
社会,双星系,②地月系,私档,06身份界定,OPEN,0
社会,双星系,②地月系,私档,07仪式公投,OPEN,0
社会,双星系,②地月系,互济,01权力更迭,OPEN,0
社会,双星系,②地月系,互济,02配给政治,OPEN,0
社会,双星系,②地月系,互济,03殖民离心,OPEN,0
社会,双星系,②地月系,互济,04违禁治安,OPEN,0
社会,双星系,②地月系,互济,05社群解构,OPEN,0
社会,双星系,②地月系,互济,06身份界定,OPEN,0
社会,双星系,②地月系,互济,07仪式公投,OPEN,0
社会,双星系,②地月系,商贸,01权力更迭,OPEN,0
社会,双星系,②地月系,商贸,02配给政治,OPEN,0
社会,双星系,②地月系,商贸,03殖民离心,OPEN,0
社会,双星系,②地月系,商贸,04违禁治安,OPEN,0
社会,双星系,②地月系,商贸,05社群解构,OPEN,0
社会,双星系,②地月系,商贸,06身份界定,OPEN,0
社会,双星系,②地月系,商贸,07仪式公投,OPEN,0
社会,双星系,②地月系,工技,01权力更迭,OPEN,0
社会,双星系,②地月系,工技,02配给政治,OPEN,0
社会,双星系,②地月系,工技,03殖民离心,OPEN,0
社会,双星系,②地月系,工技,04违禁治安,OPEN,0
社会,双星系,②地月系,工技,05社群解构,OPEN,0
社会,双星系,②地月系,工技,06身份界定,OPEN,0
社会,双星系,②地月系,工技,07仪式公投,OPEN,0
社会,双星系,②地月系,科医,01权力更迭,OPEN,0
社会,双星系,②地月系,科医,02配给政治,OPEN,0
社会,双星系,②地月系,科医,03殖民离心,OPEN,0
社会,双星系,②地月系,科医,04违禁治安,OPEN,0
社会,双星系,②地月系,科医,05社群解构,OPEN,0
社会,双星系,②地月系,科医,06身份界定,OPEN,0
社会,双星系,②地月系,科医,07仪式公投,OPEN,0
社会,双星系,③内太阳系,官档,01权力更迭,PART,1
社会,双星系,③内太阳系,官档,02配给政治,OPEN,0
社会,双星系,③内太阳系,官档,03殖民离心,OPEN,0
社会,双星系,③内太阳系,官档,04违禁治安,OPEN,0
社会,双星系,③内太阳系,官档,05社群解构,OPEN,0
社会,双星系,③内太阳系,官档,06身份界定,OPEN,0
社会,双星系,③内太阳系,官档,07仪式公投,OPEN,0
社会,双星系,③内太阳系,私档,01权力更迭,OPEN,0
社会,双星系,③内太阳系,私档,02配给政治,OPEN,0
社会,双星系,③内太阳系,私档,03殖民离心,OPEN,0
社会,双星系,③内太阳系,私档,04违禁治安,OPEN,0
社会,双星系,③内太阳系,私档,05社群解构,OPEN,0
社会,双星系,③内太阳系,私档,06身份界定,OPEN,0
社会,双星系,③内太阳系,私档,07仪式公投,OPEN,0
社会,双星系,③内太阳系,互济,01权力更迭,OPEN,0
社会,双星系,③内太阳系,互济,02配给政治,OPEN,0
社会,双星系,③内太阳系,互济,03殖民离心,OPEN,0
社会,双星系,③内太阳系,互济,04违禁治安,OPEN,0
社会,双星系,③内太阳系,互济,05社群解构,OPEN,0
社会,双星系,③内太阳系,互济,06身份界定,OPEN,0
社会,双星系,③内太阳系,互济,07仪式公投,OPEN,0
社会,双星系,③内太阳系,商贸,01权力更迭,OPEN,0
社会,双星系,③内太阳系,商贸,02配给政治,OPEN,0
社会,双星系,③内太阳系,商贸,03殖民离心,OPEN,0
社会,双星系,③内太阳系,商贸,04违禁治安,OPEN,0
社会,双星系,③内太阳系,商贸,05社群解构,OPEN,0
社会,双星系,③内太阳系,商贸,06身份界定,OPEN,0
社会,双星系,③内太阳系,商贸,07仪式公投,OPEN,0
社会,双星系,③内太阳系,工技,01权力更迭,OPEN,0
社会,双星系,③内太阳系,工技,02配给政治,OPEN,0
社会,双星系,③内太阳系,工技,03殖民离心,OPEN,0
社会,双星系,③内太阳系,工技,04违禁治安,OPEN,0
社会,双星系,③内太阳系,工技,05社群解构,OPEN,0
社会,双星系,③内太阳系,工技,06身份界定,OPEN,0
社会,双星系,③内太阳系,工技,07仪式公投,OPEN,0
社会,双星系,③内太阳系,科医,01权力更迭,OPEN,0
社会,双星系,③内太阳系,科医,02配给政治,OPEN,0
社会,双星系,③内太阳系,科医,03殖民离心,OPEN,0
社会,双星系,③内太阳系,科医,04违禁治安,OPEN,0
社会,双星系,③内太阳系,科医,05社群解构,OPEN,0
社会,双星系,③内太阳系,科医,06身份界定,OPEN,0
社会,双星系,③内太阳系,科医,07仪式公投,OPEN,0
社会,双星系,④深空,官档,01权力更迭,PART,1
社会,双星系,④深空,官档,02配给政治,OPEN,0
社会,双星系,④深空,官档,03殖民离心,OPEN,0
社会,双星系,④深空,官档,04违禁治安,OPEN,0
社会,双星系,④深空,官档,05社群解构,OPEN,0
社会,双星系,④深空,官档,06身份界定,OPEN,0
社会,双星系,④深空,官档,07仪式公投,OPEN,0
社会,双星系,④深空,私档,01权力更迭,OPEN,0
社会,双星系,④深空,私档,02配给政治,OPEN,0
社会,双星系,④深空,私档,03殖民离心,OPEN,0
社会,双星系,④深空,私档,04违禁治安,OPEN,0
社会,双星系,④深空,私档,05社群解构,OPEN,0
社会,双星系,④深空,私档,06身份界定,OPEN,0
社会,双星系,④深空,私档,07仪式公投,OPEN,0
社会,双星系,④深空,互济,01权力更迭,OPEN,0
社会,双星系,④深空,互济,02配给政治,OPEN,0
社会,双星系,④深空,互济,03殖民离心,OPEN,0
社会,双星系,④深空,互济,04违禁治安,OPEN,0
社会,双星系,④深空,互济,05社群解构,OPEN,0
社会,双星系,④深空,互济,06身份界定,OPEN,0
社会,双星系,④深空,互济,07仪式公投,OPEN,0
社会,双星系,④深空,商贸,01权力更迭,OPEN,0
社会,双星系,④深空,商贸,02配给政治,OPEN,0
社会,双星系,④深空,商贸,03殖民离心,OPEN,0
社会,双星系,④深空,商贸,04违禁治安,OPEN,0
社会,双星系,④深空,商贸,05社群解构,OPEN,0
社会,双星系,④深空,商贸,06身份界定,OPEN,0
社会,双星系,④深空,商贸,07仪式公投,OPEN,0
社会,双星系,④深空,工技,01权力更迭,OPEN,0
社会,双星系,④深空,工技,02配给政治,OPEN,0
社会,双星系,④深空,工技,03殖民离心,OPEN,0
社会,双星系,④深空,工技,04违禁治安,OPEN,0
社会,双星系,④深空,工技,05社群解构,OPEN,0
社会,双星系,④深空,工技,06身份界定,OPEN,0
社会,双星系,④深空,工技,07仪式公投,OPEN,0
社会,双星系,④深空,科医,01权力更迭,OPEN,0
社会,双星系,④深空,科医,02配给政治,OPEN,0
社会,双星系,④深空,科医,03殖民离心,OPEN,0
社会,双星系,④深空,科医,04违禁治安,OPEN,0
社会,双星系,④深空,科医,05社群解构,OPEN,0
社会,双星系,④深空,科医,06身份界定,OPEN,0
社会,双星系,④深空,科医,07仪式公投,OPEN,0
社会,双星系,⑤比邻星,官档,01权力更迭,PART,1
社会,双星系,⑤比邻星,官档,02配给政治,OPEN,0
社会,双星系,⑤比邻星,官档,03殖民离心,OPEN,0
社会,双星系,⑤比邻星,官档,04违禁治安,OPEN,0
社会,双星系,⑤比邻星,官档,05社群解构,OPEN,0
社会,双星系,⑤比邻星,官档,06身份界定,OPEN,0
社会,双星系,⑤比邻星,官档,07仪式公投,OPEN,0
社会,双星系,⑤比邻星,私档,01权力更迭,OPEN,0
社会,双星系,⑤比邻星,私档,02配给政治,OPEN,0
社会,双星系,⑤比邻星,私档,03殖民离心,OPEN,0
社会,双星系,⑤比邻星,私档,04违禁治安,OPEN,0
社会,双星系,⑤比邻星,私档,05社群解构,OPEN,0
社会,双星系,⑤比邻星,私档,06身份界定,OPEN,0
社会,双星系,⑤比邻星,私档,07仪式公投,OPEN,0
社会,双星系,⑤比邻星,互济,01权力更迭,OPEN,0
社会,双星系,⑤比邻星,互济,02配给政治,OPEN,0
社会,双星系,⑤比邻星,互济,03殖民离心,OPEN,0
社会,双星系,⑤比邻星,互济,04违禁治安,OPEN,0
社会,双星系,⑤比邻星,互济,05社群解构,OPEN,0
社会,双星系,⑤比邻星,互济,06身份界定,OPEN,0
社会,双星系,⑤比邻星,互济,07仪式公投,OPEN,0
社会,双星系,⑤比邻星,商贸,01权力更迭,OPEN,0
社会,双星系,⑤比邻星,商贸,02配给政治,OPEN,0
社会,双星系,⑤比邻星,商贸,03殖民离心,OPEN,0
社会,双星系,⑤比邻星,商贸,04违禁治安,OPEN,0
社会,双星系,⑤比邻星,商贸,05社群解构,OPEN,0
社会,双星系,⑤比邻星,商贸,06身份界定,OPEN,0
社会,双星系,⑤比邻星,商贸,07仪式公投,OPEN,0
社会,双星系,⑤比邻星,工技,01权力更迭,OPEN,0
社会,双星系,⑤比邻星,工技,02配给政治,OPEN,0
社会,双星系,⑤比邻星,工技,03殖民离心,OPEN,0
社会,双星系,⑤比邻星,工技,04违禁治安,OPEN,0
社会,双星系,⑤比邻星,工技,05社群解构,OPEN,0
社会,双星系,⑤比邻星,工技,06身份界定,OPEN,0
社会,双星系,⑤比邻星,工技,07仪式公投,OPEN,0
社会,双星系,⑤比邻星,科医,01权力更迭,OPEN,0
社会,双星系,⑤比邻星,科医,02配给政治,OPEN,0
社会,双星系,⑤比邻星,科医,03殖民离心,OPEN,0
社会,双星系,⑤比邻星,科医,04违禁治安,OPEN,0
社会,双星系,⑤比邻星,科医,05社群解构,OPEN,0
社会,双星系,⑤比邻星,科医,06身份界定,OPEN,0
社会,双星系,⑤比邻星,科医,07仪式公投,OPEN,0
经济,替代,①地球,官档,01意义资产,PART,1
经济,替代,①地球,官档,02物质配给,OPEN,0
经济,替代,①地球,官档,03暗舱黑市,OPEN,0
经济,替代,①地球,官档,04贸易关税,OPEN,0
经济,替代,①地球,官档,05具名工时,OPEN,0
经济,替代,①地球,官档,06残值回收,OPEN,0
经济,替代,①地球,官档,07风险平准,OPEN,0
经济,替代,①地球,私档,01意义资产,OPEN,0
经济,替代,①地球,私档,02物质配给,OPEN,0
经济,替代,①地球,私档,03暗舱黑市,OPEN,0
经济,替代,①地球,私档,04贸易关税,OPEN,0
经济,替代,①地球,私档,05具名工时,OPEN,0
经济,替代,①地球,私档,06残值回收,OPEN,0
经济,替代,①地球,私档,07风险平准,OPEN,0
经济,替代,①地球,互济,01意义资产,OPEN,0
经济,替代,①地球,互济,02物质配给,OPEN,0
经济,替代,①地球,互济,03暗舱黑市,OPEN,0
经济,替代,①地球,互济,04贸易关税,OPEN,0
经济,替代,①地球,互济,05具名工时,OPEN,0
经济,替代,①地球,互济,06残值回收,OPEN,0
经济,替代,①地球,互济,07风险平准,OPEN,0
经济,替代,①地球,商贸,01意义资产,OPEN,0
经济,替代,①地球,商贸,02物质配给,OPEN,0
经济,替代,①地球,商贸,03暗舱黑市,OPEN,0
经济,替代,①地球,商贸,04贸易关税,OPEN,0
经济,替代,①地球,商贸,05具名工时,OPEN,0
经济,替代,①地球,商贸,06残值回收,OPEN,0
经济,替代,①地球,商贸,07风险平准,OPEN,0
经济,替代,①地球,工技,01意义资产,OPEN,0
经济,替代,①地球,工技,02物质配给,OPEN,0
经济,替代,①地球,工技,03暗舱黑市,OPEN,0
经济,替代,①地球,工技,04贸易关税,OPEN,0
经济,替代,①地球,工技,05具名工时,OPEN,0
经济,替代,①地球,工技,06残值回收,OPEN,0
经济,替代,①地球,工技,07风险平准,OPEN,0
经济,替代,①地球,科医,01意义资产,OPEN,0
经济,替代,①地球,科医,02物质配给,OPEN,0
经济,替代,①地球,科医,03暗舱黑市,OPEN,0
经济,替代,①地球,科医,04贸易关税,OPEN,0
经济,替代,①地球,科医,05具名工时,OPEN,0
经济,替代,①地球,科医,06残值回收,OPEN,0
经济,替代,①地球,科医,07风险平准,OPEN,0
经济,替代,②地月系,官档,01意义资产,PART,1
经济,替代,②地月系,官档,02物质配给,OPEN,0
经济,替代,②地月系,官档,03暗舱黑市,OPEN,0
经济,替代,②地月系,官档,04贸易关税,OPEN,0
经济,替代,②地月系,官档,05具名工时,OPEN,0
经济,替代,②地月系,官档,06残值回收,OPEN,0
经济,替代,②地月系,官档,07风险平准,OPEN,0
经济,替代,②地月系,私档,01意义资产,OPEN,0
经济,替代,②地月系,私档,02物质配给,OPEN,0
经济,替代,②地月系,私档,03暗舱黑市,OPEN,0
经济,替代,②地月系,私档,04贸易关税,OPEN,0
经济,替代,②地月系,私档,05具名工时,OPEN,0
经济,替代,②地月系,私档,06残值回收,OPEN,0
经济,替代,②地月系,私档,07风险平准,OPEN,0
经济,替代,②地月系,互济,01意义资产,OPEN,0
经济,替代,②地月系,互济,02物质配给,OPEN,0
经济,替代,②地月系,互济,03暗舱黑市,OPEN,0
经济,替代,②地月系,互济,04贸易关税,OPEN,0
经济,替代,②地月系,互济,05具名工时,OPEN,0
经济,替代,②地月系,互济,06残值回收,OPEN,0
经济,替代,②地月系,互济,07风险平准,OPEN,0
经济,替代,②地月系,商贸,01意义资产,OPEN,0
经济,替代,②地月系,商贸,02物质配给,OPEN,0
经济,替代,②地月系,商贸,03暗舱黑市,OPEN,0
经济,替代,②地月系,商贸,04贸易关税,OPEN,0
经济,替代,②地月系,商贸,05具名工时,OPEN,0
经济,替代,②地月系,商贸,06残值回收,OPEN,0
经济,替代,②地月系,商贸,07风险平准,OPEN,0
经济,替代,②地月系,工技,01意义资产,OPEN,0
经济,替代,②地月系,工技,02物质配给,OPEN,0
经济,替代,②地月系,工技,03暗舱黑市,OPEN,0
经济,替代,②地月系,工技,04贸易关税,OPEN,0
经济,替代,②地月系,工技,05具名工时,OPEN,0
经济,替代,②地月系,工技,06残值回收,OPEN,0
经济,替代,②地月系,工技,07风险平准,OPEN,0
经济,替代,②地月系,科医,01意义资产,OPEN,0
经济,替代,②地月系,科医,02物质配给,OPEN,0
经济,替代,②地月系,科医,03暗舱黑市,OPEN,0
经济,替代,②地月系,科医,04贸易关税,OPEN,0
经济,替代,②地月系,科医,05具名工时,OPEN,0
经济,替代,②地月系,科医,06残值回收,OPEN,0
经济,替代,②地月系,科医,07风险平准,OPEN,0
经济,替代,③内太阳系,官档,01意义资产,PART,1
经济,替代,③内太阳系,官档,02物质配给,OPEN,0
经济,替代,③内太阳系,官档,03暗舱黑市,OPEN,0
经济,替代,③内太阳系,官档,04贸易关税,OPEN,0
经济,替代,③内太阳系,官档,05具名工时,OPEN,0
经济,替代,③内太阳系,官档,06残值回收,OPEN,0
经济,替代,③内太阳系,官档,07风险平准,OPEN,0
经济,替代,③内太阳系,私档,01意义资产,OPEN,0
经济,替代,③内太阳系,私档,02物质配给,OPEN,0
经济,替代,③内太阳系,私档,03暗舱黑市,OPEN,0
经济,替代,③内太阳系,私档,04贸易关税,OPEN,0
经济,替代,③内太阳系,私档,05具名工时,OPEN,0
经济,替代,③内太阳系,私档,06残值回收,OPEN,0
经济,替代,③内太阳系,私档,07风险平准,OPEN,0
经济,替代,③内太阳系,互济,01意义资产,OPEN,0
经济,替代,③内太阳系,互济,02物质配给,OPEN,0
经济,替代,③内太阳系,互济,03暗舱黑市,OPEN,0
经济,替代,③内太阳系,互济,04贸易关税,OPEN,0
经济,替代,③内太阳系,互济,05具名工时,OPEN,0
经济,替代,③内太阳系,互济,06残值回收,OPEN,0
经济,替代,③内太阳系,互济,07风险平准,OPEN,0
经济,替代,③内太阳系,商贸,01意义资产,OPEN,0
经济,替代,③内太阳系,商贸,02物质配给,OPEN,0
经济,替代,③内太阳系,商贸,03暗舱黑市,OPEN,0
经济,替代,③内太阳系,商贸,04贸易关税,OPEN,0
经济,替代,③内太阳系,商贸,05具名工时,OPEN,0
经济,替代,③内太阳系,商贸,06残值回收,OPEN,0
经济,替代,③内太阳系,商贸,07风险平准,OPEN,0
经济,替代,③内太阳系,工技,01意义资产,OPEN,0
经济,替代,③内太阳系,工技,02物质配给,OPEN,0
经济,替代,③内太阳系,工技,03暗舱黑市,OPEN,0
经济,替代,③内太阳系,工技,04贸易关税,OPEN,0
经济,替代,③内太阳系,工技,05具名工时,OPEN,0
经济,替代,③内太阳系,工技,06残值回收,OPEN,0
经济,替代,③内太阳系,工技,07风险平准,OPEN,0
经济,替代,③内太阳系,科医,01意义资产,OPEN,0
经济,替代,③内太阳系,科医,02物质配给,OPEN,0
经济,替代,③内太阳系,科医,03暗舱黑市,OPEN,0
经济,替代,③内太阳系,科医,04贸易关税,OPEN,0
经济,替代,③内太阳系,科医,05具名工时,OPEN,0
经济,替代,③内太阳系,科医,06残值回收,OPEN,0
经济,替代,③内太阳系,科医,07风险平准,OPEN,0
经济,替代,④深空,官档,01意义资产,PART,1
经济,替代,④深空,官档,02物质配给,OPEN,0
经济,替代,④深空,官档,03暗舱黑市,OPEN,0
经济,替代,④深空,官档,04贸易关税,OPEN,0
经济,替代,④深空,官档,05具名工时,OPEN,0
经济,替代,④深空,官档,06残值回收,OPEN,0
经济,替代,④深空,官档,07风险平准,OPEN,0
经济,替代,④深空,私档,01意义资产,OPEN,0
经济,替代,④深空,私档,02物质配给,OPEN,0
经济,替代,④深空,私档,03暗舱黑市,OPEN,0
经济,替代,④深空,私档,04贸易关税,OPEN,0
经济,替代,④深空,私档,05具名工时,OPEN,0
经济,替代,④深空,私档,06残值回收,OPEN,0
经济,替代,④深空,私档,07风险平准,OPEN,0
经济,替代,④深空,互济,01意义资产,OPEN,0
经济,替代,④深空,互济,02物质配给,OPEN,0
经济,替代,④深空,互济,03暗舱黑市,OPEN,0
经济,替代,④深空,互济,04贸易关税,OPEN,0
经济,替代,④深空,互济,05具名工时,OPEN,0
经济,替代,④深空,互济,06残值回收,OPEN,0
经济,替代,④深空,互济,07风险平准,OPEN,0
经济,替代,④深空,商贸,01意义资产,OPEN,0
经济,替代,④深空,商贸,02物质配给,OPEN,0
经济,替代,④深空,商贸,03暗舱黑市,OPEN,0
经济,替代,④深空,商贸,04贸易关税,OPEN,0
经济,替代,④深空,商贸,05具名工时,OPEN,0
经济,替代,④深空,商贸,06残值回收,OPEN,0
经济,替代,④深空,商贸,07风险平准,OPEN,0
经济,替代,④深空,工技,01意义资产,OPEN,0
经济,替代,④深空,工技,02物质配给,OPEN,0
经济,替代,④深空,工技,03暗舱黑市,OPEN,0
经济,替代,④深空,工技,04贸易关税,OPEN,0
经济,替代,④深空,工技,05具名工时,OPEN,0
经济,替代,④深空,工技,06残值回收,OPEN,0
经济,替代,④深空,工技,07风险平准,OPEN,0
经济,替代,④深空,科医,01意义资产,OPEN,0
经济,替代,④深空,科医,02物质配给,OPEN,0
经济,替代,④深空,科医,03暗舱黑市,OPEN,0
经济,替代,④深空,科医,04贸易关税,OPEN,0
经济,替代,④深空,科医,05具名工时,OPEN,0
经济,替代,④深空,科医,06残值回收,OPEN,0
经济,替代,④深空,科医,07风险平准,OPEN,0
经济,替代,⑤比邻星,官档,01意义资产,PART,1
经济,替代,⑤比邻星,官档,02物质配给,OPEN,0
经济,替代,⑤比邻星,官档,03暗舱黑市,OPEN,0
经济,替代,⑤比邻星,官档,04贸易关税,OPEN,0
经济,替代,⑤比邻星,官档,05具名工时,OPEN,0
经济,替代,⑤比邻星,官档,06残值回收,OPEN,0
经济,替代,⑤比邻星,官档,07风险平准,OPEN,0
经济,替代,⑤比邻星,私档,01意义资产,OPEN,0
经济,替代,⑤比邻星,私档,02物质配给,OPEN,0
经济,替代,⑤比邻星,私档,03暗舱黑市,OPEN,0
经济,替代,⑤比邻星,私档,04贸易关税,OPEN,0
经济,替代,⑤比邻星,私档,05具名工时,OPEN,0
经济,替代,⑤比邻星,私档,06残值回收,OPEN,0
经济,替代,⑤比邻星,私档,07风险平准,OPEN,0
经济,替代,⑤比邻星,互济,01意义资产,OPEN,0
经济,替代,⑤比邻星,互济,02物质配给,OPEN,0
经济,替代,⑤比邻星,互济,03暗舱黑市,OPEN,0
经济,替代,⑤比邻星,互济,04贸易关税,OPEN,0
经济,替代,⑤比邻星,互济,05具名工时,OPEN,0
经济,替代,⑤比邻星,互济,06残值回收,OPEN,0
经济,替代,⑤比邻星,互济,07风险平准,OPEN,0
经济,替代,⑤比邻星,商贸,01意义资产,OPEN,0
经济,替代,⑤比邻星,商贸,02物质配给,OPEN,0
经济,替代,⑤比邻星,商贸,03暗舱黑市,OPEN,0
经济,替代,⑤比邻星,商贸,04贸易关税,OPEN,0
经济,替代,⑤比邻星,商贸,05具名工时,OPEN,0
经济,替代,⑤比邻星,商贸,06残值回收,OPEN,0
经济,替代,⑤比邻星,商贸,07风险平准,OPEN,0
经济,替代,⑤比邻星,工技,01意义资产,OPEN,0
经济,替代,⑤比邻星,工技,02物质配给,OPEN,0
经济,替代,⑤比邻星,工技,03暗舱黑市,OPEN,0
经济,替代,⑤比邻星,工技,04贸易关税,OPEN,0
经济,替代,⑤比邻星,工技,05具名工时,OPEN,0
经济,替代,⑤比邻星,工技,06残值回收,OPEN,0
经济,替代,⑤比邻星,工技,07风险平准,OPEN,0
经济,替代,⑤比邻星,科医,01意义资产,OPEN,0
经济,替代,⑤比邻星,科医,02物质配给,OPEN,0
经济,替代,⑤比邻星,科医,03暗舱黑市,OPEN,0
经济,替代,⑤比邻星,科医,04贸易关税,OPEN,0
经济,替代,⑤比邻星,科医,05具名工时,OPEN,0
经济,替代,⑤比邻星,科医,06残值回收,OPEN,0
经济,替代,⑤比邻星,科医,07风险平准,OPEN,0
经济,竞赛,①地球,官档,01意义资产,PART,1
经济,竞赛,①地球,官档,02物质配给,OPEN,0
经济,竞赛,①地球,官档,03暗舱黑市,OPEN,0
经济,竞赛,①地球,官档,04贸易关税,OPEN,0
经济,竞赛,①地球,官档,05具名工时,OPEN,0
经济,竞赛,①地球,官档,06残值回收,OPEN,0
经济,竞赛,①地球,官档,07风险平准,OPEN,0
经济,竞赛,①地球,私档,01意义资产,OPEN,0
经济,竞赛,①地球,私档,02物质配给,OPEN,0
经济,竞赛,①地球,私档,03暗舱黑市,OPEN,0
经济,竞赛,①地球,私档,04贸易关税,OPEN,0
经济,竞赛,①地球,私档,05具名工时,OPEN,0
经济,竞赛,①地球,私档,06残值回收,OPEN,0
经济,竞赛,①地球,私档,07风险平准,OPEN,0
经济,竞赛,①地球,互济,01意义资产,OPEN,0
经济,竞赛,①地球,互济,02物质配给,OPEN,0
经济,竞赛,①地球,互济,03暗舱黑市,OPEN,0
经济,竞赛,①地球,互济,04贸易关税,OPEN,0
经济,竞赛,①地球,互济,05具名工时,OPEN,0
经济,竞赛,①地球,互济,06残值回收,OPEN,0
经济,竞赛,①地球,互济,07风险平准,OPEN,0
经济,竞赛,①地球,商贸,01意义资产,OPEN,0
经济,竞赛,①地球,商贸,02物质配给,OPEN,0
经济,竞赛,①地球,商贸,03暗舱黑市,OPEN,0
经济,竞赛,①地球,商贸,04贸易关税,OPEN,0
经济,竞赛,①地球,商贸,05具名工时,OPEN,0
经济,竞赛,①地球,商贸,06残值回收,OPEN,0
经济,竞赛,①地球,商贸,07风险平准,OPEN,0
经济,竞赛,①地球,工技,01意义资产,OPEN,0
经济,竞赛,①地球,工技,02物质配给,OPEN,0
经济,竞赛,①地球,工技,03暗舱黑市,OPEN,0
经济,竞赛,①地球,工技,04贸易关税,OPEN,0
经济,竞赛,①地球,工技,05具名工时,OPEN,0
经济,竞赛,①地球,工技,06残值回收,OPEN,0
经济,竞赛,①地球,工技,07风险平准,OPEN,0
经济,竞赛,①地球,科医,01意义资产,OPEN,0
经济,竞赛,①地球,科医,02物质配给,OPEN,0
经济,竞赛,①地球,科医,03暗舱黑市,OPEN,0
经济,竞赛,①地球,科医,04贸易关税,OPEN,0
经济,竞赛,①地球,科医,05具名工时,OPEN,0
经济,竞赛,①地球,科医,06残值回收,OPEN,0
经济,竞赛,①地球,科医,07风险平准,OPEN,0
经济,竞赛,②地月系,官档,01意义资产,PART,1
经济,竞赛,②地月系,官档,02物质配给,OPEN,0
经济,竞赛,②地月系,官档,03暗舱黑市,OPEN,0
经济,竞赛,②地月系,官档,04贸易关税,OPEN,0
经济,竞赛,②地月系,官档,05具名工时,OPEN,0
经济,竞赛,②地月系,官档,06残值回收,OPEN,0
经济,竞赛,②地月系,官档,07风险平准,OPEN,0
经济,竞赛,②地月系,私档,01意义资产,OPEN,0
经济,竞赛,②地月系,私档,02物质配给,OPEN,0
经济,竞赛,②地月系,私档,03暗舱黑市,OPEN,0
经济,竞赛,②地月系,私档,04贸易关税,OPEN,0
经济,竞赛,②地月系,私档,05具名工时,OPEN,0
经济,竞赛,②地月系,私档,06残值回收,OPEN,0
经济,竞赛,②地月系,私档,07风险平准,OPEN,0
经济,竞赛,②地月系,互济,01意义资产,OPEN,0
经济,竞赛,②地月系,互济,02物质配给,OPEN,0
经济,竞赛,②地月系,互济,03暗舱黑市,OPEN,0
经济,竞赛,②地月系,互济,04贸易关税,OPEN,0
经济,竞赛,②地月系,互济,05具名工时,OPEN,0
经济,竞赛,②地月系,互济,06残值回收,OPEN,0
经济,竞赛,②地月系,互济,07风险平准,OPEN,0
经济,竞赛,②地月系,商贸,01意义资产,OPEN,0
经济,竞赛,②地月系,商贸,02物质配给,OPEN,0
经济,竞赛,②地月系,商贸,03暗舱黑市,OPEN,0
经济,竞赛,②地月系,商贸,04贸易关税,OPEN,0
经济,竞赛,②地月系,商贸,05具名工时,OPEN,0
经济,竞赛,②地月系,商贸,06残值回收,OPEN,0
经济,竞赛,②地月系,商贸,07风险平准,OPEN,0
经济,竞赛,②地月系,工技,01意义资产,OPEN,0
经济,竞赛,②地月系,工技,02物质配给,OPEN,0
经济,竞赛,②地月系,工技,03暗舱黑市,OPEN,0
经济,竞赛,②地月系,工技,04贸易关税,OPEN,0
经济,竞赛,②地月系,工技,05具名工时,OPEN,0
经济,竞赛,②地月系,工技,06残值回收,OPEN,0
经济,竞赛,②地月系,工技,07风险平准,OPEN,0
经济,竞赛,②地月系,科医,01意义资产,OPEN,0
经济,竞赛,②地月系,科医,02物质配给,OPEN,0
经济,竞赛,②地月系,科医,03暗舱黑市,OPEN,0
经济,竞赛,②地月系,科医,04贸易关税,OPEN,0
经济,竞赛,②地月系,科医,05具名工时,OPEN,0
经济,竞赛,②地月系,科医,06残值回收,OPEN,0
经济,竞赛,②地月系,科医,07风险平准,OPEN,0
经济,竞赛,③内太阳系,官档,01意义资产,PART,2
经济,竞赛,③内太阳系,官档,02物质配给,OPEN,0
经济,竞赛,③内太阳系,官档,03暗舱黑市,OPEN,0
经济,竞赛,③内太阳系,官档,04贸易关税,OPEN,0
经济,竞赛,③内太阳系,官档,05具名工时,OPEN,0
经济,竞赛,③内太阳系,官档,06残值回收,OPEN,0
经济,竞赛,③内太阳系,官档,07风险平准,OPEN,0
经济,竞赛,③内太阳系,私档,01意义资产,OPEN,0
经济,竞赛,③内太阳系,私档,02物质配给,OPEN,0
经济,竞赛,③内太阳系,私档,03暗舱黑市,OPEN,0
经济,竞赛,③内太阳系,私档,04贸易关税,OPEN,0
经济,竞赛,③内太阳系,私档,05具名工时,OPEN,0
经济,竞赛,③内太阳系,私档,06残值回收,OPEN,0
经济,竞赛,③内太阳系,私档,07风险平准,OPEN,0
经济,竞赛,③内太阳系,互济,01意义资产,OPEN,0
经济,竞赛,③内太阳系,互济,02物质配给,OPEN,0
经济,竞赛,③内太阳系,互济,03暗舱黑市,OPEN,0
经济,竞赛,③内太阳系,互济,04贸易关税,OPEN,0
经济,竞赛,③内太阳系,互济,05具名工时,OPEN,0
经济,竞赛,③内太阳系,互济,06残值回收,OPEN,0
经济,竞赛,③内太阳系,互济,07风险平准,OPEN,0
经济,竞赛,③内太阳系,商贸,01意义资产,OPEN,0
经济,竞赛,③内太阳系,商贸,02物质配给,OPEN,0
经济,竞赛,③内太阳系,商贸,03暗舱黑市,OPEN,0
经济,竞赛,③内太阳系,商贸,04贸易关税,OPEN,0
经济,竞赛,③内太阳系,商贸,05具名工时,OPEN,0
经济,竞赛,③内太阳系,商贸,06残值回收,OPEN,0
经济,竞赛,③内太阳系,商贸,07风险平准,OPEN,0
经济,竞赛,③内太阳系,工技,01意义资产,OPEN,0
经济,竞赛,③内太阳系,工技,02物质配给,OPEN,0
经济,竞赛,③内太阳系,工技,03暗舱黑市,OPEN,0
经济,竞赛,③内太阳系,工技,04贸易关税,OPEN,0
经济,竞赛,③内太阳系,工技,05具名工时,OPEN,0
经济,竞赛,③内太阳系,工技,06残值回收,OPEN,0
经济,竞赛,③内太阳系,工技,07风险平准,OPEN,0
经济,竞赛,③内太阳系,科医,01意义资产,OPEN,0
经济,竞赛,③内太阳系,科医,02物质配给,OPEN,0
经济,竞赛,③内太阳系,科医,03暗舱黑市,OPEN,0
经济,竞赛,③内太阳系,科医,04贸易关税,OPEN,0
经济,竞赛,③内太阳系,科医,05具名工时,OPEN,0
经济,竞赛,③内太阳系,科医,06残值回收,OPEN,0
经济,竞赛,③内太阳系,科医,07风险平准,OPEN,0
经济,竞赛,④深空,官档,01意义资产,PART,1
经济,竞赛,④深空,官档,02物质配给,OPEN,0
经济,竞赛,④深空,官档,03暗舱黑市,OPEN,0
经济,竞赛,④深空,官档,04贸易关税,OPEN,0
经济,竞赛,④深空,官档,05具名工时,OPEN,0
经济,竞赛,④深空,官档,06残值回收,OPEN,0
经济,竞赛,④深空,官档,07风险平准,OPEN,0
经济,竞赛,④深空,私档,01意义资产,OPEN,0
经济,竞赛,④深空,私档,02物质配给,OPEN,0
经济,竞赛,④深空,私档,03暗舱黑市,OPEN,0
经济,竞赛,④深空,私档,04贸易关税,OPEN,0
经济,竞赛,④深空,私档,05具名工时,OPEN,0
经济,竞赛,④深空,私档,06残值回收,OPEN,0
经济,竞赛,④深空,私档,07风险平准,OPEN,0
经济,竞赛,④深空,互济,01意义资产,OPEN,0
经济,竞赛,④深空,互济,02物质配给,OPEN,0
经济,竞赛,④深空,互济,03暗舱黑市,OPEN,0
经济,竞赛,④深空,互济,04贸易关税,OPEN,0
经济,竞赛,④深空,互济,05具名工时,OPEN,0
经济,竞赛,④深空,互济,06残值回收,OPEN,0
经济,竞赛,④深空,互济,07风险平准,OPEN,0
经济,竞赛,④深空,商贸,01意义资产,OPEN,0
经济,竞赛,④深空,商贸,02物质配给,OPEN,0
经济,竞赛,④深空,商贸,03暗舱黑市,OPEN,0
经济,竞赛,④深空,商贸,04贸易关税,OPEN,0
经济,竞赛,④深空,商贸,05具名工时,OPEN,0
经济,竞赛,④深空,商贸,06残值回收,OPEN,0
经济,竞赛,④深空,商贸,07风险平准,OPEN,0
经济,竞赛,④深空,工技,01意义资产,OPEN,0
经济,竞赛,④深空,工技,02物质配给,OPEN,0
经济,竞赛,④深空,工技,03暗舱黑市,OPEN,0
经济,竞赛,④深空,工技,04贸易关税,OPEN,0
经济,竞赛,④深空,工技,05具名工时,OPEN,0
经济,竞赛,④深空,工技,06残值回收,OPEN,0
经济,竞赛,④深空,工技,07风险平准,OPEN,0
经济,竞赛,④深空,科医,01意义资产,OPEN,0
经济,竞赛,④深空,科医,02物质配给,OPEN,0
经济,竞赛,④深空,科医,03暗舱黑市,OPEN,0
经济,竞赛,④深空,科医,04贸易关税,OPEN,0
经济,竞赛,④深空,科医,05具名工时,OPEN,0
经济,竞赛,④深空,科医,06残值回收,OPEN,0
经济,竞赛,④深空,科医,07风险平准,OPEN,0
经济,竞赛,⑤比邻星,官档,01意义资产,PART,1
经济,竞赛,⑤比邻星,官档,02物质配给,OPEN,0
经济,竞赛,⑤比邻星,官档,03暗舱黑市,OPEN,0
经济,竞赛,⑤比邻星,官档,04贸易关税,OPEN,0
经济,竞赛,⑤比邻星,官档,05具名工时,OPEN,0
经济,竞赛,⑤比邻星,官档,06残值回收,OPEN,0
经济,竞赛,⑤比邻星,官档,07风险平准,OPEN,0
经济,竞赛,⑤比邻星,私档,01意义资产,OPEN,0
经济,竞赛,⑤比邻星,私档,02物质配给,OPEN,0
经济,竞赛,⑤比邻星,私档,03暗舱黑市,OPEN,0
经济,竞赛,⑤比邻星,私档,04贸易关税,OPEN,0
经济,竞赛,⑤比邻星,私档,05具名工时,OPEN,0
经济,竞赛,⑤比邻星,私档,06残值回收,OPEN,0
经济,竞赛,⑤比邻星,私档,07风险平准,OPEN,0
经济,竞赛,⑤比邻星,互济,01意义资产,OPEN,0
经济,竞赛,⑤比邻星,互济,02物质配给,OPEN,0
经济,竞赛,⑤比邻星,互济,03暗舱黑市,OPEN,0
经济,竞赛,⑤比邻星,互济,04贸易关税,OPEN,0
经济,竞赛,⑤比邻星,互济,05具名工时,OPEN,0
经济,竞赛,⑤比邻星,互济,06残值回收,OPEN,0
经济,竞赛,⑤比邻星,互济,07风险平准,OPEN,0
经济,竞赛,⑤比邻星,商贸,01意义资产,OPEN,0
经济,竞赛,⑤比邻星,商贸,02物质配给,OPEN,0
经济,竞赛,⑤比邻星,商贸,03暗舱黑市,OPEN,0
经济,竞赛,⑤比邻星,商贸,04贸易关税,OPEN,0
经济,竞赛,⑤比邻星,商贸,05具名工时,OPEN,0
经济,竞赛,⑤比邻星,商贸,06残值回收,OPEN,0
经济,竞赛,⑤比邻星,商贸,07风险平准,OPEN,0
经济,竞赛,⑤比邻星,工技,01意义资产,OPEN,0
经济,竞赛,⑤比邻星,工技,02物质配给,OPEN,0
经济,竞赛,⑤比邻星,工技,03暗舱黑市,OPEN,0
经济,竞赛,⑤比邻星,工技,04贸易关税,OPEN,0
经济,竞赛,⑤比邻星,工技,05具名工时,OPEN,0
经济,竞赛,⑤比邻星,工技,06残值回收,OPEN,0
经济,竞赛,⑤比邻星,工技,07风险平准,OPEN,0
经济,竞赛,⑤比邻星,科医,01意义资产,OPEN,0
经济,竞赛,⑤比邻星,科医,02物质配给,OPEN,0
经济,竞赛,⑤比邻星,科医,03暗舱黑市,OPEN,0
经济,竞赛,⑤比邻星,科医,04贸易关税,OPEN,0
经济,竞赛,⑤比邻星,科医,05具名工时,OPEN,0
经济,竞赛,⑤比邻星,科医,06残值回收,OPEN,0
经济,竞赛,⑤比邻星,科医,07风险平准,OPEN,0
经济,丰裕,①地球,官档,01意义资产,PART,2
经济,丰裕,①地球,官档,02物质配给,OPEN,0
经济,丰裕,①地球,官档,03暗舱黑市,OPEN,0
经济,丰裕,①地球,官档,04贸易关税,OPEN,0
经济,丰裕,①地球,官档,05具名工时,OPEN,0
经济,丰裕,①地球,官档,06残值回收,OPEN,0
经济,丰裕,①地球,官档,07风险平准,OPEN,0
经济,丰裕,①地球,私档,01意义资产,OPEN,0
经济,丰裕,①地球,私档,02物质配给,OPEN,0
经济,丰裕,①地球,私档,03暗舱黑市,OPEN,0
经济,丰裕,①地球,私档,04贸易关税,OPEN,0
经济,丰裕,①地球,私档,05具名工时,OPEN,0
经济,丰裕,①地球,私档,06残值回收,OPEN,0
经济,丰裕,①地球,私档,07风险平准,OPEN,0
经济,丰裕,①地球,互济,01意义资产,OPEN,0
经济,丰裕,①地球,互济,02物质配给,OPEN,0
经济,丰裕,①地球,互济,03暗舱黑市,OPEN,0
经济,丰裕,①地球,互济,04贸易关税,OPEN,0
经济,丰裕,①地球,互济,05具名工时,OPEN,0
经济,丰裕,①地球,互济,06残值回收,OPEN,0
经济,丰裕,①地球,互济,07风险平准,OPEN,0
经济,丰裕,①地球,商贸,01意义资产,OPEN,0
经济,丰裕,①地球,商贸,02物质配给,OPEN,0
经济,丰裕,①地球,商贸,03暗舱黑市,OPEN,0
经济,丰裕,①地球,商贸,04贸易关税,OPEN,0
经济,丰裕,①地球,商贸,05具名工时,OPEN,0
经济,丰裕,①地球,商贸,06残值回收,OPEN,0
经济,丰裕,①地球,商贸,07风险平准,OPEN,0
经济,丰裕,①地球,工技,01意义资产,OPEN,0
经济,丰裕,①地球,工技,02物质配给,OPEN,0
经济,丰裕,①地球,工技,03暗舱黑市,OPEN,0
经济,丰裕,①地球,工技,04贸易关税,OPEN,0
经济,丰裕,①地球,工技,05具名工时,OPEN,0
经济,丰裕,①地球,工技,06残值回收,OPEN,0
经济,丰裕,①地球,工技,07风险平准,OPEN,0
经济,丰裕,①地球,科医,01意义资产,OPEN,0
经济,丰裕,①地球,科医,02物质配给,OPEN,0
经济,丰裕,①地球,科医,03暗舱黑市,OPEN,0
经济,丰裕,①地球,科医,04贸易关税,OPEN,0
经济,丰裕,①地球,科医,05具名工时,OPEN,0
经济,丰裕,①地球,科医,06残值回收,OPEN,0
经济,丰裕,①地球,科医,07风险平准,OPEN,0
经济,丰裕,②地月系,官档,01意义资产,PART,1
经济,丰裕,②地月系,官档,02物质配给,OPEN,0
经济,丰裕,②地月系,官档,03暗舱黑市,OPEN,0
经济,丰裕,②地月系,官档,04贸易关税,OPEN,0
经济,丰裕,②地月系,官档,05具名工时,OPEN,0
经济,丰裕,②地月系,官档,06残值回收,OPEN,0
经济,丰裕,②地月系,官档,07风险平准,OPEN,0
经济,丰裕,②地月系,私档,01意义资产,OPEN,0
经济,丰裕,②地月系,私档,02物质配给,OPEN,0
经济,丰裕,②地月系,私档,03暗舱黑市,OPEN,0
经济,丰裕,②地月系,私档,04贸易关税,OPEN,0
经济,丰裕,②地月系,私档,05具名工时,OPEN,0
经济,丰裕,②地月系,私档,06残值回收,OPEN,0
经济,丰裕,②地月系,私档,07风险平准,OPEN,0
经济,丰裕,②地月系,互济,01意义资产,OPEN,0
经济,丰裕,②地月系,互济,02物质配给,OPEN,0
经济,丰裕,②地月系,互济,03暗舱黑市,OPEN,0
经济,丰裕,②地月系,互济,04贸易关税,OPEN,0
经济,丰裕,②地月系,互济,05具名工时,OPEN,0
经济,丰裕,②地月系,互济,06残值回收,OPEN,0
经济,丰裕,②地月系,互济,07风险平准,OPEN,0
经济,丰裕,②地月系,商贸,01意义资产,OPEN,0
经济,丰裕,②地月系,商贸,02物质配给,OPEN,0
经济,丰裕,②地月系,商贸,03暗舱黑市,OPEN,0
经济,丰裕,②地月系,商贸,04贸易关税,OPEN,0
经济,丰裕,②地月系,商贸,05具名工时,OPEN,0
经济,丰裕,②地月系,商贸,06残值回收,OPEN,0
经济,丰裕,②地月系,商贸,07风险平准,OPEN,0
经济,丰裕,②地月系,工技,01意义资产,OPEN,0
经济,丰裕,②地月系,工技,02物质配给,OPEN,0
经济,丰裕,②地月系,工技,03暗舱黑市,OPEN,0
经济,丰裕,②地月系,工技,04贸易关税,OPEN,0
经济,丰裕,②地月系,工技,05具名工时,OPEN,0
经济,丰裕,②地月系,工技,06残值回收,OPEN,0
经济,丰裕,②地月系,工技,07风险平准,OPEN,0
经济,丰裕,②地月系,科医,01意义资产,OPEN,0
经济,丰裕,②地月系,科医,02物质配给,OPEN,0
经济,丰裕,②地月系,科医,03暗舱黑市,OPEN,0
经济,丰裕,②地月系,科医,04贸易关税,OPEN,0
经济,丰裕,②地月系,科医,05具名工时,OPEN,0
经济,丰裕,②地月系,科医,06残值回收,OPEN,0
经济,丰裕,②地月系,科医,07风险平准,OPEN,0
经济,丰裕,③内太阳系,官档,01意义资产,PART,1
经济,丰裕,③内太阳系,官档,02物质配给,OPEN,0
经济,丰裕,③内太阳系,官档,03暗舱黑市,OPEN,0
经济,丰裕,③内太阳系,官档,04贸易关税,OPEN,0
经济,丰裕,③内太阳系,官档,05具名工时,OPEN,0
经济,丰裕,③内太阳系,官档,06残值回收,OPEN,0
经济,丰裕,③内太阳系,官档,07风险平准,OPEN,0
经济,丰裕,③内太阳系,私档,01意义资产,OPEN,0
经济,丰裕,③内太阳系,私档,02物质配给,OPEN,0
经济,丰裕,③内太阳系,私档,03暗舱黑市,OPEN,0
经济,丰裕,③内太阳系,私档,04贸易关税,OPEN,0
经济,丰裕,③内太阳系,私档,05具名工时,OPEN,0
经济,丰裕,③内太阳系,私档,06残值回收,OPEN,0
经济,丰裕,③内太阳系,私档,07风险平准,OPEN,0
经济,丰裕,③内太阳系,互济,01意义资产,OPEN,0
经济,丰裕,③内太阳系,互济,02物质配给,OPEN,0
经济,丰裕,③内太阳系,互济,03暗舱黑市,OPEN,0
经济,丰裕,③内太阳系,互济,04贸易关税,OPEN,0
经济,丰裕,③内太阳系,互济,05具名工时,OPEN,0
经济,丰裕,③内太阳系,互济,06残值回收,OPEN,0
经济,丰裕,③内太阳系,互济,07风险平准,OPEN,0
经济,丰裕,③内太阳系,商贸,01意义资产,OPEN,0
经济,丰裕,③内太阳系,商贸,02物质配给,OPEN,0
经济,丰裕,③内太阳系,商贸,03暗舱黑市,OPEN,0
经济,丰裕,③内太阳系,商贸,04贸易关税,OPEN,0
经济,丰裕,③内太阳系,商贸,05具名工时,OPEN,0
经济,丰裕,③内太阳系,商贸,06残值回收,OPEN,0
经济,丰裕,③内太阳系,商贸,07风险平准,OPEN,0
经济,丰裕,③内太阳系,工技,01意义资产,OPEN,0
经济,丰裕,③内太阳系,工技,02物质配给,OPEN,0
经济,丰裕,③内太阳系,工技,03暗舱黑市,OPEN,0
经济,丰裕,③内太阳系,工技,04贸易关税,OPEN,0
经济,丰裕,③内太阳系,工技,05具名工时,OPEN,0
经济,丰裕,③内太阳系,工技,06残值回收,OPEN,0
经济,丰裕,③内太阳系,工技,07风险平准,OPEN,0
经济,丰裕,③内太阳系,科医,01意义资产,OPEN,0
经济,丰裕,③内太阳系,科医,02物质配给,OPEN,0
经济,丰裕,③内太阳系,科医,03暗舱黑市,OPEN,0
经济,丰裕,③内太阳系,科医,04贸易关税,OPEN,0
经济,丰裕,③内太阳系,科医,05具名工时,OPEN,0
经济,丰裕,③内太阳系,科医,06残值回收,OPEN,0
经济,丰裕,③内太阳系,科医,07风险平准,OPEN,0
经济,丰裕,④深空,官档,01意义资产,PART,1
经济,丰裕,④深空,官档,02物质配给,OPEN,0
经济,丰裕,④深空,官档,03暗舱黑市,OPEN,0
经济,丰裕,④深空,官档,04贸易关税,OPEN,0
经济,丰裕,④深空,官档,05具名工时,OPEN,0
经济,丰裕,④深空,官档,06残值回收,OPEN,0
经济,丰裕,④深空,官档,07风险平准,OPEN,0
经济,丰裕,④深空,私档,01意义资产,OPEN,0
经济,丰裕,④深空,私档,02物质配给,OPEN,0
经济,丰裕,④深空,私档,03暗舱黑市,OPEN,0
经济,丰裕,④深空,私档,04贸易关税,OPEN,0
经济,丰裕,④深空,私档,05具名工时,OPEN,0
经济,丰裕,④深空,私档,06残值回收,OPEN,0
经济,丰裕,④深空,私档,07风险平准,OPEN,0
经济,丰裕,④深空,互济,01意义资产,OPEN,0
经济,丰裕,④深空,互济,02物质配给,OPEN,0
经济,丰裕,④深空,互济,03暗舱黑市,OPEN,0
经济,丰裕,④深空,互济,04贸易关税,OPEN,0
经济,丰裕,④深空,互济,05具名工时,OPEN,0
经济,丰裕,④深空,互济,06残值回收,OPEN,0
经济,丰裕,④深空,互济,07风险平准,OPEN,0
经济,丰裕,④深空,商贸,01意义资产,OPEN,0
经济,丰裕,④深空,商贸,02物质配给,OPEN,0
经济,丰裕,④深空,商贸,03暗舱黑市,OPEN,0
经济,丰裕,④深空,商贸,04贸易关税,OPEN,0
经济,丰裕,④深空,商贸,05具名工时,OPEN,0
经济,丰裕,④深空,商贸,06残值回收,OPEN,0
经济,丰裕,④深空,商贸,07风险平准,OPEN,0
经济,丰裕,④深空,工技,01意义资产,OPEN,0
经济,丰裕,④深空,工技,02物质配给,OPEN,0
经济,丰裕,④深空,工技,03暗舱黑市,OPEN,0
经济,丰裕,④深空,工技,04贸易关税,OPEN,0
经济,丰裕,④深空,工技,05具名工时,OPEN,0
经济,丰裕,④深空,工技,06残值回收,OPEN,0
经济,丰裕,④深空,工技,07风险平准,OPEN,0
经济,丰裕,④深空,科医,01意义资产,OPEN,0
经济,丰裕,④深空,科医,02物质配给,OPEN,0
经济,丰裕,④深空,科医,03暗舱黑市,OPEN,0
经济,丰裕,④深空,科医,04贸易关税,OPEN,0
经济,丰裕,④深空,科医,05具名工时,OPEN,0
经济,丰裕,④深空,科医,06残值回收,OPEN,0
经济,丰裕,④深空,科医,07风险平准,OPEN,0
经济,丰裕,⑤比邻星,官档,01意义资产,PART,1
经济,丰裕,⑤比邻星,官档,02物质配给,OPEN,0
经济,丰裕,⑤比邻星,官档,03暗舱黑市,OPEN,0
经济,丰裕,⑤比邻星,官档,04贸易关税,OPEN,0
经济,丰裕,⑤比邻星,官档,05具名工时,OPEN,0
经济,丰裕,⑤比邻星,官档,06残值回收,OPEN,0
经济,丰裕,⑤比邻星,官档,07风险平准,OPEN,0
经济,丰裕,⑤比邻星,私档,01意义资产,OPEN,0
经济,丰裕,⑤比邻星,私档,02物质配给,OPEN,0
经济,丰裕,⑤比邻星,私档,03暗舱黑市,OPEN,0
经济,丰裕,⑤比邻星,私档,04贸易关税,OPEN,0
经济,丰裕,⑤比邻星,私档,05具名工时,OPEN,0
经济,丰裕,⑤比邻星,私档,06残值回收,OPEN,0
经济,丰裕,⑤比邻星,私档,07风险平准,OPEN,0
经济,丰裕,⑤比邻星,互济,01意义资产,OPEN,0
经济,丰裕,⑤比邻星,互济,02物质配给,OPEN,0
经济,丰裕,⑤比邻星,互济,03暗舱黑市,OPEN,0
经济,丰裕,⑤比邻星,互济,04贸易关税,OPEN,0
经济,丰裕,⑤比邻星,互济,05具名工时,OPEN,0
经济,丰裕,⑤比邻星,互济,06残值回收,OPEN,0
经济,丰裕,⑤比邻星,互济,07风险平准,OPEN,0
经济,丰裕,⑤比邻星,商贸,01意义资产,OPEN,0
经济,丰裕,⑤比邻星,商贸,02物质配给,OPEN,0
经济,丰裕,⑤比邻星,商贸,03暗舱黑市,OPEN,0
经济,丰裕,⑤比邻星,商贸,04贸易关税,OPEN,0
经济,丰裕,⑤比邻星,商贸,05具名工时,OPEN,0
经济,丰裕,⑤比邻星,商贸,06残值回收,OPEN,0
经济,丰裕,⑤比邻星,商贸,07风险平准,OPEN,0
经济,丰裕,⑤比邻星,工技,01意义资产,OPEN,0
经济,丰裕,⑤比邻星,工技,02物质配给,OPEN,0
经济,丰裕,⑤比邻星,工技,03暗舱黑市,OPEN,0
经济,丰裕,⑤比邻星,工技,04贸易关税,OPEN,0
经济,丰裕,⑤比邻星,工技,05具名工时,OPEN,0
经济,丰裕,⑤比邻星,工技,06残值回收,OPEN,0
经济,丰裕,⑤比邻星,工技,07风险平准,OPEN,0
经济,丰裕,⑤比邻星,科医,01意义资产,OPEN,0
经济,丰裕,⑤比邻星,科医,02物质配给,OPEN,0
经济,丰裕,⑤比邻星,科医,03暗舱黑市,OPEN,0
经济,丰裕,⑤比邻星,科医,04贸易关税,OPEN,0
经济,丰裕,⑤比邻星,科医,05具名工时,OPEN,0
经济,丰裕,⑤比邻星,科医,06残值回收,OPEN,0
经济,丰裕,⑤比邻星,科医,07风险平准,OPEN,0
经济,离心,①地球,官档,01意义资产,PART,1
经济,离心,①地球,官档,02物质配给,OPEN,0
经济,离心,①地球,官档,03暗舱黑市,OPEN,0
经济,离心,①地球,官档,04贸易关税,OPEN,0
经济,离心,①地球,官档,05具名工时,OPEN,0
经济,离心,①地球,官档,06残值回收,OPEN,0
经济,离心,①地球,官档,07风险平准,OPEN,0
经济,离心,①地球,私档,01意义资产,OPEN,0
经济,离心,①地球,私档,02物质配给,OPEN,0
经济,离心,①地球,私档,03暗舱黑市,OPEN,0
经济,离心,①地球,私档,04贸易关税,OPEN,0
经济,离心,①地球,私档,05具名工时,OPEN,0
经济,离心,①地球,私档,06残值回收,OPEN,0
经济,离心,①地球,私档,07风险平准,OPEN,0
经济,离心,①地球,互济,01意义资产,OPEN,0
经济,离心,①地球,互济,02物质配给,OPEN,0
经济,离心,①地球,互济,03暗舱黑市,OPEN,0
经济,离心,①地球,互济,04贸易关税,OPEN,0
经济,离心,①地球,互济,05具名工时,OPEN,0
经济,离心,①地球,互济,06残值回收,OPEN,0
经济,离心,①地球,互济,07风险平准,OPEN,0
经济,离心,①地球,商贸,01意义资产,OPEN,0
经济,离心,①地球,商贸,02物质配给,OPEN,0
经济,离心,①地球,商贸,03暗舱黑市,OPEN,0
经济,离心,①地球,商贸,04贸易关税,OPEN,0
经济,离心,①地球,商贸,05具名工时,OPEN,0
经济,离心,①地球,商贸,06残值回收,OPEN,0
经济,离心,①地球,商贸,07风险平准,OPEN,0
经济,离心,①地球,工技,01意义资产,OPEN,0
经济,离心,①地球,工技,02物质配给,OPEN,0
经济,离心,①地球,工技,03暗舱黑市,OPEN,0
经济,离心,①地球,工技,04贸易关税,OPEN,0
经济,离心,①地球,工技,05具名工时,OPEN,0
经济,离心,①地球,工技,06残值回收,OPEN,0
经济,离心,①地球,工技,07风险平准,OPEN,0
经济,离心,①地球,科医,01意义资产,OPEN,0
经济,离心,①地球,科医,02物质配给,OPEN,0
经济,离心,①地球,科医,03暗舱黑市,OPEN,0
经济,离心,①地球,科医,04贸易关税,OPEN,0
经济,离心,①地球,科医,05具名工时,OPEN,0
经济,离心,①地球,科医,06残值回收,OPEN,0
经济,离心,①地球,科医,07风险平准,OPEN,0
经济,离心,②地月系,官档,01意义资产,PART,1
经济,离心,②地月系,官档,02物质配给,OPEN,0
经济,离心,②地月系,官档,03暗舱黑市,OPEN,0
经济,离心,②地月系,官档,04贸易关税,OPEN,0
经济,离心,②地月系,官档,05具名工时,OPEN,0
经济,离心,②地月系,官档,06残值回收,OPEN,0
经济,离心,②地月系,官档,07风险平准,OPEN,0
经济,离心,②地月系,私档,01意义资产,OPEN,0
经济,离心,②地月系,私档,02物质配给,OPEN,0
经济,离心,②地月系,私档,03暗舱黑市,OPEN,0
经济,离心,②地月系,私档,04贸易关税,OPEN,0
经济,离心,②地月系,私档,05具名工时,OPEN,0
经济,离心,②地月系,私档,06残值回收,OPEN,0
经济,离心,②地月系,私档,07风险平准,OPEN,0
经济,离心,②地月系,互济,01意义资产,OPEN,0
经济,离心,②地月系,互济,02物质配给,OPEN,0
经济,离心,②地月系,互济,03暗舱黑市,OPEN,0
经济,离心,②地月系,互济,04贸易关税,OPEN,0
经济,离心,②地月系,互济,05具名工时,OPEN,0
经济,离心,②地月系,互济,06残值回收,OPEN,0
经济,离心,②地月系,互济,07风险平准,OPEN,0
经济,离心,②地月系,商贸,01意义资产,OPEN,0
经济,离心,②地月系,商贸,02物质配给,OPEN,0
经济,离心,②地月系,商贸,03暗舱黑市,OPEN,0
经济,离心,②地月系,商贸,04贸易关税,OPEN,0
经济,离心,②地月系,商贸,05具名工时,OPEN,0
经济,离心,②地月系,商贸,06残值回收,OPEN,0
经济,离心,②地月系,商贸,07风险平准,OPEN,0
经济,离心,②地月系,工技,01意义资产,OPEN,0
经济,离心,②地月系,工技,02物质配给,OPEN,0
经济,离心,②地月系,工技,03暗舱黑市,OPEN,0
经济,离心,②地月系,工技,04贸易关税,OPEN,0
经济,离心,②地月系,工技,05具名工时,OPEN,0
经济,离心,②地月系,工技,06残值回收,OPEN,0
经济,离心,②地月系,工技,07风险平准,OPEN,0
经济,离心,②地月系,科医,01意义资产,OPEN,0
经济,离心,②地月系,科医,02物质配给,OPEN,0
经济,离心,②地月系,科医,03暗舱黑市,OPEN,0
经济,离心,②地月系,科医,04贸易关税,OPEN,0
经济,离心,②地月系,科医,05具名工时,OPEN,0
经济,离心,②地月系,科医,06残值回收,OPEN,0
经济,离心,②地月系,科医,07风险平准,OPEN,0
经济,离心,③内太阳系,官档,01意义资产,PART,1
经济,离心,③内太阳系,官档,02物质配给,OPEN,0
经济,离心,③内太阳系,官档,03暗舱黑市,OPEN,0
经济,离心,③内太阳系,官档,04贸易关税,OPEN,0
经济,离心,③内太阳系,官档,05具名工时,OPEN,0
经济,离心,③内太阳系,官档,06残值回收,OPEN,0
经济,离心,③内太阳系,官档,07风险平准,OPEN,0
经济,离心,③内太阳系,私档,01意义资产,OPEN,0
经济,离心,③内太阳系,私档,02物质配给,OPEN,0
经济,离心,③内太阳系,私档,03暗舱黑市,OPEN,0
经济,离心,③内太阳系,私档,04贸易关税,OPEN,0
经济,离心,③内太阳系,私档,05具名工时,OPEN,0
经济,离心,③内太阳系,私档,06残值回收,OPEN,0
经济,离心,③内太阳系,私档,07风险平准,OPEN,0
经济,离心,③内太阳系,互济,01意义资产,OPEN,0
经济,离心,③内太阳系,互济,02物质配给,OPEN,0
经济,离心,③内太阳系,互济,03暗舱黑市,OPEN,0
经济,离心,③内太阳系,互济,04贸易关税,OPEN,0
经济,离心,③内太阳系,互济,05具名工时,OPEN,0
经济,离心,③内太阳系,互济,06残值回收,OPEN,0
经济,离心,③内太阳系,互济,07风险平准,OPEN,0
经济,离心,③内太阳系,商贸,01意义资产,OPEN,0
经济,离心,③内太阳系,商贸,02物质配给,OPEN,0
经济,离心,③内太阳系,商贸,03暗舱黑市,OPEN,0
经济,离心,③内太阳系,商贸,04贸易关税,OPEN,0
经济,离心,③内太阳系,商贸,05具名工时,OPEN,0
经济,离心,③内太阳系,商贸,06残值回收,OPEN,0
经济,离心,③内太阳系,商贸,07风险平准,OPEN,0
经济,离心,③内太阳系,工技,01意义资产,OPEN,0
经济,离心,③内太阳系,工技,02物质配给,OPEN,0
经济,离心,③内太阳系,工技,03暗舱黑市,OPEN,0
经济,离心,③内太阳系,工技,04贸易关税,OPEN,0
经济,离心,③内太阳系,工技,05具名工时,OPEN,0
经济,离心,③内太阳系,工技,06残值回收,OPEN,0
经济,离心,③内太阳系,工技,07风险平准,OPEN,0
经济,离心,③内太阳系,科医,01意义资产,OPEN,0
经济,离心,③内太阳系,科医,02物质配给,OPEN,0
经济,离心,③内太阳系,科医,03暗舱黑市,OPEN,0
经济,离心,③内太阳系,科医,04贸易关税,OPEN,0
经济,离心,③内太阳系,科医,05具名工时,OPEN,0
经济,离心,③内太阳系,科医,06残值回收,OPEN,0
经济,离心,③内太阳系,科医,07风险平准,OPEN,0
经济,离心,④深空,官档,01意义资产,PART,1
经济,离心,④深空,官档,02物质配给,OPEN,0
经济,离心,④深空,官档,03暗舱黑市,OPEN,0
经济,离心,④深空,官档,04贸易关税,OPEN,0
经济,离心,④深空,官档,05具名工时,OPEN,0
经济,离心,④深空,官档,06残值回收,OPEN,0
经济,离心,④深空,官档,07风险平准,OPEN,0
经济,离心,④深空,私档,01意义资产,OPEN,0
经济,离心,④深空,私档,02物质配给,OPEN,0
经济,离心,④深空,私档,03暗舱黑市,OPEN,0
经济,离心,④深空,私档,04贸易关税,OPEN,0
经济,离心,④深空,私档,05具名工时,OPEN,0
经济,离心,④深空,私档,06残值回收,OPEN,0
经济,离心,④深空,私档,07风险平准,OPEN,0
经济,离心,④深空,互济,01意义资产,OPEN,0
经济,离心,④深空,互济,02物质配给,OPEN,0
经济,离心,④深空,互济,03暗舱黑市,OPEN,0
经济,离心,④深空,互济,04贸易关税,OPEN,0
经济,离心,④深空,互济,05具名工时,OPEN,0
经济,离心,④深空,互济,06残值回收,OPEN,0
经济,离心,④深空,互济,07风险平准,OPEN,0
经济,离心,④深空,商贸,01意义资产,OPEN,0
经济,离心,④深空,商贸,02物质配给,OPEN,0
经济,离心,④深空,商贸,03暗舱黑市,OPEN,0
经济,离心,④深空,商贸,04贸易关税,OPEN,0
经济,离心,④深空,商贸,05具名工时,OPEN,0
经济,离心,④深空,商贸,06残值回收,OPEN,0
经济,离心,④深空,商贸,07风险平准,OPEN,0
经济,离心,④深空,工技,01意义资产,OPEN,0
经济,离心,④深空,工技,02物质配给,OPEN,0
经济,离心,④深空,工技,03暗舱黑市,OPEN,0
经济,离心,④深空,工技,04贸易关税,OPEN,0
经济,离心,④深空,工技,05具名工时,OPEN,0
经济,离心,④深空,工技,06残值回收,OPEN,0
经济,离心,④深空,工技,07风险平准,OPEN,0
经济,离心,④深空,科医,01意义资产,OPEN,0
经济,离心,④深空,科医,02物质配给,OPEN,0
经济,离心,④深空,科医,03暗舱黑市,OPEN,0
经济,离心,④深空,科医,04贸易关税,OPEN,0
经济,离心,④深空,科医,05具名工时,OPEN,0
经济,离心,④深空,科医,06残值回收,OPEN,0
经济,离心,④深空,科医,07风险平准,OPEN,0
经济,离心,⑤比邻星,官档,01意义资产,PART,1
经济,离心,⑤比邻星,官档,02物质配给,OPEN,0
经济,离心,⑤比邻星,官档,03暗舱黑市,OPEN,0
经济,离心,⑤比邻星,官档,04贸易关税,OPEN,0
经济,离心,⑤比邻星,官档,05具名工时,OPEN,0
经济,离心,⑤比邻星,官档,06残值回收,OPEN,0
经济,离心,⑤比邻星,官档,07风险平准,OPEN,0
经济,离心,⑤比邻星,私档,01意义资产,OPEN,0
经济,离心,⑤比邻星,私档,02物质配给,OPEN,0
经济,离心,⑤比邻星,私档,03暗舱黑市,OPEN,0
经济,离心,⑤比邻星,私档,04贸易关税,OPEN,0
经济,离心,⑤比邻星,私档,05具名工时,OPEN,0
经济,离心,⑤比邻星,私档,06残值回收,OPEN,0
经济,离心,⑤比邻星,私档,07风险平准,OPEN,0
经济,离心,⑤比邻星,互济,01意义资产,OPEN,0
经济,离心,⑤比邻星,互济,02物质配给,OPEN,0
经济,离心,⑤比邻星,互济,03暗舱黑市,OPEN,0
经济,离心,⑤比邻星,互济,04贸易关税,OPEN,0
经济,离心,⑤比邻星,互济,05具名工时,OPEN,0
经济,离心,⑤比邻星,互济,06残值回收,OPEN,0
经济,离心,⑤比邻星,互济,07风险平准,OPEN,0
经济,离心,⑤比邻星,商贸,01意义资产,OPEN,0
经济,离心,⑤比邻星,商贸,02物质配给,OPEN,0
经济,离心,⑤比邻星,商贸,03暗舱黑市,OPEN,0
经济,离心,⑤比邻星,商贸,04贸易关税,OPEN,0
经济,离心,⑤比邻星,商贸,05具名工时,OPEN,0
经济,离心,⑤比邻星,商贸,06残值回收,OPEN,0
经济,离心,⑤比邻星,商贸,07风险平准,OPEN,0
经济,离心,⑤比邻星,工技,01意义资产,OPEN,0
经济,离心,⑤比邻星,工技,02物质配给,OPEN,0
经济,离心,⑤比邻星,工技,03暗舱黑市,OPEN,0
经济,离心,⑤比邻星,工技,04贸易关税,OPEN,0
经济,离心,⑤比邻星,工技,05具名工时,OPEN,0
经济,离心,⑤比邻星,工技,06残值回收,OPEN,0
经济,离心,⑤比邻星,工技,07风险平准,OPEN,0
经济,离心,⑤比邻星,科医,01意义资产,OPEN,0
经济,离心,⑤比邻星,科医,02物质配给,OPEN,0
经济,离心,⑤比邻星,科医,03暗舱黑市,OPEN,0
经济,离心,⑤比邻星,科医,04贸易关税,OPEN,0
经济,离心,⑤比邻星,科医,05具名工时,OPEN,0
经济,离心,⑤比邻星,科医,06残值回收,OPEN,0
经济,离心,⑤比邻星,科医,07风险平准,OPEN,0
经济,启航,①地球,官档,01意义资产,PART,1
经济,启航,①地球,官档,02物质配给,OPEN,0
经济,启航,①地球,官档,03暗舱黑市,OPEN,0
经济,启航,①地球,官档,04贸易关税,OPEN,0
经济,启航,①地球,官档,05具名工时,OPEN,0
经济,启航,①地球,官档,06残值回收,OPEN,0
经济,启航,①地球,官档,07风险平准,OPEN,0
经济,启航,①地球,私档,01意义资产,OPEN,0
经济,启航,①地球,私档,02物质配给,OPEN,0
经济,启航,①地球,私档,03暗舱黑市,OPEN,0
经济,启航,①地球,私档,04贸易关税,OPEN,0
经济,启航,①地球,私档,05具名工时,OPEN,0
经济,启航,①地球,私档,06残值回收,OPEN,0
经济,启航,①地球,私档,07风险平准,OPEN,0
经济,启航,①地球,互济,01意义资产,OPEN,0
经济,启航,①地球,互济,02物质配给,OPEN,0
经济,启航,①地球,互济,03暗舱黑市,OPEN,0
经济,启航,①地球,互济,04贸易关税,OPEN,0
经济,启航,①地球,互济,05具名工时,OPEN,0
经济,启航,①地球,互济,06残值回收,OPEN,0
经济,启航,①地球,互济,07风险平准,OPEN,0
经济,启航,①地球,商贸,01意义资产,OPEN,0
经济,启航,①地球,商贸,02物质配给,OPEN,0
经济,启航,①地球,商贸,03暗舱黑市,OPEN,0
经济,启航,①地球,商贸,04贸易关税,OPEN,0
经济,启航,①地球,商贸,05具名工时,OPEN,0
经济,启航,①地球,商贸,06残值回收,OPEN,0
经济,启航,①地球,商贸,07风险平准,OPEN,0
经济,启航,①地球,工技,01意义资产,OPEN,0
经济,启航,①地球,工技,02物质配给,OPEN,0
经济,启航,①地球,工技,03暗舱黑市,OPEN,0
经济,启航,①地球,工技,04贸易关税,OPEN,0
经济,启航,①地球,工技,05具名工时,OPEN,0
经济,启航,①地球,工技,06残值回收,OPEN,0
经济,启航,①地球,工技,07风险平准,OPEN,0
经济,启航,①地球,科医,01意义资产,OPEN,0
经济,启航,①地球,科医,02物质配给,OPEN,0
经济,启航,①地球,科医,03暗舱黑市,OPEN,0
经济,启航,①地球,科医,04贸易关税,OPEN,0
经济,启航,①地球,科医,05具名工时,OPEN,0
经济,启航,①地球,科医,06残值回收,OPEN,0
经济,启航,①地球,科医,07风险平准,OPEN,0
经济,启航,②地月系,官档,01意义资产,PART,1
经济,启航,②地月系,官档,02物质配给,OPEN,0
经济,启航,②地月系,官档,03暗舱黑市,OPEN,0
经济,启航,②地月系,官档,04贸易关税,OPEN,0
经济,启航,②地月系,官档,05具名工时,OPEN,0
经济,启航,②地月系,官档,06残值回收,OPEN,0
经济,启航,②地月系,官档,07风险平准,OPEN,0
经济,启航,②地月系,私档,01意义资产,OPEN,0
经济,启航,②地月系,私档,02物质配给,OPEN,0
经济,启航,②地月系,私档,03暗舱黑市,OPEN,0
经济,启航,②地月系,私档,04贸易关税,OPEN,0
经济,启航,②地月系,私档,05具名工时,OPEN,0
经济,启航,②地月系,私档,06残值回收,OPEN,0
经济,启航,②地月系,私档,07风险平准,OPEN,0
经济,启航,②地月系,互济,01意义资产,OPEN,0
经济,启航,②地月系,互济,02物质配给,OPEN,0
经济,启航,②地月系,互济,03暗舱黑市,OPEN,0
经济,启航,②地月系,互济,04贸易关税,OPEN,0
经济,启航,②地月系,互济,05具名工时,OPEN,0
经济,启航,②地月系,互济,06残值回收,OPEN,0
经济,启航,②地月系,互济,07风险平准,OPEN,0
经济,启航,②地月系,商贸,01意义资产,OPEN,0
经济,启航,②地月系,商贸,02物质配给,OPEN,0
经济,启航,②地月系,商贸,03暗舱黑市,OPEN,0
经济,启航,②地月系,商贸,04贸易关税,OPEN,0
经济,启航,②地月系,商贸,05具名工时,OPEN,0
经济,启航,②地月系,商贸,06残值回收,OPEN,0
经济,启航,②地月系,商贸,07风险平准,OPEN,0
经济,启航,②地月系,工技,01意义资产,OPEN,0
经济,启航,②地月系,工技,02物质配给,OPEN,0
经济,启航,②地月系,工技,03暗舱黑市,OPEN,0
经济,启航,②地月系,工技,04贸易关税,OPEN,0
经济,启航,②地月系,工技,05具名工时,OPEN,0
经济,启航,②地月系,工技,06残值回收,OPEN,0
经济,启航,②地月系,工技,07风险平准,OPEN,0
经济,启航,②地月系,科医,01意义资产,OPEN,0
经济,启航,②地月系,科医,02物质配给,OPEN,0
经济,启航,②地月系,科医,03暗舱黑市,OPEN,0
经济,启航,②地月系,科医,04贸易关税,OPEN,0
经济,启航,②地月系,科医,05具名工时,OPEN,0
经济,启航,②地月系,科医,06残值回收,OPEN,0
经济,启航,②地月系,科医,07风险平准,OPEN,0
经济,启航,③内太阳系,官档,01意义资产,PART,1
经济,启航,③内太阳系,官档,02物质配给,OPEN,0
经济,启航,③内太阳系,官档,03暗舱黑市,OPEN,0
经济,启航,③内太阳系,官档,04贸易关税,OPEN,0
经济,启航,③内太阳系,官档,05具名工时,OPEN,0
经济,启航,③内太阳系,官档,06残值回收,OPEN,0
经济,启航,③内太阳系,官档,07风险平准,OPEN,0
经济,启航,③内太阳系,私档,01意义资产,OPEN,0
经济,启航,③内太阳系,私档,02物质配给,OPEN,0
经济,启航,③内太阳系,私档,03暗舱黑市,OPEN,0
经济,启航,③内太阳系,私档,04贸易关税,OPEN,0
经济,启航,③内太阳系,私档,05具名工时,OPEN,0
经济,启航,③内太阳系,私档,06残值回收,OPEN,0
经济,启航,③内太阳系,私档,07风险平准,OPEN,0
经济,启航,③内太阳系,互济,01意义资产,OPEN,0
经济,启航,③内太阳系,互济,02物质配给,OPEN,0
经济,启航,③内太阳系,互济,03暗舱黑市,OPEN,0
经济,启航,③内太阳系,互济,04贸易关税,OPEN,0
经济,启航,③内太阳系,互济,05具名工时,OPEN,0
经济,启航,③内太阳系,互济,06残值回收,OPEN,0
经济,启航,③内太阳系,互济,07风险平准,OPEN,0
经济,启航,③内太阳系,商贸,01意义资产,OPEN,0
经济,启航,③内太阳系,商贸,02物质配给,OPEN,0
经济,启航,③内太阳系,商贸,03暗舱黑市,OPEN,0
经济,启航,③内太阳系,商贸,04贸易关税,OPEN,0
经济,启航,③内太阳系,商贸,05具名工时,OPEN,0
经济,启航,③内太阳系,商贸,06残值回收,OPEN,0
经济,启航,③内太阳系,商贸,07风险平准,OPEN,0
经济,启航,③内太阳系,工技,01意义资产,OPEN,0
经济,启航,③内太阳系,工技,02物质配给,OPEN,0
经济,启航,③内太阳系,工技,03暗舱黑市,OPEN,0
经济,启航,③内太阳系,工技,04贸易关税,OPEN,0
经济,启航,③内太阳系,工技,05具名工时,OPEN,0
经济,启航,③内太阳系,工技,06残值回收,OPEN,0
经济,启航,③内太阳系,工技,07风险平准,OPEN,0
经济,启航,③内太阳系,科医,01意义资产,OPEN,0
经济,启航,③内太阳系,科医,02物质配给,OPEN,0
经济,启航,③内太阳系,科医,03暗舱黑市,OPEN,0
经济,启航,③内太阳系,科医,04贸易关税,OPEN,0
经济,启航,③内太阳系,科医,05具名工时,OPEN,0
经济,启航,③内太阳系,科医,06残值回收,OPEN,0
经济,启航,③内太阳系,科医,07风险平准,OPEN,0
经济,启航,④深空,官档,01意义资产,PART,1
经济,启航,④深空,官档,02物质配给,OPEN,0
经济,启航,④深空,官档,03暗舱黑市,OPEN,0
经济,启航,④深空,官档,04贸易关税,OPEN,0
经济,启航,④深空,官档,05具名工时,OPEN,0
经济,启航,④深空,官档,06残值回收,OPEN,0
经济,启航,④深空,官档,07风险平准,OPEN,0
经济,启航,④深空,私档,01意义资产,OPEN,0
经济,启航,④深空,私档,02物质配给,OPEN,0
经济,启航,④深空,私档,03暗舱黑市,OPEN,0
经济,启航,④深空,私档,04贸易关税,OPEN,0
经济,启航,④深空,私档,05具名工时,OPEN,0
经济,启航,④深空,私档,06残值回收,OPEN,0
经济,启航,④深空,私档,07风险平准,OPEN,0
经济,启航,④深空,互济,01意义资产,OPEN,0
经济,启航,④深空,互济,02物质配给,OPEN,0
经济,启航,④深空,互济,03暗舱黑市,OPEN,0
经济,启航,④深空,互济,04贸易关税,OPEN,0
经济,启航,④深空,互济,05具名工时,OPEN,0
经济,启航,④深空,互济,06残值回收,OPEN,0
经济,启航,④深空,互济,07风险平准,OPEN,0
经济,启航,④深空,商贸,01意义资产,OPEN,0
经济,启航,④深空,商贸,02物质配给,OPEN,0
经济,启航,④深空,商贸,03暗舱黑市,OPEN,0
经济,启航,④深空,商贸,04贸易关税,OPEN,0
经济,启航,④深空,商贸,05具名工时,OPEN,0
经济,启航,④深空,商贸,06残值回收,OPEN,0
经济,启航,④深空,商贸,07风险平准,OPEN,0
经济,启航,④深空,工技,01意义资产,OPEN,0
经济,启航,④深空,工技,02物质配给,OPEN,0
经济,启航,④深空,工技,03暗舱黑市,OPEN,0
经济,启航,④深空,工技,04贸易关税,OPEN,0
经济,启航,④深空,工技,05具名工时,OPEN,0
经济,启航,④深空,工技,06残值回收,OPEN,0
经济,启航,④深空,工技,07风险平准,OPEN,0
经济,启航,④深空,科医,01意义资产,OPEN,0
经济,启航,④深空,科医,02物质配给,OPEN,0
经济,启航,④深空,科医,03暗舱黑市,OPEN,0
经济,启航,④深空,科医,04贸易关税,OPEN,0
经济,启航,④深空,科医,05具名工时,OPEN,0
经济,启航,④深空,科医,06残值回收,OPEN,0
经济,启航,④深空,科医,07风险平准,OPEN,0
经济,启航,⑤比邻星,官档,01意义资产,PART,1
经济,启航,⑤比邻星,官档,02物质配给,OPEN,0
经济,启航,⑤比邻星,官档,03暗舱黑市,OPEN,0
经济,启航,⑤比邻星,官档,04贸易关税,OPEN,0
经济,启航,⑤比邻星,官档,05具名工时,OPEN,0
经济,启航,⑤比邻星,官档,06残值回收,OPEN,0
经济,启航,⑤比邻星,官档,07风险平准,OPEN,0
经济,启航,⑤比邻星,私档,01意义资产,OPEN,0
经济,启航,⑤比邻星,私档,02物质配给,OPEN,0
经济,启航,⑤比邻星,私档,03暗舱黑市,OPEN,0
经济,启航,⑤比邻星,私档,04贸易关税,OPEN,0
经济,启航,⑤比邻星,私档,05具名工时,OPEN,0
经济,启航,⑤比邻星,私档,06残值回收,OPEN,0
经济,启航,⑤比邻星,私档,07风险平准,OPEN,0
经济,启航,⑤比邻星,互济,01意义资产,OPEN,0
经济,启航,⑤比邻星,互济,02物质配给,OPEN,0
经济,启航,⑤比邻星,互济,03暗舱黑市,OPEN,0
经济,启航,⑤比邻星,互济,04贸易关税,OPEN,0
经济,启航,⑤比邻星,互济,05具名工时,OPEN,0
经济,启航,⑤比邻星,互济,06残值回收,OPEN,0
经济,启航,⑤比邻星,互济,07风险平准,OPEN,0
经济,启航,⑤比邻星,商贸,01意义资产,OPEN,0
经济,启航,⑤比邻星,商贸,02物质配给,OPEN,0
经济,启航,⑤比邻星,商贸,03暗舱黑市,OPEN,0
经济,启航,⑤比邻星,商贸,04贸易关税,OPEN,0
经济,启航,⑤比邻星,商贸,05具名工时,OPEN,0
经济,启航,⑤比邻星,商贸,06残值回收,OPEN,0
经济,启航,⑤比邻星,商贸,07风险平准,OPEN,0
经济,启航,⑤比邻星,工技,01意义资产,OPEN,0
经济,启航,⑤比邻星,工技,02物质配给,OPEN,0
经济,启航,⑤比邻星,工技,03暗舱黑市,OPEN,0
经济,启航,⑤比邻星,工技,04贸易关税,OPEN,0
经济,启航,⑤比邻星,工技,05具名工时,OPEN,0
经济,启航,⑤比邻星,工技,06残值回收,OPEN,0
经济,启航,⑤比邻星,工技,07风险平准,OPEN,0
经济,启航,⑤比邻星,科医,01意义资产,OPEN,0
经济,启航,⑤比邻星,科医,02物质配给,OPEN,0
经济,启航,⑤比邻星,科医,03暗舱黑市,OPEN,0
经济,启航,⑤比邻星,科医,04贸易关税,OPEN,0
经济,启航,⑤比邻星,科医,05具名工时,OPEN,0
经济,启航,⑤比邻星,科医,06残值回收,OPEN,0
经济,启航,⑤比邻星,科医,07风险平准,OPEN,0
经济,落地,①地球,官档,01意义资产,PART,1
经济,落地,①地球,官档,02物质配给,OPEN,0
经济,落地,①地球,官档,03暗舱黑市,OPEN,0
经济,落地,①地球,官档,04贸易关税,OPEN,0
经济,落地,①地球,官档,05具名工时,OPEN,0
经济,落地,①地球,官档,06残值回收,OPEN,0
经济,落地,①地球,官档,07风险平准,OPEN,0
经济,落地,①地球,私档,01意义资产,OPEN,0
经济,落地,①地球,私档,02物质配给,OPEN,0
经济,落地,①地球,私档,03暗舱黑市,OPEN,0
经济,落地,①地球,私档,04贸易关税,OPEN,0
经济,落地,①地球,私档,05具名工时,OPEN,0
经济,落地,①地球,私档,06残值回收,OPEN,0
经济,落地,①地球,私档,07风险平准,OPEN,0
经济,落地,①地球,互济,01意义资产,OPEN,0
经济,落地,①地球,互济,02物质配给,OPEN,0
经济,落地,①地球,互济,03暗舱黑市,OPEN,0
经济,落地,①地球,互济,04贸易关税,OPEN,0
经济,落地,①地球,互济,05具名工时,OPEN,0
经济,落地,①地球,互济,06残值回收,OPEN,0
经济,落地,①地球,互济,07风险平准,OPEN,0
经济,落地,①地球,商贸,01意义资产,OPEN,0
经济,落地,①地球,商贸,02物质配给,OPEN,0
经济,落地,①地球,商贸,03暗舱黑市,OPEN,0
经济,落地,①地球,商贸,04贸易关税,OPEN,0
经济,落地,①地球,商贸,05具名工时,OPEN,0
经济,落地,①地球,商贸,06残值回收,OPEN,0
经济,落地,①地球,商贸,07风险平准,OPEN,0
经济,落地,①地球,工技,01意义资产,OPEN,0
经济,落地,①地球,工技,02物质配给,OPEN,0
经济,落地,①地球,工技,03暗舱黑市,OPEN,0
经济,落地,①地球,工技,04贸易关税,OPEN,0
经济,落地,①地球,工技,05具名工时,OPEN,0
经济,落地,①地球,工技,06残值回收,OPEN,0
经济,落地,①地球,工技,07风险平准,OPEN,0
经济,落地,①地球,科医,01意义资产,OPEN,0
经济,落地,①地球,科医,02物质配给,OPEN,0
经济,落地,①地球,科医,03暗舱黑市,OPEN,0
经济,落地,①地球,科医,04贸易关税,OPEN,0
经济,落地,①地球,科医,05具名工时,OPEN,0
经济,落地,①地球,科医,06残值回收,OPEN,0
经济,落地,①地球,科医,07风险平准,OPEN,0
经济,落地,②地月系,官档,01意义资产,PART,1
经济,落地,②地月系,官档,02物质配给,OPEN,0
经济,落地,②地月系,官档,03暗舱黑市,OPEN,0
经济,落地,②地月系,官档,04贸易关税,OPEN,0
经济,落地,②地月系,官档,05具名工时,OPEN,0
经济,落地,②地月系,官档,06残值回收,OPEN,0
经济,落地,②地月系,官档,07风险平准,OPEN,0
经济,落地,②地月系,私档,01意义资产,OPEN,0
经济,落地,②地月系,私档,02物质配给,OPEN,0
经济,落地,②地月系,私档,03暗舱黑市,OPEN,0
经济,落地,②地月系,私档,04贸易关税,OPEN,0
经济,落地,②地月系,私档,05具名工时,OPEN,0
经济,落地,②地月系,私档,06残值回收,OPEN,0
经济,落地,②地月系,私档,07风险平准,OPEN,0
经济,落地,②地月系,互济,01意义资产,OPEN,0
经济,落地,②地月系,互济,02物质配给,OPEN,0
经济,落地,②地月系,互济,03暗舱黑市,OPEN,0
经济,落地,②地月系,互济,04贸易关税,OPEN,0
经济,落地,②地月系,互济,05具名工时,OPEN,0
经济,落地,②地月系,互济,06残值回收,OPEN,0
经济,落地,②地月系,互济,07风险平准,OPEN,0
经济,落地,②地月系,商贸,01意义资产,OPEN,0
经济,落地,②地月系,商贸,02物质配给,OPEN,0
经济,落地,②地月系,商贸,03暗舱黑市,OPEN,0
经济,落地,②地月系,商贸,04贸易关税,OPEN,0
经济,落地,②地月系,商贸,05具名工时,OPEN,0
经济,落地,②地月系,商贸,06残值回收,OPEN,0
经济,落地,②地月系,商贸,07风险平准,OPEN,0
经济,落地,②地月系,工技,01意义资产,OPEN,0
经济,落地,②地月系,工技,02物质配给,OPEN,0
经济,落地,②地月系,工技,03暗舱黑市,OPEN,0
经济,落地,②地月系,工技,04贸易关税,OPEN,0
经济,落地,②地月系,工技,05具名工时,OPEN,0
经济,落地,②地月系,工技,06残值回收,OPEN,0
经济,落地,②地月系,工技,07风险平准,OPEN,0
经济,落地,②地月系,科医,01意义资产,OPEN,0
经济,落地,②地月系,科医,02物质配给,OPEN,0
经济,落地,②地月系,科医,03暗舱黑市,OPEN,0
经济,落地,②地月系,科医,04贸易关税,OPEN,0
经济,落地,②地月系,科医,05具名工时,OPEN,0
经济,落地,②地月系,科医,06残值回收,OPEN,0
经济,落地,②地月系,科医,07风险平准,OPEN,0
经济,落地,③内太阳系,官档,01意义资产,PART,1
经济,落地,③内太阳系,官档,02物质配给,OPEN,0
经济,落地,③内太阳系,官档,03暗舱黑市,OPEN,0
经济,落地,③内太阳系,官档,04贸易关税,OPEN,0
经济,落地,③内太阳系,官档,05具名工时,OPEN,0
经济,落地,③内太阳系,官档,06残值回收,OPEN,0
经济,落地,③内太阳系,官档,07风险平准,OPEN,0
经济,落地,③内太阳系,私档,01意义资产,OPEN,0
经济,落地,③内太阳系,私档,02物质配给,OPEN,0
经济,落地,③内太阳系,私档,03暗舱黑市,OPEN,0
经济,落地,③内太阳系,私档,04贸易关税,OPEN,0
经济,落地,③内太阳系,私档,05具名工时,OPEN,0
经济,落地,③内太阳系,私档,06残值回收,OPEN,0
经济,落地,③内太阳系,私档,07风险平准,OPEN,0
经济,落地,③内太阳系,互济,01意义资产,OPEN,0
经济,落地,③内太阳系,互济,02物质配给,OPEN,0
经济,落地,③内太阳系,互济,03暗舱黑市,OPEN,0
经济,落地,③内太阳系,互济,04贸易关税,OPEN,0
经济,落地,③内太阳系,互济,05具名工时,OPEN,0
经济,落地,③内太阳系,互济,06残值回收,OPEN,0
经济,落地,③内太阳系,互济,07风险平准,OPEN,0
经济,落地,③内太阳系,商贸,01意义资产,OPEN,0
经济,落地,③内太阳系,商贸,02物质配给,OPEN,0
经济,落地,③内太阳系,商贸,03暗舱黑市,OPEN,0
经济,落地,③内太阳系,商贸,04贸易关税,OPEN,0
经济,落地,③内太阳系,商贸,05具名工时,OPEN,0
经济,落地,③内太阳系,商贸,06残值回收,OPEN,0
经济,落地,③内太阳系,商贸,07风险平准,OPEN,0
经济,落地,③内太阳系,工技,01意义资产,OPEN,0
经济,落地,③内太阳系,工技,02物质配给,OPEN,0
经济,落地,③内太阳系,工技,03暗舱黑市,OPEN,0
经济,落地,③内太阳系,工技,04贸易关税,OPEN,0
经济,落地,③内太阳系,工技,05具名工时,OPEN,0
经济,落地,③内太阳系,工技,06残值回收,OPEN,0
经济,落地,③内太阳系,工技,07风险平准,OPEN,0
经济,落地,③内太阳系,科医,01意义资产,OPEN,0
经济,落地,③内太阳系,科医,02物质配给,OPEN,0
经济,落地,③内太阳系,科医,03暗舱黑市,OPEN,0
经济,落地,③内太阳系,科医,04贸易关税,OPEN,0
经济,落地,③内太阳系,科医,05具名工时,OPEN,0
经济,落地,③内太阳系,科医,06残值回收,OPEN,0
经济,落地,③内太阳系,科医,07风险平准,OPEN,0
经济,落地,④深空,官档,01意义资产,PART,1
经济,落地,④深空,官档,02物质配给,OPEN,0
经济,落地,④深空,官档,03暗舱黑市,OPEN,0
经济,落地,④深空,官档,04贸易关税,OPEN,0
经济,落地,④深空,官档,05具名工时,OPEN,0
经济,落地,④深空,官档,06残值回收,OPEN,0
经济,落地,④深空,官档,07风险平准,OPEN,0
经济,落地,④深空,私档,01意义资产,OPEN,0
经济,落地,④深空,私档,02物质配给,OPEN,0
经济,落地,④深空,私档,03暗舱黑市,OPEN,0
经济,落地,④深空,私档,04贸易关税,OPEN,0
经济,落地,④深空,私档,05具名工时,OPEN,0
经济,落地,④深空,私档,06残值回收,OPEN,0
经济,落地,④深空,私档,07风险平准,OPEN,0
经济,落地,④深空,互济,01意义资产,OPEN,0
经济,落地,④深空,互济,02物质配给,OPEN,0
经济,落地,④深空,互济,03暗舱黑市,OPEN,0
经济,落地,④深空,互济,04贸易关税,OPEN,0
经济,落地,④深空,互济,05具名工时,OPEN,0
经济,落地,④深空,互济,06残值回收,OPEN,0
经济,落地,④深空,互济,07风险平准,OPEN,0
经济,落地,④深空,商贸,01意义资产,OPEN,0
经济,落地,④深空,商贸,02物质配给,OPEN,0
经济,落地,④深空,商贸,03暗舱黑市,OPEN,0
经济,落地,④深空,商贸,04贸易关税,OPEN,0
经济,落地,④深空,商贸,05具名工时,OPEN,0
经济,落地,④深空,商贸,06残值回收,OPEN,0
经济,落地,④深空,商贸,07风险平准,OPEN,0
经济,落地,④深空,工技,01意义资产,OPEN,0
经济,落地,④深空,工技,02物质配给,OPEN,0
经济,落地,④深空,工技,03暗舱黑市,OPEN,0
经济,落地,④深空,工技,04贸易关税,OPEN,0
经济,落地,④深空,工技,05具名工时,OPEN,0
经济,落地,④深空,工技,06残值回收,OPEN,0
经济,落地,④深空,工技,07风险平准,OPEN,0
经济,落地,④深空,科医,01意义资产,OPEN,0
经济,落地,④深空,科医,02物质配给,OPEN,0
经济,落地,④深空,科医,03暗舱黑市,OPEN,0
经济,落地,④深空,科医,04贸易关税,OPEN,0
经济,落地,④深空,科医,05具名工时,OPEN,0
经济,落地,④深空,科医,06残值回收,OPEN,0
经济,落地,④深空,科医,07风险平准,OPEN,0
经济,落地,⑤比邻星,官档,01意义资产,PART,1
经济,落地,⑤比邻星,官档,02物质配给,OPEN,0
经济,落地,⑤比邻星,官档,03暗舱黑市,OPEN,0
经济,落地,⑤比邻星,官档,04贸易关税,OPEN,0
经济,落地,⑤比邻星,官档,05具名工时,OPEN,0
经济,落地,⑤比邻星,官档,06残值回收,OPEN,0
经济,落地,⑤比邻星,官档,07风险平准,OPEN,0
经济,落地,⑤比邻星,私档,01意义资产,OPEN,0
经济,落地,⑤比邻星,私档,02物质配给,OPEN,0
经济,落地,⑤比邻星,私档,03暗舱黑市,OPEN,0
经济,落地,⑤比邻星,私档,04贸易关税,OPEN,0
经济,落地,⑤比邻星,私档,05具名工时,OPEN,0
经济,落地,⑤比邻星,私档,06残值回收,OPEN,0
经济,落地,⑤比邻星,私档,07风险平准,OPEN,0
经济,落地,⑤比邻星,互济,01意义资产,OPEN,0
经济,落地,⑤比邻星,互济,02物质配给,OPEN,0
经济,落地,⑤比邻星,互济,03暗舱黑市,OPEN,0
经济,落地,⑤比邻星,互济,04贸易关税,OPEN,0
经济,落地,⑤比邻星,互济,05具名工时,OPEN,0
经济,落地,⑤比邻星,互济,06残值回收,OPEN,0
经济,落地,⑤比邻星,互济,07风险平准,OPEN,0
经济,落地,⑤比邻星,商贸,01意义资产,OPEN,0
经济,落地,⑤比邻星,商贸,02物质配给,OPEN,0
经济,落地,⑤比邻星,商贸,03暗舱黑市,OPEN,0
经济,落地,⑤比邻星,商贸,04贸易关税,OPEN,0
经济,落地,⑤比邻星,商贸,05具名工时,OPEN,0
经济,落地,⑤比邻星,商贸,06残值回收,OPEN,0
经济,落地,⑤比邻星,商贸,07风险平准,OPEN,0
经济,落地,⑤比邻星,工技,01意义资产,OPEN,0
经济,落地,⑤比邻星,工技,02物质配给,OPEN,0
经济,落地,⑤比邻星,工技,03暗舱黑市,OPEN,0
经济,落地,⑤比邻星,工技,04贸易关税,OPEN,0
经济,落地,⑤比邻星,工技,05具名工时,OPEN,0
经济,落地,⑤比邻星,工技,06残值回收,OPEN,0
经济,落地,⑤比邻星,工技,07风险平准,OPEN,0
经济,落地,⑤比邻星,科医,01意义资产,OPEN,0
经济,落地,⑤比邻星,科医,02物质配给,OPEN,0
经济,落地,⑤比邻星,科医,03暗舱黑市,OPEN,0
经济,落地,⑤比邻星,科医,04贸易关税,OPEN,0
经济,落地,⑤比邻星,科医,05具名工时,OPEN,0
经济,落地,⑤比邻星,科医,06残值回收,OPEN,0
经济,落地,⑤比邻星,科医,07风险平准,OPEN,0
经济,双星系,①地球,官档,01意义资产,PART,1
经济,双星系,①地球,官档,02物质配给,OPEN,0
经济,双星系,①地球,官档,03暗舱黑市,OPEN,0
经济,双星系,①地球,官档,04贸易关税,OPEN,0
经济,双星系,①地球,官档,05具名工时,OPEN,0
经济,双星系,①地球,官档,06残值回收,OPEN,0
经济,双星系,①地球,官档,07风险平准,OPEN,0
经济,双星系,①地球,私档,01意义资产,OPEN,0
经济,双星系,①地球,私档,02物质配给,OPEN,0
经济,双星系,①地球,私档,03暗舱黑市,OPEN,0
经济,双星系,①地球,私档,04贸易关税,OPEN,0
经济,双星系,①地球,私档,05具名工时,OPEN,0
经济,双星系,①地球,私档,06残值回收,OPEN,0
经济,双星系,①地球,私档,07风险平准,OPEN,0
经济,双星系,①地球,互济,01意义资产,OPEN,0
经济,双星系,①地球,互济,02物质配给,OPEN,0
经济,双星系,①地球,互济,03暗舱黑市,OPEN,0
经济,双星系,①地球,互济,04贸易关税,OPEN,0
经济,双星系,①地球,互济,05具名工时,OPEN,0
经济,双星系,①地球,互济,06残值回收,OPEN,0
经济,双星系,①地球,互济,07风险平准,OPEN,0
经济,双星系,①地球,商贸,01意义资产,OPEN,0
经济,双星系,①地球,商贸,02物质配给,OPEN,0
经济,双星系,①地球,商贸,03暗舱黑市,OPEN,0
经济,双星系,①地球,商贸,04贸易关税,OPEN,0
经济,双星系,①地球,商贸,05具名工时,OPEN,0
经济,双星系,①地球,商贸,06残值回收,OPEN,0
经济,双星系,①地球,商贸,07风险平准,OPEN,0
经济,双星系,①地球,工技,01意义资产,OPEN,0
经济,双星系,①地球,工技,02物质配给,OPEN,0
经济,双星系,①地球,工技,03暗舱黑市,OPEN,0
经济,双星系,①地球,工技,04贸易关税,OPEN,0
经济,双星系,①地球,工技,05具名工时,OPEN,0
经济,双星系,①地球,工技,06残值回收,OPEN,0
经济,双星系,①地球,工技,07风险平准,OPEN,0
经济,双星系,①地球,科医,01意义资产,OPEN,0
经济,双星系,①地球,科医,02物质配给,OPEN,0
经济,双星系,①地球,科医,03暗舱黑市,OPEN,0
经济,双星系,①地球,科医,04贸易关税,OPEN,0
经济,双星系,①地球,科医,05具名工时,OPEN,0
经济,双星系,①地球,科医,06残值回收,OPEN,0
经济,双星系,①地球,科医,07风险平准,OPEN,0
经济,双星系,②地月系,官档,01意义资产,PART,1
经济,双星系,②地月系,官档,02物质配给,OPEN,0
经济,双星系,②地月系,官档,03暗舱黑市,OPEN,0
经济,双星系,②地月系,官档,04贸易关税,OPEN,0
经济,双星系,②地月系,官档,05具名工时,OPEN,0
经济,双星系,②地月系,官档,06残值回收,OPEN,0
经济,双星系,②地月系,官档,07风险平准,OPEN,0
经济,双星系,②地月系,私档,01意义资产,OPEN,0
经济,双星系,②地月系,私档,02物质配给,OPEN,0
经济,双星系,②地月系,私档,03暗舱黑市,OPEN,0
经济,双星系,②地月系,私档,04贸易关税,OPEN,0
经济,双星系,②地月系,私档,05具名工时,OPEN,0
经济,双星系,②地月系,私档,06残值回收,OPEN,0
经济,双星系,②地月系,私档,07风险平准,OPEN,0
经济,双星系,②地月系,互济,01意义资产,OPEN,0
经济,双星系,②地月系,互济,02物质配给,OPEN,0
经济,双星系,②地月系,互济,03暗舱黑市,OPEN,0
经济,双星系,②地月系,互济,04贸易关税,OPEN,0
经济,双星系,②地月系,互济,05具名工时,OPEN,0
经济,双星系,②地月系,互济,06残值回收,OPEN,0
经济,双星系,②地月系,互济,07风险平准,OPEN,0
经济,双星系,②地月系,商贸,01意义资产,OPEN,0
经济,双星系,②地月系,商贸,02物质配给,OPEN,0
经济,双星系,②地月系,商贸,03暗舱黑市,OPEN,0
经济,双星系,②地月系,商贸,04贸易关税,OPEN,0
经济,双星系,②地月系,商贸,05具名工时,OPEN,0
经济,双星系,②地月系,商贸,06残值回收,OPEN,0
经济,双星系,②地月系,商贸,07风险平准,OPEN,0
经济,双星系,②地月系,工技,01意义资产,OPEN,0
经济,双星系,②地月系,工技,02物质配给,OPEN,0
经济,双星系,②地月系,工技,03暗舱黑市,OPEN,0
经济,双星系,②地月系,工技,04贸易关税,OPEN,0
经济,双星系,②地月系,工技,05具名工时,OPEN,0
经济,双星系,②地月系,工技,06残值回收,OPEN,0
经济,双星系,②地月系,工技,07风险平准,OPEN,0
经济,双星系,②地月系,科医,01意义资产,OPEN,0
经济,双星系,②地月系,科医,02物质配给,OPEN,0
经济,双星系,②地月系,科医,03暗舱黑市,OPEN,0
经济,双星系,②地月系,科医,04贸易关税,OPEN,0
经济,双星系,②地月系,科医,05具名工时,OPEN,0
经济,双星系,②地月系,科医,06残值回收,OPEN,0
经济,双星系,②地月系,科医,07风险平准,OPEN,0
经济,双星系,③内太阳系,官档,01意义资产,PART,1
经济,双星系,③内太阳系,官档,02物质配给,OPEN,0
经济,双星系,③内太阳系,官档,03暗舱黑市,OPEN,0
经济,双星系,③内太阳系,官档,04贸易关税,OPEN,0
经济,双星系,③内太阳系,官档,05具名工时,OPEN,0
经济,双星系,③内太阳系,官档,06残值回收,OPEN,0
经济,双星系,③内太阳系,官档,07风险平准,OPEN,0
经济,双星系,③内太阳系,私档,01意义资产,OPEN,0
经济,双星系,③内太阳系,私档,02物质配给,OPEN,0
经济,双星系,③内太阳系,私档,03暗舱黑市,OPEN,0
经济,双星系,③内太阳系,私档,04贸易关税,OPEN,0
经济,双星系,③内太阳系,私档,05具名工时,OPEN,0
经济,双星系,③内太阳系,私档,06残值回收,OPEN,0
经济,双星系,③内太阳系,私档,07风险平准,OPEN,0
经济,双星系,③内太阳系,互济,01意义资产,OPEN,0
经济,双星系,③内太阳系,互济,02物质配给,OPEN,0
经济,双星系,③内太阳系,互济,03暗舱黑市,OPEN,0
经济,双星系,③内太阳系,互济,04贸易关税,OPEN,0
经济,双星系,③内太阳系,互济,05具名工时,OPEN,0
经济,双星系,③内太阳系,互济,06残值回收,OPEN,0
经济,双星系,③内太阳系,互济,07风险平准,OPEN,0
经济,双星系,③内太阳系,商贸,01意义资产,OPEN,0
经济,双星系,③内太阳系,商贸,02物质配给,OPEN,0
经济,双星系,③内太阳系,商贸,03暗舱黑市,OPEN,0
经济,双星系,③内太阳系,商贸,04贸易关税,OPEN,0
经济,双星系,③内太阳系,商贸,05具名工时,OPEN,0
经济,双星系,③内太阳系,商贸,06残值回收,OPEN,0
经济,双星系,③内太阳系,商贸,07风险平准,OPEN,0
经济,双星系,③内太阳系,工技,01意义资产,OPEN,0
经济,双星系,③内太阳系,工技,02物质配给,OPEN,0
经济,双星系,③内太阳系,工技,03暗舱黑市,OPEN,0
经济,双星系,③内太阳系,工技,04贸易关税,OPEN,0
经济,双星系,③内太阳系,工技,05具名工时,OPEN,0
经济,双星系,③内太阳系,工技,06残值回收,OPEN,0
经济,双星系,③内太阳系,工技,07风险平准,OPEN,0
经济,双星系,③内太阳系,科医,01意义资产,OPEN,0
经济,双星系,③内太阳系,科医,02物质配给,OPEN,0
经济,双星系,③内太阳系,科医,03暗舱黑市,OPEN,0
经济,双星系,③内太阳系,科医,04贸易关税,OPEN,0
经济,双星系,③内太阳系,科医,05具名工时,OPEN,0
经济,双星系,③内太阳系,科医,06残值回收,OPEN,0
经济,双星系,③内太阳系,科医,07风险平准,OPEN,0
经济,双星系,④深空,官档,01意义资产,PART,1
经济,双星系,④深空,官档,02物质配给,OPEN,0
经济,双星系,④深空,官档,03暗舱黑市,OPEN,0
经济,双星系,④深空,官档,04贸易关税,OPEN,0
经济,双星系,④深空,官档,05具名工时,OPEN,0
经济,双星系,④深空,官档,06残值回收,OPEN,0
经济,双星系,④深空,官档,07风险平准,OPEN,0
经济,双星系,④深空,私档,01意义资产,OPEN,0
经济,双星系,④深空,私档,02物质配给,OPEN,0
经济,双星系,④深空,私档,03暗舱黑市,OPEN,0
经济,双星系,④深空,私档,04贸易关税,OPEN,0
经济,双星系,④深空,私档,05具名工时,OPEN,0
经济,双星系,④深空,私档,06残值回收,OPEN,0
经济,双星系,④深空,私档,07风险平准,OPEN,0
经济,双星系,④深空,互济,01意义资产,OPEN,0
经济,双星系,④深空,互济,02物质配给,OPEN,0
经济,双星系,④深空,互济,03暗舱黑市,OPEN,0
经济,双星系,④深空,互济,04贸易关税,OPEN,0
经济,双星系,④深空,互济,05具名工时,OPEN,0
经济,双星系,④深空,互济,06残值回收,OPEN,0
经济,双星系,④深空,互济,07风险平准,OPEN,0
经济,双星系,④深空,商贸,01意义资产,OPEN,0
经济,双星系,④深空,商贸,02物质配给,OPEN,0
经济,双星系,④深空,商贸,03暗舱黑市,OPEN,0
经济,双星系,④深空,商贸,04贸易关税,OPEN,0
经济,双星系,④深空,商贸,05具名工时,OPEN,0
经济,双星系,④深空,商贸,06残值回收,OPEN,0
经济,双星系,④深空,商贸,07风险平准,OPEN,0
经济,双星系,④深空,工技,01意义资产,OPEN,0
经济,双星系,④深空,工技,02物质配给,OPEN,0
经济,双星系,④深空,工技,03暗舱黑市,OPEN,0
经济,双星系,④深空,工技,04贸易关税,OPEN,0
经济,双星系,④深空,工技,05具名工时,OPEN,0
经济,双星系,④深空,工技,06残值回收,OPEN,0
经济,双星系,④深空,工技,07风险平准,OPEN,0
经济,双星系,④深空,科医,01意义资产,OPEN,0
经济,双星系,④深空,科医,02物质配给,OPEN,0
经济,双星系,④深空,科医,03暗舱黑市,OPEN,0
经济,双星系,④深空,科医,04贸易关税,OPEN,0
经济,双星系,④深空,科医,05具名工时,OPEN,0
经济,双星系,④深空,科医,06残值回收,OPEN,0
经济,双星系,④深空,科医,07风险平准,OPEN,0
经济,双星系,⑤比邻星,官档,01意义资产,PART,1
经济,双星系,⑤比邻星,官档,02物质配给,OPEN,0
经济,双星系,⑤比邻星,官档,03暗舱黑市,OPEN,0
经济,双星系,⑤比邻星,官档,04贸易关税,OPEN,0
经济,双星系,⑤比邻星,官档,05具名工时,OPEN,0
经济,双星系,⑤比邻星,官档,06残值回收,OPEN,0
经济,双星系,⑤比邻星,官档,07风险平准,OPEN,0
经济,双星系,⑤比邻星,私档,01意义资产,OPEN,0
经济,双星系,⑤比邻星,私档,02物质配给,OPEN,0
经济,双星系,⑤比邻星,私档,03暗舱黑市,OPEN,0
经济,双星系,⑤比邻星,私档,04贸易关税,OPEN,0
经济,双星系,⑤比邻星,私档,05具名工时,OPEN,0
经济,双星系,⑤比邻星,私档,06残值回收,OPEN,0
经济,双星系,⑤比邻星,私档,07风险平准,OPEN,0
经济,双星系,⑤比邻星,互济,01意义资产,OPEN,0
经济,双星系,⑤比邻星,互济,02物质配给,OPEN,0
经济,双星系,⑤比邻星,互济,03暗舱黑市,OPEN,0
经济,双星系,⑤比邻星,互济,04贸易关税,OPEN,0
经济,双星系,⑤比邻星,互济,05具名工时,OPEN,0
经济,双星系,⑤比邻星,互济,06残值回收,OPEN,0
经济,双星系,⑤比邻星,互济,07风险平准,OPEN,0
经济,双星系,⑤比邻星,商贸,01意义资产,OPEN,0
经济,双星系,⑤比邻星,商贸,02物质配给,OPEN,0
经济,双星系,⑤比邻星,商贸,03暗舱黑市,OPEN,0
经济,双星系,⑤比邻星,商贸,04贸易关税,OPEN,0
经济,双星系,⑤比邻星,商贸,05具名工时,OPEN,0
经济,双星系,⑤比邻星,商贸,06残值回收,OPEN,0
经济,双星系,⑤比邻星,商贸,07风险平准,OPEN,0
经济,双星系,⑤比邻星,工技,01意义资产,OPEN,0
经济,双星系,⑤比邻星,工技,02物质配给,OPEN,0
经济,双星系,⑤比邻星,工技,03暗舱黑市,OPEN,0
经济,双星系,⑤比邻星,工技,04贸易关税,OPEN,0
经济,双星系,⑤比邻星,工技,05具名工时,OPEN,0
经济,双星系,⑤比邻星,工技,06残值回收,OPEN,0
经济,双星系,⑤比邻星,工技,07风险平准,OPEN,0
经济,双星系,⑤比邻星,科医,01意义资产,OPEN,0
经济,双星系,⑤比邻星,科医,02物质配给,OPEN,0
经济,双星系,⑤比邻星,科医,03暗舱黑市,OPEN,0
经济,双星系,⑤比邻星,科医,04贸易关税,OPEN,0
经济,双星系,⑤比邻星,科医,05具名工时,OPEN,0
经济,双星系,⑤比邻星,科医,06残值回收,OPEN,0
经济,双星系,⑤比邻星,科医,07风险平准,OPEN,0
生态,替代,①地球,官档,01水藻循环,PART,1
生态,替代,①地球,官档,02低重力农牧,OPEN,0
生态,替代,①地球,官档,03辐射突变,OPEN,0
生态,替代,①地球,官档,04人工气压,OPEN,0
生态,替代,①地球,官档,05生化降解,OPEN,0
生态,替代,①地球,官档,06极端采样,OPEN,0
生态,替代,①地球,官档,07闭环防疫,OPEN,0
生态,替代,①地球,私档,01水藻循环,OPEN,0
生态,替代,①地球,私档,02低重力农牧,OPEN,0
生态,替代,①地球,私档,03辐射突变,OPEN,0
生态,替代,①地球,私档,04人工气压,OPEN,0
生态,替代,①地球,私档,05生化降解,OPEN,0
生态,替代,①地球,私档,06极端采样,OPEN,0
生态,替代,①地球,私档,07闭环防疫,OPEN,0
生态,替代,①地球,互济,01水藻循环,OPEN,0
生态,替代,①地球,互济,02低重力农牧,OPEN,0
生态,替代,①地球,互济,03辐射突变,OPEN,0
生态,替代,①地球,互济,04人工气压,OPEN,0
生态,替代,①地球,互济,05生化降解,OPEN,0
生态,替代,①地球,互济,06极端采样,OPEN,0
生态,替代,①地球,互济,07闭环防疫,OPEN,0
生态,替代,①地球,商贸,01水藻循环,OPEN,0
生态,替代,①地球,商贸,02低重力农牧,OPEN,0
生态,替代,①地球,商贸,03辐射突变,OPEN,0
生态,替代,①地球,商贸,04人工气压,OPEN,0
生态,替代,①地球,商贸,05生化降解,OPEN,0
生态,替代,①地球,商贸,06极端采样,OPEN,0
生态,替代,①地球,商贸,07闭环防疫,OPEN,0
生态,替代,①地球,工技,01水藻循环,OPEN,0
生态,替代,①地球,工技,02低重力农牧,OPEN,0
生态,替代,①地球,工技,03辐射突变,OPEN,0
生态,替代,①地球,工技,04人工气压,OPEN,0
生态,替代,①地球,工技,05生化降解,OPEN,0
生态,替代,①地球,工技,06极端采样,OPEN,0
生态,替代,①地球,工技,07闭环防疫,OPEN,0
生态,替代,①地球,科医,01水藻循环,OPEN,0
生态,替代,①地球,科医,02低重力农牧,OPEN,0
生态,替代,①地球,科医,03辐射突变,OPEN,0
生态,替代,①地球,科医,04人工气压,OPEN,0
生态,替代,①地球,科医,05生化降解,OPEN,0
生态,替代,①地球,科医,06极端采样,OPEN,0
生态,替代,①地球,科医,07闭环防疫,OPEN,0
生态,替代,②地月系,官档,01水藻循环,PART,1
生态,替代,②地月系,官档,02低重力农牧,OPEN,0
生态,替代,②地月系,官档,03辐射突变,OPEN,0
生态,替代,②地月系,官档,04人工气压,OPEN,0
生态,替代,②地月系,官档,05生化降解,OPEN,0
生态,替代,②地月系,官档,06极端采样,OPEN,0
生态,替代,②地月系,官档,07闭环防疫,OPEN,0
生态,替代,②地月系,私档,01水藻循环,OPEN,0
生态,替代,②地月系,私档,02低重力农牧,OPEN,0
生态,替代,②地月系,私档,03辐射突变,OPEN,0
生态,替代,②地月系,私档,04人工气压,OPEN,0
生态,替代,②地月系,私档,05生化降解,OPEN,0
生态,替代,②地月系,私档,06极端采样,OPEN,0
生态,替代,②地月系,私档,07闭环防疫,OPEN,0
生态,替代,②地月系,互济,01水藻循环,OPEN,0
生态,替代,②地月系,互济,02低重力农牧,OPEN,0
生态,替代,②地月系,互济,03辐射突变,OPEN,0
生态,替代,②地月系,互济,04人工气压,OPEN,0
生态,替代,②地月系,互济,05生化降解,OPEN,0
生态,替代,②地月系,互济,06极端采样,OPEN,0
生态,替代,②地月系,互济,07闭环防疫,OPEN,0
生态,替代,②地月系,商贸,01水藻循环,OPEN,0
生态,替代,②地月系,商贸,02低重力农牧,OPEN,0
生态,替代,②地月系,商贸,03辐射突变,OPEN,0
生态,替代,②地月系,商贸,04人工气压,OPEN,0
生态,替代,②地月系,商贸,05生化降解,OPEN,0
生态,替代,②地月系,商贸,06极端采样,OPEN,0
生态,替代,②地月系,商贸,07闭环防疫,OPEN,0
生态,替代,②地月系,工技,01水藻循环,OPEN,0
生态,替代,②地月系,工技,02低重力农牧,OPEN,0
生态,替代,②地月系,工技,03辐射突变,OPEN,0
生态,替代,②地月系,工技,04人工气压,OPEN,0
生态,替代,②地月系,工技,05生化降解,OPEN,0
生态,替代,②地月系,工技,06极端采样,OPEN,0
生态,替代,②地月系,工技,07闭环防疫,OPEN,0
生态,替代,②地月系,科医,01水藻循环,OPEN,0
生态,替代,②地月系,科医,02低重力农牧,OPEN,0
生态,替代,②地月系,科医,03辐射突变,OPEN,0
生态,替代,②地月系,科医,04人工气压,OPEN,0
生态,替代,②地月系,科医,05生化降解,OPEN,0
生态,替代,②地月系,科医,06极端采样,OPEN,0
生态,替代,②地月系,科医,07闭环防疫,OPEN,0
生态,替代,③内太阳系,官档,01水藻循环,PART,1
生态,替代,③内太阳系,官档,02低重力农牧,OPEN,0
生态,替代,③内太阳系,官档,03辐射突变,OPEN,0
生态,替代,③内太阳系,官档,04人工气压,OPEN,0
生态,替代,③内太阳系,官档,05生化降解,OPEN,0
生态,替代,③内太阳系,官档,06极端采样,OPEN,0
生态,替代,③内太阳系,官档,07闭环防疫,OPEN,0
生态,替代,③内太阳系,私档,01水藻循环,OPEN,0
生态,替代,③内太阳系,私档,02低重力农牧,OPEN,0
生态,替代,③内太阳系,私档,03辐射突变,OPEN,0
生态,替代,③内太阳系,私档,04人工气压,OPEN,0
生态,替代,③内太阳系,私档,05生化降解,OPEN,0
生态,替代,③内太阳系,私档,06极端采样,OPEN,0
生态,替代,③内太阳系,私档,07闭环防疫,OPEN,0
生态,替代,③内太阳系,互济,01水藻循环,OPEN,0
生态,替代,③内太阳系,互济,02低重力农牧,OPEN,0
生态,替代,③内太阳系,互济,03辐射突变,OPEN,0
生态,替代,③内太阳系,互济,04人工气压,OPEN,0
生态,替代,③内太阳系,互济,05生化降解,OPEN,0
生态,替代,③内太阳系,互济,06极端采样,OPEN,0
生态,替代,③内太阳系,互济,07闭环防疫,OPEN,0
生态,替代,③内太阳系,商贸,01水藻循环,OPEN,0
生态,替代,③内太阳系,商贸,02低重力农牧,OPEN,0
生态,替代,③内太阳系,商贸,03辐射突变,OPEN,0
生态,替代,③内太阳系,商贸,04人工气压,OPEN,0
生态,替代,③内太阳系,商贸,05生化降解,OPEN,0
生态,替代,③内太阳系,商贸,06极端采样,OPEN,0
生态,替代,③内太阳系,商贸,07闭环防疫,OPEN,0
生态,替代,③内太阳系,工技,01水藻循环,OPEN,0
生态,替代,③内太阳系,工技,02低重力农牧,OPEN,0
生态,替代,③内太阳系,工技,03辐射突变,OPEN,0
生态,替代,③内太阳系,工技,04人工气压,OPEN,0
生态,替代,③内太阳系,工技,05生化降解,OPEN,0
生态,替代,③内太阳系,工技,06极端采样,OPEN,0
生态,替代,③内太阳系,工技,07闭环防疫,OPEN,0
生态,替代,③内太阳系,科医,01水藻循环,OPEN,0
生态,替代,③内太阳系,科医,02低重力农牧,OPEN,0
生态,替代,③内太阳系,科医,03辐射突变,OPEN,0
生态,替代,③内太阳系,科医,04人工气压,OPEN,0
生态,替代,③内太阳系,科医,05生化降解,OPEN,0
生态,替代,③内太阳系,科医,06极端采样,OPEN,0
生态,替代,③内太阳系,科医,07闭环防疫,OPEN,0
生态,替代,④深空,官档,01水藻循环,PART,1
生态,替代,④深空,官档,02低重力农牧,OPEN,0
生态,替代,④深空,官档,03辐射突变,OPEN,0
生态,替代,④深空,官档,04人工气压,OPEN,0
生态,替代,④深空,官档,05生化降解,OPEN,0
生态,替代,④深空,官档,06极端采样,OPEN,0
生态,替代,④深空,官档,07闭环防疫,OPEN,0
生态,替代,④深空,私档,01水藻循环,OPEN,0
生态,替代,④深空,私档,02低重力农牧,OPEN,0
生态,替代,④深空,私档,03辐射突变,OPEN,0
生态,替代,④深空,私档,04人工气压,OPEN,0
生态,替代,④深空,私档,05生化降解,OPEN,0
生态,替代,④深空,私档,06极端采样,OPEN,0
生态,替代,④深空,私档,07闭环防疫,OPEN,0
生态,替代,④深空,互济,01水藻循环,OPEN,0
生态,替代,④深空,互济,02低重力农牧,OPEN,0
生态,替代,④深空,互济,03辐射突变,OPEN,0
生态,替代,④深空,互济,04人工气压,OPEN,0
生态,替代,④深空,互济,05生化降解,OPEN,0
生态,替代,④深空,互济,06极端采样,OPEN,0
生态,替代,④深空,互济,07闭环防疫,OPEN,0
生态,替代,④深空,商贸,01水藻循环,OPEN,0
生态,替代,④深空,商贸,02低重力农牧,OPEN,0
生态,替代,④深空,商贸,03辐射突变,OPEN,0
生态,替代,④深空,商贸,04人工气压,OPEN,0
生态,替代,④深空,商贸,05生化降解,OPEN,0
生态,替代,④深空,商贸,06极端采样,OPEN,0
生态,替代,④深空,商贸,07闭环防疫,OPEN,0
生态,替代,④深空,工技,01水藻循环,OPEN,0
生态,替代,④深空,工技,02低重力农牧,OPEN,0
生态,替代,④深空,工技,03辐射突变,OPEN,0
生态,替代,④深空,工技,04人工气压,OPEN,0
生态,替代,④深空,工技,05生化降解,OPEN,0
生态,替代,④深空,工技,06极端采样,OPEN,0
生态,替代,④深空,工技,07闭环防疫,OPEN,0
生态,替代,④深空,科医,01水藻循环,OPEN,0
生态,替代,④深空,科医,02低重力农牧,OPEN,0
生态,替代,④深空,科医,03辐射突变,OPEN,0
生态,替代,④深空,科医,04人工气压,OPEN,0
生态,替代,④深空,科医,05生化降解,OPEN,0
生态,替代,④深空,科医,06极端采样,OPEN,0
生态,替代,④深空,科医,07闭环防疫,OPEN,0
生态,替代,⑤比邻星,官档,01水藻循环,PART,1
生态,替代,⑤比邻星,官档,02低重力农牧,OPEN,0
生态,替代,⑤比邻星,官档,03辐射突变,OPEN,0
生态,替代,⑤比邻星,官档,04人工气压,OPEN,0
生态,替代,⑤比邻星,官档,05生化降解,OPEN,0
生态,替代,⑤比邻星,官档,06极端采样,OPEN,0
生态,替代,⑤比邻星,官档,07闭环防疫,OPEN,0
生态,替代,⑤比邻星,私档,01水藻循环,OPEN,0
生态,替代,⑤比邻星,私档,02低重力农牧,OPEN,0
生态,替代,⑤比邻星,私档,03辐射突变,OPEN,0
生态,替代,⑤比邻星,私档,04人工气压,OPEN,0
生态,替代,⑤比邻星,私档,05生化降解,OPEN,0
生态,替代,⑤比邻星,私档,06极端采样,OPEN,0
生态,替代,⑤比邻星,私档,07闭环防疫,OPEN,0
生态,替代,⑤比邻星,互济,01水藻循环,OPEN,0
生态,替代,⑤比邻星,互济,02低重力农牧,OPEN,0
生态,替代,⑤比邻星,互济,03辐射突变,OPEN,0
生态,替代,⑤比邻星,互济,04人工气压,OPEN,0
生态,替代,⑤比邻星,互济,05生化降解,OPEN,0
生态,替代,⑤比邻星,互济,06极端采样,OPEN,0
生态,替代,⑤比邻星,互济,07闭环防疫,OPEN,0
生态,替代,⑤比邻星,商贸,01水藻循环,OPEN,0
生态,替代,⑤比邻星,商贸,02低重力农牧,OPEN,0
生态,替代,⑤比邻星,商贸,03辐射突变,OPEN,0
生态,替代,⑤比邻星,商贸,04人工气压,OPEN,0
生态,替代,⑤比邻星,商贸,05生化降解,OPEN,0
生态,替代,⑤比邻星,商贸,06极端采样,OPEN,0
生态,替代,⑤比邻星,商贸,07闭环防疫,OPEN,0
生态,替代,⑤比邻星,工技,01水藻循环,OPEN,0
生态,替代,⑤比邻星,工技,02低重力农牧,OPEN,0
生态,替代,⑤比邻星,工技,03辐射突变,OPEN,0
生态,替代,⑤比邻星,工技,04人工气压,OPEN,0
生态,替代,⑤比邻星,工技,05生化降解,OPEN,0
生态,替代,⑤比邻星,工技,06极端采样,OPEN,0
生态,替代,⑤比邻星,工技,07闭环防疫,OPEN,0
生态,替代,⑤比邻星,科医,01水藻循环,OPEN,0
生态,替代,⑤比邻星,科医,02低重力农牧,OPEN,0
生态,替代,⑤比邻星,科医,03辐射突变,OPEN,0
生态,替代,⑤比邻星,科医,04人工气压,OPEN,0
生态,替代,⑤比邻星,科医,05生化降解,OPEN,0
生态,替代,⑤比邻星,科医,06极端采样,OPEN,0
生态,替代,⑤比邻星,科医,07闭环防疫,OPEN,0
生态,竞赛,①地球,官档,01水藻循环,PART,1
生态,竞赛,①地球,官档,02低重力农牧,OPEN,0
生态,竞赛,①地球,官档,03辐射突变,OPEN,0
生态,竞赛,①地球,官档,04人工气压,OPEN,0
生态,竞赛,①地球,官档,05生化降解,OPEN,0
生态,竞赛,①地球,官档,06极端采样,OPEN,0
生态,竞赛,①地球,官档,07闭环防疫,OPEN,0
生态,竞赛,①地球,私档,01水藻循环,OPEN,0
生态,竞赛,①地球,私档,02低重力农牧,OPEN,0
生态,竞赛,①地球,私档,03辐射突变,OPEN,0
生态,竞赛,①地球,私档,04人工气压,OPEN,0
生态,竞赛,①地球,私档,05生化降解,OPEN,0
生态,竞赛,①地球,私档,06极端采样,OPEN,0
生态,竞赛,①地球,私档,07闭环防疫,OPEN,0
生态,竞赛,①地球,互济,01水藻循环,OPEN,0
生态,竞赛,①地球,互济,02低重力农牧,OPEN,0
生态,竞赛,①地球,互济,03辐射突变,OPEN,0
生态,竞赛,①地球,互济,04人工气压,OPEN,0
生态,竞赛,①地球,互济,05生化降解,OPEN,0
生态,竞赛,①地球,互济,06极端采样,OPEN,0
生态,竞赛,①地球,互济,07闭环防疫,OPEN,0
生态,竞赛,①地球,商贸,01水藻循环,OPEN,0
生态,竞赛,①地球,商贸,02低重力农牧,OPEN,0
生态,竞赛,①地球,商贸,03辐射突变,OPEN,0
生态,竞赛,①地球,商贸,04人工气压,OPEN,0
生态,竞赛,①地球,商贸,05生化降解,OPEN,0
生态,竞赛,①地球,商贸,06极端采样,OPEN,0
生态,竞赛,①地球,商贸,07闭环防疫,OPEN,0
生态,竞赛,①地球,工技,01水藻循环,OPEN,0
生态,竞赛,①地球,工技,02低重力农牧,OPEN,0
生态,竞赛,①地球,工技,03辐射突变,OPEN,0
生态,竞赛,①地球,工技,04人工气压,OPEN,0
生态,竞赛,①地球,工技,05生化降解,OPEN,0
生态,竞赛,①地球,工技,06极端采样,OPEN,0
生态,竞赛,①地球,工技,07闭环防疫,OPEN,0
生态,竞赛,①地球,科医,01水藻循环,OPEN,0
生态,竞赛,①地球,科医,02低重力农牧,OPEN,0
生态,竞赛,①地球,科医,03辐射突变,OPEN,0
生态,竞赛,①地球,科医,04人工气压,OPEN,0
生态,竞赛,①地球,科医,05生化降解,OPEN,0
生态,竞赛,①地球,科医,06极端采样,OPEN,0
生态,竞赛,①地球,科医,07闭环防疫,OPEN,0
生态,竞赛,②地月系,官档,01水藻循环,PART,1
生态,竞赛,②地月系,官档,02低重力农牧,OPEN,0
生态,竞赛,②地月系,官档,03辐射突变,OPEN,0
生态,竞赛,②地月系,官档,04人工气压,OPEN,0
生态,竞赛,②地月系,官档,05生化降解,OPEN,0
生态,竞赛,②地月系,官档,06极端采样,OPEN,0
生态,竞赛,②地月系,官档,07闭环防疫,OPEN,0
生态,竞赛,②地月系,私档,01水藻循环,OPEN,0
生态,竞赛,②地月系,私档,02低重力农牧,OPEN,0
生态,竞赛,②地月系,私档,03辐射突变,OPEN,0
生态,竞赛,②地月系,私档,04人工气压,OPEN,0
生态,竞赛,②地月系,私档,05生化降解,OPEN,0
生态,竞赛,②地月系,私档,06极端采样,OPEN,0
生态,竞赛,②地月系,私档,07闭环防疫,OPEN,0
生态,竞赛,②地月系,互济,01水藻循环,OPEN,0
生态,竞赛,②地月系,互济,02低重力农牧,OPEN,0
生态,竞赛,②地月系,互济,03辐射突变,OPEN,0
生态,竞赛,②地月系,互济,04人工气压,OPEN,0
生态,竞赛,②地月系,互济,05生化降解,OPEN,0
生态,竞赛,②地月系,互济,06极端采样,OPEN,0
生态,竞赛,②地月系,互济,07闭环防疫,OPEN,0
生态,竞赛,②地月系,商贸,01水藻循环,OPEN,0
生态,竞赛,②地月系,商贸,02低重力农牧,OPEN,0
生态,竞赛,②地月系,商贸,03辐射突变,OPEN,0
生态,竞赛,②地月系,商贸,04人工气压,OPEN,0
生态,竞赛,②地月系,商贸,05生化降解,OPEN,0
生态,竞赛,②地月系,商贸,06极端采样,OPEN,0
生态,竞赛,②地月系,商贸,07闭环防疫,OPEN,0
生态,竞赛,②地月系,工技,01水藻循环,OPEN,0
生态,竞赛,②地月系,工技,02低重力农牧,OPEN,0
生态,竞赛,②地月系,工技,03辐射突变,OPEN,0
生态,竞赛,②地月系,工技,04人工气压,OPEN,0
生态,竞赛,②地月系,工技,05生化降解,OPEN,0
生态,竞赛,②地月系,工技,06极端采样,OPEN,0
生态,竞赛,②地月系,工技,07闭环防疫,OPEN,0
生态,竞赛,②地月系,科医,01水藻循环,OPEN,0
生态,竞赛,②地月系,科医,02低重力农牧,OPEN,0
生态,竞赛,②地月系,科医,03辐射突变,OPEN,0
生态,竞赛,②地月系,科医,04人工气压,OPEN,0
生态,竞赛,②地月系,科医,05生化降解,OPEN,0
生态,竞赛,②地月系,科医,06极端采样,OPEN,0
生态,竞赛,②地月系,科医,07闭环防疫,OPEN,0
生态,竞赛,③内太阳系,官档,01水藻循环,PART,1
生态,竞赛,③内太阳系,官档,02低重力农牧,OPEN,0
生态,竞赛,③内太阳系,官档,03辐射突变,OPEN,0
生态,竞赛,③内太阳系,官档,04人工气压,OPEN,0
生态,竞赛,③内太阳系,官档,05生化降解,OPEN,0
生态,竞赛,③内太阳系,官档,06极端采样,OPEN,0
生态,竞赛,③内太阳系,官档,07闭环防疫,OPEN,0
生态,竞赛,③内太阳系,私档,01水藻循环,OPEN,0
生态,竞赛,③内太阳系,私档,02低重力农牧,OPEN,0
生态,竞赛,③内太阳系,私档,03辐射突变,OPEN,0
生态,竞赛,③内太阳系,私档,04人工气压,OPEN,0
生态,竞赛,③内太阳系,私档,05生化降解,OPEN,0
生态,竞赛,③内太阳系,私档,06极端采样,OPEN,0
生态,竞赛,③内太阳系,私档,07闭环防疫,OPEN,0
生态,竞赛,③内太阳系,互济,01水藻循环,OPEN,0
生态,竞赛,③内太阳系,互济,02低重力农牧,OPEN,0
生态,竞赛,③内太阳系,互济,03辐射突变,OPEN,0
生态,竞赛,③内太阳系,互济,04人工气压,OPEN,0
生态,竞赛,③内太阳系,互济,05生化降解,OPEN,0
生态,竞赛,③内太阳系,互济,06极端采样,OPEN,0
生态,竞赛,③内太阳系,互济,07闭环防疫,OPEN,0
生态,竞赛,③内太阳系,商贸,01水藻循环,OPEN,0
生态,竞赛,③内太阳系,商贸,02低重力农牧,OPEN,0
生态,竞赛,③内太阳系,商贸,03辐射突变,OPEN,0
生态,竞赛,③内太阳系,商贸,04人工气压,OPEN,0
生态,竞赛,③内太阳系,商贸,05生化降解,OPEN,0
生态,竞赛,③内太阳系,商贸,06极端采样,OPEN,0
生态,竞赛,③内太阳系,商贸,07闭环防疫,OPEN,0
生态,竞赛,③内太阳系,工技,01水藻循环,OPEN,0
生态,竞赛,③内太阳系,工技,02低重力农牧,OPEN,0
生态,竞赛,③内太阳系,工技,03辐射突变,OPEN,0
生态,竞赛,③内太阳系,工技,04人工气压,OPEN,0
生态,竞赛,③内太阳系,工技,05生化降解,OPEN,0
生态,竞赛,③内太阳系,工技,06极端采样,OPEN,0
生态,竞赛,③内太阳系,工技,07闭环防疫,OPEN,0
生态,竞赛,③内太阳系,科医,01水藻循环,OPEN,0
生态,竞赛,③内太阳系,科医,02低重力农牧,OPEN,0
生态,竞赛,③内太阳系,科医,03辐射突变,OPEN,0
生态,竞赛,③内太阳系,科医,04人工气压,OPEN,0
生态,竞赛,③内太阳系,科医,05生化降解,OPEN,0
生态,竞赛,③内太阳系,科医,06极端采样,OPEN,0
生态,竞赛,③内太阳系,科医,07闭环防疫,OPEN,0
生态,竞赛,④深空,官档,01水藻循环,PART,1
生态,竞赛,④深空,官档,02低重力农牧,OPEN,0
生态,竞赛,④深空,官档,03辐射突变,OPEN,0
生态,竞赛,④深空,官档,04人工气压,OPEN,0
生态,竞赛,④深空,官档,05生化降解,OPEN,0
生态,竞赛,④深空,官档,06极端采样,OPEN,0
生态,竞赛,④深空,官档,07闭环防疫,OPEN,0
生态,竞赛,④深空,私档,01水藻循环,OPEN,0
生态,竞赛,④深空,私档,02低重力农牧,OPEN,0
生态,竞赛,④深空,私档,03辐射突变,OPEN,0
生态,竞赛,④深空,私档,04人工气压,OPEN,0
生态,竞赛,④深空,私档,05生化降解,OPEN,0
生态,竞赛,④深空,私档,06极端采样,OPEN,0
生态,竞赛,④深空,私档,07闭环防疫,OPEN,0
生态,竞赛,④深空,互济,01水藻循环,OPEN,0
生态,竞赛,④深空,互济,02低重力农牧,OPEN,0
生态,竞赛,④深空,互济,03辐射突变,OPEN,0
生态,竞赛,④深空,互济,04人工气压,OPEN,0
生态,竞赛,④深空,互济,05生化降解,OPEN,0
生态,竞赛,④深空,互济,06极端采样,OPEN,0
生态,竞赛,④深空,互济,07闭环防疫,OPEN,0
生态,竞赛,④深空,商贸,01水藻循环,OPEN,0
生态,竞赛,④深空,商贸,02低重力农牧,OPEN,0
生态,竞赛,④深空,商贸,03辐射突变,OPEN,0
生态,竞赛,④深空,商贸,04人工气压,OPEN,0
生态,竞赛,④深空,商贸,05生化降解,OPEN,0
生态,竞赛,④深空,商贸,06极端采样,OPEN,0
生态,竞赛,④深空,商贸,07闭环防疫,OPEN,0
生态,竞赛,④深空,工技,01水藻循环,OPEN,0
生态,竞赛,④深空,工技,02低重力农牧,OPEN,0
生态,竞赛,④深空,工技,03辐射突变,OPEN,0
生态,竞赛,④深空,工技,04人工气压,OPEN,0
生态,竞赛,④深空,工技,05生化降解,OPEN,0
生态,竞赛,④深空,工技,06极端采样,OPEN,0
生态,竞赛,④深空,工技,07闭环防疫,OPEN,0
生态,竞赛,④深空,科医,01水藻循环,OPEN,0
生态,竞赛,④深空,科医,02低重力农牧,OPEN,0
生态,竞赛,④深空,科医,03辐射突变,OPEN,0
生态,竞赛,④深空,科医,04人工气压,OPEN,0
生态,竞赛,④深空,科医,05生化降解,OPEN,0
生态,竞赛,④深空,科医,06极端采样,OPEN,0
生态,竞赛,④深空,科医,07闭环防疫,OPEN,0
生态,竞赛,⑤比邻星,官档,01水藻循环,PART,1
生态,竞赛,⑤比邻星,官档,02低重力农牧,OPEN,0
生态,竞赛,⑤比邻星,官档,03辐射突变,OPEN,0
生态,竞赛,⑤比邻星,官档,04人工气压,OPEN,0
生态,竞赛,⑤比邻星,官档,05生化降解,OPEN,0
生态,竞赛,⑤比邻星,官档,06极端采样,OPEN,0
生态,竞赛,⑤比邻星,官档,07闭环防疫,OPEN,0
生态,竞赛,⑤比邻星,私档,01水藻循环,OPEN,0
生态,竞赛,⑤比邻星,私档,02低重力农牧,OPEN,0
生态,竞赛,⑤比邻星,私档,03辐射突变,OPEN,0
生态,竞赛,⑤比邻星,私档,04人工气压,OPEN,0
生态,竞赛,⑤比邻星,私档,05生化降解,OPEN,0
生态,竞赛,⑤比邻星,私档,06极端采样,OPEN,0
生态,竞赛,⑤比邻星,私档,07闭环防疫,OPEN,0
生态,竞赛,⑤比邻星,互济,01水藻循环,OPEN,0
生态,竞赛,⑤比邻星,互济,02低重力农牧,OPEN,0
生态,竞赛,⑤比邻星,互济,03辐射突变,OPEN,0
生态,竞赛,⑤比邻星,互济,04人工气压,OPEN,0
生态,竞赛,⑤比邻星,互济,05生化降解,OPEN,0
生态,竞赛,⑤比邻星,互济,06极端采样,OPEN,0
生态,竞赛,⑤比邻星,互济,07闭环防疫,OPEN,0
生态,竞赛,⑤比邻星,商贸,01水藻循环,OPEN,0
生态,竞赛,⑤比邻星,商贸,02低重力农牧,OPEN,0
生态,竞赛,⑤比邻星,商贸,03辐射突变,OPEN,0
生态,竞赛,⑤比邻星,商贸,04人工气压,OPEN,0
生态,竞赛,⑤比邻星,商贸,05生化降解,OPEN,0
生态,竞赛,⑤比邻星,商贸,06极端采样,OPEN,0
生态,竞赛,⑤比邻星,商贸,07闭环防疫,OPEN,0
生态,竞赛,⑤比邻星,工技,01水藻循环,OPEN,0
生态,竞赛,⑤比邻星,工技,02低重力农牧,OPEN,0
生态,竞赛,⑤比邻星,工技,03辐射突变,OPEN,0
生态,竞赛,⑤比邻星,工技,04人工气压,OPEN,0
生态,竞赛,⑤比邻星,工技,05生化降解,OPEN,0
生态,竞赛,⑤比邻星,工技,06极端采样,OPEN,0
生态,竞赛,⑤比邻星,工技,07闭环防疫,OPEN,0
生态,竞赛,⑤比邻星,科医,01水藻循环,OPEN,0
生态,竞赛,⑤比邻星,科医,02低重力农牧,OPEN,0
生态,竞赛,⑤比邻星,科医,03辐射突变,OPEN,0
生态,竞赛,⑤比邻星,科医,04人工气压,OPEN,0
生态,竞赛,⑤比邻星,科医,05生化降解,OPEN,0
生态,竞赛,⑤比邻星,科医,06极端采样,OPEN,0
生态,竞赛,⑤比邻星,科医,07闭环防疫,OPEN,0
生态,丰裕,①地球,官档,01水藻循环,PART,1
生态,丰裕,①地球,官档,02低重力农牧,OPEN,0
生态,丰裕,①地球,官档,03辐射突变,OPEN,0
生态,丰裕,①地球,官档,04人工气压,OPEN,0
生态,丰裕,①地球,官档,05生化降解,OPEN,0
生态,丰裕,①地球,官档,06极端采样,OPEN,0
生态,丰裕,①地球,官档,07闭环防疫,OPEN,0
生态,丰裕,①地球,私档,01水藻循环,OPEN,0
生态,丰裕,①地球,私档,02低重力农牧,OPEN,0
生态,丰裕,①地球,私档,03辐射突变,OPEN,0
生态,丰裕,①地球,私档,04人工气压,OPEN,0
生态,丰裕,①地球,私档,05生化降解,OPEN,0
生态,丰裕,①地球,私档,06极端采样,OPEN,0
生态,丰裕,①地球,私档,07闭环防疫,OPEN,0
生态,丰裕,①地球,互济,01水藻循环,OPEN,0
生态,丰裕,①地球,互济,02低重力农牧,OPEN,0
生态,丰裕,①地球,互济,03辐射突变,OPEN,0
生态,丰裕,①地球,互济,04人工气压,OPEN,0
生态,丰裕,①地球,互济,05生化降解,OPEN,0
生态,丰裕,①地球,互济,06极端采样,OPEN,0
生态,丰裕,①地球,互济,07闭环防疫,OPEN,0
生态,丰裕,①地球,商贸,01水藻循环,OPEN,0
生态,丰裕,①地球,商贸,02低重力农牧,OPEN,0
生态,丰裕,①地球,商贸,03辐射突变,OPEN,0
生态,丰裕,①地球,商贸,04人工气压,OPEN,0
生态,丰裕,①地球,商贸,05生化降解,OPEN,0
生态,丰裕,①地球,商贸,06极端采样,OPEN,0
生态,丰裕,①地球,商贸,07闭环防疫,OPEN,0
生态,丰裕,①地球,工技,01水藻循环,OPEN,0
生态,丰裕,①地球,工技,02低重力农牧,OPEN,0
生态,丰裕,①地球,工技,03辐射突变,OPEN,0
生态,丰裕,①地球,工技,04人工气压,OPEN,0
生态,丰裕,①地球,工技,05生化降解,OPEN,0
生态,丰裕,①地球,工技,06极端采样,OPEN,0
生态,丰裕,①地球,工技,07闭环防疫,OPEN,0
生态,丰裕,①地球,科医,01水藻循环,OPEN,0
生态,丰裕,①地球,科医,02低重力农牧,OPEN,0
生态,丰裕,①地球,科医,03辐射突变,OPEN,0
生态,丰裕,①地球,科医,04人工气压,OPEN,0
生态,丰裕,①地球,科医,05生化降解,OPEN,0
生态,丰裕,①地球,科医,06极端采样,OPEN,0
生态,丰裕,①地球,科医,07闭环防疫,OPEN,0
生态,丰裕,②地月系,官档,01水藻循环,PART,1
生态,丰裕,②地月系,官档,02低重力农牧,OPEN,0
生态,丰裕,②地月系,官档,03辐射突变,OPEN,0
生态,丰裕,②地月系,官档,04人工气压,OPEN,0
生态,丰裕,②地月系,官档,05生化降解,OPEN,0
生态,丰裕,②地月系,官档,06极端采样,OPEN,0
生态,丰裕,②地月系,官档,07闭环防疫,OPEN,0
生态,丰裕,②地月系,私档,01水藻循环,OPEN,0
生态,丰裕,②地月系,私档,02低重力农牧,OPEN,0
生态,丰裕,②地月系,私档,03辐射突变,OPEN,0
生态,丰裕,②地月系,私档,04人工气压,OPEN,0
生态,丰裕,②地月系,私档,05生化降解,OPEN,0
生态,丰裕,②地月系,私档,06极端采样,OPEN,0
生态,丰裕,②地月系,私档,07闭环防疫,OPEN,0
生态,丰裕,②地月系,互济,01水藻循环,OPEN,0
生态,丰裕,②地月系,互济,02低重力农牧,OPEN,0
生态,丰裕,②地月系,互济,03辐射突变,OPEN,0
生态,丰裕,②地月系,互济,04人工气压,OPEN,0
生态,丰裕,②地月系,互济,05生化降解,OPEN,0
生态,丰裕,②地月系,互济,06极端采样,OPEN,0
生态,丰裕,②地月系,互济,07闭环防疫,OPEN,0
生态,丰裕,②地月系,商贸,01水藻循环,OPEN,0
生态,丰裕,②地月系,商贸,02低重力农牧,OPEN,0
生态,丰裕,②地月系,商贸,03辐射突变,OPEN,0
生态,丰裕,②地月系,商贸,04人工气压,OPEN,0
生态,丰裕,②地月系,商贸,05生化降解,OPEN,0
生态,丰裕,②地月系,商贸,06极端采样,OPEN,0
生态,丰裕,②地月系,商贸,07闭环防疫,OPEN,0
生态,丰裕,②地月系,工技,01水藻循环,OPEN,0
生态,丰裕,②地月系,工技,02低重力农牧,OPEN,0
生态,丰裕,②地月系,工技,03辐射突变,OPEN,0
生态,丰裕,②地月系,工技,04人工气压,OPEN,0
生态,丰裕,②地月系,工技,05生化降解,OPEN,0
生态,丰裕,②地月系,工技,06极端采样,OPEN,0
生态,丰裕,②地月系,工技,07闭环防疫,OPEN,0
生态,丰裕,②地月系,科医,01水藻循环,OPEN,0
生态,丰裕,②地月系,科医,02低重力农牧,OPEN,0
生态,丰裕,②地月系,科医,03辐射突变,OPEN,0
生态,丰裕,②地月系,科医,04人工气压,OPEN,0
生态,丰裕,②地月系,科医,05生化降解,OPEN,0
生态,丰裕,②地月系,科医,06极端采样,OPEN,0
生态,丰裕,②地月系,科医,07闭环防疫,OPEN,0
生态,丰裕,③内太阳系,官档,01水藻循环,PART,2
生态,丰裕,③内太阳系,官档,02低重力农牧,OPEN,0
生态,丰裕,③内太阳系,官档,03辐射突变,OPEN,0
生态,丰裕,③内太阳系,官档,04人工气压,OPEN,0
生态,丰裕,③内太阳系,官档,05生化降解,OPEN,0
生态,丰裕,③内太阳系,官档,06极端采样,OPEN,0
生态,丰裕,③内太阳系,官档,07闭环防疫,OPEN,0
生态,丰裕,③内太阳系,私档,01水藻循环,OPEN,0
生态,丰裕,③内太阳系,私档,02低重力农牧,OPEN,0
生态,丰裕,③内太阳系,私档,03辐射突变,OPEN,0
生态,丰裕,③内太阳系,私档,04人工气压,OPEN,0
生态,丰裕,③内太阳系,私档,05生化降解,OPEN,0
生态,丰裕,③内太阳系,私档,06极端采样,OPEN,0
生态,丰裕,③内太阳系,私档,07闭环防疫,OPEN,0
生态,丰裕,③内太阳系,互济,01水藻循环,OPEN,0
生态,丰裕,③内太阳系,互济,02低重力农牧,OPEN,0
生态,丰裕,③内太阳系,互济,03辐射突变,OPEN,0
生态,丰裕,③内太阳系,互济,04人工气压,OPEN,0
生态,丰裕,③内太阳系,互济,05生化降解,OPEN,0
生态,丰裕,③内太阳系,互济,06极端采样,OPEN,0
生态,丰裕,③内太阳系,互济,07闭环防疫,OPEN,0
生态,丰裕,③内太阳系,商贸,01水藻循环,OPEN,0
生态,丰裕,③内太阳系,商贸,02低重力农牧,OPEN,0
生态,丰裕,③内太阳系,商贸,03辐射突变,OPEN,0
生态,丰裕,③内太阳系,商贸,04人工气压,OPEN,0
生态,丰裕,③内太阳系,商贸,05生化降解,OPEN,0
生态,丰裕,③内太阳系,商贸,06极端采样,OPEN,0
生态,丰裕,③内太阳系,商贸,07闭环防疫,OPEN,0
生态,丰裕,③内太阳系,工技,01水藻循环,OPEN,0
生态,丰裕,③内太阳系,工技,02低重力农牧,OPEN,0
生态,丰裕,③内太阳系,工技,03辐射突变,OPEN,0
生态,丰裕,③内太阳系,工技,04人工气压,OPEN,0
生态,丰裕,③内太阳系,工技,05生化降解,OPEN,0
生态,丰裕,③内太阳系,工技,06极端采样,OPEN,0
生态,丰裕,③内太阳系,工技,07闭环防疫,OPEN,0
生态,丰裕,③内太阳系,科医,01水藻循环,OPEN,0
生态,丰裕,③内太阳系,科医,02低重力农牧,OPEN,0
生态,丰裕,③内太阳系,科医,03辐射突变,OPEN,0
生态,丰裕,③内太阳系,科医,04人工气压,OPEN,0
生态,丰裕,③内太阳系,科医,05生化降解,OPEN,0
生态,丰裕,③内太阳系,科医,06极端采样,OPEN,0
生态,丰裕,③内太阳系,科医,07闭环防疫,OPEN,0
生态,丰裕,④深空,官档,01水藻循环,PART,1
生态,丰裕,④深空,官档,02低重力农牧,OPEN,0
生态,丰裕,④深空,官档,03辐射突变,OPEN,0
生态,丰裕,④深空,官档,04人工气压,OPEN,0
生态,丰裕,④深空,官档,05生化降解,OPEN,0
生态,丰裕,④深空,官档,06极端采样,OPEN,0
生态,丰裕,④深空,官档,07闭环防疫,OPEN,0
生态,丰裕,④深空,私档,01水藻循环,OPEN,0
生态,丰裕,④深空,私档,02低重力农牧,OPEN,0
生态,丰裕,④深空,私档,03辐射突变,OPEN,0
生态,丰裕,④深空,私档,04人工气压,OPEN,0
生态,丰裕,④深空,私档,05生化降解,OPEN,0
生态,丰裕,④深空,私档,06极端采样,OPEN,0
生态,丰裕,④深空,私档,07闭环防疫,OPEN,0
生态,丰裕,④深空,互济,01水藻循环,OPEN,0
生态,丰裕,④深空,互济,02低重力农牧,OPEN,0
生态,丰裕,④深空,互济,03辐射突变,OPEN,0
生态,丰裕,④深空,互济,04人工气压,OPEN,0
生态,丰裕,④深空,互济,05生化降解,OPEN,0
生态,丰裕,④深空,互济,06极端采样,OPEN,0
生态,丰裕,④深空,互济,07闭环防疫,OPEN,0
生态,丰裕,④深空,商贸,01水藻循环,OPEN,0
生态,丰裕,④深空,商贸,02低重力农牧,OPEN,0
生态,丰裕,④深空,商贸,03辐射突变,OPEN,0
生态,丰裕,④深空,商贸,04人工气压,OPEN,0
生态,丰裕,④深空,商贸,05生化降解,OPEN,0
生态,丰裕,④深空,商贸,06极端采样,OPEN,0
生态,丰裕,④深空,商贸,07闭环防疫,OPEN,0
生态,丰裕,④深空,工技,01水藻循环,OPEN,0
生态,丰裕,④深空,工技,02低重力农牧,OPEN,0
生态,丰裕,④深空,工技,03辐射突变,OPEN,0
生态,丰裕,④深空,工技,04人工气压,OPEN,0
生态,丰裕,④深空,工技,05生化降解,OPEN,0
生态,丰裕,④深空,工技,06极端采样,OPEN,0
生态,丰裕,④深空,工技,07闭环防疫,OPEN,0
生态,丰裕,④深空,科医,01水藻循环,OPEN,0
生态,丰裕,④深空,科医,02低重力农牧,OPEN,0
生态,丰裕,④深空,科医,03辐射突变,OPEN,0
生态,丰裕,④深空,科医,04人工气压,OPEN,0
生态,丰裕,④深空,科医,05生化降解,OPEN,0
生态,丰裕,④深空,科医,06极端采样,OPEN,0
生态,丰裕,④深空,科医,07闭环防疫,OPEN,0
生态,丰裕,⑤比邻星,官档,01水藻循环,PART,1
生态,丰裕,⑤比邻星,官档,02低重力农牧,OPEN,0
生态,丰裕,⑤比邻星,官档,03辐射突变,OPEN,0
生态,丰裕,⑤比邻星,官档,04人工气压,OPEN,0
生态,丰裕,⑤比邻星,官档,05生化降解,OPEN,0
生态,丰裕,⑤比邻星,官档,06极端采样,OPEN,0
生态,丰裕,⑤比邻星,官档,07闭环防疫,OPEN,0
生态,丰裕,⑤比邻星,私档,01水藻循环,OPEN,0
生态,丰裕,⑤比邻星,私档,02低重力农牧,OPEN,0
生态,丰裕,⑤比邻星,私档,03辐射突变,OPEN,0
生态,丰裕,⑤比邻星,私档,04人工气压,OPEN,0
生态,丰裕,⑤比邻星,私档,05生化降解,OPEN,0
生态,丰裕,⑤比邻星,私档,06极端采样,OPEN,0
生态,丰裕,⑤比邻星,私档,07闭环防疫,OPEN,0
生态,丰裕,⑤比邻星,互济,01水藻循环,OPEN,0
生态,丰裕,⑤比邻星,互济,02低重力农牧,OPEN,0
生态,丰裕,⑤比邻星,互济,03辐射突变,OPEN,0
生态,丰裕,⑤比邻星,互济,04人工气压,OPEN,0
生态,丰裕,⑤比邻星,互济,05生化降解,OPEN,0
生态,丰裕,⑤比邻星,互济,06极端采样,OPEN,0
生态,丰裕,⑤比邻星,互济,07闭环防疫,OPEN,0
生态,丰裕,⑤比邻星,商贸,01水藻循环,OPEN,0
生态,丰裕,⑤比邻星,商贸,02低重力农牧,OPEN,0
生态,丰裕,⑤比邻星,商贸,03辐射突变,OPEN,0
生态,丰裕,⑤比邻星,商贸,04人工气压,OPEN,0
生态,丰裕,⑤比邻星,商贸,05生化降解,OPEN,0
生态,丰裕,⑤比邻星,商贸,06极端采样,OPEN,0
生态,丰裕,⑤比邻星,商贸,07闭环防疫,OPEN,0
生态,丰裕,⑤比邻星,工技,01水藻循环,OPEN,0
生态,丰裕,⑤比邻星,工技,02低重力农牧,OPEN,0
生态,丰裕,⑤比邻星,工技,03辐射突变,OPEN,0
生态,丰裕,⑤比邻星,工技,04人工气压,OPEN,0
生态,丰裕,⑤比邻星,工技,05生化降解,OPEN,0
生态,丰裕,⑤比邻星,工技,06极端采样,OPEN,0
生态,丰裕,⑤比邻星,工技,07闭环防疫,OPEN,0
生态,丰裕,⑤比邻星,科医,01水藻循环,OPEN,0
生态,丰裕,⑤比邻星,科医,02低重力农牧,OPEN,0
生态,丰裕,⑤比邻星,科医,03辐射突变,OPEN,0
生态,丰裕,⑤比邻星,科医,04人工气压,OPEN,0
生态,丰裕,⑤比邻星,科医,05生化降解,OPEN,0
生态,丰裕,⑤比邻星,科医,06极端采样,OPEN,0
生态,丰裕,⑤比邻星,科医,07闭环防疫,OPEN,0
生态,离心,①地球,官档,01水藻循环,PART,1
生态,离心,①地球,官档,02低重力农牧,OPEN,0
生态,离心,①地球,官档,03辐射突变,OPEN,0
生态,离心,①地球,官档,04人工气压,OPEN,0
生态,离心,①地球,官档,05生化降解,OPEN,0
生态,离心,①地球,官档,06极端采样,OPEN,0
生态,离心,①地球,官档,07闭环防疫,OPEN,0
生态,离心,①地球,私档,01水藻循环,OPEN,0
生态,离心,①地球,私档,02低重力农牧,OPEN,0
生态,离心,①地球,私档,03辐射突变,OPEN,0
生态,离心,①地球,私档,04人工气压,OPEN,0
生态,离心,①地球,私档,05生化降解,OPEN,0
生态,离心,①地球,私档,06极端采样,OPEN,0
生态,离心,①地球,私档,07闭环防疫,OPEN,0
生态,离心,①地球,互济,01水藻循环,OPEN,0
生态,离心,①地球,互济,02低重力农牧,OPEN,0
生态,离心,①地球,互济,03辐射突变,OPEN,0
生态,离心,①地球,互济,04人工气压,OPEN,0
生态,离心,①地球,互济,05生化降解,OPEN,0
生态,离心,①地球,互济,06极端采样,OPEN,0
生态,离心,①地球,互济,07闭环防疫,OPEN,0
生态,离心,①地球,商贸,01水藻循环,OPEN,0
生态,离心,①地球,商贸,02低重力农牧,OPEN,0
生态,离心,①地球,商贸,03辐射突变,OPEN,0
生态,离心,①地球,商贸,04人工气压,OPEN,0
生态,离心,①地球,商贸,05生化降解,OPEN,0
生态,离心,①地球,商贸,06极端采样,OPEN,0
生态,离心,①地球,商贸,07闭环防疫,OPEN,0
生态,离心,①地球,工技,01水藻循环,OPEN,0
生态,离心,①地球,工技,02低重力农牧,OPEN,0
生态,离心,①地球,工技,03辐射突变,OPEN,0
生态,离心,①地球,工技,04人工气压,OPEN,0
生态,离心,①地球,工技,05生化降解,OPEN,0
生态,离心,①地球,工技,06极端采样,OPEN,0
生态,离心,①地球,工技,07闭环防疫,OPEN,0
生态,离心,①地球,科医,01水藻循环,OPEN,0
生态,离心,①地球,科医,02低重力农牧,OPEN,0
生态,离心,①地球,科医,03辐射突变,OPEN,0
生态,离心,①地球,科医,04人工气压,OPEN,0
生态,离心,①地球,科医,05生化降解,OPEN,0
生态,离心,①地球,科医,06极端采样,OPEN,0
生态,离心,①地球,科医,07闭环防疫,OPEN,0
生态,离心,②地月系,官档,01水藻循环,PART,1
生态,离心,②地月系,官档,02低重力农牧,OPEN,0
生态,离心,②地月系,官档,03辐射突变,OPEN,0
生态,离心,②地月系,官档,04人工气压,OPEN,0
生态,离心,②地月系,官档,05生化降解,OPEN,0
生态,离心,②地月系,官档,06极端采样,OPEN,0
生态,离心,②地月系,官档,07闭环防疫,OPEN,0
生态,离心,②地月系,私档,01水藻循环,OPEN,0
生态,离心,②地月系,私档,02低重力农牧,OPEN,0
生态,离心,②地月系,私档,03辐射突变,OPEN,0
生态,离心,②地月系,私档,04人工气压,OPEN,0
生态,离心,②地月系,私档,05生化降解,OPEN,0
生态,离心,②地月系,私档,06极端采样,OPEN,0
生态,离心,②地月系,私档,07闭环防疫,OPEN,0
生态,离心,②地月系,互济,01水藻循环,OPEN,0
生态,离心,②地月系,互济,02低重力农牧,OPEN,0
生态,离心,②地月系,互济,03辐射突变,OPEN,0
生态,离心,②地月系,互济,04人工气压,OPEN,0
生态,离心,②地月系,互济,05生化降解,OPEN,0
生态,离心,②地月系,互济,06极端采样,OPEN,0
生态,离心,②地月系,互济,07闭环防疫,OPEN,0
生态,离心,②地月系,商贸,01水藻循环,OPEN,0
生态,离心,②地月系,商贸,02低重力农牧,OPEN,0
生态,离心,②地月系,商贸,03辐射突变,OPEN,0
生态,离心,②地月系,商贸,04人工气压,OPEN,0
生态,离心,②地月系,商贸,05生化降解,OPEN,0
生态,离心,②地月系,商贸,06极端采样,OPEN,0
生态,离心,②地月系,商贸,07闭环防疫,OPEN,0
生态,离心,②地月系,工技,01水藻循环,OPEN,0
生态,离心,②地月系,工技,02低重力农牧,OPEN,0
生态,离心,②地月系,工技,03辐射突变,OPEN,0
生态,离心,②地月系,工技,04人工气压,OPEN,0
生态,离心,②地月系,工技,05生化降解,OPEN,0
生态,离心,②地月系,工技,06极端采样,OPEN,0
生态,离心,②地月系,工技,07闭环防疫,OPEN,0
生态,离心,②地月系,科医,01水藻循环,OPEN,0
生态,离心,②地月系,科医,02低重力农牧,OPEN,0
生态,离心,②地月系,科医,03辐射突变,OPEN,0
生态,离心,②地月系,科医,04人工气压,OPEN,0
生态,离心,②地月系,科医,05生化降解,OPEN,0
生态,离心,②地月系,科医,06极端采样,OPEN,0
生态,离心,②地月系,科医,07闭环防疫,OPEN,0
生态,离心,③内太阳系,官档,01水藻循环,PART,2
生态,离心,③内太阳系,官档,02低重力农牧,OPEN,0
生态,离心,③内太阳系,官档,03辐射突变,OPEN,0
生态,离心,③内太阳系,官档,04人工气压,OPEN,0
生态,离心,③内太阳系,官档,05生化降解,OPEN,0
生态,离心,③内太阳系,官档,06极端采样,OPEN,0
生态,离心,③内太阳系,官档,07闭环防疫,OPEN,0
生态,离心,③内太阳系,私档,01水藻循环,OPEN,0
生态,离心,③内太阳系,私档,02低重力农牧,OPEN,0
生态,离心,③内太阳系,私档,03辐射突变,OPEN,0
生态,离心,③内太阳系,私档,04人工气压,OPEN,0
生态,离心,③内太阳系,私档,05生化降解,OPEN,0
生态,离心,③内太阳系,私档,06极端采样,OPEN,0
生态,离心,③内太阳系,私档,07闭环防疫,OPEN,0
生态,离心,③内太阳系,互济,01水藻循环,OPEN,0
生态,离心,③内太阳系,互济,02低重力农牧,OPEN,0
生态,离心,③内太阳系,互济,03辐射突变,OPEN,0
生态,离心,③内太阳系,互济,04人工气压,OPEN,0
生态,离心,③内太阳系,互济,05生化降解,OPEN,0
生态,离心,③内太阳系,互济,06极端采样,OPEN,0
生态,离心,③内太阳系,互济,07闭环防疫,OPEN,0
生态,离心,③内太阳系,商贸,01水藻循环,OPEN,0
生态,离心,③内太阳系,商贸,02低重力农牧,OPEN,0
生态,离心,③内太阳系,商贸,03辐射突变,OPEN,0
生态,离心,③内太阳系,商贸,04人工气压,OPEN,0
生态,离心,③内太阳系,商贸,05生化降解,OPEN,0
生态,离心,③内太阳系,商贸,06极端采样,OPEN,0
生态,离心,③内太阳系,商贸,07闭环防疫,OPEN,0
生态,离心,③内太阳系,工技,01水藻循环,OPEN,0
生态,离心,③内太阳系,工技,02低重力农牧,OPEN,0
生态,离心,③内太阳系,工技,03辐射突变,OPEN,0
生态,离心,③内太阳系,工技,04人工气压,OPEN,0
生态,离心,③内太阳系,工技,05生化降解,OPEN,0
生态,离心,③内太阳系,工技,06极端采样,OPEN,0
生态,离心,③内太阳系,工技,07闭环防疫,OPEN,0
生态,离心,③内太阳系,科医,01水藻循环,OPEN,0
生态,离心,③内太阳系,科医,02低重力农牧,OPEN,0
生态,离心,③内太阳系,科医,03辐射突变,OPEN,0
生态,离心,③内太阳系,科医,04人工气压,OPEN,0
生态,离心,③内太阳系,科医,05生化降解,OPEN,0
生态,离心,③内太阳系,科医,06极端采样,OPEN,0
生态,离心,③内太阳系,科医,07闭环防疫,OPEN,0
生态,离心,④深空,官档,01水藻循环,PART,1
生态,离心,④深空,官档,02低重力农牧,OPEN,0
生态,离心,④深空,官档,03辐射突变,OPEN,0
生态,离心,④深空,官档,04人工气压,OPEN,0
生态,离心,④深空,官档,05生化降解,OPEN,0
生态,离心,④深空,官档,06极端采样,OPEN,0
生态,离心,④深空,官档,07闭环防疫,OPEN,0
生态,离心,④深空,私档,01水藻循环,OPEN,0
生态,离心,④深空,私档,02低重力农牧,OPEN,0
生态,离心,④深空,私档,03辐射突变,OPEN,0
生态,离心,④深空,私档,04人工气压,OPEN,0
生态,离心,④深空,私档,05生化降解,OPEN,0
生态,离心,④深空,私档,06极端采样,OPEN,0
生态,离心,④深空,私档,07闭环防疫,OPEN,0
生态,离心,④深空,互济,01水藻循环,OPEN,0
生态,离心,④深空,互济,02低重力农牧,OPEN,0
生态,离心,④深空,互济,03辐射突变,OPEN,0
生态,离心,④深空,互济,04人工气压,OPEN,0
生态,离心,④深空,互济,05生化降解,OPEN,0
生态,离心,④深空,互济,06极端采样,OPEN,0
生态,离心,④深空,互济,07闭环防疫,OPEN,0
生态,离心,④深空,商贸,01水藻循环,OPEN,0
生态,离心,④深空,商贸,02低重力农牧,OPEN,0
生态,离心,④深空,商贸,03辐射突变,OPEN,0
生态,离心,④深空,商贸,04人工气压,OPEN,0
生态,离心,④深空,商贸,05生化降解,OPEN,0
生态,离心,④深空,商贸,06极端采样,OPEN,0
生态,离心,④深空,商贸,07闭环防疫,OPEN,0
生态,离心,④深空,工技,01水藻循环,OPEN,0
生态,离心,④深空,工技,02低重力农牧,OPEN,0
生态,离心,④深空,工技,03辐射突变,OPEN,0
生态,离心,④深空,工技,04人工气压,OPEN,0
生态,离心,④深空,工技,05生化降解,OPEN,0
生态,离心,④深空,工技,06极端采样,OPEN,0
生态,离心,④深空,工技,07闭环防疫,OPEN,0
生态,离心,④深空,科医,01水藻循环,OPEN,0
生态,离心,④深空,科医,02低重力农牧,OPEN,0
生态,离心,④深空,科医,03辐射突变,OPEN,0
生态,离心,④深空,科医,04人工气压,OPEN,0
生态,离心,④深空,科医,05生化降解,OPEN,0
生态,离心,④深空,科医,06极端采样,OPEN,0
生态,离心,④深空,科医,07闭环防疫,OPEN,0
生态,离心,⑤比邻星,官档,01水藻循环,PART,1
生态,离心,⑤比邻星,官档,02低重力农牧,OPEN,0
生态,离心,⑤比邻星,官档,03辐射突变,OPEN,0
生态,离心,⑤比邻星,官档,04人工气压,OPEN,0
生态,离心,⑤比邻星,官档,05生化降解,OPEN,0
生态,离心,⑤比邻星,官档,06极端采样,OPEN,0
生态,离心,⑤比邻星,官档,07闭环防疫,OPEN,0
生态,离心,⑤比邻星,私档,01水藻循环,OPEN,0
生态,离心,⑤比邻星,私档,02低重力农牧,OPEN,0
生态,离心,⑤比邻星,私档,03辐射突变,OPEN,0
生态,离心,⑤比邻星,私档,04人工气压,OPEN,0
生态,离心,⑤比邻星,私档,05生化降解,OPEN,0
生态,离心,⑤比邻星,私档,06极端采样,OPEN,0
生态,离心,⑤比邻星,私档,07闭环防疫,OPEN,0
生态,离心,⑤比邻星,互济,01水藻循环,OPEN,0
生态,离心,⑤比邻星,互济,02低重力农牧,OPEN,0
生态,离心,⑤比邻星,互济,03辐射突变,OPEN,0
生态,离心,⑤比邻星,互济,04人工气压,OPEN,0
生态,离心,⑤比邻星,互济,05生化降解,OPEN,0
生态,离心,⑤比邻星,互济,06极端采样,OPEN,0
生态,离心,⑤比邻星,互济,07闭环防疫,OPEN,0
生态,离心,⑤比邻星,商贸,01水藻循环,OPEN,0
生态,离心,⑤比邻星,商贸,02低重力农牧,OPEN,0
生态,离心,⑤比邻星,商贸,03辐射突变,OPEN,0
生态,离心,⑤比邻星,商贸,04人工气压,OPEN,0
生态,离心,⑤比邻星,商贸,05生化降解,OPEN,0
生态,离心,⑤比邻星,商贸,06极端采样,OPEN,0
生态,离心,⑤比邻星,商贸,07闭环防疫,OPEN,0
生态,离心,⑤比邻星,工技,01水藻循环,OPEN,0
生态,离心,⑤比邻星,工技,02低重力农牧,OPEN,0
生态,离心,⑤比邻星,工技,03辐射突变,OPEN,0
生态,离心,⑤比邻星,工技,04人工气压,OPEN,0
生态,离心,⑤比邻星,工技,05生化降解,OPEN,0
生态,离心,⑤比邻星,工技,06极端采样,OPEN,0
生态,离心,⑤比邻星,工技,07闭环防疫,OPEN,0
生态,离心,⑤比邻星,科医,01水藻循环,OPEN,0
生态,离心,⑤比邻星,科医,02低重力农牧,OPEN,0
生态,离心,⑤比邻星,科医,03辐射突变,OPEN,0
生态,离心,⑤比邻星,科医,04人工气压,OPEN,0
生态,离心,⑤比邻星,科医,05生化降解,OPEN,0
生态,离心,⑤比邻星,科医,06极端采样,OPEN,0
生态,离心,⑤比邻星,科医,07闭环防疫,OPEN,0
生态,启航,①地球,官档,01水藻循环,PART,1
生态,启航,①地球,官档,02低重力农牧,OPEN,0
生态,启航,①地球,官档,03辐射突变,OPEN,0
生态,启航,①地球,官档,04人工气压,OPEN,0
生态,启航,①地球,官档,05生化降解,OPEN,0
生态,启航,①地球,官档,06极端采样,OPEN,0
生态,启航,①地球,官档,07闭环防疫,OPEN,0
生态,启航,①地球,私档,01水藻循环,OPEN,0
生态,启航,①地球,私档,02低重力农牧,OPEN,0
生态,启航,①地球,私档,03辐射突变,OPEN,0
生态,启航,①地球,私档,04人工气压,OPEN,0
生态,启航,①地球,私档,05生化降解,OPEN,0
生态,启航,①地球,私档,06极端采样,OPEN,0
生态,启航,①地球,私档,07闭环防疫,OPEN,0
生态,启航,①地球,互济,01水藻循环,OPEN,0
生态,启航,①地球,互济,02低重力农牧,OPEN,0
生态,启航,①地球,互济,03辐射突变,OPEN,0
生态,启航,①地球,互济,04人工气压,OPEN,0
生态,启航,①地球,互济,05生化降解,OPEN,0
生态,启航,①地球,互济,06极端采样,OPEN,0
生态,启航,①地球,互济,07闭环防疫,OPEN,0
生态,启航,①地球,商贸,01水藻循环,OPEN,0
生态,启航,①地球,商贸,02低重力农牧,OPEN,0
生态,启航,①地球,商贸,03辐射突变,OPEN,0
生态,启航,①地球,商贸,04人工气压,OPEN,0
生态,启航,①地球,商贸,05生化降解,OPEN,0
生态,启航,①地球,商贸,06极端采样,OPEN,0
生态,启航,①地球,商贸,07闭环防疫,OPEN,0
生态,启航,①地球,工技,01水藻循环,OPEN,0
生态,启航,①地球,工技,02低重力农牧,OPEN,0
生态,启航,①地球,工技,03辐射突变,OPEN,0
生态,启航,①地球,工技,04人工气压,OPEN,0
生态,启航,①地球,工技,05生化降解,OPEN,0
生态,启航,①地球,工技,06极端采样,OPEN,0
生态,启航,①地球,工技,07闭环防疫,OPEN,0
生态,启航,①地球,科医,01水藻循环,OPEN,0
生态,启航,①地球,科医,02低重力农牧,OPEN,0
生态,启航,①地球,科医,03辐射突变,OPEN,0
生态,启航,①地球,科医,04人工气压,OPEN,0
生态,启航,①地球,科医,05生化降解,OPEN,0
生态,启航,①地球,科医,06极端采样,OPEN,0
生态,启航,①地球,科医,07闭环防疫,OPEN,0
生态,启航,②地月系,官档,01水藻循环,PART,1
生态,启航,②地月系,官档,02低重力农牧,OPEN,0
生态,启航,②地月系,官档,03辐射突变,OPEN,0
生态,启航,②地月系,官档,04人工气压,OPEN,0
生态,启航,②地月系,官档,05生化降解,OPEN,0
生态,启航,②地月系,官档,06极端采样,OPEN,0
生态,启航,②地月系,官档,07闭环防疫,OPEN,0
生态,启航,②地月系,私档,01水藻循环,OPEN,0
生态,启航,②地月系,私档,02低重力农牧,OPEN,0
生态,启航,②地月系,私档,03辐射突变,OPEN,0
生态,启航,②地月系,私档,04人工气压,OPEN,0
生态,启航,②地月系,私档,05生化降解,OPEN,0
生态,启航,②地月系,私档,06极端采样,OPEN,0
生态,启航,②地月系,私档,07闭环防疫,OPEN,0
生态,启航,②地月系,互济,01水藻循环,OPEN,0
生态,启航,②地月系,互济,02低重力农牧,OPEN,0
生态,启航,②地月系,互济,03辐射突变,OPEN,0
生态,启航,②地月系,互济,04人工气压,OPEN,0
生态,启航,②地月系,互济,05生化降解,OPEN,0
生态,启航,②地月系,互济,06极端采样,OPEN,0
生态,启航,②地月系,互济,07闭环防疫,OPEN,0
生态,启航,②地月系,商贸,01水藻循环,OPEN,0
生态,启航,②地月系,商贸,02低重力农牧,OPEN,0
生态,启航,②地月系,商贸,03辐射突变,OPEN,0
生态,启航,②地月系,商贸,04人工气压,OPEN,0
生态,启航,②地月系,商贸,05生化降解,OPEN,0
生态,启航,②地月系,商贸,06极端采样,OPEN,0
生态,启航,②地月系,商贸,07闭环防疫,OPEN,0
生态,启航,②地月系,工技,01水藻循环,OPEN,0
生态,启航,②地月系,工技,02低重力农牧,OPEN,0
生态,启航,②地月系,工技,03辐射突变,OPEN,0
生态,启航,②地月系,工技,04人工气压,OPEN,0
生态,启航,②地月系,工技,05生化降解,OPEN,0
生态,启航,②地月系,工技,06极端采样,OPEN,0
生态,启航,②地月系,工技,07闭环防疫,OPEN,0
生态,启航,②地月系,科医,01水藻循环,OPEN,0
生态,启航,②地月系,科医,02低重力农牧,OPEN,0
生态,启航,②地月系,科医,03辐射突变,OPEN,0
生态,启航,②地月系,科医,04人工气压,OPEN,0
生态,启航,②地月系,科医,05生化降解,OPEN,0
生态,启航,②地月系,科医,06极端采样,OPEN,0
生态,启航,②地月系,科医,07闭环防疫,OPEN,0
生态,启航,③内太阳系,官档,01水藻循环,PART,1
生态,启航,③内太阳系,官档,02低重力农牧,OPEN,0
生态,启航,③内太阳系,官档,03辐射突变,OPEN,0
生态,启航,③内太阳系,官档,04人工气压,OPEN,0
生态,启航,③内太阳系,官档,05生化降解,OPEN,0
生态,启航,③内太阳系,官档,06极端采样,OPEN,0
生态,启航,③内太阳系,官档,07闭环防疫,OPEN,0
生态,启航,③内太阳系,私档,01水藻循环,OPEN,0
生态,启航,③内太阳系,私档,02低重力农牧,OPEN,0
生态,启航,③内太阳系,私档,03辐射突变,OPEN,0
生态,启航,③内太阳系,私档,04人工气压,OPEN,0
生态,启航,③内太阳系,私档,05生化降解,OPEN,0
生态,启航,③内太阳系,私档,06极端采样,OPEN,0
生态,启航,③内太阳系,私档,07闭环防疫,OPEN,0
生态,启航,③内太阳系,互济,01水藻循环,OPEN,0
生态,启航,③内太阳系,互济,02低重力农牧,OPEN,0
生态,启航,③内太阳系,互济,03辐射突变,OPEN,0
生态,启航,③内太阳系,互济,04人工气压,OPEN,0
生态,启航,③内太阳系,互济,05生化降解,OPEN,0
生态,启航,③内太阳系,互济,06极端采样,OPEN,0
生态,启航,③内太阳系,互济,07闭环防疫,OPEN,0
生态,启航,③内太阳系,商贸,01水藻循环,OPEN,0
生态,启航,③内太阳系,商贸,02低重力农牧,OPEN,0
生态,启航,③内太阳系,商贸,03辐射突变,OPEN,0
生态,启航,③内太阳系,商贸,04人工气压,OPEN,0
生态,启航,③内太阳系,商贸,05生化降解,OPEN,0
生态,启航,③内太阳系,商贸,06极端采样,OPEN,0
生态,启航,③内太阳系,商贸,07闭环防疫,OPEN,0
生态,启航,③内太阳系,工技,01水藻循环,OPEN,0
生态,启航,③内太阳系,工技,02低重力农牧,OPEN,0
生态,启航,③内太阳系,工技,03辐射突变,OPEN,0
生态,启航,③内太阳系,工技,04人工气压,OPEN,0
生态,启航,③内太阳系,工技,05生化降解,OPEN,0
生态,启航,③内太阳系,工技,06极端采样,OPEN,0
生态,启航,③内太阳系,工技,07闭环防疫,OPEN,0
生态,启航,③内太阳系,科医,01水藻循环,OPEN,0
生态,启航,③内太阳系,科医,02低重力农牧,OPEN,0
生态,启航,③内太阳系,科医,03辐射突变,OPEN,0
生态,启航,③内太阳系,科医,04人工气压,OPEN,0
生态,启航,③内太阳系,科医,05生化降解,OPEN,0
生态,启航,③内太阳系,科医,06极端采样,OPEN,0
生态,启航,③内太阳系,科医,07闭环防疫,OPEN,0
生态,启航,④深空,官档,01水藻循环,FULL,3
生态,启航,④深空,官档,02低重力农牧,OPEN,0
生态,启航,④深空,官档,03辐射突变,OPEN,0
生态,启航,④深空,官档,04人工气压,OPEN,0
生态,启航,④深空,官档,05生化降解,OPEN,0
生态,启航,④深空,官档,06极端采样,OPEN,0
生态,启航,④深空,官档,07闭环防疫,OPEN,0
生态,启航,④深空,私档,01水藻循环,OPEN,0
生态,启航,④深空,私档,02低重力农牧,OPEN,0
生态,启航,④深空,私档,03辐射突变,OPEN,0
生态,启航,④深空,私档,04人工气压,OPEN,0
生态,启航,④深空,私档,05生化降解,OPEN,0
生态,启航,④深空,私档,06极端采样,OPEN,0
生态,启航,④深空,私档,07闭环防疫,OPEN,0
生态,启航,④深空,互济,01水藻循环,OPEN,0
生态,启航,④深空,互济,02低重力农牧,OPEN,0
生态,启航,④深空,互济,03辐射突变,OPEN,0
生态,启航,④深空,互济,04人工气压,OPEN,0
生态,启航,④深空,互济,05生化降解,OPEN,0
生态,启航,④深空,互济,06极端采样,OPEN,0
生态,启航,④深空,互济,07闭环防疫,OPEN,0
生态,启航,④深空,商贸,01水藻循环,OPEN,0
生态,启航,④深空,商贸,02低重力农牧,OPEN,0
生态,启航,④深空,商贸,03辐射突变,OPEN,0
生态,启航,④深空,商贸,04人工气压,OPEN,0
生态,启航,④深空,商贸,05生化降解,OPEN,0
生态,启航,④深空,商贸,06极端采样,OPEN,0
生态,启航,④深空,商贸,07闭环防疫,OPEN,0
生态,启航,④深空,工技,01水藻循环,OPEN,0
生态,启航,④深空,工技,02低重力农牧,OPEN,0
生态,启航,④深空,工技,03辐射突变,OPEN,0
生态,启航,④深空,工技,04人工气压,OPEN,0
生态,启航,④深空,工技,05生化降解,OPEN,0
生态,启航,④深空,工技,06极端采样,OPEN,0
生态,启航,④深空,工技,07闭环防疫,OPEN,0
生态,启航,④深空,科医,01水藻循环,OPEN,0
生态,启航,④深空,科医,02低重力农牧,OPEN,0
生态,启航,④深空,科医,03辐射突变,OPEN,0
生态,启航,④深空,科医,04人工气压,OPEN,0
生态,启航,④深空,科医,05生化降解,OPEN,0
生态,启航,④深空,科医,06极端采样,OPEN,0
生态,启航,④深空,科医,07闭环防疫,OPEN,0
生态,启航,⑤比邻星,官档,01水藻循环,PART,1
生态,启航,⑤比邻星,官档,02低重力农牧,OPEN,0
生态,启航,⑤比邻星,官档,03辐射突变,OPEN,0
生态,启航,⑤比邻星,官档,04人工气压,OPEN,0
生态,启航,⑤比邻星,官档,05生化降解,OPEN,0
生态,启航,⑤比邻星,官档,06极端采样,OPEN,0
生态,启航,⑤比邻星,官档,07闭环防疫,OPEN,0
生态,启航,⑤比邻星,私档,01水藻循环,OPEN,0
生态,启航,⑤比邻星,私档,02低重力农牧,OPEN,0
生态,启航,⑤比邻星,私档,03辐射突变,OPEN,0
生态,启航,⑤比邻星,私档,04人工气压,OPEN,0
生态,启航,⑤比邻星,私档,05生化降解,OPEN,0
生态,启航,⑤比邻星,私档,06极端采样,OPEN,0
生态,启航,⑤比邻星,私档,07闭环防疫,OPEN,0
生态,启航,⑤比邻星,互济,01水藻循环,OPEN,0
生态,启航,⑤比邻星,互济,02低重力农牧,OPEN,0
生态,启航,⑤比邻星,互济,03辐射突变,OPEN,0
生态,启航,⑤比邻星,互济,04人工气压,OPEN,0
生态,启航,⑤比邻星,互济,05生化降解,OPEN,0
生态,启航,⑤比邻星,互济,06极端采样,OPEN,0
生态,启航,⑤比邻星,互济,07闭环防疫,OPEN,0
生态,启航,⑤比邻星,商贸,01水藻循环,OPEN,0
生态,启航,⑤比邻星,商贸,02低重力农牧,OPEN,0
生态,启航,⑤比邻星,商贸,03辐射突变,OPEN,0
生态,启航,⑤比邻星,商贸,04人工气压,OPEN,0
生态,启航,⑤比邻星,商贸,05生化降解,OPEN,0
生态,启航,⑤比邻星,商贸,06极端采样,OPEN,0
生态,启航,⑤比邻星,商贸,07闭环防疫,OPEN,0
生态,启航,⑤比邻星,工技,01水藻循环,OPEN,0
生态,启航,⑤比邻星,工技,02低重力农牧,OPEN,0
生态,启航,⑤比邻星,工技,03辐射突变,OPEN,0
生态,启航,⑤比邻星,工技,04人工气压,OPEN,0
生态,启航,⑤比邻星,工技,05生化降解,OPEN,0
生态,启航,⑤比邻星,工技,06极端采样,OPEN,0
生态,启航,⑤比邻星,工技,07闭环防疫,OPEN,0
生态,启航,⑤比邻星,科医,01水藻循环,OPEN,0
生态,启航,⑤比邻星,科医,02低重力农牧,OPEN,0
生态,启航,⑤比邻星,科医,03辐射突变,OPEN,0
生态,启航,⑤比邻星,科医,04人工气压,OPEN,0
生态,启航,⑤比邻星,科医,05生化降解,OPEN,0
生态,启航,⑤比邻星,科医,06极端采样,OPEN,0
生态,启航,⑤比邻星,科医,07闭环防疫,OPEN,0
生态,落地,①地球,官档,01水藻循环,PART,1
生态,落地,①地球,官档,02低重力农牧,OPEN,0
生态,落地,①地球,官档,03辐射突变,OPEN,0
生态,落地,①地球,官档,04人工气压,OPEN,0
生态,落地,①地球,官档,05生化降解,OPEN,0
生态,落地,①地球,官档,06极端采样,OPEN,0
生态,落地,①地球,官档,07闭环防疫,OPEN,0
生态,落地,①地球,私档,01水藻循环,OPEN,0
生态,落地,①地球,私档,02低重力农牧,OPEN,0
生态,落地,①地球,私档,03辐射突变,OPEN,0
生态,落地,①地球,私档,04人工气压,OPEN,0
生态,落地,①地球,私档,05生化降解,OPEN,0
生态,落地,①地球,私档,06极端采样,OPEN,0
生态,落地,①地球,私档,07闭环防疫,OPEN,0
生态,落地,①地球,互济,01水藻循环,OPEN,0
生态,落地,①地球,互济,02低重力农牧,OPEN,0
生态,落地,①地球,互济,03辐射突变,OPEN,0
生态,落地,①地球,互济,04人工气压,OPEN,0
生态,落地,①地球,互济,05生化降解,OPEN,0
生态,落地,①地球,互济,06极端采样,OPEN,0
生态,落地,①地球,互济,07闭环防疫,OPEN,0
生态,落地,①地球,商贸,01水藻循环,OPEN,0
生态,落地,①地球,商贸,02低重力农牧,OPEN,0
生态,落地,①地球,商贸,03辐射突变,OPEN,0
生态,落地,①地球,商贸,04人工气压,OPEN,0
生态,落地,①地球,商贸,05生化降解,OPEN,0
生态,落地,①地球,商贸,06极端采样,OPEN,0
生态,落地,①地球,商贸,07闭环防疫,OPEN,0
生态,落地,①地球,工技,01水藻循环,OPEN,0
生态,落地,①地球,工技,02低重力农牧,OPEN,0
生态,落地,①地球,工技,03辐射突变,OPEN,0
生态,落地,①地球,工技,04人工气压,OPEN,0
生态,落地,①地球,工技,05生化降解,OPEN,0
生态,落地,①地球,工技,06极端采样,OPEN,0
生态,落地,①地球,工技,07闭环防疫,OPEN,0
生态,落地,①地球,科医,01水藻循环,OPEN,0
生态,落地,①地球,科医,02低重力农牧,OPEN,0
生态,落地,①地球,科医,03辐射突变,OPEN,0
生态,落地,①地球,科医,04人工气压,OPEN,0
生态,落地,①地球,科医,05生化降解,OPEN,0
生态,落地,①地球,科医,06极端采样,OPEN,0
生态,落地,①地球,科医,07闭环防疫,OPEN,0
生态,落地,②地月系,官档,01水藻循环,PART,1
生态,落地,②地月系,官档,02低重力农牧,OPEN,0
生态,落地,②地月系,官档,03辐射突变,OPEN,0
生态,落地,②地月系,官档,04人工气压,OPEN,0
生态,落地,②地月系,官档,05生化降解,OPEN,0
生态,落地,②地月系,官档,06极端采样,OPEN,0
生态,落地,②地月系,官档,07闭环防疫,OPEN,0
生态,落地,②地月系,私档,01水藻循环,OPEN,0
生态,落地,②地月系,私档,02低重力农牧,OPEN,0
生态,落地,②地月系,私档,03辐射突变,OPEN,0
生态,落地,②地月系,私档,04人工气压,OPEN,0
生态,落地,②地月系,私档,05生化降解,OPEN,0
生态,落地,②地月系,私档,06极端采样,OPEN,0
生态,落地,②地月系,私档,07闭环防疫,OPEN,0
生态,落地,②地月系,互济,01水藻循环,OPEN,0
生态,落地,②地月系,互济,02低重力农牧,OPEN,0
生态,落地,②地月系,互济,03辐射突变,OPEN,0
生态,落地,②地月系,互济,04人工气压,OPEN,0
生态,落地,②地月系,互济,05生化降解,OPEN,0
生态,落地,②地月系,互济,06极端采样,OPEN,0
生态,落地,②地月系,互济,07闭环防疫,OPEN,0
生态,落地,②地月系,商贸,01水藻循环,OPEN,0
生态,落地,②地月系,商贸,02低重力农牧,OPEN,0
生态,落地,②地月系,商贸,03辐射突变,OPEN,0
生态,落地,②地月系,商贸,04人工气压,OPEN,0
生态,落地,②地月系,商贸,05生化降解,OPEN,0
生态,落地,②地月系,商贸,06极端采样,OPEN,0
生态,落地,②地月系,商贸,07闭环防疫,OPEN,0
生态,落地,②地月系,工技,01水藻循环,OPEN,0
生态,落地,②地月系,工技,02低重力农牧,OPEN,0
生态,落地,②地月系,工技,03辐射突变,OPEN,0
生态,落地,②地月系,工技,04人工气压,OPEN,0
生态,落地,②地月系,工技,05生化降解,OPEN,0
生态,落地,②地月系,工技,06极端采样,OPEN,0
生态,落地,②地月系,工技,07闭环防疫,OPEN,0
生态,落地,②地月系,科医,01水藻循环,OPEN,0
生态,落地,②地月系,科医,02低重力农牧,OPEN,0
生态,落地,②地月系,科医,03辐射突变,OPEN,0
生态,落地,②地月系,科医,04人工气压,OPEN,0
生态,落地,②地月系,科医,05生化降解,OPEN,0
生态,落地,②地月系,科医,06极端采样,OPEN,0
生态,落地,②地月系,科医,07闭环防疫,OPEN,0
生态,落地,③内太阳系,官档,01水藻循环,PART,1
生态,落地,③内太阳系,官档,02低重力农牧,OPEN,0
生态,落地,③内太阳系,官档,03辐射突变,OPEN,0
生态,落地,③内太阳系,官档,04人工气压,OPEN,0
生态,落地,③内太阳系,官档,05生化降解,OPEN,0
生态,落地,③内太阳系,官档,06极端采样,OPEN,0
生态,落地,③内太阳系,官档,07闭环防疫,OPEN,0
生态,落地,③内太阳系,私档,01水藻循环,OPEN,0
生态,落地,③内太阳系,私档,02低重力农牧,OPEN,0
生态,落地,③内太阳系,私档,03辐射突变,OPEN,0
生态,落地,③内太阳系,私档,04人工气压,OPEN,0
生态,落地,③内太阳系,私档,05生化降解,OPEN,0
生态,落地,③内太阳系,私档,06极端采样,OPEN,0
生态,落地,③内太阳系,私档,07闭环防疫,OPEN,0
生态,落地,③内太阳系,互济,01水藻循环,OPEN,0
生态,落地,③内太阳系,互济,02低重力农牧,OPEN,0
生态,落地,③内太阳系,互济,03辐射突变,OPEN,0
生态,落地,③内太阳系,互济,04人工气压,OPEN,0
生态,落地,③内太阳系,互济,05生化降解,OPEN,0
生态,落地,③内太阳系,互济,06极端采样,OPEN,0
生态,落地,③内太阳系,互济,07闭环防疫,OPEN,0
生态,落地,③内太阳系,商贸,01水藻循环,OPEN,0
生态,落地,③内太阳系,商贸,02低重力农牧,OPEN,0
生态,落地,③内太阳系,商贸,03辐射突变,OPEN,0
生态,落地,③内太阳系,商贸,04人工气压,OPEN,0
生态,落地,③内太阳系,商贸,05生化降解,OPEN,0
生态,落地,③内太阳系,商贸,06极端采样,OPEN,0
生态,落地,③内太阳系,商贸,07闭环防疫,OPEN,0
生态,落地,③内太阳系,工技,01水藻循环,OPEN,0
生态,落地,③内太阳系,工技,02低重力农牧,OPEN,0
生态,落地,③内太阳系,工技,03辐射突变,OPEN,0
生态,落地,③内太阳系,工技,04人工气压,OPEN,0
生态,落地,③内太阳系,工技,05生化降解,OPEN,0
生态,落地,③内太阳系,工技,06极端采样,OPEN,0
生态,落地,③内太阳系,工技,07闭环防疫,OPEN,0
生态,落地,③内太阳系,科医,01水藻循环,OPEN,0
生态,落地,③内太阳系,科医,02低重力农牧,OPEN,0
生态,落地,③内太阳系,科医,03辐射突变,OPEN,0
生态,落地,③内太阳系,科医,04人工气压,OPEN,0
生态,落地,③内太阳系,科医,05生化降解,OPEN,0
生态,落地,③内太阳系,科医,06极端采样,OPEN,0
生态,落地,③内太阳系,科医,07闭环防疫,OPEN,0
生态,落地,④深空,官档,01水藻循环,PART,1
生态,落地,④深空,官档,02低重力农牧,OPEN,0
生态,落地,④深空,官档,03辐射突变,OPEN,0
生态,落地,④深空,官档,04人工气压,OPEN,0
生态,落地,④深空,官档,05生化降解,OPEN,0
生态,落地,④深空,官档,06极端采样,OPEN,0
生态,落地,④深空,官档,07闭环防疫,OPEN,0
生态,落地,④深空,私档,01水藻循环,OPEN,0
生态,落地,④深空,私档,02低重力农牧,OPEN,0
生态,落地,④深空,私档,03辐射突变,OPEN,0
生态,落地,④深空,私档,04人工气压,OPEN,0
生态,落地,④深空,私档,05生化降解,OPEN,0
生态,落地,④深空,私档,06极端采样,OPEN,0
生态,落地,④深空,私档,07闭环防疫,OPEN,0
生态,落地,④深空,互济,01水藻循环,OPEN,0
生态,落地,④深空,互济,02低重力农牧,OPEN,0
生态,落地,④深空,互济,03辐射突变,OPEN,0
生态,落地,④深空,互济,04人工气压,OPEN,0
生态,落地,④深空,互济,05生化降解,OPEN,0
生态,落地,④深空,互济,06极端采样,OPEN,0
生态,落地,④深空,互济,07闭环防疫,OPEN,0
生态,落地,④深空,商贸,01水藻循环,OPEN,0
生态,落地,④深空,商贸,02低重力农牧,OPEN,0
生态,落地,④深空,商贸,03辐射突变,OPEN,0
生态,落地,④深空,商贸,04人工气压,OPEN,0
生态,落地,④深空,商贸,05生化降解,OPEN,0
生态,落地,④深空,商贸,06极端采样,OPEN,0
生态,落地,④深空,商贸,07闭环防疫,OPEN,0
生态,落地,④深空,工技,01水藻循环,OPEN,0
生态,落地,④深空,工技,02低重力农牧,OPEN,0
生态,落地,④深空,工技,03辐射突变,OPEN,0
生态,落地,④深空,工技,04人工气压,OPEN,0
生态,落地,④深空,工技,05生化降解,OPEN,0
生态,落地,④深空,工技,06极端采样,OPEN,0
生态,落地,④深空,工技,07闭环防疫,OPEN,0
生态,落地,④深空,科医,01水藻循环,OPEN,0
生态,落地,④深空,科医,02低重力农牧,OPEN,0
生态,落地,④深空,科医,03辐射突变,OPEN,0
生态,落地,④深空,科医,04人工气压,OPEN,0
生态,落地,④深空,科医,05生化降解,OPEN,0
生态,落地,④深空,科医,06极端采样,OPEN,0
生态,落地,④深空,科医,07闭环防疫,OPEN,0
生态,落地,⑤比邻星,官档,01水藻循环,PART,1
生态,落地,⑤比邻星,官档,02低重力农牧,OPEN,0
生态,落地,⑤比邻星,官档,03辐射突变,OPEN,0
生态,落地,⑤比邻星,官档,04人工气压,OPEN,0
生态,落地,⑤比邻星,官档,05生化降解,OPEN,0
生态,落地,⑤比邻星,官档,06极端采样,OPEN,0
生态,落地,⑤比邻星,官档,07闭环防疫,OPEN,0
生态,落地,⑤比邻星,私档,01水藻循环,OPEN,0
生态,落地,⑤比邻星,私档,02低重力农牧,OPEN,0
生态,落地,⑤比邻星,私档,03辐射突变,OPEN,0
生态,落地,⑤比邻星,私档,04人工气压,OPEN,0
生态,落地,⑤比邻星,私档,05生化降解,OPEN,0
生态,落地,⑤比邻星,私档,06极端采样,OPEN,0
生态,落地,⑤比邻星,私档,07闭环防疫,OPEN,0
生态,落地,⑤比邻星,互济,01水藻循环,OPEN,0
生态,落地,⑤比邻星,互济,02低重力农牧,OPEN,0
生态,落地,⑤比邻星,互济,03辐射突变,OPEN,0
生态,落地,⑤比邻星,互济,04人工气压,OPEN,0
生态,落地,⑤比邻星,互济,05生化降解,OPEN,0
生态,落地,⑤比邻星,互济,06极端采样,OPEN,0
生态,落地,⑤比邻星,互济,07闭环防疫,OPEN,0
生态,落地,⑤比邻星,商贸,01水藻循环,OPEN,0
生态,落地,⑤比邻星,商贸,02低重力农牧,OPEN,0
生态,落地,⑤比邻星,商贸,03辐射突变,OPEN,0
生态,落地,⑤比邻星,商贸,04人工气压,OPEN,0
生态,落地,⑤比邻星,商贸,05生化降解,OPEN,0
生态,落地,⑤比邻星,商贸,06极端采样,OPEN,0
生态,落地,⑤比邻星,商贸,07闭环防疫,OPEN,0
生态,落地,⑤比邻星,工技,01水藻循环,OPEN,0
生态,落地,⑤比邻星,工技,02低重力农牧,OPEN,0
生态,落地,⑤比邻星,工技,03辐射突变,OPEN,0
生态,落地,⑤比邻星,工技,04人工气压,OPEN,0
生态,落地,⑤比邻星,工技,05生化降解,OPEN,0
生态,落地,⑤比邻星,工技,06极端采样,OPEN,0
生态,落地,⑤比邻星,工技,07闭环防疫,OPEN,0
生态,落地,⑤比邻星,科医,01水藻循环,OPEN,0
生态,落地,⑤比邻星,科医,02低重力农牧,OPEN,0
生态,落地,⑤比邻星,科医,03辐射突变,OPEN,0
生态,落地,⑤比邻星,科医,04人工气压,OPEN,0
生态,落地,⑤比邻星,科医,05生化降解,OPEN,0
生态,落地,⑤比邻星,科医,06极端采样,OPEN,0
生态,落地,⑤比邻星,科医,07闭环防疫,OPEN,0
生态,双星系,①地球,官档,01水藻循环,PART,1
生态,双星系,①地球,官档,02低重力农牧,OPEN,0
生态,双星系,①地球,官档,03辐射突变,OPEN,0
生态,双星系,①地球,官档,04人工气压,OPEN,0
生态,双星系,①地球,官档,05生化降解,OPEN,0
生态,双星系,①地球,官档,06极端采样,OPEN,0
生态,双星系,①地球,官档,07闭环防疫,OPEN,0
生态,双星系,①地球,私档,01水藻循环,OPEN,0
生态,双星系,①地球,私档,02低重力农牧,OPEN,0
生态,双星系,①地球,私档,03辐射突变,OPEN,0
生态,双星系,①地球,私档,04人工气压,OPEN,0
生态,双星系,①地球,私档,05生化降解,OPEN,0
生态,双星系,①地球,私档,06极端采样,OPEN,0
生态,双星系,①地球,私档,07闭环防疫,OPEN,0
生态,双星系,①地球,互济,01水藻循环,OPEN,0
生态,双星系,①地球,互济,02低重力农牧,OPEN,0
生态,双星系,①地球,互济,03辐射突变,OPEN,0
生态,双星系,①地球,互济,04人工气压,OPEN,0
生态,双星系,①地球,互济,05生化降解,OPEN,0
生态,双星系,①地球,互济,06极端采样,OPEN,0
生态,双星系,①地球,互济,07闭环防疫,OPEN,0
生态,双星系,①地球,商贸,01水藻循环,OPEN,0
生态,双星系,①地球,商贸,02低重力农牧,OPEN,0
生态,双星系,①地球,商贸,03辐射突变,OPEN,0
生态,双星系,①地球,商贸,04人工气压,OPEN,0
生态,双星系,①地球,商贸,05生化降解,OPEN,0
生态,双星系,①地球,商贸,06极端采样,OPEN,0
生态,双星系,①地球,商贸,07闭环防疫,OPEN,0
生态,双星系,①地球,工技,01水藻循环,OPEN,0
生态,双星系,①地球,工技,02低重力农牧,OPEN,0
生态,双星系,①地球,工技,03辐射突变,OPEN,0
生态,双星系,①地球,工技,04人工气压,OPEN,0
生态,双星系,①地球,工技,05生化降解,OPEN,0
生态,双星系,①地球,工技,06极端采样,OPEN,0
生态,双星系,①地球,工技,07闭环防疫,OPEN,0
生态,双星系,①地球,科医,01水藻循环,OPEN,0
生态,双星系,①地球,科医,02低重力农牧,OPEN,0
生态,双星系,①地球,科医,03辐射突变,OPEN,0
生态,双星系,①地球,科医,04人工气压,OPEN,0
生态,双星系,①地球,科医,05生化降解,OPEN,0
生态,双星系,①地球,科医,06极端采样,OPEN,0
生态,双星系,①地球,科医,07闭环防疫,OPEN,0
生态,双星系,②地月系,官档,01水藻循环,PART,1
生态,双星系,②地月系,官档,02低重力农牧,OPEN,0
生态,双星系,②地月系,官档,03辐射突变,OPEN,0
生态,双星系,②地月系,官档,04人工气压,OPEN,0
生态,双星系,②地月系,官档,05生化降解,OPEN,0
生态,双星系,②地月系,官档,06极端采样,OPEN,0
生态,双星系,②地月系,官档,07闭环防疫,OPEN,0
生态,双星系,②地月系,私档,01水藻循环,OPEN,0
生态,双星系,②地月系,私档,02低重力农牧,OPEN,0
生态,双星系,②地月系,私档,03辐射突变,OPEN,0
生态,双星系,②地月系,私档,04人工气压,OPEN,0
生态,双星系,②地月系,私档,05生化降解,OPEN,0
生态,双星系,②地月系,私档,06极端采样,OPEN,0
生态,双星系,②地月系,私档,07闭环防疫,OPEN,0
生态,双星系,②地月系,互济,01水藻循环,OPEN,0
生态,双星系,②地月系,互济,02低重力农牧,OPEN,0
生态,双星系,②地月系,互济,03辐射突变,OPEN,0
生态,双星系,②地月系,互济,04人工气压,OPEN,0
生态,双星系,②地月系,互济,05生化降解,OPEN,0
生态,双星系,②地月系,互济,06极端采样,OPEN,0
生态,双星系,②地月系,互济,07闭环防疫,OPEN,0
生态,双星系,②地月系,商贸,01水藻循环,OPEN,0
生态,双星系,②地月系,商贸,02低重力农牧,OPEN,0
生态,双星系,②地月系,商贸,03辐射突变,OPEN,0
生态,双星系,②地月系,商贸,04人工气压,OPEN,0
生态,双星系,②地月系,商贸,05生化降解,OPEN,0
生态,双星系,②地月系,商贸,06极端采样,OPEN,0
生态,双星系,②地月系,商贸,07闭环防疫,OPEN,0
生态,双星系,②地月系,工技,01水藻循环,OPEN,0
生态,双星系,②地月系,工技,02低重力农牧,OPEN,0
生态,双星系,②地月系,工技,03辐射突变,OPEN,0
生态,双星系,②地月系,工技,04人工气压,OPEN,0
生态,双星系,②地月系,工技,05生化降解,OPEN,0
生态,双星系,②地月系,工技,06极端采样,OPEN,0
生态,双星系,②地月系,工技,07闭环防疫,OPEN,0
生态,双星系,②地月系,科医,01水藻循环,OPEN,0
生态,双星系,②地月系,科医,02低重力农牧,OPEN,0
生态,双星系,②地月系,科医,03辐射突变,OPEN,0
生态,双星系,②地月系,科医,04人工气压,OPEN,0
生态,双星系,②地月系,科医,05生化降解,OPEN,0
生态,双星系,②地月系,科医,06极端采样,OPEN,0
生态,双星系,②地月系,科医,07闭环防疫,OPEN,0
生态,双星系,③内太阳系,官档,01水藻循环,PART,1
生态,双星系,③内太阳系,官档,02低重力农牧,OPEN,0
生态,双星系,③内太阳系,官档,03辐射突变,OPEN,0
生态,双星系,③内太阳系,官档,04人工气压,OPEN,0
生态,双星系,③内太阳系,官档,05生化降解,OPEN,0
生态,双星系,③内太阳系,官档,06极端采样,OPEN,0
生态,双星系,③内太阳系,官档,07闭环防疫,OPEN,0
生态,双星系,③内太阳系,私档,01水藻循环,OPEN,0
生态,双星系,③内太阳系,私档,02低重力农牧,OPEN,0
生态,双星系,③内太阳系,私档,03辐射突变,OPEN,0
生态,双星系,③内太阳系,私档,04人工气压,OPEN,0
生态,双星系,③内太阳系,私档,05生化降解,OPEN,0
生态,双星系,③内太阳系,私档,06极端采样,OPEN,0
生态,双星系,③内太阳系,私档,07闭环防疫,OPEN,0
生态,双星系,③内太阳系,互济,01水藻循环,OPEN,0
生态,双星系,③内太阳系,互济,02低重力农牧,OPEN,0
生态,双星系,③内太阳系,互济,03辐射突变,OPEN,0
生态,双星系,③内太阳系,互济,04人工气压,OPEN,0
生态,双星系,③内太阳系,互济,05生化降解,OPEN,0
生态,双星系,③内太阳系,互济,06极端采样,OPEN,0
生态,双星系,③内太阳系,互济,07闭环防疫,OPEN,0
生态,双星系,③内太阳系,商贸,01水藻循环,OPEN,0
生态,双星系,③内太阳系,商贸,02低重力农牧,OPEN,0
生态,双星系,③内太阳系,商贸,03辐射突变,OPEN,0
生态,双星系,③内太阳系,商贸,04人工气压,OPEN,0
生态,双星系,③内太阳系,商贸,05生化降解,OPEN,0
生态,双星系,③内太阳系,商贸,06极端采样,OPEN,0
生态,双星系,③内太阳系,商贸,07闭环防疫,OPEN,0
生态,双星系,③内太阳系,工技,01水藻循环,OPEN,0
生态,双星系,③内太阳系,工技,02低重力农牧,OPEN,0
生态,双星系,③内太阳系,工技,03辐射突变,OPEN,0
生态,双星系,③内太阳系,工技,04人工气压,OPEN,0
生态,双星系,③内太阳系,工技,05生化降解,OPEN,0
生态,双星系,③内太阳系,工技,06极端采样,OPEN,0
生态,双星系,③内太阳系,工技,07闭环防疫,OPEN,0
生态,双星系,③内太阳系,科医,01水藻循环,OPEN,0
生态,双星系,③内太阳系,科医,02低重力农牧,OPEN,0
生态,双星系,③内太阳系,科医,03辐射突变,OPEN,0
生态,双星系,③内太阳系,科医,04人工气压,OPEN,0
生态,双星系,③内太阳系,科医,05生化降解,OPEN,0
生态,双星系,③内太阳系,科医,06极端采样,OPEN,0
生态,双星系,③内太阳系,科医,07闭环防疫,OPEN,0
生态,双星系,④深空,官档,01水藻循环,PART,1
生态,双星系,④深空,官档,02低重力农牧,OPEN,0
生态,双星系,④深空,官档,03辐射突变,OPEN,0
生态,双星系,④深空,官档,04人工气压,OPEN,0
生态,双星系,④深空,官档,05生化降解,OPEN,0
生态,双星系,④深空,官档,06极端采样,OPEN,0
生态,双星系,④深空,官档,07闭环防疫,OPEN,0
生态,双星系,④深空,私档,01水藻循环,OPEN,0
生态,双星系,④深空,私档,02低重力农牧,OPEN,0
生态,双星系,④深空,私档,03辐射突变,OPEN,0
生态,双星系,④深空,私档,04人工气压,OPEN,0
生态,双星系,④深空,私档,05生化降解,OPEN,0
生态,双星系,④深空,私档,06极端采样,OPEN,0
生态,双星系,④深空,私档,07闭环防疫,OPEN,0
生态,双星系,④深空,互济,01水藻循环,OPEN,0
生态,双星系,④深空,互济,02低重力农牧,OPEN,0
生态,双星系,④深空,互济,03辐射突变,OPEN,0
生态,双星系,④深空,互济,04人工气压,OPEN,0
生态,双星系,④深空,互济,05生化降解,OPEN,0
生态,双星系,④深空,互济,06极端采样,OPEN,0
生态,双星系,④深空,互济,07闭环防疫,OPEN,0
生态,双星系,④深空,商贸,01水藻循环,OPEN,0
生态,双星系,④深空,商贸,02低重力农牧,OPEN,0
生态,双星系,④深空,商贸,03辐射突变,OPEN,0
生态,双星系,④深空,商贸,04人工气压,OPEN,0
生态,双星系,④深空,商贸,05生化降解,OPEN,0
生态,双星系,④深空,商贸,06极端采样,OPEN,0
生态,双星系,④深空,商贸,07闭环防疫,OPEN,0
生态,双星系,④深空,工技,01水藻循环,OPEN,0
生态,双星系,④深空,工技,02低重力农牧,OPEN,0
生态,双星系,④深空,工技,03辐射突变,OPEN,0
生态,双星系,④深空,工技,04人工气压,OPEN,0
生态,双星系,④深空,工技,05生化降解,OPEN,0
生态,双星系,④深空,工技,06极端采样,OPEN,0
生态,双星系,④深空,工技,07闭环防疫,OPEN,0
生态,双星系,④深空,科医,01水藻循环,OPEN,0
生态,双星系,④深空,科医,02低重力农牧,OPEN,0
生态,双星系,④深空,科医,03辐射突变,OPEN,0
生态,双星系,④深空,科医,04人工气压,OPEN,0
生态,双星系,④深空,科医,05生化降解,OPEN,0
生态,双星系,④深空,科医,06极端采样,OPEN,0
生态,双星系,④深空,科医,07闭环防疫,OPEN,0
生态,双星系,⑤比邻星,官档,01水藻循环,PART,1
生态,双星系,⑤比邻星,官档,02低重力农牧,OPEN,0
生态,双星系,⑤比邻星,官档,03辐射突变,OPEN,0
生态,双星系,⑤比邻星,官档,04人工气压,OPEN,0
生态,双星系,⑤比邻星,官档,05生化降解,OPEN,0
生态,双星系,⑤比邻星,官档,06极端采样,OPEN,0
生态,双星系,⑤比邻星,官档,07闭环防疫,OPEN,0
生态,双星系,⑤比邻星,私档,01水藻循环,OPEN,0
生态,双星系,⑤比邻星,私档,02低重力农牧,OPEN,0
生态,双星系,⑤比邻星,私档,03辐射突变,OPEN,0
生态,双星系,⑤比邻星,私档,04人工气压,OPEN,0
生态,双星系,⑤比邻星,私档,05生化降解,OPEN,0
生态,双星系,⑤比邻星,私档,06极端采样,OPEN,0
生态,双星系,⑤比邻星,私档,07闭环防疫,OPEN,0
生态,双星系,⑤比邻星,互济,01水藻循环,OPEN,0
生态,双星系,⑤比邻星,互济,02低重力农牧,OPEN,0
生态,双星系,⑤比邻星,互济,03辐射突变,OPEN,0
生态,双星系,⑤比邻星,互济,04人工气压,OPEN,0
生态,双星系,⑤比邻星,互济,05生化降解,OPEN,0
生态,双星系,⑤比邻星,互济,06极端采样,OPEN,0
生态,双星系,⑤比邻星,互济,07闭环防疫,OPEN,0
生态,双星系,⑤比邻星,商贸,01水藻循环,OPEN,0
生态,双星系,⑤比邻星,商贸,02低重力农牧,OPEN,0
生态,双星系,⑤比邻星,商贸,03辐射突变,OPEN,0
生态,双星系,⑤比邻星,商贸,04人工气压,OPEN,0
生态,双星系,⑤比邻星,商贸,05生化降解,OPEN,0
生态,双星系,⑤比邻星,商贸,06极端采样,OPEN,0
生态,双星系,⑤比邻星,商贸,07闭环防疫,OPEN,0
生态,双星系,⑤比邻星,工技,01水藻循环,OPEN,0
生态,双星系,⑤比邻星,工技,02低重力农牧,OPEN,0
生态,双星系,⑤比邻星,工技,03辐射突变,OPEN,0
生态,双星系,⑤比邻星,工技,04人工气压,OPEN,0
生态,双星系,⑤比邻星,工技,05生化降解,OPEN,0
生态,双星系,⑤比邻星,工技,06极端采样,OPEN,0
生态,双星系,⑤比邻星,工技,07闭环防疫,OPEN,0
生态,双星系,⑤比邻星,科医,01水藻循环,OPEN,0
生态,双星系,⑤比邻星,科医,02低重力农牧,OPEN,0
生态,双星系,⑤比邻星,科医,03辐射突变,OPEN,0
生态,双星系,⑤比邻星,科医,04人工气压,OPEN,0
生态,双星系,⑤比邻星,科医,05生化降解,OPEN,0
生态,双星系,⑤比邻星,科医,06极端采样,OPEN,0
生态,双星系,⑤比邻星,科医,07闭环防疫,OPEN,0
文化,替代,①地球,官档,01舱内方言,PART,1
文化,替代,①地球,官档,02旧地神话,OPEN,0
文化,替代,①地球,官档,03精神消费,OPEN,0
文化,替代,①地球,官档,04纪念节日,OPEN,0
文化,替代,①地球,官档,05深空虚无,OPEN,0
文化,替代,①地球,官档,06音频物证,OPEN,0
文化,替代,①地球,官档,07合成风味,OPEN,0
文化,替代,①地球,私档,01舱内方言,OPEN,0
文化,替代,①地球,私档,02旧地神话,OPEN,0
文化,替代,①地球,私档,03精神消费,OPEN,0
文化,替代,①地球,私档,04纪念节日,OPEN,0
文化,替代,①地球,私档,05深空虚无,OPEN,0
文化,替代,①地球,私档,06音频物证,OPEN,0
文化,替代,①地球,私档,07合成风味,OPEN,0
文化,替代,①地球,互济,01舱内方言,OPEN,0
文化,替代,①地球,互济,02旧地神话,OPEN,0
文化,替代,①地球,互济,03精神消费,OPEN,0
文化,替代,①地球,互济,04纪念节日,OPEN,0
文化,替代,①地球,互济,05深空虚无,OPEN,0
文化,替代,①地球,互济,06音频物证,OPEN,0
文化,替代,①地球,互济,07合成风味,OPEN,0
文化,替代,①地球,商贸,01舱内方言,OPEN,0
文化,替代,①地球,商贸,02旧地神话,OPEN,0
文化,替代,①地球,商贸,03精神消费,OPEN,0
文化,替代,①地球,商贸,04纪念节日,OPEN,0
文化,替代,①地球,商贸,05深空虚无,OPEN,0
文化,替代,①地球,商贸,06音频物证,OPEN,0
文化,替代,①地球,商贸,07合成风味,OPEN,0
文化,替代,①地球,工技,01舱内方言,OPEN,0
文化,替代,①地球,工技,02旧地神话,OPEN,0
文化,替代,①地球,工技,03精神消费,OPEN,0
文化,替代,①地球,工技,04纪念节日,OPEN,0
文化,替代,①地球,工技,05深空虚无,OPEN,0
文化,替代,①地球,工技,06音频物证,OPEN,0
文化,替代,①地球,工技,07合成风味,OPEN,0
文化,替代,①地球,科医,01舱内方言,OPEN,0
文化,替代,①地球,科医,02旧地神话,OPEN,0
文化,替代,①地球,科医,03精神消费,OPEN,0
文化,替代,①地球,科医,04纪念节日,OPEN,0
文化,替代,①地球,科医,05深空虚无,OPEN,0
文化,替代,①地球,科医,06音频物证,OPEN,0
文化,替代,①地球,科医,07合成风味,OPEN,0
文化,替代,②地月系,官档,01舱内方言,PART,1
文化,替代,②地月系,官档,02旧地神话,OPEN,0
文化,替代,②地月系,官档,03精神消费,OPEN,0
文化,替代,②地月系,官档,04纪念节日,OPEN,0
文化,替代,②地月系,官档,05深空虚无,OPEN,0
文化,替代,②地月系,官档,06音频物证,OPEN,0
文化,替代,②地月系,官档,07合成风味,OPEN,0
文化,替代,②地月系,私档,01舱内方言,OPEN,0
文化,替代,②地月系,私档,02旧地神话,OPEN,0
文化,替代,②地月系,私档,03精神消费,OPEN,0
文化,替代,②地月系,私档,04纪念节日,OPEN,0
文化,替代,②地月系,私档,05深空虚无,OPEN,0
文化,替代,②地月系,私档,06音频物证,OPEN,0
文化,替代,②地月系,私档,07合成风味,OPEN,0
文化,替代,②地月系,互济,01舱内方言,OPEN,0
文化,替代,②地月系,互济,02旧地神话,OPEN,0
文化,替代,②地月系,互济,03精神消费,OPEN,0
文化,替代,②地月系,互济,04纪念节日,OPEN,0
文化,替代,②地月系,互济,05深空虚无,OPEN,0
文化,替代,②地月系,互济,06音频物证,OPEN,0
文化,替代,②地月系,互济,07合成风味,OPEN,0
文化,替代,②地月系,商贸,01舱内方言,OPEN,0
文化,替代,②地月系,商贸,02旧地神话,OPEN,0
文化,替代,②地月系,商贸,03精神消费,OPEN,0
文化,替代,②地月系,商贸,04纪念节日,OPEN,0
文化,替代,②地月系,商贸,05深空虚无,OPEN,0
文化,替代,②地月系,商贸,06音频物证,OPEN,0
文化,替代,②地月系,商贸,07合成风味,OPEN,0
文化,替代,②地月系,工技,01舱内方言,OPEN,0
文化,替代,②地月系,工技,02旧地神话,OPEN,0
文化,替代,②地月系,工技,03精神消费,OPEN,0
文化,替代,②地月系,工技,04纪念节日,OPEN,0
文化,替代,②地月系,工技,05深空虚无,OPEN,0
文化,替代,②地月系,工技,06音频物证,OPEN,0
文化,替代,②地月系,工技,07合成风味,OPEN,0
文化,替代,②地月系,科医,01舱内方言,OPEN,0
文化,替代,②地月系,科医,02旧地神话,OPEN,0
文化,替代,②地月系,科医,03精神消费,OPEN,0
文化,替代,②地月系,科医,04纪念节日,OPEN,0
文化,替代,②地月系,科医,05深空虚无,OPEN,0
文化,替代,②地月系,科医,06音频物证,OPEN,0
文化,替代,②地月系,科医,07合成风味,OPEN,0
文化,替代,③内太阳系,官档,01舱内方言,PART,1
文化,替代,③内太阳系,官档,02旧地神话,OPEN,0
文化,替代,③内太阳系,官档,03精神消费,OPEN,0
文化,替代,③内太阳系,官档,04纪念节日,OPEN,0
文化,替代,③内太阳系,官档,05深空虚无,OPEN,0
文化,替代,③内太阳系,官档,06音频物证,OPEN,0
文化,替代,③内太阳系,官档,07合成风味,OPEN,0
文化,替代,③内太阳系,私档,01舱内方言,OPEN,0
文化,替代,③内太阳系,私档,02旧地神话,OPEN,0
文化,替代,③内太阳系,私档,03精神消费,OPEN,0
文化,替代,③内太阳系,私档,04纪念节日,OPEN,0
文化,替代,③内太阳系,私档,05深空虚无,OPEN,0
文化,替代,③内太阳系,私档,06音频物证,OPEN,0
文化,替代,③内太阳系,私档,07合成风味,OPEN,0
文化,替代,③内太阳系,互济,01舱内方言,OPEN,0
文化,替代,③内太阳系,互济,02旧地神话,OPEN,0
文化,替代,③内太阳系,互济,03精神消费,OPEN,0
文化,替代,③内太阳系,互济,04纪念节日,OPEN,0
文化,替代,③内太阳系,互济,05深空虚无,OPEN,0
文化,替代,③内太阳系,互济,06音频物证,OPEN,0
文化,替代,③内太阳系,互济,07合成风味,OPEN,0
文化,替代,③内太阳系,商贸,01舱内方言,OPEN,0
文化,替代,③内太阳系,商贸,02旧地神话,OPEN,0
文化,替代,③内太阳系,商贸,03精神消费,OPEN,0
文化,替代,③内太阳系,商贸,04纪念节日,OPEN,0
文化,替代,③内太阳系,商贸,05深空虚无,OPEN,0
文化,替代,③内太阳系,商贸,06音频物证,OPEN,0
文化,替代,③内太阳系,商贸,07合成风味,OPEN,0
文化,替代,③内太阳系,工技,01舱内方言,OPEN,0
文化,替代,③内太阳系,工技,02旧地神话,OPEN,0
文化,替代,③内太阳系,工技,03精神消费,OPEN,0
文化,替代,③内太阳系,工技,04纪念节日,OPEN,0
文化,替代,③内太阳系,工技,05深空虚无,OPEN,0
文化,替代,③内太阳系,工技,06音频物证,OPEN,0
文化,替代,③内太阳系,工技,07合成风味,OPEN,0
文化,替代,③内太阳系,科医,01舱内方言,OPEN,0
文化,替代,③内太阳系,科医,02旧地神话,OPEN,0
文化,替代,③内太阳系,科医,03精神消费,OPEN,0
文化,替代,③内太阳系,科医,04纪念节日,OPEN,0
文化,替代,③内太阳系,科医,05深空虚无,OPEN,0
文化,替代,③内太阳系,科医,06音频物证,OPEN,0
文化,替代,③内太阳系,科医,07合成风味,OPEN,0
文化,替代,④深空,官档,01舱内方言,PART,1
文化,替代,④深空,官档,02旧地神话,OPEN,0
文化,替代,④深空,官档,03精神消费,OPEN,0
文化,替代,④深空,官档,04纪念节日,OPEN,0
文化,替代,④深空,官档,05深空虚无,OPEN,0
文化,替代,④深空,官档,06音频物证,OPEN,0
文化,替代,④深空,官档,07合成风味,OPEN,0
文化,替代,④深空,私档,01舱内方言,OPEN,0
文化,替代,④深空,私档,02旧地神话,OPEN,0
文化,替代,④深空,私档,03精神消费,OPEN,0
文化,替代,④深空,私档,04纪念节日,OPEN,0
文化,替代,④深空,私档,05深空虚无,OPEN,0
文化,替代,④深空,私档,06音频物证,OPEN,0
文化,替代,④深空,私档,07合成风味,OPEN,0
文化,替代,④深空,互济,01舱内方言,OPEN,0
文化,替代,④深空,互济,02旧地神话,OPEN,0
文化,替代,④深空,互济,03精神消费,OPEN,0
文化,替代,④深空,互济,04纪念节日,OPEN,0
文化,替代,④深空,互济,05深空虚无,OPEN,0
文化,替代,④深空,互济,06音频物证,OPEN,0
文化,替代,④深空,互济,07合成风味,OPEN,0
文化,替代,④深空,商贸,01舱内方言,OPEN,0
文化,替代,④深空,商贸,02旧地神话,OPEN,0
文化,替代,④深空,商贸,03精神消费,OPEN,0
文化,替代,④深空,商贸,04纪念节日,OPEN,0
文化,替代,④深空,商贸,05深空虚无,OPEN,0
文化,替代,④深空,商贸,06音频物证,OPEN,0
文化,替代,④深空,商贸,07合成风味,OPEN,0
文化,替代,④深空,工技,01舱内方言,OPEN,0
文化,替代,④深空,工技,02旧地神话,OPEN,0
文化,替代,④深空,工技,03精神消费,OPEN,0
文化,替代,④深空,工技,04纪念节日,OPEN,0
文化,替代,④深空,工技,05深空虚无,OPEN,0
文化,替代,④深空,工技,06音频物证,OPEN,0
文化,替代,④深空,工技,07合成风味,OPEN,0
文化,替代,④深空,科医,01舱内方言,OPEN,0
文化,替代,④深空,科医,02旧地神话,OPEN,0
文化,替代,④深空,科医,03精神消费,OPEN,0
文化,替代,④深空,科医,04纪念节日,OPEN,0
文化,替代,④深空,科医,05深空虚无,OPEN,0
文化,替代,④深空,科医,06音频物证,OPEN,0
文化,替代,④深空,科医,07合成风味,OPEN,0
文化,替代,⑤比邻星,官档,01舱内方言,PART,1
文化,替代,⑤比邻星,官档,02旧地神话,OPEN,0
文化,替代,⑤比邻星,官档,03精神消费,OPEN,0
文化,替代,⑤比邻星,官档,04纪念节日,OPEN,0
文化,替代,⑤比邻星,官档,05深空虚无,OPEN,0
文化,替代,⑤比邻星,官档,06音频物证,OPEN,0
文化,替代,⑤比邻星,官档,07合成风味,OPEN,0
文化,替代,⑤比邻星,私档,01舱内方言,OPEN,0
文化,替代,⑤比邻星,私档,02旧地神话,OPEN,0
文化,替代,⑤比邻星,私档,03精神消费,OPEN,0
文化,替代,⑤比邻星,私档,04纪念节日,OPEN,0
文化,替代,⑤比邻星,私档,05深空虚无,OPEN,0
文化,替代,⑤比邻星,私档,06音频物证,OPEN,0
文化,替代,⑤比邻星,私档,07合成风味,OPEN,0
文化,替代,⑤比邻星,互济,01舱内方言,OPEN,0
文化,替代,⑤比邻星,互济,02旧地神话,OPEN,0
文化,替代,⑤比邻星,互济,03精神消费,OPEN,0
文化,替代,⑤比邻星,互济,04纪念节日,OPEN,0
文化,替代,⑤比邻星,互济,05深空虚无,OPEN,0
文化,替代,⑤比邻星,互济,06音频物证,OPEN,0
文化,替代,⑤比邻星,互济,07合成风味,OPEN,0
文化,替代,⑤比邻星,商贸,01舱内方言,OPEN,0
文化,替代,⑤比邻星,商贸,02旧地神话,OPEN,0
文化,替代,⑤比邻星,商贸,03精神消费,OPEN,0
文化,替代,⑤比邻星,商贸,04纪念节日,OPEN,0
文化,替代,⑤比邻星,商贸,05深空虚无,OPEN,0
文化,替代,⑤比邻星,商贸,06音频物证,OPEN,0
文化,替代,⑤比邻星,商贸,07合成风味,OPEN,0
文化,替代,⑤比邻星,工技,01舱内方言,OPEN,0
文化,替代,⑤比邻星,工技,02旧地神话,OPEN,0
文化,替代,⑤比邻星,工技,03精神消费,OPEN,0
文化,替代,⑤比邻星,工技,04纪念节日,OPEN,0
文化,替代,⑤比邻星,工技,05深空虚无,OPEN,0
文化,替代,⑤比邻星,工技,06音频物证,OPEN,0
文化,替代,⑤比邻星,工技,07合成风味,OPEN,0
文化,替代,⑤比邻星,科医,01舱内方言,OPEN,0
文化,替代,⑤比邻星,科医,02旧地神话,OPEN,0
文化,替代,⑤比邻星,科医,03精神消费,OPEN,0
文化,替代,⑤比邻星,科医,04纪念节日,OPEN,0
文化,替代,⑤比邻星,科医,05深空虚无,OPEN,0
文化,替代,⑤比邻星,科医,06音频物证,OPEN,0
文化,替代,⑤比邻星,科医,07合成风味,OPEN,0
文化,竞赛,①地球,官档,01舱内方言,PART,2
文化,竞赛,①地球,官档,02旧地神话,OPEN,0
文化,竞赛,①地球,官档,03精神消费,OPEN,0
文化,竞赛,①地球,官档,04纪念节日,OPEN,0
文化,竞赛,①地球,官档,05深空虚无,OPEN,0
文化,竞赛,①地球,官档,06音频物证,OPEN,0
文化,竞赛,①地球,官档,07合成风味,OPEN,0
文化,竞赛,①地球,私档,01舱内方言,OPEN,0
文化,竞赛,①地球,私档,02旧地神话,OPEN,0
文化,竞赛,①地球,私档,03精神消费,OPEN,0
文化,竞赛,①地球,私档,04纪念节日,OPEN,0
文化,竞赛,①地球,私档,05深空虚无,OPEN,0
文化,竞赛,①地球,私档,06音频物证,OPEN,0
文化,竞赛,①地球,私档,07合成风味,OPEN,0
文化,竞赛,①地球,互济,01舱内方言,OPEN,0
文化,竞赛,①地球,互济,02旧地神话,OPEN,0
文化,竞赛,①地球,互济,03精神消费,OPEN,0
文化,竞赛,①地球,互济,04纪念节日,OPEN,0
文化,竞赛,①地球,互济,05深空虚无,OPEN,0
文化,竞赛,①地球,互济,06音频物证,OPEN,0
文化,竞赛,①地球,互济,07合成风味,OPEN,0
文化,竞赛,①地球,商贸,01舱内方言,OPEN,0
文化,竞赛,①地球,商贸,02旧地神话,OPEN,0
文化,竞赛,①地球,商贸,03精神消费,OPEN,0
文化,竞赛,①地球,商贸,04纪念节日,OPEN,0
文化,竞赛,①地球,商贸,05深空虚无,OPEN,0
文化,竞赛,①地球,商贸,06音频物证,OPEN,0
文化,竞赛,①地球,商贸,07合成风味,OPEN,0
文化,竞赛,①地球,工技,01舱内方言,OPEN,0
文化,竞赛,①地球,工技,02旧地神话,OPEN,0
文化,竞赛,①地球,工技,03精神消费,OPEN,0
文化,竞赛,①地球,工技,04纪念节日,OPEN,0
文化,竞赛,①地球,工技,05深空虚无,OPEN,0
文化,竞赛,①地球,工技,06音频物证,OPEN,0
文化,竞赛,①地球,工技,07合成风味,OPEN,0
文化,竞赛,①地球,科医,01舱内方言,OPEN,0
文化,竞赛,①地球,科医,02旧地神话,OPEN,0
文化,竞赛,①地球,科医,03精神消费,OPEN,0
文化,竞赛,①地球,科医,04纪念节日,OPEN,0
文化,竞赛,①地球,科医,05深空虚无,OPEN,0
文化,竞赛,①地球,科医,06音频物证,OPEN,0
文化,竞赛,①地球,科医,07合成风味,OPEN,0
文化,竞赛,②地月系,官档,01舱内方言,PART,1
文化,竞赛,②地月系,官档,02旧地神话,OPEN,0
文化,竞赛,②地月系,官档,03精神消费,OPEN,0
文化,竞赛,②地月系,官档,04纪念节日,OPEN,0
文化,竞赛,②地月系,官档,05深空虚无,OPEN,0
文化,竞赛,②地月系,官档,06音频物证,OPEN,0
文化,竞赛,②地月系,官档,07合成风味,OPEN,0
文化,竞赛,②地月系,私档,01舱内方言,OPEN,0
文化,竞赛,②地月系,私档,02旧地神话,OPEN,0
文化,竞赛,②地月系,私档,03精神消费,OPEN,0
文化,竞赛,②地月系,私档,04纪念节日,OPEN,0
文化,竞赛,②地月系,私档,05深空虚无,OPEN,0
文化,竞赛,②地月系,私档,06音频物证,OPEN,0
文化,竞赛,②地月系,私档,07合成风味,OPEN,0
文化,竞赛,②地月系,互济,01舱内方言,OPEN,0
文化,竞赛,②地月系,互济,02旧地神话,OPEN,0
文化,竞赛,②地月系,互济,03精神消费,OPEN,0
文化,竞赛,②地月系,互济,04纪念节日,OPEN,0
文化,竞赛,②地月系,互济,05深空虚无,OPEN,0
文化,竞赛,②地月系,互济,06音频物证,OPEN,0
文化,竞赛,②地月系,互济,07合成风味,OPEN,0
文化,竞赛,②地月系,商贸,01舱内方言,OPEN,0
文化,竞赛,②地月系,商贸,02旧地神话,OPEN,0
文化,竞赛,②地月系,商贸,03精神消费,OPEN,0
文化,竞赛,②地月系,商贸,04纪念节日,OPEN,0
文化,竞赛,②地月系,商贸,05深空虚无,OPEN,0
文化,竞赛,②地月系,商贸,06音频物证,OPEN,0
文化,竞赛,②地月系,商贸,07合成风味,OPEN,0
文化,竞赛,②地月系,工技,01舱内方言,OPEN,0
文化,竞赛,②地月系,工技,02旧地神话,OPEN,0
文化,竞赛,②地月系,工技,03精神消费,OPEN,0
文化,竞赛,②地月系,工技,04纪念节日,OPEN,0
文化,竞赛,②地月系,工技,05深空虚无,OPEN,0
文化,竞赛,②地月系,工技,06音频物证,OPEN,0
文化,竞赛,②地月系,工技,07合成风味,OPEN,0
文化,竞赛,②地月系,科医,01舱内方言,OPEN,0
文化,竞赛,②地月系,科医,02旧地神话,OPEN,0
文化,竞赛,②地月系,科医,03精神消费,OPEN,0
文化,竞赛,②地月系,科医,04纪念节日,OPEN,0
文化,竞赛,②地月系,科医,05深空虚无,OPEN,0
文化,竞赛,②地月系,科医,06音频物证,OPEN,0
文化,竞赛,②地月系,科医,07合成风味,OPEN,0
文化,竞赛,③内太阳系,官档,01舱内方言,PART,1
文化,竞赛,③内太阳系,官档,02旧地神话,OPEN,0
文化,竞赛,③内太阳系,官档,03精神消费,OPEN,0
文化,竞赛,③内太阳系,官档,04纪念节日,OPEN,0
文化,竞赛,③内太阳系,官档,05深空虚无,OPEN,0
文化,竞赛,③内太阳系,官档,06音频物证,OPEN,0
文化,竞赛,③内太阳系,官档,07合成风味,OPEN,0
文化,竞赛,③内太阳系,私档,01舱内方言,OPEN,0
文化,竞赛,③内太阳系,私档,02旧地神话,OPEN,0
文化,竞赛,③内太阳系,私档,03精神消费,OPEN,0
文化,竞赛,③内太阳系,私档,04纪念节日,OPEN,0
文化,竞赛,③内太阳系,私档,05深空虚无,OPEN,0
文化,竞赛,③内太阳系,私档,06音频物证,OPEN,0
文化,竞赛,③内太阳系,私档,07合成风味,OPEN,0
文化,竞赛,③内太阳系,互济,01舱内方言,OPEN,0
文化,竞赛,③内太阳系,互济,02旧地神话,OPEN,0
文化,竞赛,③内太阳系,互济,03精神消费,OPEN,0
文化,竞赛,③内太阳系,互济,04纪念节日,OPEN,0
文化,竞赛,③内太阳系,互济,05深空虚无,OPEN,0
文化,竞赛,③内太阳系,互济,06音频物证,OPEN,0
文化,竞赛,③内太阳系,互济,07合成风味,OPEN,0
文化,竞赛,③内太阳系,商贸,01舱内方言,OPEN,0
文化,竞赛,③内太阳系,商贸,02旧地神话,OPEN,0
文化,竞赛,③内太阳系,商贸,03精神消费,OPEN,0
文化,竞赛,③内太阳系,商贸,04纪念节日,OPEN,0
文化,竞赛,③内太阳系,商贸,05深空虚无,OPEN,0
文化,竞赛,③内太阳系,商贸,06音频物证,OPEN,0
文化,竞赛,③内太阳系,商贸,07合成风味,OPEN,0
文化,竞赛,③内太阳系,工技,01舱内方言,OPEN,0
文化,竞赛,③内太阳系,工技,02旧地神话,OPEN,0
文化,竞赛,③内太阳系,工技,03精神消费,OPEN,0
文化,竞赛,③内太阳系,工技,04纪念节日,OPEN,0
文化,竞赛,③内太阳系,工技,05深空虚无,OPEN,0
文化,竞赛,③内太阳系,工技,06音频物证,OPEN,0
文化,竞赛,③内太阳系,工技,07合成风味,OPEN,0
文化,竞赛,③内太阳系,科医,01舱内方言,OPEN,0
文化,竞赛,③内太阳系,科医,02旧地神话,OPEN,0
文化,竞赛,③内太阳系,科医,03精神消费,OPEN,0
文化,竞赛,③内太阳系,科医,04纪念节日,OPEN,0
文化,竞赛,③内太阳系,科医,05深空虚无,OPEN,0
文化,竞赛,③内太阳系,科医,06音频物证,OPEN,0
文化,竞赛,③内太阳系,科医,07合成风味,OPEN,0
文化,竞赛,④深空,官档,01舱内方言,PART,1
文化,竞赛,④深空,官档,02旧地神话,OPEN,0
文化,竞赛,④深空,官档,03精神消费,OPEN,0
文化,竞赛,④深空,官档,04纪念节日,OPEN,0
文化,竞赛,④深空,官档,05深空虚无,OPEN,0
文化,竞赛,④深空,官档,06音频物证,OPEN,0
文化,竞赛,④深空,官档,07合成风味,OPEN,0
文化,竞赛,④深空,私档,01舱内方言,OPEN,0
文化,竞赛,④深空,私档,02旧地神话,OPEN,0
文化,竞赛,④深空,私档,03精神消费,OPEN,0
文化,竞赛,④深空,私档,04纪念节日,OPEN,0
文化,竞赛,④深空,私档,05深空虚无,OPEN,0
文化,竞赛,④深空,私档,06音频物证,OPEN,0
文化,竞赛,④深空,私档,07合成风味,OPEN,0
文化,竞赛,④深空,互济,01舱内方言,OPEN,0
文化,竞赛,④深空,互济,02旧地神话,OPEN,0
文化,竞赛,④深空,互济,03精神消费,OPEN,0
文化,竞赛,④深空,互济,04纪念节日,OPEN,0
文化,竞赛,④深空,互济,05深空虚无,OPEN,0
文化,竞赛,④深空,互济,06音频物证,OPEN,0
文化,竞赛,④深空,互济,07合成风味,OPEN,0
文化,竞赛,④深空,商贸,01舱内方言,OPEN,0
文化,竞赛,④深空,商贸,02旧地神话,OPEN,0
文化,竞赛,④深空,商贸,03精神消费,OPEN,0
文化,竞赛,④深空,商贸,04纪念节日,OPEN,0
文化,竞赛,④深空,商贸,05深空虚无,OPEN,0
文化,竞赛,④深空,商贸,06音频物证,OPEN,0
文化,竞赛,④深空,商贸,07合成风味,OPEN,0
文化,竞赛,④深空,工技,01舱内方言,OPEN,0
文化,竞赛,④深空,工技,02旧地神话,OPEN,0
文化,竞赛,④深空,工技,03精神消费,OPEN,0
文化,竞赛,④深空,工技,04纪念节日,OPEN,0
文化,竞赛,④深空,工技,05深空虚无,OPEN,0
文化,竞赛,④深空,工技,06音频物证,OPEN,0
文化,竞赛,④深空,工技,07合成风味,OPEN,0
文化,竞赛,④深空,科医,01舱内方言,OPEN,0
文化,竞赛,④深空,科医,02旧地神话,OPEN,0
文化,竞赛,④深空,科医,03精神消费,OPEN,0
文化,竞赛,④深空,科医,04纪念节日,OPEN,0
文化,竞赛,④深空,科医,05深空虚无,OPEN,0
文化,竞赛,④深空,科医,06音频物证,OPEN,0
文化,竞赛,④深空,科医,07合成风味,OPEN,0
文化,竞赛,⑤比邻星,官档,01舱内方言,PART,1
文化,竞赛,⑤比邻星,官档,02旧地神话,OPEN,0
文化,竞赛,⑤比邻星,官档,03精神消费,OPEN,0
文化,竞赛,⑤比邻星,官档,04纪念节日,OPEN,0
文化,竞赛,⑤比邻星,官档,05深空虚无,OPEN,0
文化,竞赛,⑤比邻星,官档,06音频物证,OPEN,0
文化,竞赛,⑤比邻星,官档,07合成风味,OPEN,0
文化,竞赛,⑤比邻星,私档,01舱内方言,OPEN,0
文化,竞赛,⑤比邻星,私档,02旧地神话,OPEN,0
文化,竞赛,⑤比邻星,私档,03精神消费,OPEN,0
文化,竞赛,⑤比邻星,私档,04纪念节日,OPEN,0
文化,竞赛,⑤比邻星,私档,05深空虚无,OPEN,0
文化,竞赛,⑤比邻星,私档,06音频物证,OPEN,0
文化,竞赛,⑤比邻星,私档,07合成风味,OPEN,0
文化,竞赛,⑤比邻星,互济,01舱内方言,OPEN,0
文化,竞赛,⑤比邻星,互济,02旧地神话,OPEN,0
文化,竞赛,⑤比邻星,互济,03精神消费,OPEN,0
文化,竞赛,⑤比邻星,互济,04纪念节日,OPEN,0
文化,竞赛,⑤比邻星,互济,05深空虚无,OPEN,0
文化,竞赛,⑤比邻星,互济,06音频物证,OPEN,0
文化,竞赛,⑤比邻星,互济,07合成风味,OPEN,0
文化,竞赛,⑤比邻星,商贸,01舱内方言,OPEN,0
文化,竞赛,⑤比邻星,商贸,02旧地神话,OPEN,0
文化,竞赛,⑤比邻星,商贸,03精神消费,OPEN,0
文化,竞赛,⑤比邻星,商贸,04纪念节日,OPEN,0
文化,竞赛,⑤比邻星,商贸,05深空虚无,OPEN,0
文化,竞赛,⑤比邻星,商贸,06音频物证,OPEN,0
文化,竞赛,⑤比邻星,商贸,07合成风味,OPEN,0
文化,竞赛,⑤比邻星,工技,01舱内方言,OPEN,0
文化,竞赛,⑤比邻星,工技,02旧地神话,OPEN,0
文化,竞赛,⑤比邻星,工技,03精神消费,OPEN,0
文化,竞赛,⑤比邻星,工技,04纪念节日,OPEN,0
文化,竞赛,⑤比邻星,工技,05深空虚无,OPEN,0
文化,竞赛,⑤比邻星,工技,06音频物证,OPEN,0
文化,竞赛,⑤比邻星,工技,07合成风味,OPEN,0
文化,竞赛,⑤比邻星,科医,01舱内方言,OPEN,0
文化,竞赛,⑤比邻星,科医,02旧地神话,OPEN,0
文化,竞赛,⑤比邻星,科医,03精神消费,OPEN,0
文化,竞赛,⑤比邻星,科医,04纪念节日,OPEN,0
文化,竞赛,⑤比邻星,科医,05深空虚无,OPEN,0
文化,竞赛,⑤比邻星,科医,06音频物证,OPEN,0
文化,竞赛,⑤比邻星,科医,07合成风味,OPEN,0
文化,丰裕,①地球,官档,01舱内方言,PART,1
文化,丰裕,①地球,官档,02旧地神话,OPEN,0
文化,丰裕,①地球,官档,03精神消费,OPEN,0
文化,丰裕,①地球,官档,04纪念节日,OPEN,0
文化,丰裕,①地球,官档,05深空虚无,OPEN,0
文化,丰裕,①地球,官档,06音频物证,OPEN,0
文化,丰裕,①地球,官档,07合成风味,OPEN,0
文化,丰裕,①地球,私档,01舱内方言,OPEN,0
文化,丰裕,①地球,私档,02旧地神话,OPEN,0
文化,丰裕,①地球,私档,03精神消费,OPEN,0
文化,丰裕,①地球,私档,04纪念节日,OPEN,0
文化,丰裕,①地球,私档,05深空虚无,OPEN,0
文化,丰裕,①地球,私档,06音频物证,OPEN,0
文化,丰裕,①地球,私档,07合成风味,OPEN,0
文化,丰裕,①地球,互济,01舱内方言,OPEN,0
文化,丰裕,①地球,互济,02旧地神话,OPEN,0
文化,丰裕,①地球,互济,03精神消费,OPEN,0
文化,丰裕,①地球,互济,04纪念节日,OPEN,0
文化,丰裕,①地球,互济,05深空虚无,OPEN,0
文化,丰裕,①地球,互济,06音频物证,OPEN,0
文化,丰裕,①地球,互济,07合成风味,OPEN,0
文化,丰裕,①地球,商贸,01舱内方言,OPEN,0
文化,丰裕,①地球,商贸,02旧地神话,OPEN,0
文化,丰裕,①地球,商贸,03精神消费,OPEN,0
文化,丰裕,①地球,商贸,04纪念节日,OPEN,0
文化,丰裕,①地球,商贸,05深空虚无,OPEN,0
文化,丰裕,①地球,商贸,06音频物证,OPEN,0
文化,丰裕,①地球,商贸,07合成风味,OPEN,0
文化,丰裕,①地球,工技,01舱内方言,OPEN,0
文化,丰裕,①地球,工技,02旧地神话,OPEN,0
文化,丰裕,①地球,工技,03精神消费,OPEN,0
文化,丰裕,①地球,工技,04纪念节日,OPEN,0
文化,丰裕,①地球,工技,05深空虚无,OPEN,0
文化,丰裕,①地球,工技,06音频物证,OPEN,0
文化,丰裕,①地球,工技,07合成风味,OPEN,0
文化,丰裕,①地球,科医,01舱内方言,OPEN,0
文化,丰裕,①地球,科医,02旧地神话,OPEN,0
文化,丰裕,①地球,科医,03精神消费,OPEN,0
文化,丰裕,①地球,科医,04纪念节日,OPEN,0
文化,丰裕,①地球,科医,05深空虚无,OPEN,0
文化,丰裕,①地球,科医,06音频物证,OPEN,0
文化,丰裕,①地球,科医,07合成风味,OPEN,0
文化,丰裕,②地月系,官档,01舱内方言,PART,1
文化,丰裕,②地月系,官档,02旧地神话,OPEN,0
文化,丰裕,②地月系,官档,03精神消费,OPEN,0
文化,丰裕,②地月系,官档,04纪念节日,OPEN,0
文化,丰裕,②地月系,官档,05深空虚无,OPEN,0
文化,丰裕,②地月系,官档,06音频物证,OPEN,0
文化,丰裕,②地月系,官档,07合成风味,OPEN,0
文化,丰裕,②地月系,私档,01舱内方言,OPEN,0
文化,丰裕,②地月系,私档,02旧地神话,OPEN,0
文化,丰裕,②地月系,私档,03精神消费,OPEN,0
文化,丰裕,②地月系,私档,04纪念节日,OPEN,0
文化,丰裕,②地月系,私档,05深空虚无,OPEN,0
文化,丰裕,②地月系,私档,06音频物证,OPEN,0
文化,丰裕,②地月系,私档,07合成风味,OPEN,0
文化,丰裕,②地月系,互济,01舱内方言,OPEN,0
文化,丰裕,②地月系,互济,02旧地神话,OPEN,0
文化,丰裕,②地月系,互济,03精神消费,OPEN,0
文化,丰裕,②地月系,互济,04纪念节日,OPEN,0
文化,丰裕,②地月系,互济,05深空虚无,OPEN,0
文化,丰裕,②地月系,互济,06音频物证,OPEN,0
文化,丰裕,②地月系,互济,07合成风味,OPEN,0
文化,丰裕,②地月系,商贸,01舱内方言,OPEN,0
文化,丰裕,②地月系,商贸,02旧地神话,OPEN,0
文化,丰裕,②地月系,商贸,03精神消费,OPEN,0
文化,丰裕,②地月系,商贸,04纪念节日,OPEN,0
文化,丰裕,②地月系,商贸,05深空虚无,OPEN,0
文化,丰裕,②地月系,商贸,06音频物证,OPEN,0
文化,丰裕,②地月系,商贸,07合成风味,OPEN,0
文化,丰裕,②地月系,工技,01舱内方言,OPEN,0
文化,丰裕,②地月系,工技,02旧地神话,OPEN,0
文化,丰裕,②地月系,工技,03精神消费,OPEN,0
文化,丰裕,②地月系,工技,04纪念节日,OPEN,0
文化,丰裕,②地月系,工技,05深空虚无,OPEN,0
文化,丰裕,②地月系,工技,06音频物证,OPEN,0
文化,丰裕,②地月系,工技,07合成风味,OPEN,0
文化,丰裕,②地月系,科医,01舱内方言,OPEN,0
文化,丰裕,②地月系,科医,02旧地神话,OPEN,0
文化,丰裕,②地月系,科医,03精神消费,OPEN,0
文化,丰裕,②地月系,科医,04纪念节日,OPEN,0
文化,丰裕,②地月系,科医,05深空虚无,OPEN,0
文化,丰裕,②地月系,科医,06音频物证,OPEN,0
文化,丰裕,②地月系,科医,07合成风味,OPEN,0
文化,丰裕,③内太阳系,官档,01舱内方言,PART,1
文化,丰裕,③内太阳系,官档,02旧地神话,OPEN,0
文化,丰裕,③内太阳系,官档,03精神消费,OPEN,0
文化,丰裕,③内太阳系,官档,04纪念节日,OPEN,0
文化,丰裕,③内太阳系,官档,05深空虚无,OPEN,0
文化,丰裕,③内太阳系,官档,06音频物证,OPEN,0
文化,丰裕,③内太阳系,官档,07合成风味,OPEN,0
文化,丰裕,③内太阳系,私档,01舱内方言,OPEN,0
文化,丰裕,③内太阳系,私档,02旧地神话,OPEN,0
文化,丰裕,③内太阳系,私档,03精神消费,OPEN,0
文化,丰裕,③内太阳系,私档,04纪念节日,OPEN,0
文化,丰裕,③内太阳系,私档,05深空虚无,OPEN,0
文化,丰裕,③内太阳系,私档,06音频物证,OPEN,0
文化,丰裕,③内太阳系,私档,07合成风味,OPEN,0
文化,丰裕,③内太阳系,互济,01舱内方言,OPEN,0
文化,丰裕,③内太阳系,互济,02旧地神话,OPEN,0
文化,丰裕,③内太阳系,互济,03精神消费,OPEN,0
文化,丰裕,③内太阳系,互济,04纪念节日,OPEN,0
文化,丰裕,③内太阳系,互济,05深空虚无,OPEN,0
文化,丰裕,③内太阳系,互济,06音频物证,OPEN,0
文化,丰裕,③内太阳系,互济,07合成风味,OPEN,0
文化,丰裕,③内太阳系,商贸,01舱内方言,OPEN,0
文化,丰裕,③内太阳系,商贸,02旧地神话,OPEN,0
文化,丰裕,③内太阳系,商贸,03精神消费,OPEN,0
文化,丰裕,③内太阳系,商贸,04纪念节日,OPEN,0
文化,丰裕,③内太阳系,商贸,05深空虚无,OPEN,0
文化,丰裕,③内太阳系,商贸,06音频物证,OPEN,0
文化,丰裕,③内太阳系,商贸,07合成风味,OPEN,0
文化,丰裕,③内太阳系,工技,01舱内方言,OPEN,0
文化,丰裕,③内太阳系,工技,02旧地神话,OPEN,0
文化,丰裕,③内太阳系,工技,03精神消费,OPEN,0
文化,丰裕,③内太阳系,工技,04纪念节日,OPEN,0
文化,丰裕,③内太阳系,工技,05深空虚无,OPEN,0
文化,丰裕,③内太阳系,工技,06音频物证,OPEN,0
文化,丰裕,③内太阳系,工技,07合成风味,OPEN,0
文化,丰裕,③内太阳系,科医,01舱内方言,OPEN,0
文化,丰裕,③内太阳系,科医,02旧地神话,OPEN,0
文化,丰裕,③内太阳系,科医,03精神消费,OPEN,0
文化,丰裕,③内太阳系,科医,04纪念节日,OPEN,0
文化,丰裕,③内太阳系,科医,05深空虚无,OPEN,0
文化,丰裕,③内太阳系,科医,06音频物证,OPEN,0
文化,丰裕,③内太阳系,科医,07合成风味,OPEN,0
文化,丰裕,④深空,官档,01舱内方言,PART,1
文化,丰裕,④深空,官档,02旧地神话,OPEN,0
文化,丰裕,④深空,官档,03精神消费,OPEN,0
文化,丰裕,④深空,官档,04纪念节日,OPEN,0
文化,丰裕,④深空,官档,05深空虚无,OPEN,0
文化,丰裕,④深空,官档,06音频物证,OPEN,0
文化,丰裕,④深空,官档,07合成风味,OPEN,0
文化,丰裕,④深空,私档,01舱内方言,OPEN,0
文化,丰裕,④深空,私档,02旧地神话,OPEN,0
文化,丰裕,④深空,私档,03精神消费,OPEN,0
文化,丰裕,④深空,私档,04纪念节日,OPEN,0
文化,丰裕,④深空,私档,05深空虚无,OPEN,0
文化,丰裕,④深空,私档,06音频物证,OPEN,0
文化,丰裕,④深空,私档,07合成风味,OPEN,0
文化,丰裕,④深空,互济,01舱内方言,OPEN,0
文化,丰裕,④深空,互济,02旧地神话,OPEN,0
文化,丰裕,④深空,互济,03精神消费,OPEN,0
文化,丰裕,④深空,互济,04纪念节日,OPEN,0
文化,丰裕,④深空,互济,05深空虚无,OPEN,0
文化,丰裕,④深空,互济,06音频物证,OPEN,0
文化,丰裕,④深空,互济,07合成风味,OPEN,0
文化,丰裕,④深空,商贸,01舱内方言,OPEN,0
文化,丰裕,④深空,商贸,02旧地神话,OPEN,0
文化,丰裕,④深空,商贸,03精神消费,OPEN,0
文化,丰裕,④深空,商贸,04纪念节日,OPEN,0
文化,丰裕,④深空,商贸,05深空虚无,OPEN,0
文化,丰裕,④深空,商贸,06音频物证,OPEN,0
文化,丰裕,④深空,商贸,07合成风味,OPEN,0
文化,丰裕,④深空,工技,01舱内方言,OPEN,0
文化,丰裕,④深空,工技,02旧地神话,OPEN,0
文化,丰裕,④深空,工技,03精神消费,OPEN,0
文化,丰裕,④深空,工技,04纪念节日,OPEN,0
文化,丰裕,④深空,工技,05深空虚无,OPEN,0
文化,丰裕,④深空,工技,06音频物证,OPEN,0
文化,丰裕,④深空,工技,07合成风味,OPEN,0
文化,丰裕,④深空,科医,01舱内方言,OPEN,0
文化,丰裕,④深空,科医,02旧地神话,OPEN,0
文化,丰裕,④深空,科医,03精神消费,OPEN,0
文化,丰裕,④深空,科医,04纪念节日,OPEN,0
文化,丰裕,④深空,科医,05深空虚无,OPEN,0
文化,丰裕,④深空,科医,06音频物证,OPEN,0
文化,丰裕,④深空,科医,07合成风味,OPEN,0
文化,丰裕,⑤比邻星,官档,01舱内方言,PART,1
文化,丰裕,⑤比邻星,官档,02旧地神话,OPEN,0
文化,丰裕,⑤比邻星,官档,03精神消费,OPEN,0
文化,丰裕,⑤比邻星,官档,04纪念节日,OPEN,0
文化,丰裕,⑤比邻星,官档,05深空虚无,OPEN,0
文化,丰裕,⑤比邻星,官档,06音频物证,OPEN,0
文化,丰裕,⑤比邻星,官档,07合成风味,OPEN,0
文化,丰裕,⑤比邻星,私档,01舱内方言,OPEN,0
文化,丰裕,⑤比邻星,私档,02旧地神话,OPEN,0
文化,丰裕,⑤比邻星,私档,03精神消费,OPEN,0
文化,丰裕,⑤比邻星,私档,04纪念节日,OPEN,0
文化,丰裕,⑤比邻星,私档,05深空虚无,OPEN,0
文化,丰裕,⑤比邻星,私档,06音频物证,OPEN,0
文化,丰裕,⑤比邻星,私档,07合成风味,OPEN,0
文化,丰裕,⑤比邻星,互济,01舱内方言,OPEN,0
文化,丰裕,⑤比邻星,互济,02旧地神话,OPEN,0
文化,丰裕,⑤比邻星,互济,03精神消费,OPEN,0
文化,丰裕,⑤比邻星,互济,04纪念节日,OPEN,0
文化,丰裕,⑤比邻星,互济,05深空虚无,OPEN,0
文化,丰裕,⑤比邻星,互济,06音频物证,OPEN,0
文化,丰裕,⑤比邻星,互济,07合成风味,OPEN,0
文化,丰裕,⑤比邻星,商贸,01舱内方言,OPEN,0
文化,丰裕,⑤比邻星,商贸,02旧地神话,OPEN,0
文化,丰裕,⑤比邻星,商贸,03精神消费,OPEN,0
文化,丰裕,⑤比邻星,商贸,04纪念节日,OPEN,0
文化,丰裕,⑤比邻星,商贸,05深空虚无,OPEN,0
文化,丰裕,⑤比邻星,商贸,06音频物证,OPEN,0
文化,丰裕,⑤比邻星,商贸,07合成风味,OPEN,0
文化,丰裕,⑤比邻星,工技,01舱内方言,OPEN,0
文化,丰裕,⑤比邻星,工技,02旧地神话,OPEN,0
文化,丰裕,⑤比邻星,工技,03精神消费,OPEN,0
文化,丰裕,⑤比邻星,工技,04纪念节日,OPEN,0
文化,丰裕,⑤比邻星,工技,05深空虚无,OPEN,0
文化,丰裕,⑤比邻星,工技,06音频物证,OPEN,0
文化,丰裕,⑤比邻星,工技,07合成风味,OPEN,0
文化,丰裕,⑤比邻星,科医,01舱内方言,OPEN,0
文化,丰裕,⑤比邻星,科医,02旧地神话,OPEN,0
文化,丰裕,⑤比邻星,科医,03精神消费,OPEN,0
文化,丰裕,⑤比邻星,科医,04纪念节日,OPEN,0
文化,丰裕,⑤比邻星,科医,05深空虚无,OPEN,0
文化,丰裕,⑤比邻星,科医,06音频物证,OPEN,0
文化,丰裕,⑤比邻星,科医,07合成风味,OPEN,0
文化,离心,①地球,官档,01舱内方言,PART,1
文化,离心,①地球,官档,02旧地神话,OPEN,0
文化,离心,①地球,官档,03精神消费,OPEN,0
文化,离心,①地球,官档,04纪念节日,OPEN,0
文化,离心,①地球,官档,05深空虚无,OPEN,0
文化,离心,①地球,官档,06音频物证,OPEN,0
文化,离心,①地球,官档,07合成风味,OPEN,0
文化,离心,①地球,私档,01舱内方言,OPEN,0
文化,离心,①地球,私档,02旧地神话,OPEN,0
文化,离心,①地球,私档,03精神消费,OPEN,0
文化,离心,①地球,私档,04纪念节日,OPEN,0
文化,离心,①地球,私档,05深空虚无,OPEN,0
文化,离心,①地球,私档,06音频物证,OPEN,0
文化,离心,①地球,私档,07合成风味,OPEN,0
文化,离心,①地球,互济,01舱内方言,OPEN,0
文化,离心,①地球,互济,02旧地神话,OPEN,0
文化,离心,①地球,互济,03精神消费,OPEN,0
文化,离心,①地球,互济,04纪念节日,OPEN,0
文化,离心,①地球,互济,05深空虚无,OPEN,0
文化,离心,①地球,互济,06音频物证,OPEN,0
文化,离心,①地球,互济,07合成风味,OPEN,0
文化,离心,①地球,商贸,01舱内方言,OPEN,0
文化,离心,①地球,商贸,02旧地神话,OPEN,0
文化,离心,①地球,商贸,03精神消费,OPEN,0
文化,离心,①地球,商贸,04纪念节日,OPEN,0
文化,离心,①地球,商贸,05深空虚无,OPEN,0
文化,离心,①地球,商贸,06音频物证,OPEN,0
文化,离心,①地球,商贸,07合成风味,OPEN,0
文化,离心,①地球,工技,01舱内方言,OPEN,0
文化,离心,①地球,工技,02旧地神话,OPEN,0
文化,离心,①地球,工技,03精神消费,OPEN,0
文化,离心,①地球,工技,04纪念节日,OPEN,0
文化,离心,①地球,工技,05深空虚无,OPEN,0
文化,离心,①地球,工技,06音频物证,OPEN,0
文化,离心,①地球,工技,07合成风味,OPEN,0
文化,离心,①地球,科医,01舱内方言,OPEN,0
文化,离心,①地球,科医,02旧地神话,OPEN,0
文化,离心,①地球,科医,03精神消费,OPEN,0
文化,离心,①地球,科医,04纪念节日,OPEN,0
文化,离心,①地球,科医,05深空虚无,OPEN,0
文化,离心,①地球,科医,06音频物证,OPEN,0
文化,离心,①地球,科医,07合成风味,OPEN,0
文化,离心,②地月系,官档,01舱内方言,PART,1
文化,离心,②地月系,官档,02旧地神话,OPEN,0
文化,离心,②地月系,官档,03精神消费,OPEN,0
文化,离心,②地月系,官档,04纪念节日,OPEN,0
文化,离心,②地月系,官档,05深空虚无,OPEN,0
文化,离心,②地月系,官档,06音频物证,OPEN,0
文化,离心,②地月系,官档,07合成风味,OPEN,0
文化,离心,②地月系,私档,01舱内方言,OPEN,0
文化,离心,②地月系,私档,02旧地神话,OPEN,0
文化,离心,②地月系,私档,03精神消费,OPEN,0
文化,离心,②地月系,私档,04纪念节日,OPEN,0
文化,离心,②地月系,私档,05深空虚无,OPEN,0
文化,离心,②地月系,私档,06音频物证,OPEN,0
文化,离心,②地月系,私档,07合成风味,OPEN,0
文化,离心,②地月系,互济,01舱内方言,OPEN,0
文化,离心,②地月系,互济,02旧地神话,OPEN,0
文化,离心,②地月系,互济,03精神消费,OPEN,0
文化,离心,②地月系,互济,04纪念节日,OPEN,0
文化,离心,②地月系,互济,05深空虚无,OPEN,0
文化,离心,②地月系,互济,06音频物证,OPEN,0
文化,离心,②地月系,互济,07合成风味,OPEN,0
文化,离心,②地月系,商贸,01舱内方言,OPEN,0
文化,离心,②地月系,商贸,02旧地神话,OPEN,0
文化,离心,②地月系,商贸,03精神消费,OPEN,0
文化,离心,②地月系,商贸,04纪念节日,OPEN,0
文化,离心,②地月系,商贸,05深空虚无,OPEN,0
文化,离心,②地月系,商贸,06音频物证,OPEN,0
文化,离心,②地月系,商贸,07合成风味,OPEN,0
文化,离心,②地月系,工技,01舱内方言,OPEN,0
文化,离心,②地月系,工技,02旧地神话,OPEN,0
文化,离心,②地月系,工技,03精神消费,OPEN,0
文化,离心,②地月系,工技,04纪念节日,OPEN,0
文化,离心,②地月系,工技,05深空虚无,OPEN,0
文化,离心,②地月系,工技,06音频物证,OPEN,0
文化,离心,②地月系,工技,07合成风味,OPEN,0
文化,离心,②地月系,科医,01舱内方言,OPEN,0
文化,离心,②地月系,科医,02旧地神话,OPEN,0
文化,离心,②地月系,科医,03精神消费,OPEN,0
文化,离心,②地月系,科医,04纪念节日,OPEN,0
文化,离心,②地月系,科医,05深空虚无,OPEN,0
文化,离心,②地月系,科医,06音频物证,OPEN,0
文化,离心,②地月系,科医,07合成风味,OPEN,0
文化,离心,③内太阳系,官档,01舱内方言,PART,1
文化,离心,③内太阳系,官档,02旧地神话,OPEN,0
文化,离心,③内太阳系,官档,03精神消费,OPEN,0
文化,离心,③内太阳系,官档,04纪念节日,OPEN,0
文化,离心,③内太阳系,官档,05深空虚无,OPEN,0
文化,离心,③内太阳系,官档,06音频物证,OPEN,0
文化,离心,③内太阳系,官档,07合成风味,OPEN,0
文化,离心,③内太阳系,私档,01舱内方言,OPEN,0
文化,离心,③内太阳系,私档,02旧地神话,OPEN,0
文化,离心,③内太阳系,私档,03精神消费,OPEN,0
文化,离心,③内太阳系,私档,04纪念节日,OPEN,0
文化,离心,③内太阳系,私档,05深空虚无,OPEN,0
文化,离心,③内太阳系,私档,06音频物证,OPEN,0
文化,离心,③内太阳系,私档,07合成风味,OPEN,0
文化,离心,③内太阳系,互济,01舱内方言,OPEN,0
文化,离心,③内太阳系,互济,02旧地神话,OPEN,0
文化,离心,③内太阳系,互济,03精神消费,OPEN,0
文化,离心,③内太阳系,互济,04纪念节日,OPEN,0
文化,离心,③内太阳系,互济,05深空虚无,OPEN,0
文化,离心,③内太阳系,互济,06音频物证,OPEN,0
文化,离心,③内太阳系,互济,07合成风味,OPEN,0
文化,离心,③内太阳系,商贸,01舱内方言,OPEN,0
文化,离心,③内太阳系,商贸,02旧地神话,OPEN,0
文化,离心,③内太阳系,商贸,03精神消费,OPEN,0
文化,离心,③内太阳系,商贸,04纪念节日,OPEN,0
文化,离心,③内太阳系,商贸,05深空虚无,OPEN,0
文化,离心,③内太阳系,商贸,06音频物证,OPEN,0
文化,离心,③内太阳系,商贸,07合成风味,OPEN,0
文化,离心,③内太阳系,工技,01舱内方言,OPEN,0
文化,离心,③内太阳系,工技,02旧地神话,OPEN,0
文化,离心,③内太阳系,工技,03精神消费,OPEN,0
文化,离心,③内太阳系,工技,04纪念节日,OPEN,0
文化,离心,③内太阳系,工技,05深空虚无,OPEN,0
文化,离心,③内太阳系,工技,06音频物证,OPEN,0
文化,离心,③内太阳系,工技,07合成风味,OPEN,0
文化,离心,③内太阳系,科医,01舱内方言,OPEN,0
文化,离心,③内太阳系,科医,02旧地神话,OPEN,0
文化,离心,③内太阳系,科医,03精神消费,OPEN,0
文化,离心,③内太阳系,科医,04纪念节日,OPEN,0
文化,离心,③内太阳系,科医,05深空虚无,OPEN,0
文化,离心,③内太阳系,科医,06音频物证,OPEN,0
文化,离心,③内太阳系,科医,07合成风味,OPEN,0
文化,离心,④深空,官档,01舱内方言,PART,1
文化,离心,④深空,官档,02旧地神话,OPEN,0
文化,离心,④深空,官档,03精神消费,OPEN,0
文化,离心,④深空,官档,04纪念节日,OPEN,0
文化,离心,④深空,官档,05深空虚无,OPEN,0
文化,离心,④深空,官档,06音频物证,OPEN,0
文化,离心,④深空,官档,07合成风味,OPEN,0
文化,离心,④深空,私档,01舱内方言,OPEN,0
文化,离心,④深空,私档,02旧地神话,OPEN,0
文化,离心,④深空,私档,03精神消费,OPEN,0
文化,离心,④深空,私档,04纪念节日,OPEN,0
文化,离心,④深空,私档,05深空虚无,OPEN,0
文化,离心,④深空,私档,06音频物证,OPEN,0
文化,离心,④深空,私档,07合成风味,OPEN,0
文化,离心,④深空,互济,01舱内方言,OPEN,0
文化,离心,④深空,互济,02旧地神话,OPEN,0
文化,离心,④深空,互济,03精神消费,OPEN,0
文化,离心,④深空,互济,04纪念节日,OPEN,0
文化,离心,④深空,互济,05深空虚无,OPEN,0
文化,离心,④深空,互济,06音频物证,OPEN,0
文化,离心,④深空,互济,07合成风味,OPEN,0
文化,离心,④深空,商贸,01舱内方言,OPEN,0
文化,离心,④深空,商贸,02旧地神话,OPEN,0
文化,离心,④深空,商贸,03精神消费,OPEN,0
文化,离心,④深空,商贸,04纪念节日,OPEN,0
文化,离心,④深空,商贸,05深空虚无,OPEN,0
文化,离心,④深空,商贸,06音频物证,OPEN,0
文化,离心,④深空,商贸,07合成风味,OPEN,0
文化,离心,④深空,工技,01舱内方言,OPEN,0
文化,离心,④深空,工技,02旧地神话,OPEN,0
文化,离心,④深空,工技,03精神消费,OPEN,0
文化,离心,④深空,工技,04纪念节日,OPEN,0
文化,离心,④深空,工技,05深空虚无,OPEN,0
文化,离心,④深空,工技,06音频物证,OPEN,0
文化,离心,④深空,工技,07合成风味,OPEN,0
文化,离心,④深空,科医,01舱内方言,OPEN,0
文化,离心,④深空,科医,02旧地神话,OPEN,0
文化,离心,④深空,科医,03精神消费,OPEN,0
文化,离心,④深空,科医,04纪念节日,OPEN,0
文化,离心,④深空,科医,05深空虚无,OPEN,0
文化,离心,④深空,科医,06音频物证,OPEN,0
文化,离心,④深空,科医,07合成风味,OPEN,0
文化,离心,⑤比邻星,官档,01舱内方言,PART,1
文化,离心,⑤比邻星,官档,02旧地神话,OPEN,0
文化,离心,⑤比邻星,官档,03精神消费,OPEN,0
文化,离心,⑤比邻星,官档,04纪念节日,OPEN,0
文化,离心,⑤比邻星,官档,05深空虚无,OPEN,0
文化,离心,⑤比邻星,官档,06音频物证,OPEN,0
文化,离心,⑤比邻星,官档,07合成风味,OPEN,0
文化,离心,⑤比邻星,私档,01舱内方言,OPEN,0
文化,离心,⑤比邻星,私档,02旧地神话,OPEN,0
文化,离心,⑤比邻星,私档,03精神消费,OPEN,0
文化,离心,⑤比邻星,私档,04纪念节日,OPEN,0
文化,离心,⑤比邻星,私档,05深空虚无,OPEN,0
文化,离心,⑤比邻星,私档,06音频物证,OPEN,0
文化,离心,⑤比邻星,私档,07合成风味,OPEN,0
文化,离心,⑤比邻星,互济,01舱内方言,OPEN,0
文化,离心,⑤比邻星,互济,02旧地神话,OPEN,0
文化,离心,⑤比邻星,互济,03精神消费,OPEN,0
文化,离心,⑤比邻星,互济,04纪念节日,OPEN,0
文化,离心,⑤比邻星,互济,05深空虚无,OPEN,0
文化,离心,⑤比邻星,互济,06音频物证,OPEN,0
文化,离心,⑤比邻星,互济,07合成风味,OPEN,0
文化,离心,⑤比邻星,商贸,01舱内方言,OPEN,0
文化,离心,⑤比邻星,商贸,02旧地神话,OPEN,0
文化,离心,⑤比邻星,商贸,03精神消费,OPEN,0
文化,离心,⑤比邻星,商贸,04纪念节日,OPEN,0
文化,离心,⑤比邻星,商贸,05深空虚无,OPEN,0
文化,离心,⑤比邻星,商贸,06音频物证,OPEN,0
文化,离心,⑤比邻星,商贸,07合成风味,OPEN,0
文化,离心,⑤比邻星,工技,01舱内方言,OPEN,0
文化,离心,⑤比邻星,工技,02旧地神话,OPEN,0
文化,离心,⑤比邻星,工技,03精神消费,OPEN,0
文化,离心,⑤比邻星,工技,04纪念节日,OPEN,0
文化,离心,⑤比邻星,工技,05深空虚无,OPEN,0
文化,离心,⑤比邻星,工技,06音频物证,OPEN,0
文化,离心,⑤比邻星,工技,07合成风味,OPEN,0
文化,离心,⑤比邻星,科医,01舱内方言,OPEN,0
文化,离心,⑤比邻星,科医,02旧地神话,OPEN,0
文化,离心,⑤比邻星,科医,03精神消费,OPEN,0
文化,离心,⑤比邻星,科医,04纪念节日,OPEN,0
文化,离心,⑤比邻星,科医,05深空虚无,OPEN,0
文化,离心,⑤比邻星,科医,06音频物证,OPEN,0
文化,离心,⑤比邻星,科医,07合成风味,OPEN,0
文化,启航,①地球,官档,01舱内方言,PART,1
文化,启航,①地球,官档,02旧地神话,OPEN,0
文化,启航,①地球,官档,03精神消费,OPEN,0
文化,启航,①地球,官档,04纪念节日,OPEN,0
文化,启航,①地球,官档,05深空虚无,OPEN,0
文化,启航,①地球,官档,06音频物证,OPEN,0
文化,启航,①地球,官档,07合成风味,OPEN,0
文化,启航,①地球,私档,01舱内方言,OPEN,0
文化,启航,①地球,私档,02旧地神话,OPEN,0
文化,启航,①地球,私档,03精神消费,OPEN,0
文化,启航,①地球,私档,04纪念节日,OPEN,0
文化,启航,①地球,私档,05深空虚无,OPEN,0
文化,启航,①地球,私档,06音频物证,OPEN,0
文化,启航,①地球,私档,07合成风味,OPEN,0
文化,启航,①地球,互济,01舱内方言,OPEN,0
文化,启航,①地球,互济,02旧地神话,OPEN,0
文化,启航,①地球,互济,03精神消费,OPEN,0
文化,启航,①地球,互济,04纪念节日,OPEN,0
文化,启航,①地球,互济,05深空虚无,OPEN,0
文化,启航,①地球,互济,06音频物证,OPEN,0
文化,启航,①地球,互济,07合成风味,OPEN,0
文化,启航,①地球,商贸,01舱内方言,OPEN,0
文化,启航,①地球,商贸,02旧地神话,OPEN,0
文化,启航,①地球,商贸,03精神消费,OPEN,0
文化,启航,①地球,商贸,04纪念节日,OPEN,0
文化,启航,①地球,商贸,05深空虚无,OPEN,0
文化,启航,①地球,商贸,06音频物证,OPEN,0
文化,启航,①地球,商贸,07合成风味,OPEN,0
文化,启航,①地球,工技,01舱内方言,OPEN,0
文化,启航,①地球,工技,02旧地神话,OPEN,0
文化,启航,①地球,工技,03精神消费,OPEN,0
文化,启航,①地球,工技,04纪念节日,OPEN,0
文化,启航,①地球,工技,05深空虚无,OPEN,0
文化,启航,①地球,工技,06音频物证,OPEN,0
文化,启航,①地球,工技,07合成风味,OPEN,0
文化,启航,①地球,科医,01舱内方言,OPEN,0
文化,启航,①地球,科医,02旧地神话,OPEN,0
文化,启航,①地球,科医,03精神消费,OPEN,0
文化,启航,①地球,科医,04纪念节日,OPEN,0
文化,启航,①地球,科医,05深空虚无,OPEN,0
文化,启航,①地球,科医,06音频物证,OPEN,0
文化,启航,①地球,科医,07合成风味,OPEN,0
文化,启航,②地月系,官档,01舱内方言,PART,1
文化,启航,②地月系,官档,02旧地神话,OPEN,0
文化,启航,②地月系,官档,03精神消费,OPEN,0
文化,启航,②地月系,官档,04纪念节日,OPEN,0
文化,启航,②地月系,官档,05深空虚无,OPEN,0
文化,启航,②地月系,官档,06音频物证,OPEN,0
文化,启航,②地月系,官档,07合成风味,OPEN,0
文化,启航,②地月系,私档,01舱内方言,OPEN,0
文化,启航,②地月系,私档,02旧地神话,OPEN,0
文化,启航,②地月系,私档,03精神消费,OPEN,0
文化,启航,②地月系,私档,04纪念节日,OPEN,0
文化,启航,②地月系,私档,05深空虚无,OPEN,0
文化,启航,②地月系,私档,06音频物证,OPEN,0
文化,启航,②地月系,私档,07合成风味,OPEN,0
文化,启航,②地月系,互济,01舱内方言,OPEN,0
文化,启航,②地月系,互济,02旧地神话,OPEN,0
文化,启航,②地月系,互济,03精神消费,OPEN,0
文化,启航,②地月系,互济,04纪念节日,OPEN,0
文化,启航,②地月系,互济,05深空虚无,OPEN,0
文化,启航,②地月系,互济,06音频物证,OPEN,0
文化,启航,②地月系,互济,07合成风味,OPEN,0
文化,启航,②地月系,商贸,01舱内方言,OPEN,0
文化,启航,②地月系,商贸,02旧地神话,OPEN,0
文化,启航,②地月系,商贸,03精神消费,OPEN,0
文化,启航,②地月系,商贸,04纪念节日,OPEN,0
文化,启航,②地月系,商贸,05深空虚无,OPEN,0
文化,启航,②地月系,商贸,06音频物证,OPEN,0
文化,启航,②地月系,商贸,07合成风味,OPEN,0
文化,启航,②地月系,工技,01舱内方言,OPEN,0
文化,启航,②地月系,工技,02旧地神话,OPEN,0
文化,启航,②地月系,工技,03精神消费,OPEN,0
文化,启航,②地月系,工技,04纪念节日,OPEN,0
文化,启航,②地月系,工技,05深空虚无,OPEN,0
文化,启航,②地月系,工技,06音频物证,OPEN,0
文化,启航,②地月系,工技,07合成风味,OPEN,0
文化,启航,②地月系,科医,01舱内方言,OPEN,0
文化,启航,②地月系,科医,02旧地神话,OPEN,0
文化,启航,②地月系,科医,03精神消费,OPEN,0
文化,启航,②地月系,科医,04纪念节日,OPEN,0
文化,启航,②地月系,科医,05深空虚无,OPEN,0
文化,启航,②地月系,科医,06音频物证,OPEN,0
文化,启航,②地月系,科医,07合成风味,OPEN,0
文化,启航,③内太阳系,官档,01舱内方言,PART,1
文化,启航,③内太阳系,官档,02旧地神话,OPEN,0
文化,启航,③内太阳系,官档,03精神消费,OPEN,0
文化,启航,③内太阳系,官档,04纪念节日,OPEN,0
文化,启航,③内太阳系,官档,05深空虚无,OPEN,0
文化,启航,③内太阳系,官档,06音频物证,OPEN,0
文化,启航,③内太阳系,官档,07合成风味,OPEN,0
文化,启航,③内太阳系,私档,01舱内方言,OPEN,0
文化,启航,③内太阳系,私档,02旧地神话,OPEN,0
文化,启航,③内太阳系,私档,03精神消费,OPEN,0
文化,启航,③内太阳系,私档,04纪念节日,OPEN,0
文化,启航,③内太阳系,私档,05深空虚无,OPEN,0
文化,启航,③内太阳系,私档,06音频物证,OPEN,0
文化,启航,③内太阳系,私档,07合成风味,OPEN,0
文化,启航,③内太阳系,互济,01舱内方言,OPEN,0
文化,启航,③内太阳系,互济,02旧地神话,OPEN,0
文化,启航,③内太阳系,互济,03精神消费,OPEN,0
文化,启航,③内太阳系,互济,04纪念节日,OPEN,0
文化,启航,③内太阳系,互济,05深空虚无,OPEN,0
文化,启航,③内太阳系,互济,06音频物证,OPEN,0
文化,启航,③内太阳系,互济,07合成风味,OPEN,0
文化,启航,③内太阳系,商贸,01舱内方言,OPEN,0
文化,启航,③内太阳系,商贸,02旧地神话,OPEN,0
文化,启航,③内太阳系,商贸,03精神消费,OPEN,0
文化,启航,③内太阳系,商贸,04纪念节日,OPEN,0
文化,启航,③内太阳系,商贸,05深空虚无,OPEN,0
文化,启航,③内太阳系,商贸,06音频物证,OPEN,0
文化,启航,③内太阳系,商贸,07合成风味,OPEN,0
文化,启航,③内太阳系,工技,01舱内方言,OPEN,0
文化,启航,③内太阳系,工技,02旧地神话,OPEN,0
文化,启航,③内太阳系,工技,03精神消费,OPEN,0
文化,启航,③内太阳系,工技,04纪念节日,OPEN,0
文化,启航,③内太阳系,工技,05深空虚无,OPEN,0
文化,启航,③内太阳系,工技,06音频物证,OPEN,0
文化,启航,③内太阳系,工技,07合成风味,OPEN,0
文化,启航,③内太阳系,科医,01舱内方言,OPEN,0
文化,启航,③内太阳系,科医,02旧地神话,OPEN,0
文化,启航,③内太阳系,科医,03精神消费,OPEN,0
文化,启航,③内太阳系,科医,04纪念节日,OPEN,0
文化,启航,③内太阳系,科医,05深空虚无,OPEN,0
文化,启航,③内太阳系,科医,06音频物证,OPEN,0
文化,启航,③内太阳系,科医,07合成风味,OPEN,0
文化,启航,④深空,官档,01舱内方言,PART,2
文化,启航,④深空,官档,02旧地神话,OPEN,0
文化,启航,④深空,官档,03精神消费,OPEN,0
文化,启航,④深空,官档,04纪念节日,OPEN,0
文化,启航,④深空,官档,05深空虚无,OPEN,0
文化,启航,④深空,官档,06音频物证,OPEN,0
文化,启航,④深空,官档,07合成风味,OPEN,0
文化,启航,④深空,私档,01舱内方言,OPEN,0
文化,启航,④深空,私档,02旧地神话,OPEN,0
文化,启航,④深空,私档,03精神消费,OPEN,0
文化,启航,④深空,私档,04纪念节日,OPEN,0
文化,启航,④深空,私档,05深空虚无,OPEN,0
文化,启航,④深空,私档,06音频物证,OPEN,0
文化,启航,④深空,私档,07合成风味,OPEN,0
文化,启航,④深空,互济,01舱内方言,OPEN,0
文化,启航,④深空,互济,02旧地神话,OPEN,0
文化,启航,④深空,互济,03精神消费,OPEN,0
文化,启航,④深空,互济,04纪念节日,OPEN,0
文化,启航,④深空,互济,05深空虚无,OPEN,0
文化,启航,④深空,互济,06音频物证,OPEN,0
文化,启航,④深空,互济,07合成风味,OPEN,0
文化,启航,④深空,商贸,01舱内方言,OPEN,0
文化,启航,④深空,商贸,02旧地神话,OPEN,0
文化,启航,④深空,商贸,03精神消费,OPEN,0
文化,启航,④深空,商贸,04纪念节日,OPEN,0
文化,启航,④深空,商贸,05深空虚无,OPEN,0
文化,启航,④深空,商贸,06音频物证,OPEN,0
文化,启航,④深空,商贸,07合成风味,OPEN,0
文化,启航,④深空,工技,01舱内方言,OPEN,0
文化,启航,④深空,工技,02旧地神话,OPEN,0
文化,启航,④深空,工技,03精神消费,OPEN,0
文化,启航,④深空,工技,04纪念节日,OPEN,0
文化,启航,④深空,工技,05深空虚无,OPEN,0
文化,启航,④深空,工技,06音频物证,OPEN,0
文化,启航,④深空,工技,07合成风味,OPEN,0
文化,启航,④深空,科医,01舱内方言,OPEN,0
文化,启航,④深空,科医,02旧地神话,OPEN,0
文化,启航,④深空,科医,03精神消费,OPEN,0
文化,启航,④深空,科医,04纪念节日,OPEN,0
文化,启航,④深空,科医,05深空虚无,OPEN,0
文化,启航,④深空,科医,06音频物证,OPEN,0
文化,启航,④深空,科医,07合成风味,OPEN,0
文化,启航,⑤比邻星,官档,01舱内方言,PART,1
文化,启航,⑤比邻星,官档,02旧地神话,OPEN,0
文化,启航,⑤比邻星,官档,03精神消费,OPEN,0
文化,启航,⑤比邻星,官档,04纪念节日,OPEN,0
文化,启航,⑤比邻星,官档,05深空虚无,OPEN,0
文化,启航,⑤比邻星,官档,06音频物证,OPEN,0
文化,启航,⑤比邻星,官档,07合成风味,OPEN,0
文化,启航,⑤比邻星,私档,01舱内方言,OPEN,0
文化,启航,⑤比邻星,私档,02旧地神话,OPEN,0
文化,启航,⑤比邻星,私档,03精神消费,OPEN,0
文化,启航,⑤比邻星,私档,04纪念节日,OPEN,0
文化,启航,⑤比邻星,私档,05深空虚无,OPEN,0
文化,启航,⑤比邻星,私档,06音频物证,OPEN,0
文化,启航,⑤比邻星,私档,07合成风味,OPEN,0
文化,启航,⑤比邻星,互济,01舱内方言,OPEN,0
文化,启航,⑤比邻星,互济,02旧地神话,OPEN,0
文化,启航,⑤比邻星,互济,03精神消费,OPEN,0
文化,启航,⑤比邻星,互济,04纪念节日,OPEN,0
文化,启航,⑤比邻星,互济,05深空虚无,OPEN,0
文化,启航,⑤比邻星,互济,06音频物证,OPEN,0
文化,启航,⑤比邻星,互济,07合成风味,OPEN,0
文化,启航,⑤比邻星,商贸,01舱内方言,OPEN,0
文化,启航,⑤比邻星,商贸,02旧地神话,OPEN,0
文化,启航,⑤比邻星,商贸,03精神消费,OPEN,0
文化,启航,⑤比邻星,商贸,04纪念节日,OPEN,0
文化,启航,⑤比邻星,商贸,05深空虚无,OPEN,0
文化,启航,⑤比邻星,商贸,06音频物证,OPEN,0
文化,启航,⑤比邻星,商贸,07合成风味,OPEN,0
文化,启航,⑤比邻星,工技,01舱内方言,OPEN,0
文化,启航,⑤比邻星,工技,02旧地神话,OPEN,0
文化,启航,⑤比邻星,工技,03精神消费,OPEN,0
文化,启航,⑤比邻星,工技,04纪念节日,OPEN,0
文化,启航,⑤比邻星,工技,05深空虚无,OPEN,0
文化,启航,⑤比邻星,工技,06音频物证,OPEN,0
文化,启航,⑤比邻星,工技,07合成风味,OPEN,0
文化,启航,⑤比邻星,科医,01舱内方言,OPEN,0
文化,启航,⑤比邻星,科医,02旧地神话,OPEN,0
文化,启航,⑤比邻星,科医,03精神消费,OPEN,0
文化,启航,⑤比邻星,科医,04纪念节日,OPEN,0
文化,启航,⑤比邻星,科医,05深空虚无,OPEN,0
文化,启航,⑤比邻星,科医,06音频物证,OPEN,0
文化,启航,⑤比邻星,科医,07合成风味,OPEN,0
文化,落地,①地球,官档,01舱内方言,PART,1
文化,落地,①地球,官档,02旧地神话,OPEN,0
文化,落地,①地球,官档,03精神消费,OPEN,0
文化,落地,①地球,官档,04纪念节日,OPEN,0
文化,落地,①地球,官档,05深空虚无,OPEN,0
文化,落地,①地球,官档,06音频物证,OPEN,0
文化,落地,①地球,官档,07合成风味,OPEN,0
文化,落地,①地球,私档,01舱内方言,OPEN,0
文化,落地,①地球,私档,02旧地神话,OPEN,0
文化,落地,①地球,私档,03精神消费,OPEN,0
文化,落地,①地球,私档,04纪念节日,OPEN,0
文化,落地,①地球,私档,05深空虚无,OPEN,0
文化,落地,①地球,私档,06音频物证,OPEN,0
文化,落地,①地球,私档,07合成风味,OPEN,0
文化,落地,①地球,互济,01舱内方言,OPEN,0
文化,落地,①地球,互济,02旧地神话,OPEN,0
文化,落地,①地球,互济,03精神消费,OPEN,0
文化,落地,①地球,互济,04纪念节日,OPEN,0
文化,落地,①地球,互济,05深空虚无,OPEN,0
文化,落地,①地球,互济,06音频物证,OPEN,0
文化,落地,①地球,互济,07合成风味,OPEN,0
文化,落地,①地球,商贸,01舱内方言,OPEN,0
文化,落地,①地球,商贸,02旧地神话,OPEN,0
文化,落地,①地球,商贸,03精神消费,OPEN,0
文化,落地,①地球,商贸,04纪念节日,OPEN,0
文化,落地,①地球,商贸,05深空虚无,OPEN,0
文化,落地,①地球,商贸,06音频物证,OPEN,0
文化,落地,①地球,商贸,07合成风味,OPEN,0
文化,落地,①地球,工技,01舱内方言,OPEN,0
文化,落地,①地球,工技,02旧地神话,OPEN,0
文化,落地,①地球,工技,03精神消费,OPEN,0
文化,落地,①地球,工技,04纪念节日,OPEN,0
文化,落地,①地球,工技,05深空虚无,OPEN,0
文化,落地,①地球,工技,06音频物证,OPEN,0
文化,落地,①地球,工技,07合成风味,OPEN,0
文化,落地,①地球,科医,01舱内方言,OPEN,0
文化,落地,①地球,科医,02旧地神话,OPEN,0
文化,落地,①地球,科医,03精神消费,OPEN,0
文化,落地,①地球,科医,04纪念节日,OPEN,0
文化,落地,①地球,科医,05深空虚无,OPEN,0
文化,落地,①地球,科医,06音频物证,OPEN,0
文化,落地,①地球,科医,07合成风味,OPEN,0
文化,落地,②地月系,官档,01舱内方言,PART,1
文化,落地,②地月系,官档,02旧地神话,OPEN,0
文化,落地,②地月系,官档,03精神消费,OPEN,0
文化,落地,②地月系,官档,04纪念节日,OPEN,0
文化,落地,②地月系,官档,05深空虚无,OPEN,0
文化,落地,②地月系,官档,06音频物证,OPEN,0
文化,落地,②地月系,官档,07合成风味,OPEN,0
文化,落地,②地月系,私档,01舱内方言,OPEN,0
文化,落地,②地月系,私档,02旧地神话,OPEN,0
文化,落地,②地月系,私档,03精神消费,OPEN,0
文化,落地,②地月系,私档,04纪念节日,OPEN,0
文化,落地,②地月系,私档,05深空虚无,OPEN,0
文化,落地,②地月系,私档,06音频物证,OPEN,0
文化,落地,②地月系,私档,07合成风味,OPEN,0
文化,落地,②地月系,互济,01舱内方言,OPEN,0
文化,落地,②地月系,互济,02旧地神话,OPEN,0
文化,落地,②地月系,互济,03精神消费,OPEN,0
文化,落地,②地月系,互济,04纪念节日,OPEN,0
文化,落地,②地月系,互济,05深空虚无,OPEN,0
文化,落地,②地月系,互济,06音频物证,OPEN,0
文化,落地,②地月系,互济,07合成风味,OPEN,0
文化,落地,②地月系,商贸,01舱内方言,OPEN,0
文化,落地,②地月系,商贸,02旧地神话,OPEN,0
文化,落地,②地月系,商贸,03精神消费,OPEN,0
文化,落地,②地月系,商贸,04纪念节日,OPEN,0
文化,落地,②地月系,商贸,05深空虚无,OPEN,0
文化,落地,②地月系,商贸,06音频物证,OPEN,0
文化,落地,②地月系,商贸,07合成风味,OPEN,0
文化,落地,②地月系,工技,01舱内方言,OPEN,0
文化,落地,②地月系,工技,02旧地神话,OPEN,0
文化,落地,②地月系,工技,03精神消费,OPEN,0
文化,落地,②地月系,工技,04纪念节日,OPEN,0
文化,落地,②地月系,工技,05深空虚无,OPEN,0
文化,落地,②地月系,工技,06音频物证,OPEN,0
文化,落地,②地月系,工技,07合成风味,OPEN,0
文化,落地,②地月系,科医,01舱内方言,OPEN,0
文化,落地,②地月系,科医,02旧地神话,OPEN,0
文化,落地,②地月系,科医,03精神消费,OPEN,0
文化,落地,②地月系,科医,04纪念节日,OPEN,0
文化,落地,②地月系,科医,05深空虚无,OPEN,0
文化,落地,②地月系,科医,06音频物证,OPEN,0
文化,落地,②地月系,科医,07合成风味,OPEN,0
文化,落地,③内太阳系,官档,01舱内方言,PART,1
文化,落地,③内太阳系,官档,02旧地神话,OPEN,0
文化,落地,③内太阳系,官档,03精神消费,OPEN,0
文化,落地,③内太阳系,官档,04纪念节日,OPEN,0
文化,落地,③内太阳系,官档,05深空虚无,OPEN,0
文化,落地,③内太阳系,官档,06音频物证,OPEN,0
文化,落地,③内太阳系,官档,07合成风味,OPEN,0
文化,落地,③内太阳系,私档,01舱内方言,OPEN,0
文化,落地,③内太阳系,私档,02旧地神话,OPEN,0
文化,落地,③内太阳系,私档,03精神消费,OPEN,0
文化,落地,③内太阳系,私档,04纪念节日,OPEN,0
文化,落地,③内太阳系,私档,05深空虚无,OPEN,0
文化,落地,③内太阳系,私档,06音频物证,OPEN,0
文化,落地,③内太阳系,私档,07合成风味,OPEN,0
文化,落地,③内太阳系,互济,01舱内方言,OPEN,0
文化,落地,③内太阳系,互济,02旧地神话,OPEN,0
文化,落地,③内太阳系,互济,03精神消费,OPEN,0
文化,落地,③内太阳系,互济,04纪念节日,OPEN,0
文化,落地,③内太阳系,互济,05深空虚无,OPEN,0
文化,落地,③内太阳系,互济,06音频物证,OPEN,0
文化,落地,③内太阳系,互济,07合成风味,OPEN,0
文化,落地,③内太阳系,商贸,01舱内方言,OPEN,0
文化,落地,③内太阳系,商贸,02旧地神话,OPEN,0
文化,落地,③内太阳系,商贸,03精神消费,OPEN,0
文化,落地,③内太阳系,商贸,04纪念节日,OPEN,0
文化,落地,③内太阳系,商贸,05深空虚无,OPEN,0
文化,落地,③内太阳系,商贸,06音频物证,OPEN,0
文化,落地,③内太阳系,商贸,07合成风味,OPEN,0
文化,落地,③内太阳系,工技,01舱内方言,OPEN,0
文化,落地,③内太阳系,工技,02旧地神话,OPEN,0
文化,落地,③内太阳系,工技,03精神消费,OPEN,0
文化,落地,③内太阳系,工技,04纪念节日,OPEN,0
文化,落地,③内太阳系,工技,05深空虚无,OPEN,0
文化,落地,③内太阳系,工技,06音频物证,OPEN,0
文化,落地,③内太阳系,工技,07合成风味,OPEN,0
文化,落地,③内太阳系,科医,01舱内方言,OPEN,0
文化,落地,③内太阳系,科医,02旧地神话,OPEN,0
文化,落地,③内太阳系,科医,03精神消费,OPEN,0
文化,落地,③内太阳系,科医,04纪念节日,OPEN,0
文化,落地,③内太阳系,科医,05深空虚无,OPEN,0
文化,落地,③内太阳系,科医,06音频物证,OPEN,0
文化,落地,③内太阳系,科医,07合成风味,OPEN,0
文化,落地,④深空,官档,01舱内方言,PART,1
文化,落地,④深空,官档,02旧地神话,OPEN,0
文化,落地,④深空,官档,03精神消费,OPEN,0
文化,落地,④深空,官档,04纪念节日,OPEN,0
文化,落地,④深空,官档,05深空虚无,OPEN,0
文化,落地,④深空,官档,06音频物证,OPEN,0
文化,落地,④深空,官档,07合成风味,OPEN,0
文化,落地,④深空,私档,01舱内方言,OPEN,0
文化,落地,④深空,私档,02旧地神话,OPEN,0
文化,落地,④深空,私档,03精神消费,OPEN,0
文化,落地,④深空,私档,04纪念节日,OPEN,0
文化,落地,④深空,私档,05深空虚无,OPEN,0
文化,落地,④深空,私档,06音频物证,OPEN,0
文化,落地,④深空,私档,07合成风味,OPEN,0
文化,落地,④深空,互济,01舱内方言,OPEN,0
文化,落地,④深空,互济,02旧地神话,OPEN,0
文化,落地,④深空,互济,03精神消费,OPEN,0
文化,落地,④深空,互济,04纪念节日,OPEN,0
文化,落地,④深空,互济,05深空虚无,OPEN,0
文化,落地,④深空,互济,06音频物证,OPEN,0
文化,落地,④深空,互济,07合成风味,OPEN,0
文化,落地,④深空,商贸,01舱内方言,OPEN,0
文化,落地,④深空,商贸,02旧地神话,OPEN,0
文化,落地,④深空,商贸,03精神消费,OPEN,0
文化,落地,④深空,商贸,04纪念节日,OPEN,0
文化,落地,④深空,商贸,05深空虚无,OPEN,0
文化,落地,④深空,商贸,06音频物证,OPEN,0
文化,落地,④深空,商贸,07合成风味,OPEN,0
文化,落地,④深空,工技,01舱内方言,OPEN,0
文化,落地,④深空,工技,02旧地神话,OPEN,0
文化,落地,④深空,工技,03精神消费,OPEN,0
文化,落地,④深空,工技,04纪念节日,OPEN,0
文化,落地,④深空,工技,05深空虚无,OPEN,0
文化,落地,④深空,工技,06音频物证,OPEN,0
文化,落地,④深空,工技,07合成风味,OPEN,0
文化,落地,④深空,科医,01舱内方言,OPEN,0
文化,落地,④深空,科医,02旧地神话,OPEN,0
文化,落地,④深空,科医,03精神消费,OPEN,0
文化,落地,④深空,科医,04纪念节日,OPEN,0
文化,落地,④深空,科医,05深空虚无,OPEN,0
文化,落地,④深空,科医,06音频物证,OPEN,0
文化,落地,④深空,科医,07合成风味,OPEN,0
文化,落地,⑤比邻星,官档,01舱内方言,PART,2
文化,落地,⑤比邻星,官档,02旧地神话,OPEN,0
文化,落地,⑤比邻星,官档,03精神消费,OPEN,0
文化,落地,⑤比邻星,官档,04纪念节日,OPEN,0
文化,落地,⑤比邻星,官档,05深空虚无,OPEN,0
文化,落地,⑤比邻星,官档,06音频物证,OPEN,0
文化,落地,⑤比邻星,官档,07合成风味,OPEN,0
文化,落地,⑤比邻星,私档,01舱内方言,OPEN,0
文化,落地,⑤比邻星,私档,02旧地神话,OPEN,0
文化,落地,⑤比邻星,私档,03精神消费,OPEN,0
文化,落地,⑤比邻星,私档,04纪念节日,OPEN,0
文化,落地,⑤比邻星,私档,05深空虚无,OPEN,0
文化,落地,⑤比邻星,私档,06音频物证,OPEN,0
文化,落地,⑤比邻星,私档,07合成风味,OPEN,0
文化,落地,⑤比邻星,互济,01舱内方言,OPEN,0
文化,落地,⑤比邻星,互济,02旧地神话,OPEN,0
文化,落地,⑤比邻星,互济,03精神消费,OPEN,0
文化,落地,⑤比邻星,互济,04纪念节日,OPEN,0
文化,落地,⑤比邻星,互济,05深空虚无,OPEN,0
文化,落地,⑤比邻星,互济,06音频物证,OPEN,0
文化,落地,⑤比邻星,互济,07合成风味,OPEN,0
文化,落地,⑤比邻星,商贸,01舱内方言,OPEN,0
文化,落地,⑤比邻星,商贸,02旧地神话,OPEN,0
文化,落地,⑤比邻星,商贸,03精神消费,OPEN,0
文化,落地,⑤比邻星,商贸,04纪念节日,OPEN,0
文化,落地,⑤比邻星,商贸,05深空虚无,OPEN,0
文化,落地,⑤比邻星,商贸,06音频物证,OPEN,0
文化,落地,⑤比邻星,商贸,07合成风味,OPEN,0
文化,落地,⑤比邻星,工技,01舱内方言,OPEN,0
文化,落地,⑤比邻星,工技,02旧地神话,OPEN,0
文化,落地,⑤比邻星,工技,03精神消费,OPEN,0
文化,落地,⑤比邻星,工技,04纪念节日,OPEN,0
文化,落地,⑤比邻星,工技,05深空虚无,OPEN,0
文化,落地,⑤比邻星,工技,06音频物证,OPEN,0
文化,落地,⑤比邻星,工技,07合成风味,OPEN,0
文化,落地,⑤比邻星,科医,01舱内方言,OPEN,0
文化,落地,⑤比邻星,科医,02旧地神话,OPEN,0
文化,落地,⑤比邻星,科医,03精神消费,OPEN,0
文化,落地,⑤比邻星,科医,04纪念节日,OPEN,0
文化,落地,⑤比邻星,科医,05深空虚无,OPEN,0
文化,落地,⑤比邻星,科医,06音频物证,OPEN,0
文化,落地,⑤比邻星,科医,07合成风味,OPEN,0
文化,双星系,①地球,官档,01舱内方言,PART,1
文化,双星系,①地球,官档,02旧地神话,OPEN,0
文化,双星系,①地球,官档,03精神消费,OPEN,0
文化,双星系,①地球,官档,04纪念节日,OPEN,0
文化,双星系,①地球,官档,05深空虚无,OPEN,0
文化,双星系,①地球,官档,06音频物证,OPEN,0
文化,双星系,①地球,官档,07合成风味,OPEN,0
文化,双星系,①地球,私档,01舱内方言,OPEN,0
文化,双星系,①地球,私档,02旧地神话,OPEN,0
文化,双星系,①地球,私档,03精神消费,OPEN,0
文化,双星系,①地球,私档,04纪念节日,OPEN,0
文化,双星系,①地球,私档,05深空虚无,OPEN,0
文化,双星系,①地球,私档,06音频物证,OPEN,0
文化,双星系,①地球,私档,07合成风味,OPEN,0
文化,双星系,①地球,互济,01舱内方言,OPEN,0
文化,双星系,①地球,互济,02旧地神话,OPEN,0
文化,双星系,①地球,互济,03精神消费,OPEN,0
文化,双星系,①地球,互济,04纪念节日,OPEN,0
文化,双星系,①地球,互济,05深空虚无,OPEN,0
文化,双星系,①地球,互济,06音频物证,OPEN,0
文化,双星系,①地球,互济,07合成风味,OPEN,0
文化,双星系,①地球,商贸,01舱内方言,OPEN,0
文化,双星系,①地球,商贸,02旧地神话,OPEN,0
文化,双星系,①地球,商贸,03精神消费,OPEN,0
文化,双星系,①地球,商贸,04纪念节日,OPEN,0
文化,双星系,①地球,商贸,05深空虚无,OPEN,0
文化,双星系,①地球,商贸,06音频物证,OPEN,0
文化,双星系,①地球,商贸,07合成风味,OPEN,0
文化,双星系,①地球,工技,01舱内方言,OPEN,0
文化,双星系,①地球,工技,02旧地神话,OPEN,0
文化,双星系,①地球,工技,03精神消费,OPEN,0
文化,双星系,①地球,工技,04纪念节日,OPEN,0
文化,双星系,①地球,工技,05深空虚无,OPEN,0
文化,双星系,①地球,工技,06音频物证,OPEN,0
文化,双星系,①地球,工技,07合成风味,OPEN,0
文化,双星系,①地球,科医,01舱内方言,OPEN,0
文化,双星系,①地球,科医,02旧地神话,OPEN,0
文化,双星系,①地球,科医,03精神消费,OPEN,0
文化,双星系,①地球,科医,04纪念节日,OPEN,0
文化,双星系,①地球,科医,05深空虚无,OPEN,0
文化,双星系,①地球,科医,06音频物证,OPEN,0
文化,双星系,①地球,科医,07合成风味,OPEN,0
文化,双星系,②地月系,官档,01舱内方言,PART,1
文化,双星系,②地月系,官档,02旧地神话,OPEN,0
文化,双星系,②地月系,官档,03精神消费,OPEN,0
文化,双星系,②地月系,官档,04纪念节日,OPEN,0
文化,双星系,②地月系,官档,05深空虚无,OPEN,0
文化,双星系,②地月系,官档,06音频物证,OPEN,0
文化,双星系,②地月系,官档,07合成风味,OPEN,0
文化,双星系,②地月系,私档,01舱内方言,OPEN,0
文化,双星系,②地月系,私档,02旧地神话,OPEN,0
文化,双星系,②地月系,私档,03精神消费,OPEN,0
文化,双星系,②地月系,私档,04纪念节日,OPEN,0
文化,双星系,②地月系,私档,05深空虚无,OPEN,0
文化,双星系,②地月系,私档,06音频物证,OPEN,0
文化,双星系,②地月系,私档,07合成风味,OPEN,0
文化,双星系,②地月系,互济,01舱内方言,OPEN,0
文化,双星系,②地月系,互济,02旧地神话,OPEN,0
文化,双星系,②地月系,互济,03精神消费,OPEN,0
文化,双星系,②地月系,互济,04纪念节日,OPEN,0
文化,双星系,②地月系,互济,05深空虚无,OPEN,0
文化,双星系,②地月系,互济,06音频物证,OPEN,0
文化,双星系,②地月系,互济,07合成风味,OPEN,0
文化,双星系,②地月系,商贸,01舱内方言,OPEN,0
文化,双星系,②地月系,商贸,02旧地神话,OPEN,0
文化,双星系,②地月系,商贸,03精神消费,OPEN,0
文化,双星系,②地月系,商贸,04纪念节日,OPEN,0
文化,双星系,②地月系,商贸,05深空虚无,OPEN,0
文化,双星系,②地月系,商贸,06音频物证,OPEN,0
文化,双星系,②地月系,商贸,07合成风味,OPEN,0
文化,双星系,②地月系,工技,01舱内方言,OPEN,0
文化,双星系,②地月系,工技,02旧地神话,OPEN,0
文化,双星系,②地月系,工技,03精神消费,OPEN,0
文化,双星系,②地月系,工技,04纪念节日,OPEN,0
文化,双星系,②地月系,工技,05深空虚无,OPEN,0
文化,双星系,②地月系,工技,06音频物证,OPEN,0
文化,双星系,②地月系,工技,07合成风味,OPEN,0
文化,双星系,②地月系,科医,01舱内方言,OPEN,0
文化,双星系,②地月系,科医,02旧地神话,OPEN,0
文化,双星系,②地月系,科医,03精神消费,OPEN,0
文化,双星系,②地月系,科医,04纪念节日,OPEN,0
文化,双星系,②地月系,科医,05深空虚无,OPEN,0
文化,双星系,②地月系,科医,06音频物证,OPEN,0
文化,双星系,②地月系,科医,07合成风味,OPEN,0
文化,双星系,③内太阳系,官档,01舱内方言,PART,1
文化,双星系,③内太阳系,官档,02旧地神话,OPEN,0
文化,双星系,③内太阳系,官档,03精神消费,OPEN,0
文化,双星系,③内太阳系,官档,04纪念节日,OPEN,0
文化,双星系,③内太阳系,官档,05深空虚无,OPEN,0
文化,双星系,③内太阳系,官档,06音频物证,OPEN,0
文化,双星系,③内太阳系,官档,07合成风味,OPEN,0
文化,双星系,③内太阳系,私档,01舱内方言,OPEN,0
文化,双星系,③内太阳系,私档,02旧地神话,OPEN,0
文化,双星系,③内太阳系,私档,03精神消费,OPEN,0
文化,双星系,③内太阳系,私档,04纪念节日,OPEN,0
文化,双星系,③内太阳系,私档,05深空虚无,OPEN,0
文化,双星系,③内太阳系,私档,06音频物证,OPEN,0
文化,双星系,③内太阳系,私档,07合成风味,OPEN,0
文化,双星系,③内太阳系,互济,01舱内方言,OPEN,0
文化,双星系,③内太阳系,互济,02旧地神话,OPEN,0
文化,双星系,③内太阳系,互济,03精神消费,OPEN,0
文化,双星系,③内太阳系,互济,04纪念节日,OPEN,0
文化,双星系,③内太阳系,互济,05深空虚无,OPEN,0
文化,双星系,③内太阳系,互济,06音频物证,OPEN,0
文化,双星系,③内太阳系,互济,07合成风味,OPEN,0
文化,双星系,③内太阳系,商贸,01舱内方言,OPEN,0
文化,双星系,③内太阳系,商贸,02旧地神话,OPEN,0
文化,双星系,③内太阳系,商贸,03精神消费,OPEN,0
文化,双星系,③内太阳系,商贸,04纪念节日,OPEN,0
文化,双星系,③内太阳系,商贸,05深空虚无,OPEN,0
文化,双星系,③内太阳系,商贸,06音频物证,OPEN,0
文化,双星系,③内太阳系,商贸,07合成风味,OPEN,0
文化,双星系,③内太阳系,工技,01舱内方言,OPEN,0
文化,双星系,③内太阳系,工技,02旧地神话,OPEN,0
文化,双星系,③内太阳系,工技,03精神消费,OPEN,0
文化,双星系,③内太阳系,工技,04纪念节日,OPEN,0
文化,双星系,③内太阳系,工技,05深空虚无,OPEN,0
文化,双星系,③内太阳系,工技,06音频物证,OPEN,0
文化,双星系,③内太阳系,工技,07合成风味,OPEN,0
文化,双星系,③内太阳系,科医,01舱内方言,OPEN,0
文化,双星系,③内太阳系,科医,02旧地神话,OPEN,0
文化,双星系,③内太阳系,科医,03精神消费,OPEN,0
文化,双星系,③内太阳系,科医,04纪念节日,OPEN,0
文化,双星系,③内太阳系,科医,05深空虚无,OPEN,0
文化,双星系,③内太阳系,科医,06音频物证,OPEN,0
文化,双星系,③内太阳系,科医,07合成风味,OPEN,0
文化,双星系,④深空,官档,01舱内方言,PART,1
文化,双星系,④深空,官档,02旧地神话,OPEN,0
文化,双星系,④深空,官档,03精神消费,OPEN,0
文化,双星系,④深空,官档,04纪念节日,OPEN,0
文化,双星系,④深空,官档,05深空虚无,OPEN,0
文化,双星系,④深空,官档,06音频物证,OPEN,0
文化,双星系,④深空,官档,07合成风味,OPEN,0
文化,双星系,④深空,私档,01舱内方言,OPEN,0
文化,双星系,④深空,私档,02旧地神话,OPEN,0
文化,双星系,④深空,私档,03精神消费,OPEN,0
文化,双星系,④深空,私档,04纪念节日,OPEN,0
文化,双星系,④深空,私档,05深空虚无,OPEN,0
文化,双星系,④深空,私档,06音频物证,OPEN,0
文化,双星系,④深空,私档,07合成风味,OPEN,0
文化,双星系,④深空,互济,01舱内方言,OPEN,0
文化,双星系,④深空,互济,02旧地神话,OPEN,0
文化,双星系,④深空,互济,03精神消费,OPEN,0
文化,双星系,④深空,互济,04纪念节日,OPEN,0
文化,双星系,④深空,互济,05深空虚无,OPEN,0
文化,双星系,④深空,互济,06音频物证,OPEN,0
文化,双星系,④深空,互济,07合成风味,OPEN,0
文化,双星系,④深空,商贸,01舱内方言,OPEN,0
文化,双星系,④深空,商贸,02旧地神话,OPEN,0
文化,双星系,④深空,商贸,03精神消费,OPEN,0
文化,双星系,④深空,商贸,04纪念节日,OPEN,0
文化,双星系,④深空,商贸,05深空虚无,OPEN,0
文化,双星系,④深空,商贸,06音频物证,OPEN,0
文化,双星系,④深空,商贸,07合成风味,OPEN,0
文化,双星系,④深空,工技,01舱内方言,OPEN,0
文化,双星系,④深空,工技,02旧地神话,OPEN,0
文化,双星系,④深空,工技,03精神消费,OPEN,0
文化,双星系,④深空,工技,04纪念节日,OPEN,0
文化,双星系,④深空,工技,05深空虚无,OPEN,0
文化,双星系,④深空,工技,06音频物证,OPEN,0
文化,双星系,④深空,工技,07合成风味,OPEN,0
文化,双星系,④深空,科医,01舱内方言,OPEN,0
文化,双星系,④深空,科医,02旧地神话,OPEN,0
文化,双星系,④深空,科医,03精神消费,OPEN,0
文化,双星系,④深空,科医,04纪念节日,OPEN,0
文化,双星系,④深空,科医,05深空虚无,OPEN,0
文化,双星系,④深空,科医,06音频物证,OPEN,0
文化,双星系,④深空,科医,07合成风味,OPEN,0
文化,双星系,⑤比邻星,官档,01舱内方言,PART,1
文化,双星系,⑤比邻星,官档,02旧地神话,OPEN,0
文化,双星系,⑤比邻星,官档,03精神消费,OPEN,0
文化,双星系,⑤比邻星,官档,04纪念节日,OPEN,0
文化,双星系,⑤比邻星,官档,05深空虚无,OPEN,0
文化,双星系,⑤比邻星,官档,06音频物证,OPEN,0
文化,双星系,⑤比邻星,官档,07合成风味,OPEN,0
文化,双星系,⑤比邻星,私档,01舱内方言,OPEN,0
文化,双星系,⑤比邻星,私档,02旧地神话,OPEN,0
文化,双星系,⑤比邻星,私档,03精神消费,OPEN,0
文化,双星系,⑤比邻星,私档,04纪念节日,OPEN,0
文化,双星系,⑤比邻星,私档,05深空虚无,OPEN,0
文化,双星系,⑤比邻星,私档,06音频物证,OPEN,0
文化,双星系,⑤比邻星,私档,07合成风味,OPEN,0
文化,双星系,⑤比邻星,互济,01舱内方言,OPEN,0
文化,双星系,⑤比邻星,互济,02旧地神话,OPEN,0
文化,双星系,⑤比邻星,互济,03精神消费,OPEN,0
文化,双星系,⑤比邻星,互济,04纪念节日,OPEN,0
文化,双星系,⑤比邻星,互济,05深空虚无,OPEN,0
文化,双星系,⑤比邻星,互济,06音频物证,OPEN,0
文化,双星系,⑤比邻星,互济,07合成风味,OPEN,0
文化,双星系,⑤比邻星,商贸,01舱内方言,OPEN,0
文化,双星系,⑤比邻星,商贸,02旧地神话,OPEN,0
文化,双星系,⑤比邻星,商贸,03精神消费,OPEN,0
文化,双星系,⑤比邻星,商贸,04纪念节日,OPEN,0
文化,双星系,⑤比邻星,商贸,05深空虚无,OPEN,0
文化,双星系,⑤比邻星,商贸,06音频物证,OPEN,0
文化,双星系,⑤比邻星,商贸,07合成风味,OPEN,0
文化,双星系,⑤比邻星,工技,01舱内方言,OPEN,0
文化,双星系,⑤比邻星,工技,02旧地神话,OPEN,0
文化,双星系,⑤比邻星,工技,03精神消费,OPEN,0
文化,双星系,⑤比邻星,工技,04纪念节日,OPEN,0
文化,双星系,⑤比邻星,工技,05深空虚无,OPEN,0
文化,双星系,⑤比邻星,工技,06音频物证,OPEN,0
文化,双星系,⑤比邻星,工技,07合成风味,OPEN,0
文化,双星系,⑤比邻星,科医,01舱内方言,OPEN,0
文化,双星系,⑤比邻星,科医,02旧地神话,OPEN,0
文化,双星系,⑤比邻星,科医,03精神消费,OPEN,0
文化,双星系,⑤比邻星,科医,04纪念节日,OPEN,0
文化,双星系,⑤比邻星,科医,05深空虚无,OPEN,0
文化,双星系,⑤比邻星,科医,06音频物证,OPEN,0
文化,双星系,⑤比邻星,科医,07合成风味,OPEN,0
知识,替代,①地球,官档,01双轨历法,PART,1
知识,替代,①地球,官档,02度量演进,OPEN,0
知识,替代,①地球,官档,03技术逆向,OPEN,0
知识,替代,①地球,官档,04中继丢包,OPEN,0
知识,替代,①地球,官档,05档案存真,OPEN,0
知识,替代,①地球,官档,06教学审查,OPEN,0
知识,替代,①地球,官档,07巡天观测,OPEN,0
知识,替代,①地球,私档,01双轨历法,OPEN,0
知识,替代,①地球,私档,02度量演进,OPEN,0
知识,替代,①地球,私档,03技术逆向,OPEN,0
知识,替代,①地球,私档,04中继丢包,OPEN,0
知识,替代,①地球,私档,05档案存真,OPEN,0
知识,替代,①地球,私档,06教学审查,OPEN,0
知识,替代,①地球,私档,07巡天观测,OPEN,0
知识,替代,①地球,互济,01双轨历法,OPEN,0
知识,替代,①地球,互济,02度量演进,OPEN,0
知识,替代,①地球,互济,03技术逆向,OPEN,0
知识,替代,①地球,互济,04中继丢包,OPEN,0
知识,替代,①地球,互济,05档案存真,OPEN,0
知识,替代,①地球,互济,06教学审查,OPEN,0
知识,替代,①地球,互济,07巡天观测,OPEN,0
知识,替代,①地球,商贸,01双轨历法,OPEN,0
知识,替代,①地球,商贸,02度量演进,OPEN,0
知识,替代,①地球,商贸,03技术逆向,OPEN,0
知识,替代,①地球,商贸,04中继丢包,OPEN,0
知识,替代,①地球,商贸,05档案存真,OPEN,0
知识,替代,①地球,商贸,06教学审查,OPEN,0
知识,替代,①地球,商贸,07巡天观测,OPEN,0
知识,替代,①地球,工技,01双轨历法,OPEN,0
知识,替代,①地球,工技,02度量演进,OPEN,0
知识,替代,①地球,工技,03技术逆向,OPEN,0
知识,替代,①地球,工技,04中继丢包,OPEN,0
知识,替代,①地球,工技,05档案存真,OPEN,0
知识,替代,①地球,工技,06教学审查,OPEN,0
知识,替代,①地球,工技,07巡天观测,OPEN,0
知识,替代,①地球,科医,01双轨历法,OPEN,0
知识,替代,①地球,科医,02度量演进,OPEN,0
知识,替代,①地球,科医,03技术逆向,OPEN,0
知识,替代,①地球,科医,04中继丢包,OPEN,0
知识,替代,①地球,科医,05档案存真,OPEN,0
知识,替代,①地球,科医,06教学审查,OPEN,0
知识,替代,①地球,科医,07巡天观测,OPEN,0
知识,替代,②地月系,官档,01双轨历法,PART,1
知识,替代,②地月系,官档,02度量演进,OPEN,0
知识,替代,②地月系,官档,03技术逆向,OPEN,0
知识,替代,②地月系,官档,04中继丢包,OPEN,0
知识,替代,②地月系,官档,05档案存真,OPEN,0
知识,替代,②地月系,官档,06教学审查,OPEN,0
知识,替代,②地月系,官档,07巡天观测,OPEN,0
知识,替代,②地月系,私档,01双轨历法,OPEN,0
知识,替代,②地月系,私档,02度量演进,OPEN,0
知识,替代,②地月系,私档,03技术逆向,OPEN,0
知识,替代,②地月系,私档,04中继丢包,OPEN,0
知识,替代,②地月系,私档,05档案存真,OPEN,0
知识,替代,②地月系,私档,06教学审查,OPEN,0
知识,替代,②地月系,私档,07巡天观测,OPEN,0
知识,替代,②地月系,互济,01双轨历法,OPEN,0
知识,替代,②地月系,互济,02度量演进,OPEN,0
知识,替代,②地月系,互济,03技术逆向,OPEN,0
知识,替代,②地月系,互济,04中继丢包,OPEN,0
知识,替代,②地月系,互济,05档案存真,OPEN,0
知识,替代,②地月系,互济,06教学审查,OPEN,0
知识,替代,②地月系,互济,07巡天观测,OPEN,0
知识,替代,②地月系,商贸,01双轨历法,OPEN,0
知识,替代,②地月系,商贸,02度量演进,OPEN,0
知识,替代,②地月系,商贸,03技术逆向,OPEN,0
知识,替代,②地月系,商贸,04中继丢包,OPEN,0
知识,替代,②地月系,商贸,05档案存真,OPEN,0
知识,替代,②地月系,商贸,06教学审查,OPEN,0
知识,替代,②地月系,商贸,07巡天观测,OPEN,0
知识,替代,②地月系,工技,01双轨历法,OPEN,0
知识,替代,②地月系,工技,02度量演进,OPEN,0
知识,替代,②地月系,工技,03技术逆向,OPEN,0
知识,替代,②地月系,工技,04中继丢包,OPEN,0
知识,替代,②地月系,工技,05档案存真,OPEN,0
知识,替代,②地月系,工技,06教学审查,OPEN,0
知识,替代,②地月系,工技,07巡天观测,OPEN,0
知识,替代,②地月系,科医,01双轨历法,OPEN,0
知识,替代,②地月系,科医,02度量演进,OPEN,0
知识,替代,②地月系,科医,03技术逆向,OPEN,0
知识,替代,②地月系,科医,04中继丢包,OPEN,0
知识,替代,②地月系,科医,05档案存真,OPEN,0
知识,替代,②地月系,科医,06教学审查,OPEN,0
知识,替代,②地月系,科医,07巡天观测,OPEN,0
知识,替代,③内太阳系,官档,01双轨历法,PART,1
知识,替代,③内太阳系,官档,02度量演进,OPEN,0
知识,替代,③内太阳系,官档,03技术逆向,OPEN,0
知识,替代,③内太阳系,官档,04中继丢包,OPEN,0
知识,替代,③内太阳系,官档,05档案存真,OPEN,0
知识,替代,③内太阳系,官档,06教学审查,OPEN,0
知识,替代,③内太阳系,官档,07巡天观测,OPEN,0
知识,替代,③内太阳系,私档,01双轨历法,OPEN,0
知识,替代,③内太阳系,私档,02度量演进,OPEN,0
知识,替代,③内太阳系,私档,03技术逆向,OPEN,0
知识,替代,③内太阳系,私档,04中继丢包,OPEN,0
知识,替代,③内太阳系,私档,05档案存真,OPEN,0
知识,替代,③内太阳系,私档,06教学审查,OPEN,0
知识,替代,③内太阳系,私档,07巡天观测,OPEN,0
知识,替代,③内太阳系,互济,01双轨历法,OPEN,0
知识,替代,③内太阳系,互济,02度量演进,OPEN,0
知识,替代,③内太阳系,互济,03技术逆向,OPEN,0
知识,替代,③内太阳系,互济,04中继丢包,OPEN,0
知识,替代,③内太阳系,互济,05档案存真,OPEN,0
知识,替代,③内太阳系,互济,06教学审查,OPEN,0
知识,替代,③内太阳系,互济,07巡天观测,OPEN,0
知识,替代,③内太阳系,商贸,01双轨历法,OPEN,0
知识,替代,③内太阳系,商贸,02度量演进,OPEN,0
知识,替代,③内太阳系,商贸,03技术逆向,OPEN,0
知识,替代,③内太阳系,商贸,04中继丢包,OPEN,0
知识,替代,③内太阳系,商贸,05档案存真,OPEN,0
知识,替代,③内太阳系,商贸,06教学审查,OPEN,0
知识,替代,③内太阳系,商贸,07巡天观测,OPEN,0
知识,替代,③内太阳系,工技,01双轨历法,OPEN,0
知识,替代,③内太阳系,工技,02度量演进,OPEN,0
知识,替代,③内太阳系,工技,03技术逆向,OPEN,0
知识,替代,③内太阳系,工技,04中继丢包,OPEN,0
知识,替代,③内太阳系,工技,05档案存真,OPEN,0
知识,替代,③内太阳系,工技,06教学审查,OPEN,0
知识,替代,③内太阳系,工技,07巡天观测,OPEN,0
知识,替代,③内太阳系,科医,01双轨历法,OPEN,0
知识,替代,③内太阳系,科医,02度量演进,OPEN,0
知识,替代,③内太阳系,科医,03技术逆向,OPEN,0
知识,替代,③内太阳系,科医,04中继丢包,OPEN,0
知识,替代,③内太阳系,科医,05档案存真,OPEN,0
知识,替代,③内太阳系,科医,06教学审查,OPEN,0
知识,替代,③内太阳系,科医,07巡天观测,OPEN,0
知识,替代,④深空,官档,01双轨历法,PART,1
知识,替代,④深空,官档,02度量演进,OPEN,0
知识,替代,④深空,官档,03技术逆向,OPEN,0
知识,替代,④深空,官档,04中继丢包,OPEN,0
知识,替代,④深空,官档,05档案存真,OPEN,0
知识,替代,④深空,官档,06教学审查,OPEN,0
知识,替代,④深空,官档,07巡天观测,OPEN,0
知识,替代,④深空,私档,01双轨历法,OPEN,0
知识,替代,④深空,私档,02度量演进,OPEN,0
知识,替代,④深空,私档,03技术逆向,OPEN,0
知识,替代,④深空,私档,04中继丢包,OPEN,0
知识,替代,④深空,私档,05档案存真,OPEN,0
知识,替代,④深空,私档,06教学审查,OPEN,0
知识,替代,④深空,私档,07巡天观测,OPEN,0
知识,替代,④深空,互济,01双轨历法,OPEN,0
知识,替代,④深空,互济,02度量演进,OPEN,0
知识,替代,④深空,互济,03技术逆向,OPEN,0
知识,替代,④深空,互济,04中继丢包,OPEN,0
知识,替代,④深空,互济,05档案存真,OPEN,0
知识,替代,④深空,互济,06教学审查,OPEN,0
知识,替代,④深空,互济,07巡天观测,OPEN,0
知识,替代,④深空,商贸,01双轨历法,OPEN,0
知识,替代,④深空,商贸,02度量演进,OPEN,0
知识,替代,④深空,商贸,03技术逆向,OPEN,0
知识,替代,④深空,商贸,04中继丢包,OPEN,0
知识,替代,④深空,商贸,05档案存真,OPEN,0
知识,替代,④深空,商贸,06教学审查,OPEN,0
知识,替代,④深空,商贸,07巡天观测,OPEN,0
知识,替代,④深空,工技,01双轨历法,OPEN,0
知识,替代,④深空,工技,02度量演进,OPEN,0
知识,替代,④深空,工技,03技术逆向,OPEN,0
知识,替代,④深空,工技,04中继丢包,OPEN,0
知识,替代,④深空,工技,05档案存真,OPEN,0
知识,替代,④深空,工技,06教学审查,OPEN,0
知识,替代,④深空,工技,07巡天观测,OPEN,0
知识,替代,④深空,科医,01双轨历法,OPEN,0
知识,替代,④深空,科医,02度量演进,OPEN,0
知识,替代,④深空,科医,03技术逆向,OPEN,0
知识,替代,④深空,科医,04中继丢包,OPEN,0
知识,替代,④深空,科医,05档案存真,OPEN,0
知识,替代,④深空,科医,06教学审查,OPEN,0
知识,替代,④深空,科医,07巡天观测,OPEN,0
知识,替代,⑤比邻星,官档,01双轨历法,PART,1
知识,替代,⑤比邻星,官档,02度量演进,OPEN,0
知识,替代,⑤比邻星,官档,03技术逆向,OPEN,0
知识,替代,⑤比邻星,官档,04中继丢包,OPEN,0
知识,替代,⑤比邻星,官档,05档案存真,OPEN,0
知识,替代,⑤比邻星,官档,06教学审查,OPEN,0
知识,替代,⑤比邻星,官档,07巡天观测,OPEN,0
知识,替代,⑤比邻星,私档,01双轨历法,OPEN,0
知识,替代,⑤比邻星,私档,02度量演进,OPEN,0
知识,替代,⑤比邻星,私档,03技术逆向,OPEN,0
知识,替代,⑤比邻星,私档,04中继丢包,OPEN,0
知识,替代,⑤比邻星,私档,05档案存真,OPEN,0
知识,替代,⑤比邻星,私档,06教学审查,OPEN,0
知识,替代,⑤比邻星,私档,07巡天观测,OPEN,0
知识,替代,⑤比邻星,互济,01双轨历法,OPEN,0
知识,替代,⑤比邻星,互济,02度量演进,OPEN,0
知识,替代,⑤比邻星,互济,03技术逆向,OPEN,0
知识,替代,⑤比邻星,互济,04中继丢包,OPEN,0
知识,替代,⑤比邻星,互济,05档案存真,OPEN,0
知识,替代,⑤比邻星,互济,06教学审查,OPEN,0
知识,替代,⑤比邻星,互济,07巡天观测,OPEN,0
知识,替代,⑤比邻星,商贸,01双轨历法,OPEN,0
知识,替代,⑤比邻星,商贸,02度量演进,OPEN,0
知识,替代,⑤比邻星,商贸,03技术逆向,OPEN,0
知识,替代,⑤比邻星,商贸,04中继丢包,OPEN,0
知识,替代,⑤比邻星,商贸,05档案存真,OPEN,0
知识,替代,⑤比邻星,商贸,06教学审查,OPEN,0
知识,替代,⑤比邻星,商贸,07巡天观测,OPEN,0
知识,替代,⑤比邻星,工技,01双轨历法,OPEN,0
知识,替代,⑤比邻星,工技,02度量演进,OPEN,0
知识,替代,⑤比邻星,工技,03技术逆向,OPEN,0
知识,替代,⑤比邻星,工技,04中继丢包,OPEN,0
知识,替代,⑤比邻星,工技,05档案存真,OPEN,0
知识,替代,⑤比邻星,工技,06教学审查,OPEN,0
知识,替代,⑤比邻星,工技,07巡天观测,OPEN,0
知识,替代,⑤比邻星,科医,01双轨历法,OPEN,0
知识,替代,⑤比邻星,科医,02度量演进,OPEN,0
知识,替代,⑤比邻星,科医,03技术逆向,OPEN,0
知识,替代,⑤比邻星,科医,04中继丢包,OPEN,0
知识,替代,⑤比邻星,科医,05档案存真,OPEN,0
知识,替代,⑤比邻星,科医,06教学审查,OPEN,0
知识,替代,⑤比邻星,科医,07巡天观测,OPEN,0
知识,竞赛,①地球,官档,01双轨历法,PART,1
知识,竞赛,①地球,官档,02度量演进,OPEN,0
知识,竞赛,①地球,官档,03技术逆向,OPEN,0
知识,竞赛,①地球,官档,04中继丢包,OPEN,0
知识,竞赛,①地球,官档,05档案存真,OPEN,0
知识,竞赛,①地球,官档,06教学审查,OPEN,0
知识,竞赛,①地球,官档,07巡天观测,OPEN,0
知识,竞赛,①地球,私档,01双轨历法,OPEN,0
知识,竞赛,①地球,私档,02度量演进,OPEN,0
知识,竞赛,①地球,私档,03技术逆向,OPEN,0
知识,竞赛,①地球,私档,04中继丢包,OPEN,0
知识,竞赛,①地球,私档,05档案存真,OPEN,0
知识,竞赛,①地球,私档,06教学审查,OPEN,0
知识,竞赛,①地球,私档,07巡天观测,OPEN,0
知识,竞赛,①地球,互济,01双轨历法,OPEN,0
知识,竞赛,①地球,互济,02度量演进,OPEN,0
知识,竞赛,①地球,互济,03技术逆向,OPEN,0
知识,竞赛,①地球,互济,04中继丢包,OPEN,0
知识,竞赛,①地球,互济,05档案存真,OPEN,0
知识,竞赛,①地球,互济,06教学审查,OPEN,0
知识,竞赛,①地球,互济,07巡天观测,OPEN,0
知识,竞赛,①地球,商贸,01双轨历法,OPEN,0
知识,竞赛,①地球,商贸,02度量演进,OPEN,0
知识,竞赛,①地球,商贸,03技术逆向,OPEN,0
知识,竞赛,①地球,商贸,04中继丢包,OPEN,0
知识,竞赛,①地球,商贸,05档案存真,OPEN,0
知识,竞赛,①地球,商贸,06教学审查,OPEN,0
知识,竞赛,①地球,商贸,07巡天观测,OPEN,0
知识,竞赛,①地球,工技,01双轨历法,OPEN,0
知识,竞赛,①地球,工技,02度量演进,OPEN,0
知识,竞赛,①地球,工技,03技术逆向,OPEN,0
知识,竞赛,①地球,工技,04中继丢包,OPEN,0
知识,竞赛,①地球,工技,05档案存真,OPEN,0
知识,竞赛,①地球,工技,06教学审查,OPEN,0
知识,竞赛,①地球,工技,07巡天观测,OPEN,0
知识,竞赛,①地球,科医,01双轨历法,OPEN,0
知识,竞赛,①地球,科医,02度量演进,OPEN,0
知识,竞赛,①地球,科医,03技术逆向,OPEN,0
知识,竞赛,①地球,科医,04中继丢包,OPEN,0
知识,竞赛,①地球,科医,05档案存真,OPEN,0
知识,竞赛,①地球,科医,06教学审查,OPEN,0
知识,竞赛,①地球,科医,07巡天观测,OPEN,0
知识,竞赛,②地月系,官档,01双轨历法,PART,1
知识,竞赛,②地月系,官档,02度量演进,OPEN,0
知识,竞赛,②地月系,官档,03技术逆向,OPEN,0
知识,竞赛,②地月系,官档,04中继丢包,OPEN,0
知识,竞赛,②地月系,官档,05档案存真,OPEN,0
知识,竞赛,②地月系,官档,06教学审查,OPEN,0
知识,竞赛,②地月系,官档,07巡天观测,OPEN,0
知识,竞赛,②地月系,私档,01双轨历法,OPEN,0
知识,竞赛,②地月系,私档,02度量演进,OPEN,0
知识,竞赛,②地月系,私档,03技术逆向,OPEN,0
知识,竞赛,②地月系,私档,04中继丢包,OPEN,0
知识,竞赛,②地月系,私档,05档案存真,OPEN,0
知识,竞赛,②地月系,私档,06教学审查,OPEN,0
知识,竞赛,②地月系,私档,07巡天观测,OPEN,0
知识,竞赛,②地月系,互济,01双轨历法,OPEN,0
知识,竞赛,②地月系,互济,02度量演进,OPEN,0
知识,竞赛,②地月系,互济,03技术逆向,OPEN,0
知识,竞赛,②地月系,互济,04中继丢包,OPEN,0
知识,竞赛,②地月系,互济,05档案存真,OPEN,0
知识,竞赛,②地月系,互济,06教学审查,OPEN,0
知识,竞赛,②地月系,互济,07巡天观测,OPEN,0
知识,竞赛,②地月系,商贸,01双轨历法,OPEN,0
知识,竞赛,②地月系,商贸,02度量演进,OPEN,0
知识,竞赛,②地月系,商贸,03技术逆向,OPEN,0
知识,竞赛,②地月系,商贸,04中继丢包,OPEN,0
知识,竞赛,②地月系,商贸,05档案存真,OPEN,0
知识,竞赛,②地月系,商贸,06教学审查,OPEN,0
知识,竞赛,②地月系,商贸,07巡天观测,OPEN,0
知识,竞赛,②地月系,工技,01双轨历法,OPEN,0
知识,竞赛,②地月系,工技,02度量演进,OPEN,0
知识,竞赛,②地月系,工技,03技术逆向,OPEN,0
知识,竞赛,②地月系,工技,04中继丢包,OPEN,0
知识,竞赛,②地月系,工技,05档案存真,OPEN,0
知识,竞赛,②地月系,工技,06教学审查,OPEN,0
知识,竞赛,②地月系,工技,07巡天观测,OPEN,0
知识,竞赛,②地月系,科医,01双轨历法,OPEN,0
知识,竞赛,②地月系,科医,02度量演进,OPEN,0
知识,竞赛,②地月系,科医,03技术逆向,OPEN,0
知识,竞赛,②地月系,科医,04中继丢包,OPEN,0
知识,竞赛,②地月系,科医,05档案存真,OPEN,0
知识,竞赛,②地月系,科医,06教学审查,OPEN,0
知识,竞赛,②地月系,科医,07巡天观测,OPEN,0
知识,竞赛,③内太阳系,官档,01双轨历法,PART,1
知识,竞赛,③内太阳系,官档,02度量演进,OPEN,0
知识,竞赛,③内太阳系,官档,03技术逆向,OPEN,0
知识,竞赛,③内太阳系,官档,04中继丢包,OPEN,0
知识,竞赛,③内太阳系,官档,05档案存真,OPEN,0
知识,竞赛,③内太阳系,官档,06教学审查,OPEN,0
知识,竞赛,③内太阳系,官档,07巡天观测,OPEN,0
知识,竞赛,③内太阳系,私档,01双轨历法,OPEN,0
知识,竞赛,③内太阳系,私档,02度量演进,OPEN,0
知识,竞赛,③内太阳系,私档,03技术逆向,OPEN,0
知识,竞赛,③内太阳系,私档,04中继丢包,OPEN,0
知识,竞赛,③内太阳系,私档,05档案存真,OPEN,0
知识,竞赛,③内太阳系,私档,06教学审查,OPEN,0
知识,竞赛,③内太阳系,私档,07巡天观测,OPEN,0
知识,竞赛,③内太阳系,互济,01双轨历法,OPEN,0
知识,竞赛,③内太阳系,互济,02度量演进,OPEN,0
知识,竞赛,③内太阳系,互济,03技术逆向,OPEN,0
知识,竞赛,③内太阳系,互济,04中继丢包,OPEN,0
知识,竞赛,③内太阳系,互济,05档案存真,OPEN,0
知识,竞赛,③内太阳系,互济,06教学审查,OPEN,0
知识,竞赛,③内太阳系,互济,07巡天观测,OPEN,0
知识,竞赛,③内太阳系,商贸,01双轨历法,OPEN,0
知识,竞赛,③内太阳系,商贸,02度量演进,OPEN,0
知识,竞赛,③内太阳系,商贸,03技术逆向,OPEN,0
知识,竞赛,③内太阳系,商贸,04中继丢包,OPEN,0
知识,竞赛,③内太阳系,商贸,05档案存真,OPEN,0
知识,竞赛,③内太阳系,商贸,06教学审查,OPEN,0
知识,竞赛,③内太阳系,商贸,07巡天观测,OPEN,0
知识,竞赛,③内太阳系,工技,01双轨历法,OPEN,0
知识,竞赛,③内太阳系,工技,02度量演进,OPEN,0
知识,竞赛,③内太阳系,工技,03技术逆向,OPEN,0
知识,竞赛,③内太阳系,工技,04中继丢包,OPEN,0
知识,竞赛,③内太阳系,工技,05档案存真,OPEN,0
知识,竞赛,③内太阳系,工技,06教学审查,OPEN,0
知识,竞赛,③内太阳系,工技,07巡天观测,OPEN,0
知识,竞赛,③内太阳系,科医,01双轨历法,OPEN,0
知识,竞赛,③内太阳系,科医,02度量演进,OPEN,0
知识,竞赛,③内太阳系,科医,03技术逆向,OPEN,0
知识,竞赛,③内太阳系,科医,04中继丢包,OPEN,0
知识,竞赛,③内太阳系,科医,05档案存真,OPEN,0
知识,竞赛,③内太阳系,科医,06教学审查,OPEN,0
知识,竞赛,③内太阳系,科医,07巡天观测,OPEN,0
知识,竞赛,④深空,官档,01双轨历法,PART,1
知识,竞赛,④深空,官档,02度量演进,OPEN,0
知识,竞赛,④深空,官档,03技术逆向,OPEN,0
知识,竞赛,④深空,官档,04中继丢包,OPEN,0
知识,竞赛,④深空,官档,05档案存真,OPEN,0
知识,竞赛,④深空,官档,06教学审查,OPEN,0
知识,竞赛,④深空,官档,07巡天观测,OPEN,0
知识,竞赛,④深空,私档,01双轨历法,OPEN,0
知识,竞赛,④深空,私档,02度量演进,OPEN,0
知识,竞赛,④深空,私档,03技术逆向,OPEN,0
知识,竞赛,④深空,私档,04中继丢包,OPEN,0
知识,竞赛,④深空,私档,05档案存真,OPEN,0
知识,竞赛,④深空,私档,06教学审查,OPEN,0
知识,竞赛,④深空,私档,07巡天观测,OPEN,0
知识,竞赛,④深空,互济,01双轨历法,OPEN,0
知识,竞赛,④深空,互济,02度量演进,OPEN,0
知识,竞赛,④深空,互济,03技术逆向,OPEN,0
知识,竞赛,④深空,互济,04中继丢包,OPEN,0
知识,竞赛,④深空,互济,05档案存真,OPEN,0
知识,竞赛,④深空,互济,06教学审查,OPEN,0
知识,竞赛,④深空,互济,07巡天观测,OPEN,0
知识,竞赛,④深空,商贸,01双轨历法,OPEN,0
知识,竞赛,④深空,商贸,02度量演进,OPEN,0
知识,竞赛,④深空,商贸,03技术逆向,OPEN,0
知识,竞赛,④深空,商贸,04中继丢包,OPEN,0
知识,竞赛,④深空,商贸,05档案存真,OPEN,0
知识,竞赛,④深空,商贸,06教学审查,OPEN,0
知识,竞赛,④深空,商贸,07巡天观测,OPEN,0
知识,竞赛,④深空,工技,01双轨历法,OPEN,0
知识,竞赛,④深空,工技,02度量演进,OPEN,0
知识,竞赛,④深空,工技,03技术逆向,OPEN,0
知识,竞赛,④深空,工技,04中继丢包,OPEN,0
知识,竞赛,④深空,工技,05档案存真,OPEN,0
知识,竞赛,④深空,工技,06教学审查,OPEN,0
知识,竞赛,④深空,工技,07巡天观测,OPEN,0
知识,竞赛,④深空,科医,01双轨历法,OPEN,0
知识,竞赛,④深空,科医,02度量演进,OPEN,0
知识,竞赛,④深空,科医,03技术逆向,OPEN,0
知识,竞赛,④深空,科医,04中继丢包,OPEN,0
知识,竞赛,④深空,科医,05档案存真,OPEN,0
知识,竞赛,④深空,科医,06教学审查,OPEN,0
知识,竞赛,④深空,科医,07巡天观测,OPEN,0
知识,竞赛,⑤比邻星,官档,01双轨历法,PART,1
知识,竞赛,⑤比邻星,官档,02度量演进,OPEN,0
知识,竞赛,⑤比邻星,官档,03技术逆向,OPEN,0
知识,竞赛,⑤比邻星,官档,04中继丢包,OPEN,0
知识,竞赛,⑤比邻星,官档,05档案存真,OPEN,0
知识,竞赛,⑤比邻星,官档,06教学审查,OPEN,0
知识,竞赛,⑤比邻星,官档,07巡天观测,OPEN,0
知识,竞赛,⑤比邻星,私档,01双轨历法,OPEN,0
知识,竞赛,⑤比邻星,私档,02度量演进,OPEN,0
知识,竞赛,⑤比邻星,私档,03技术逆向,OPEN,0
知识,竞赛,⑤比邻星,私档,04中继丢包,OPEN,0
知识,竞赛,⑤比邻星,私档,05档案存真,OPEN,0
知识,竞赛,⑤比邻星,私档,06教学审查,OPEN,0
知识,竞赛,⑤比邻星,私档,07巡天观测,OPEN,0
知识,竞赛,⑤比邻星,互济,01双轨历法,OPEN,0
知识,竞赛,⑤比邻星,互济,02度量演进,OPEN,0
知识,竞赛,⑤比邻星,互济,03技术逆向,OPEN,0
知识,竞赛,⑤比邻星,互济,04中继丢包,OPEN,0
知识,竞赛,⑤比邻星,互济,05档案存真,OPEN,0
知识,竞赛,⑤比邻星,互济,06教学审查,OPEN,0
知识,竞赛,⑤比邻星,互济,07巡天观测,OPEN,0
知识,竞赛,⑤比邻星,商贸,01双轨历法,OPEN,0
知识,竞赛,⑤比邻星,商贸,02度量演进,OPEN,0
知识,竞赛,⑤比邻星,商贸,03技术逆向,OPEN,0
知识,竞赛,⑤比邻星,商贸,04中继丢包,OPEN,0
知识,竞赛,⑤比邻星,商贸,05档案存真,OPEN,0
知识,竞赛,⑤比邻星,商贸,06教学审查,OPEN,0
知识,竞赛,⑤比邻星,商贸,07巡天观测,OPEN,0
知识,竞赛,⑤比邻星,工技,01双轨历法,OPEN,0
知识,竞赛,⑤比邻星,工技,02度量演进,OPEN,0
知识,竞赛,⑤比邻星,工技,03技术逆向,OPEN,0
知识,竞赛,⑤比邻星,工技,04中继丢包,OPEN,0
知识,竞赛,⑤比邻星,工技,05档案存真,OPEN,0
知识,竞赛,⑤比邻星,工技,06教学审查,OPEN,0
知识,竞赛,⑤比邻星,工技,07巡天观测,OPEN,0
知识,竞赛,⑤比邻星,科医,01双轨历法,OPEN,0
知识,竞赛,⑤比邻星,科医,02度量演进,OPEN,0
知识,竞赛,⑤比邻星,科医,03技术逆向,OPEN,0
知识,竞赛,⑤比邻星,科医,04中继丢包,OPEN,0
知识,竞赛,⑤比邻星,科医,05档案存真,OPEN,0
知识,竞赛,⑤比邻星,科医,06教学审查,OPEN,0
知识,竞赛,⑤比邻星,科医,07巡天观测,OPEN,0
知识,丰裕,①地球,官档,01双轨历法,PART,1
知识,丰裕,①地球,官档,02度量演进,OPEN,0
知识,丰裕,①地球,官档,03技术逆向,OPEN,0
知识,丰裕,①地球,官档,04中继丢包,OPEN,0
知识,丰裕,①地球,官档,05档案存真,OPEN,0
知识,丰裕,①地球,官档,06教学审查,OPEN,0
知识,丰裕,①地球,官档,07巡天观测,OPEN,0
知识,丰裕,①地球,私档,01双轨历法,OPEN,0
知识,丰裕,①地球,私档,02度量演进,OPEN,0
知识,丰裕,①地球,私档,03技术逆向,OPEN,0
知识,丰裕,①地球,私档,04中继丢包,OPEN,0
知识,丰裕,①地球,私档,05档案存真,OPEN,0
知识,丰裕,①地球,私档,06教学审查,OPEN,0
知识,丰裕,①地球,私档,07巡天观测,OPEN,0
知识,丰裕,①地球,互济,01双轨历法,OPEN,0
知识,丰裕,①地球,互济,02度量演进,OPEN,0
知识,丰裕,①地球,互济,03技术逆向,OPEN,0
知识,丰裕,①地球,互济,04中继丢包,OPEN,0
知识,丰裕,①地球,互济,05档案存真,OPEN,0
知识,丰裕,①地球,互济,06教学审查,OPEN,0
知识,丰裕,①地球,互济,07巡天观测,OPEN,0
知识,丰裕,①地球,商贸,01双轨历法,OPEN,0
知识,丰裕,①地球,商贸,02度量演进,OPEN,0
知识,丰裕,①地球,商贸,03技术逆向,OPEN,0
知识,丰裕,①地球,商贸,04中继丢包,OPEN,0
知识,丰裕,①地球,商贸,05档案存真,OPEN,0
知识,丰裕,①地球,商贸,06教学审查,OPEN,0
知识,丰裕,①地球,商贸,07巡天观测,OPEN,0
知识,丰裕,①地球,工技,01双轨历法,OPEN,0
知识,丰裕,①地球,工技,02度量演进,OPEN,0
知识,丰裕,①地球,工技,03技术逆向,OPEN,0
知识,丰裕,①地球,工技,04中继丢包,OPEN,0
知识,丰裕,①地球,工技,05档案存真,OPEN,0
知识,丰裕,①地球,工技,06教学审查,OPEN,0
知识,丰裕,①地球,工技,07巡天观测,OPEN,0
知识,丰裕,①地球,科医,01双轨历法,OPEN,0
知识,丰裕,①地球,科医,02度量演进,OPEN,0
知识,丰裕,①地球,科医,03技术逆向,OPEN,0
知识,丰裕,①地球,科医,04中继丢包,OPEN,0
知识,丰裕,①地球,科医,05档案存真,OPEN,0
知识,丰裕,①地球,科医,06教学审查,OPEN,0
知识,丰裕,①地球,科医,07巡天观测,OPEN,0
知识,丰裕,②地月系,官档,01双轨历法,PART,1
知识,丰裕,②地月系,官档,02度量演进,OPEN,0
知识,丰裕,②地月系,官档,03技术逆向,OPEN,0
知识,丰裕,②地月系,官档,04中继丢包,OPEN,0
知识,丰裕,②地月系,官档,05档案存真,OPEN,0
知识,丰裕,②地月系,官档,06教学审查,OPEN,0
知识,丰裕,②地月系,官档,07巡天观测,OPEN,0
知识,丰裕,②地月系,私档,01双轨历法,OPEN,0
知识,丰裕,②地月系,私档,02度量演进,OPEN,0
知识,丰裕,②地月系,私档,03技术逆向,OPEN,0
知识,丰裕,②地月系,私档,04中继丢包,OPEN,0
知识,丰裕,②地月系,私档,05档案存真,OPEN,0
知识,丰裕,②地月系,私档,06教学审查,OPEN,0
知识,丰裕,②地月系,私档,07巡天观测,OPEN,0
知识,丰裕,②地月系,互济,01双轨历法,OPEN,0
知识,丰裕,②地月系,互济,02度量演进,OPEN,0
知识,丰裕,②地月系,互济,03技术逆向,OPEN,0
知识,丰裕,②地月系,互济,04中继丢包,OPEN,0
知识,丰裕,②地月系,互济,05档案存真,OPEN,0
知识,丰裕,②地月系,互济,06教学审查,OPEN,0
知识,丰裕,②地月系,互济,07巡天观测,OPEN,0
知识,丰裕,②地月系,商贸,01双轨历法,OPEN,0
知识,丰裕,②地月系,商贸,02度量演进,OPEN,0
知识,丰裕,②地月系,商贸,03技术逆向,OPEN,0
知识,丰裕,②地月系,商贸,04中继丢包,OPEN,0
知识,丰裕,②地月系,商贸,05档案存真,OPEN,0
知识,丰裕,②地月系,商贸,06教学审查,OPEN,0
知识,丰裕,②地月系,商贸,07巡天观测,OPEN,0
知识,丰裕,②地月系,工技,01双轨历法,OPEN,0
知识,丰裕,②地月系,工技,02度量演进,OPEN,0
知识,丰裕,②地月系,工技,03技术逆向,OPEN,0
知识,丰裕,②地月系,工技,04中继丢包,OPEN,0
知识,丰裕,②地月系,工技,05档案存真,OPEN,0
知识,丰裕,②地月系,工技,06教学审查,OPEN,0
知识,丰裕,②地月系,工技,07巡天观测,OPEN,0
知识,丰裕,②地月系,科医,01双轨历法,OPEN,0
知识,丰裕,②地月系,科医,02度量演进,OPEN,0
知识,丰裕,②地月系,科医,03技术逆向,OPEN,0
知识,丰裕,②地月系,科医,04中继丢包,OPEN,0
知识,丰裕,②地月系,科医,05档案存真,OPEN,0
知识,丰裕,②地月系,科医,06教学审查,OPEN,0
知识,丰裕,②地月系,科医,07巡天观测,OPEN,0
知识,丰裕,③内太阳系,官档,01双轨历法,PART,1
知识,丰裕,③内太阳系,官档,02度量演进,OPEN,0
知识,丰裕,③内太阳系,官档,03技术逆向,OPEN,0
知识,丰裕,③内太阳系,官档,04中继丢包,OPEN,0
知识,丰裕,③内太阳系,官档,05档案存真,OPEN,0
知识,丰裕,③内太阳系,官档,06教学审查,OPEN,0
知识,丰裕,③内太阳系,官档,07巡天观测,OPEN,0
知识,丰裕,③内太阳系,私档,01双轨历法,OPEN,0
知识,丰裕,③内太阳系,私档,02度量演进,OPEN,0
知识,丰裕,③内太阳系,私档,03技术逆向,OPEN,0
知识,丰裕,③内太阳系,私档,04中继丢包,OPEN,0
知识,丰裕,③内太阳系,私档,05档案存真,OPEN,0
知识,丰裕,③内太阳系,私档,06教学审查,OPEN,0
知识,丰裕,③内太阳系,私档,07巡天观测,OPEN,0
知识,丰裕,③内太阳系,互济,01双轨历法,OPEN,0
知识,丰裕,③内太阳系,互济,02度量演进,OPEN,0
知识,丰裕,③内太阳系,互济,03技术逆向,OPEN,0
知识,丰裕,③内太阳系,互济,04中继丢包,OPEN,0
知识,丰裕,③内太阳系,互济,05档案存真,OPEN,0
知识,丰裕,③内太阳系,互济,06教学审查,OPEN,0
知识,丰裕,③内太阳系,互济,07巡天观测,OPEN,0
知识,丰裕,③内太阳系,商贸,01双轨历法,OPEN,0
知识,丰裕,③内太阳系,商贸,02度量演进,OPEN,0
知识,丰裕,③内太阳系,商贸,03技术逆向,OPEN,0
知识,丰裕,③内太阳系,商贸,04中继丢包,OPEN,0
知识,丰裕,③内太阳系,商贸,05档案存真,OPEN,0
知识,丰裕,③内太阳系,商贸,06教学审查,OPEN,0
知识,丰裕,③内太阳系,商贸,07巡天观测,OPEN,0
知识,丰裕,③内太阳系,工技,01双轨历法,OPEN,0
知识,丰裕,③内太阳系,工技,02度量演进,OPEN,0
知识,丰裕,③内太阳系,工技,03技术逆向,OPEN,0
知识,丰裕,③内太阳系,工技,04中继丢包,OPEN,0
知识,丰裕,③内太阳系,工技,05档案存真,OPEN,0
知识,丰裕,③内太阳系,工技,06教学审查,OPEN,0
知识,丰裕,③内太阳系,工技,07巡天观测,OPEN,0
知识,丰裕,③内太阳系,科医,01双轨历法,OPEN,0
知识,丰裕,③内太阳系,科医,02度量演进,OPEN,0
知识,丰裕,③内太阳系,科医,03技术逆向,OPEN,0
知识,丰裕,③内太阳系,科医,04中继丢包,OPEN,0
知识,丰裕,③内太阳系,科医,05档案存真,OPEN,0
知识,丰裕,③内太阳系,科医,06教学审查,OPEN,0
知识,丰裕,③内太阳系,科医,07巡天观测,OPEN,0
知识,丰裕,④深空,官档,01双轨历法,PART,1
知识,丰裕,④深空,官档,02度量演进,OPEN,0
知识,丰裕,④深空,官档,03技术逆向,OPEN,0
知识,丰裕,④深空,官档,04中继丢包,OPEN,0
知识,丰裕,④深空,官档,05档案存真,OPEN,0
知识,丰裕,④深空,官档,06教学审查,OPEN,0
知识,丰裕,④深空,官档,07巡天观测,OPEN,0
知识,丰裕,④深空,私档,01双轨历法,OPEN,0
知识,丰裕,④深空,私档,02度量演进,OPEN,0
知识,丰裕,④深空,私档,03技术逆向,OPEN,0
知识,丰裕,④深空,私档,04中继丢包,OPEN,0
知识,丰裕,④深空,私档,05档案存真,OPEN,0
知识,丰裕,④深空,私档,06教学审查,OPEN,0
知识,丰裕,④深空,私档,07巡天观测,OPEN,0
知识,丰裕,④深空,互济,01双轨历法,OPEN,0
知识,丰裕,④深空,互济,02度量演进,OPEN,0
知识,丰裕,④深空,互济,03技术逆向,OPEN,0
知识,丰裕,④深空,互济,04中继丢包,OPEN,0
知识,丰裕,④深空,互济,05档案存真,OPEN,0
知识,丰裕,④深空,互济,06教学审查,OPEN,0
知识,丰裕,④深空,互济,07巡天观测,OPEN,0
知识,丰裕,④深空,商贸,01双轨历法,OPEN,0
知识,丰裕,④深空,商贸,02度量演进,OPEN,0
知识,丰裕,④深空,商贸,03技术逆向,OPEN,0
知识,丰裕,④深空,商贸,04中继丢包,OPEN,0
知识,丰裕,④深空,商贸,05档案存真,OPEN,0
知识,丰裕,④深空,商贸,06教学审查,OPEN,0
知识,丰裕,④深空,商贸,07巡天观测,OPEN,0
知识,丰裕,④深空,工技,01双轨历法,OPEN,0
知识,丰裕,④深空,工技,02度量演进,OPEN,0
知识,丰裕,④深空,工技,03技术逆向,OPEN,0
知识,丰裕,④深空,工技,04中继丢包,OPEN,0
知识,丰裕,④深空,工技,05档案存真,OPEN,0
知识,丰裕,④深空,工技,06教学审查,OPEN,0
知识,丰裕,④深空,工技,07巡天观测,OPEN,0
知识,丰裕,④深空,科医,01双轨历法,OPEN,0
知识,丰裕,④深空,科医,02度量演进,OPEN,0
知识,丰裕,④深空,科医,03技术逆向,OPEN,0
知识,丰裕,④深空,科医,04中继丢包,OPEN,0
知识,丰裕,④深空,科医,05档案存真,OPEN,0
知识,丰裕,④深空,科医,06教学审查,OPEN,0
知识,丰裕,④深空,科医,07巡天观测,OPEN,0
知识,丰裕,⑤比邻星,官档,01双轨历法,PART,1
知识,丰裕,⑤比邻星,官档,02度量演进,OPEN,0
知识,丰裕,⑤比邻星,官档,03技术逆向,OPEN,0
知识,丰裕,⑤比邻星,官档,04中继丢包,OPEN,0
知识,丰裕,⑤比邻星,官档,05档案存真,OPEN,0
知识,丰裕,⑤比邻星,官档,06教学审查,OPEN,0
知识,丰裕,⑤比邻星,官档,07巡天观测,OPEN,0
知识,丰裕,⑤比邻星,私档,01双轨历法,OPEN,0
知识,丰裕,⑤比邻星,私档,02度量演进,OPEN,0
知识,丰裕,⑤比邻星,私档,03技术逆向,OPEN,0
知识,丰裕,⑤比邻星,私档,04中继丢包,OPEN,0
知识,丰裕,⑤比邻星,私档,05档案存真,OPEN,0
知识,丰裕,⑤比邻星,私档,06教学审查,OPEN,0
知识,丰裕,⑤比邻星,私档,07巡天观测,OPEN,0
知识,丰裕,⑤比邻星,互济,01双轨历法,OPEN,0
知识,丰裕,⑤比邻星,互济,02度量演进,OPEN,0
知识,丰裕,⑤比邻星,互济,03技术逆向,OPEN,0
知识,丰裕,⑤比邻星,互济,04中继丢包,OPEN,0
知识,丰裕,⑤比邻星,互济,05档案存真,OPEN,0
知识,丰裕,⑤比邻星,互济,06教学审查,OPEN,0
知识,丰裕,⑤比邻星,互济,07巡天观测,OPEN,0
知识,丰裕,⑤比邻星,商贸,01双轨历法,OPEN,0
知识,丰裕,⑤比邻星,商贸,02度量演进,OPEN,0
知识,丰裕,⑤比邻星,商贸,03技术逆向,OPEN,0
知识,丰裕,⑤比邻星,商贸,04中继丢包,OPEN,0
知识,丰裕,⑤比邻星,商贸,05档案存真,OPEN,0
知识,丰裕,⑤比邻星,商贸,06教学审查,OPEN,0
知识,丰裕,⑤比邻星,商贸,07巡天观测,OPEN,0
知识,丰裕,⑤比邻星,工技,01双轨历法,OPEN,0
知识,丰裕,⑤比邻星,工技,02度量演进,OPEN,0
知识,丰裕,⑤比邻星,工技,03技术逆向,OPEN,0
知识,丰裕,⑤比邻星,工技,04中继丢包,OPEN,0
知识,丰裕,⑤比邻星,工技,05档案存真,OPEN,0
知识,丰裕,⑤比邻星,工技,06教学审查,OPEN,0
知识,丰裕,⑤比邻星,工技,07巡天观测,OPEN,0
知识,丰裕,⑤比邻星,科医,01双轨历法,OPEN,0
知识,丰裕,⑤比邻星,科医,02度量演进,OPEN,0
知识,丰裕,⑤比邻星,科医,03技术逆向,OPEN,0
知识,丰裕,⑤比邻星,科医,04中继丢包,OPEN,0
知识,丰裕,⑤比邻星,科医,05档案存真,OPEN,0
知识,丰裕,⑤比邻星,科医,06教学审查,OPEN,0
知识,丰裕,⑤比邻星,科医,07巡天观测,OPEN,0
知识,离心,①地球,官档,01双轨历法,PART,1
知识,离心,①地球,官档,02度量演进,OPEN,0
知识,离心,①地球,官档,03技术逆向,OPEN,0
知识,离心,①地球,官档,04中继丢包,OPEN,0
知识,离心,①地球,官档,05档案存真,OPEN,0
知识,离心,①地球,官档,06教学审查,OPEN,0
知识,离心,①地球,官档,07巡天观测,OPEN,0
知识,离心,①地球,私档,01双轨历法,OPEN,0
知识,离心,①地球,私档,02度量演进,OPEN,0
知识,离心,①地球,私档,03技术逆向,OPEN,0
知识,离心,①地球,私档,04中继丢包,OPEN,0
知识,离心,①地球,私档,05档案存真,OPEN,0
知识,离心,①地球,私档,06教学审查,OPEN,0
知识,离心,①地球,私档,07巡天观测,OPEN,0
知识,离心,①地球,互济,01双轨历法,OPEN,0
知识,离心,①地球,互济,02度量演进,OPEN,0
知识,离心,①地球,互济,03技术逆向,OPEN,0
知识,离心,①地球,互济,04中继丢包,OPEN,0
知识,离心,①地球,互济,05档案存真,OPEN,0
知识,离心,①地球,互济,06教学审查,OPEN,0
知识,离心,①地球,互济,07巡天观测,OPEN,0
知识,离心,①地球,商贸,01双轨历法,OPEN,0
知识,离心,①地球,商贸,02度量演进,OPEN,0
知识,离心,①地球,商贸,03技术逆向,OPEN,0
知识,离心,①地球,商贸,04中继丢包,OPEN,0
知识,离心,①地球,商贸,05档案存真,OPEN,0
知识,离心,①地球,商贸,06教学审查,OPEN,0
知识,离心,①地球,商贸,07巡天观测,OPEN,0
知识,离心,①地球,工技,01双轨历法,OPEN,0
知识,离心,①地球,工技,02度量演进,OPEN,0
知识,离心,①地球,工技,03技术逆向,OPEN,0
知识,离心,①地球,工技,04中继丢包,OPEN,0
知识,离心,①地球,工技,05档案存真,OPEN,0
知识,离心,①地球,工技,06教学审查,OPEN,0
知识,离心,①地球,工技,07巡天观测,OPEN,0
知识,离心,①地球,科医,01双轨历法,OPEN,0
知识,离心,①地球,科医,02度量演进,OPEN,0
知识,离心,①地球,科医,03技术逆向,OPEN,0
知识,离心,①地球,科医,04中继丢包,OPEN,0
知识,离心,①地球,科医,05档案存真,OPEN,0
知识,离心,①地球,科医,06教学审查,OPEN,0
知识,离心,①地球,科医,07巡天观测,OPEN,0
知识,离心,②地月系,官档,01双轨历法,PART,1
知识,离心,②地月系,官档,02度量演进,OPEN,0
知识,离心,②地月系,官档,03技术逆向,OPEN,0
知识,离心,②地月系,官档,04中继丢包,OPEN,0
知识,离心,②地月系,官档,05档案存真,OPEN,0
知识,离心,②地月系,官档,06教学审查,OPEN,0
知识,离心,②地月系,官档,07巡天观测,OPEN,0
知识,离心,②地月系,私档,01双轨历法,OPEN,0
知识,离心,②地月系,私档,02度量演进,OPEN,0
知识,离心,②地月系,私档,03技术逆向,OPEN,0
知识,离心,②地月系,私档,04中继丢包,OPEN,0
知识,离心,②地月系,私档,05档案存真,OPEN,0
知识,离心,②地月系,私档,06教学审查,OPEN,0
知识,离心,②地月系,私档,07巡天观测,OPEN,0
知识,离心,②地月系,互济,01双轨历法,OPEN,0
知识,离心,②地月系,互济,02度量演进,OPEN,0
知识,离心,②地月系,互济,03技术逆向,OPEN,0
知识,离心,②地月系,互济,04中继丢包,OPEN,0
知识,离心,②地月系,互济,05档案存真,OPEN,0
知识,离心,②地月系,互济,06教学审查,OPEN,0
知识,离心,②地月系,互济,07巡天观测,OPEN,0
知识,离心,②地月系,商贸,01双轨历法,OPEN,0
知识,离心,②地月系,商贸,02度量演进,OPEN,0
知识,离心,②地月系,商贸,03技术逆向,OPEN,0
知识,离心,②地月系,商贸,04中继丢包,OPEN,0
知识,离心,②地月系,商贸,05档案存真,OPEN,0
知识,离心,②地月系,商贸,06教学审查,OPEN,0
知识,离心,②地月系,商贸,07巡天观测,OPEN,0
知识,离心,②地月系,工技,01双轨历法,OPEN,0
知识,离心,②地月系,工技,02度量演进,OPEN,0
知识,离心,②地月系,工技,03技术逆向,OPEN,0
知识,离心,②地月系,工技,04中继丢包,OPEN,0
知识,离心,②地月系,工技,05档案存真,OPEN,0
知识,离心,②地月系,工技,06教学审查,OPEN,0
知识,离心,②地月系,工技,07巡天观测,OPEN,0
知识,离心,②地月系,科医,01双轨历法,OPEN,0
知识,离心,②地月系,科医,02度量演进,OPEN,0
知识,离心,②地月系,科医,03技术逆向,OPEN,0
知识,离心,②地月系,科医,04中继丢包,OPEN,0
知识,离心,②地月系,科医,05档案存真,OPEN,0
知识,离心,②地月系,科医,06教学审查,OPEN,0
知识,离心,②地月系,科医,07巡天观测,OPEN,0
知识,离心,③内太阳系,官档,01双轨历法,PART,1
知识,离心,③内太阳系,官档,02度量演进,OPEN,0
知识,离心,③内太阳系,官档,03技术逆向,OPEN,0
知识,离心,③内太阳系,官档,04中继丢包,OPEN,0
知识,离心,③内太阳系,官档,05档案存真,OPEN,0
知识,离心,③内太阳系,官档,06教学审查,OPEN,0
知识,离心,③内太阳系,官档,07巡天观测,OPEN,0
知识,离心,③内太阳系,私档,01双轨历法,OPEN,0
知识,离心,③内太阳系,私档,02度量演进,OPEN,0
知识,离心,③内太阳系,私档,03技术逆向,OPEN,0
知识,离心,③内太阳系,私档,04中继丢包,OPEN,0
知识,离心,③内太阳系,私档,05档案存真,OPEN,0
知识,离心,③内太阳系,私档,06教学审查,OPEN,0
知识,离心,③内太阳系,私档,07巡天观测,OPEN,0
知识,离心,③内太阳系,互济,01双轨历法,OPEN,0
知识,离心,③内太阳系,互济,02度量演进,OPEN,0
知识,离心,③内太阳系,互济,03技术逆向,OPEN,0
知识,离心,③内太阳系,互济,04中继丢包,OPEN,0
知识,离心,③内太阳系,互济,05档案存真,OPEN,0
知识,离心,③内太阳系,互济,06教学审查,OPEN,0
知识,离心,③内太阳系,互济,07巡天观测,OPEN,0
知识,离心,③内太阳系,商贸,01双轨历法,OPEN,0
知识,离心,③内太阳系,商贸,02度量演进,OPEN,0
知识,离心,③内太阳系,商贸,03技术逆向,OPEN,0
知识,离心,③内太阳系,商贸,04中继丢包,OPEN,0
知识,离心,③内太阳系,商贸,05档案存真,OPEN,0
知识,离心,③内太阳系,商贸,06教学审查,OPEN,0
知识,离心,③内太阳系,商贸,07巡天观测,OPEN,0
知识,离心,③内太阳系,工技,01双轨历法,OPEN,0
知识,离心,③内太阳系,工技,02度量演进,OPEN,0
知识,离心,③内太阳系,工技,03技术逆向,OPEN,0
知识,离心,③内太阳系,工技,04中继丢包,OPEN,0
知识,离心,③内太阳系,工技,05档案存真,OPEN,0
知识,离心,③内太阳系,工技,06教学审查,OPEN,0
知识,离心,③内太阳系,工技,07巡天观测,OPEN,0
知识,离心,③内太阳系,科医,01双轨历法,OPEN,0
知识,离心,③内太阳系,科医,02度量演进,OPEN,0
知识,离心,③内太阳系,科医,03技术逆向,OPEN,0
知识,离心,③内太阳系,科医,04中继丢包,OPEN,0
知识,离心,③内太阳系,科医,05档案存真,OPEN,0
知识,离心,③内太阳系,科医,06教学审查,OPEN,0
知识,离心,③内太阳系,科医,07巡天观测,OPEN,0
知识,离心,④深空,官档,01双轨历法,PART,1
知识,离心,④深空,官档,02度量演进,OPEN,0
知识,离心,④深空,官档,03技术逆向,OPEN,0
知识,离心,④深空,官档,04中继丢包,OPEN,0
知识,离心,④深空,官档,05档案存真,OPEN,0
知识,离心,④深空,官档,06教学审查,OPEN,0
知识,离心,④深空,官档,07巡天观测,OPEN,0
知识,离心,④深空,私档,01双轨历法,OPEN,0
知识,离心,④深空,私档,02度量演进,OPEN,0
知识,离心,④深空,私档,03技术逆向,OPEN,0
知识,离心,④深空,私档,04中继丢包,OPEN,0
知识,离心,④深空,私档,05档案存真,OPEN,0
知识,离心,④深空,私档,06教学审查,OPEN,0
知识,离心,④深空,私档,07巡天观测,OPEN,0
知识,离心,④深空,互济,01双轨历法,OPEN,0
知识,离心,④深空,互济,02度量演进,OPEN,0
知识,离心,④深空,互济,03技术逆向,OPEN,0
知识,离心,④深空,互济,04中继丢包,OPEN,0
知识,离心,④深空,互济,05档案存真,OPEN,0
知识,离心,④深空,互济,06教学审查,OPEN,0
知识,离心,④深空,互济,07巡天观测,OPEN,0
知识,离心,④深空,商贸,01双轨历法,OPEN,0
知识,离心,④深空,商贸,02度量演进,OPEN,0
知识,离心,④深空,商贸,03技术逆向,OPEN,0
知识,离心,④深空,商贸,04中继丢包,OPEN,0
知识,离心,④深空,商贸,05档案存真,OPEN,0
知识,离心,④深空,商贸,06教学审查,OPEN,0
知识,离心,④深空,商贸,07巡天观测,OPEN,0
知识,离心,④深空,工技,01双轨历法,OPEN,0
知识,离心,④深空,工技,02度量演进,OPEN,0
知识,离心,④深空,工技,03技术逆向,OPEN,0
知识,离心,④深空,工技,04中继丢包,OPEN,0
知识,离心,④深空,工技,05档案存真,OPEN,0
知识,离心,④深空,工技,06教学审查,OPEN,0
知识,离心,④深空,工技,07巡天观测,OPEN,0
知识,离心,④深空,科医,01双轨历法,OPEN,0
知识,离心,④深空,科医,02度量演进,OPEN,0
知识,离心,④深空,科医,03技术逆向,OPEN,0
知识,离心,④深空,科医,04中继丢包,OPEN,0
知识,离心,④深空,科医,05档案存真,OPEN,0
知识,离心,④深空,科医,06教学审查,OPEN,0
知识,离心,④深空,科医,07巡天观测,OPEN,0
知识,离心,⑤比邻星,官档,01双轨历法,PART,1
知识,离心,⑤比邻星,官档,02度量演进,OPEN,0
知识,离心,⑤比邻星,官档,03技术逆向,OPEN,0
知识,离心,⑤比邻星,官档,04中继丢包,OPEN,0
知识,离心,⑤比邻星,官档,05档案存真,OPEN,0
知识,离心,⑤比邻星,官档,06教学审查,OPEN,0
知识,离心,⑤比邻星,官档,07巡天观测,OPEN,0
知识,离心,⑤比邻星,私档,01双轨历法,OPEN,0
知识,离心,⑤比邻星,私档,02度量演进,OPEN,0
知识,离心,⑤比邻星,私档,03技术逆向,OPEN,0
知识,离心,⑤比邻星,私档,04中继丢包,OPEN,0
知识,离心,⑤比邻星,私档,05档案存真,OPEN,0
知识,离心,⑤比邻星,私档,06教学审查,OPEN,0
知识,离心,⑤比邻星,私档,07巡天观测,OPEN,0
知识,离心,⑤比邻星,互济,01双轨历法,OPEN,0
知识,离心,⑤比邻星,互济,02度量演进,OPEN,0
知识,离心,⑤比邻星,互济,03技术逆向,OPEN,0
知识,离心,⑤比邻星,互济,04中继丢包,OPEN,0
知识,离心,⑤比邻星,互济,05档案存真,OPEN,0
知识,离心,⑤比邻星,互济,06教学审查,OPEN,0
知识,离心,⑤比邻星,互济,07巡天观测,OPEN,0
知识,离心,⑤比邻星,商贸,01双轨历法,OPEN,0
知识,离心,⑤比邻星,商贸,02度量演进,OPEN,0
知识,离心,⑤比邻星,商贸,03技术逆向,OPEN,0
知识,离心,⑤比邻星,商贸,04中继丢包,OPEN,0
知识,离心,⑤比邻星,商贸,05档案存真,OPEN,0
知识,离心,⑤比邻星,商贸,06教学审查,OPEN,0
知识,离心,⑤比邻星,商贸,07巡天观测,OPEN,0
知识,离心,⑤比邻星,工技,01双轨历法,OPEN,0
知识,离心,⑤比邻星,工技,02度量演进,OPEN,0
知识,离心,⑤比邻星,工技,03技术逆向,OPEN,0
知识,离心,⑤比邻星,工技,04中继丢包,OPEN,0
知识,离心,⑤比邻星,工技,05档案存真,OPEN,0
知识,离心,⑤比邻星,工技,06教学审查,OPEN,0
知识,离心,⑤比邻星,工技,07巡天观测,OPEN,0
知识,离心,⑤比邻星,科医,01双轨历法,OPEN,0
知识,离心,⑤比邻星,科医,02度量演进,OPEN,0
知识,离心,⑤比邻星,科医,03技术逆向,OPEN,0
知识,离心,⑤比邻星,科医,04中继丢包,OPEN,0
知识,离心,⑤比邻星,科医,05档案存真,OPEN,0
知识,离心,⑤比邻星,科医,06教学审查,OPEN,0
知识,离心,⑤比邻星,科医,07巡天观测,OPEN,0
知识,启航,①地球,官档,01双轨历法,PART,1
知识,启航,①地球,官档,02度量演进,OPEN,0
知识,启航,①地球,官档,03技术逆向,OPEN,0
知识,启航,①地球,官档,04中继丢包,OPEN,0
知识,启航,①地球,官档,05档案存真,OPEN,0
知识,启航,①地球,官档,06教学审查,OPEN,0
知识,启航,①地球,官档,07巡天观测,OPEN,0
知识,启航,①地球,私档,01双轨历法,OPEN,0
知识,启航,①地球,私档,02度量演进,OPEN,0
知识,启航,①地球,私档,03技术逆向,OPEN,0
知识,启航,①地球,私档,04中继丢包,OPEN,0
知识,启航,①地球,私档,05档案存真,OPEN,0
知识,启航,①地球,私档,06教学审查,OPEN,0
知识,启航,①地球,私档,07巡天观测,OPEN,0
知识,启航,①地球,互济,01双轨历法,OPEN,0
知识,启航,①地球,互济,02度量演进,OPEN,0
知识,启航,①地球,互济,03技术逆向,OPEN,0
知识,启航,①地球,互济,04中继丢包,OPEN,0
知识,启航,①地球,互济,05档案存真,OPEN,0
知识,启航,①地球,互济,06教学审查,OPEN,0
知识,启航,①地球,互济,07巡天观测,OPEN,0
知识,启航,①地球,商贸,01双轨历法,OPEN,0
知识,启航,①地球,商贸,02度量演进,OPEN,0
知识,启航,①地球,商贸,03技术逆向,OPEN,0
知识,启航,①地球,商贸,04中继丢包,OPEN,0
知识,启航,①地球,商贸,05档案存真,OPEN,0
知识,启航,①地球,商贸,06教学审查,OPEN,0
知识,启航,①地球,商贸,07巡天观测,OPEN,0
知识,启航,①地球,工技,01双轨历法,OPEN,0
知识,启航,①地球,工技,02度量演进,OPEN,0
知识,启航,①地球,工技,03技术逆向,OPEN,0
知识,启航,①地球,工技,04中继丢包,OPEN,0
知识,启航,①地球,工技,05档案存真,OPEN,0
知识,启航,①地球,工技,06教学审查,OPEN,0
知识,启航,①地球,工技,07巡天观测,OPEN,0
知识,启航,①地球,科医,01双轨历法,OPEN,0
知识,启航,①地球,科医,02度量演进,OPEN,0
知识,启航,①地球,科医,03技术逆向,OPEN,0
知识,启航,①地球,科医,04中继丢包,OPEN,0
知识,启航,①地球,科医,05档案存真,OPEN,0
知识,启航,①地球,科医,06教学审查,OPEN,0
知识,启航,①地球,科医,07巡天观测,OPEN,0
知识,启航,②地月系,官档,01双轨历法,PART,1
知识,启航,②地月系,官档,02度量演进,OPEN,0
知识,启航,②地月系,官档,03技术逆向,OPEN,0
知识,启航,②地月系,官档,04中继丢包,OPEN,0
知识,启航,②地月系,官档,05档案存真,OPEN,0
知识,启航,②地月系,官档,06教学审查,OPEN,0
知识,启航,②地月系,官档,07巡天观测,OPEN,0
知识,启航,②地月系,私档,01双轨历法,OPEN,0
知识,启航,②地月系,私档,02度量演进,OPEN,0
知识,启航,②地月系,私档,03技术逆向,OPEN,0
知识,启航,②地月系,私档,04中继丢包,OPEN,0
知识,启航,②地月系,私档,05档案存真,OPEN,0
知识,启航,②地月系,私档,06教学审查,OPEN,0
知识,启航,②地月系,私档,07巡天观测,OPEN,0
知识,启航,②地月系,互济,01双轨历法,OPEN,0
知识,启航,②地月系,互济,02度量演进,OPEN,0
知识,启航,②地月系,互济,03技术逆向,OPEN,0
知识,启航,②地月系,互济,04中继丢包,OPEN,0
知识,启航,②地月系,互济,05档案存真,OPEN,0
知识,启航,②地月系,互济,06教学审查,OPEN,0
知识,启航,②地月系,互济,07巡天观测,OPEN,0
知识,启航,②地月系,商贸,01双轨历法,OPEN,0
知识,启航,②地月系,商贸,02度量演进,OPEN,0
知识,启航,②地月系,商贸,03技术逆向,OPEN,0
知识,启航,②地月系,商贸,04中继丢包,OPEN,0
知识,启航,②地月系,商贸,05档案存真,OPEN,0
知识,启航,②地月系,商贸,06教学审查,OPEN,0
知识,启航,②地月系,商贸,07巡天观测,OPEN,0
知识,启航,②地月系,工技,01双轨历法,OPEN,0
知识,启航,②地月系,工技,02度量演进,OPEN,0
知识,启航,②地月系,工技,03技术逆向,OPEN,0
知识,启航,②地月系,工技,04中继丢包,OPEN,0
知识,启航,②地月系,工技,05档案存真,OPEN,0
知识,启航,②地月系,工技,06教学审查,OPEN,0
知识,启航,②地月系,工技,07巡天观测,OPEN,0
知识,启航,②地月系,科医,01双轨历法,OPEN,0
知识,启航,②地月系,科医,02度量演进,OPEN,0
知识,启航,②地月系,科医,03技术逆向,OPEN,0
知识,启航,②地月系,科医,04中继丢包,OPEN,0
知识,启航,②地月系,科医,05档案存真,OPEN,0
知识,启航,②地月系,科医,06教学审查,OPEN,0
知识,启航,②地月系,科医,07巡天观测,OPEN,0
知识,启航,③内太阳系,官档,01双轨历法,PART,1
知识,启航,③内太阳系,官档,02度量演进,OPEN,0
知识,启航,③内太阳系,官档,03技术逆向,OPEN,0
知识,启航,③内太阳系,官档,04中继丢包,OPEN,0
知识,启航,③内太阳系,官档,05档案存真,OPEN,0
知识,启航,③内太阳系,官档,06教学审查,OPEN,0
知识,启航,③内太阳系,官档,07巡天观测,OPEN,0
知识,启航,③内太阳系,私档,01双轨历法,OPEN,0
知识,启航,③内太阳系,私档,02度量演进,OPEN,0
知识,启航,③内太阳系,私档,03技术逆向,OPEN,0
知识,启航,③内太阳系,私档,04中继丢包,OPEN,0
知识,启航,③内太阳系,私档,05档案存真,OPEN,0
知识,启航,③内太阳系,私档,06教学审查,OPEN,0
知识,启航,③内太阳系,私档,07巡天观测,OPEN,0
知识,启航,③内太阳系,互济,01双轨历法,OPEN,0
知识,启航,③内太阳系,互济,02度量演进,OPEN,0
知识,启航,③内太阳系,互济,03技术逆向,OPEN,0
知识,启航,③内太阳系,互济,04中继丢包,OPEN,0
知识,启航,③内太阳系,互济,05档案存真,OPEN,0
知识,启航,③内太阳系,互济,06教学审查,OPEN,0
知识,启航,③内太阳系,互济,07巡天观测,OPEN,0
知识,启航,③内太阳系,商贸,01双轨历法,OPEN,0
知识,启航,③内太阳系,商贸,02度量演进,OPEN,0
知识,启航,③内太阳系,商贸,03技术逆向,OPEN,0
知识,启航,③内太阳系,商贸,04中继丢包,OPEN,0
知识,启航,③内太阳系,商贸,05档案存真,OPEN,0
知识,启航,③内太阳系,商贸,06教学审查,OPEN,0
知识,启航,③内太阳系,商贸,07巡天观测,OPEN,0
知识,启航,③内太阳系,工技,01双轨历法,OPEN,0
知识,启航,③内太阳系,工技,02度量演进,OPEN,0
知识,启航,③内太阳系,工技,03技术逆向,OPEN,0
知识,启航,③内太阳系,工技,04中继丢包,OPEN,0
知识,启航,③内太阳系,工技,05档案存真,OPEN,0
知识,启航,③内太阳系,工技,06教学审查,OPEN,0
知识,启航,③内太阳系,工技,07巡天观测,OPEN,0
知识,启航,③内太阳系,科医,01双轨历法,OPEN,0
知识,启航,③内太阳系,科医,02度量演进,OPEN,0
知识,启航,③内太阳系,科医,03技术逆向,OPEN,0
知识,启航,③内太阳系,科医,04中继丢包,OPEN,0
知识,启航,③内太阳系,科医,05档案存真,OPEN,0
知识,启航,③内太阳系,科医,06教学审查,OPEN,0
知识,启航,③内太阳系,科医,07巡天观测,OPEN,0
知识,启航,④深空,官档,01双轨历法,PART,1
知识,启航,④深空,官档,02度量演进,OPEN,0
知识,启航,④深空,官档,03技术逆向,OPEN,0
知识,启航,④深空,官档,04中继丢包,OPEN,0
知识,启航,④深空,官档,05档案存真,OPEN,0
知识,启航,④深空,官档,06教学审查,OPEN,0
知识,启航,④深空,官档,07巡天观测,OPEN,0
知识,启航,④深空,私档,01双轨历法,OPEN,0
知识,启航,④深空,私档,02度量演进,OPEN,0
知识,启航,④深空,私档,03技术逆向,OPEN,0
知识,启航,④深空,私档,04中继丢包,OPEN,0
知识,启航,④深空,私档,05档案存真,OPEN,0
知识,启航,④深空,私档,06教学审查,OPEN,0
知识,启航,④深空,私档,07巡天观测,OPEN,0
知识,启航,④深空,互济,01双轨历法,OPEN,0
知识,启航,④深空,互济,02度量演进,OPEN,0
知识,启航,④深空,互济,03技术逆向,OPEN,0
知识,启航,④深空,互济,04中继丢包,OPEN,0
知识,启航,④深空,互济,05档案存真,OPEN,0
知识,启航,④深空,互济,06教学审查,OPEN,0
知识,启航,④深空,互济,07巡天观测,OPEN,0
知识,启航,④深空,商贸,01双轨历法,OPEN,0
知识,启航,④深空,商贸,02度量演进,OPEN,0
知识,启航,④深空,商贸,03技术逆向,OPEN,0
知识,启航,④深空,商贸,04中继丢包,OPEN,0
知识,启航,④深空,商贸,05档案存真,OPEN,0
知识,启航,④深空,商贸,06教学审查,OPEN,0
知识,启航,④深空,商贸,07巡天观测,OPEN,0
知识,启航,④深空,工技,01双轨历法,OPEN,0
知识,启航,④深空,工技,02度量演进,OPEN,0
知识,启航,④深空,工技,03技术逆向,OPEN,0
知识,启航,④深空,工技,04中继丢包,OPEN,0
知识,启航,④深空,工技,05档案存真,OPEN,0
知识,启航,④深空,工技,06教学审查,OPEN,0
知识,启航,④深空,工技,07巡天观测,OPEN,0
知识,启航,④深空,科医,01双轨历法,OPEN,0
知识,启航,④深空,科医,02度量演进,OPEN,0
知识,启航,④深空,科医,03技术逆向,OPEN,0
知识,启航,④深空,科医,04中继丢包,OPEN,0
知识,启航,④深空,科医,05档案存真,OPEN,0
知识,启航,④深空,科医,06教学审查,OPEN,0
知识,启航,④深空,科医,07巡天观测,OPEN,0
知识,启航,⑤比邻星,官档,01双轨历法,PART,1
知识,启航,⑤比邻星,官档,02度量演进,OPEN,0
知识,启航,⑤比邻星,官档,03技术逆向,OPEN,0
知识,启航,⑤比邻星,官档,04中继丢包,OPEN,0
知识,启航,⑤比邻星,官档,05档案存真,OPEN,0
知识,启航,⑤比邻星,官档,06教学审查,OPEN,0
知识,启航,⑤比邻星,官档,07巡天观测,OPEN,0
知识,启航,⑤比邻星,私档,01双轨历法,OPEN,0
知识,启航,⑤比邻星,私档,02度量演进,OPEN,0
知识,启航,⑤比邻星,私档,03技术逆向,OPEN,0
知识,启航,⑤比邻星,私档,04中继丢包,OPEN,0
知识,启航,⑤比邻星,私档,05档案存真,OPEN,0
知识,启航,⑤比邻星,私档,06教学审查,OPEN,0
知识,启航,⑤比邻星,私档,07巡天观测,OPEN,0
知识,启航,⑤比邻星,互济,01双轨历法,OPEN,0
知识,启航,⑤比邻星,互济,02度量演进,OPEN,0
知识,启航,⑤比邻星,互济,03技术逆向,OPEN,0
知识,启航,⑤比邻星,互济,04中继丢包,OPEN,0
知识,启航,⑤比邻星,互济,05档案存真,OPEN,0
知识,启航,⑤比邻星,互济,06教学审查,OPEN,0
知识,启航,⑤比邻星,互济,07巡天观测,OPEN,0
知识,启航,⑤比邻星,商贸,01双轨历法,OPEN,0
知识,启航,⑤比邻星,商贸,02度量演进,OPEN,0
知识,启航,⑤比邻星,商贸,03技术逆向,OPEN,0
知识,启航,⑤比邻星,商贸,04中继丢包,OPEN,0
知识,启航,⑤比邻星,商贸,05档案存真,OPEN,0
知识,启航,⑤比邻星,商贸,06教学审查,OPEN,0
知识,启航,⑤比邻星,商贸,07巡天观测,OPEN,0
知识,启航,⑤比邻星,工技,01双轨历法,OPEN,0
知识,启航,⑤比邻星,工技,02度量演进,OPEN,0
知识,启航,⑤比邻星,工技,03技术逆向,OPEN,0
知识,启航,⑤比邻星,工技,04中继丢包,OPEN,0
知识,启航,⑤比邻星,工技,05档案存真,OPEN,0
知识,启航,⑤比邻星,工技,06教学审查,OPEN,0
知识,启航,⑤比邻星,工技,07巡天观测,OPEN,0
知识,启航,⑤比邻星,科医,01双轨历法,OPEN,0
知识,启航,⑤比邻星,科医,02度量演进,OPEN,0
知识,启航,⑤比邻星,科医,03技术逆向,OPEN,0
知识,启航,⑤比邻星,科医,04中继丢包,OPEN,0
知识,启航,⑤比邻星,科医,05档案存真,OPEN,0
知识,启航,⑤比邻星,科医,06教学审查,OPEN,0
知识,启航,⑤比邻星,科医,07巡天观测,OPEN,0
知识,落地,①地球,官档,01双轨历法,PART,1
知识,落地,①地球,官档,02度量演进,OPEN,0
知识,落地,①地球,官档,03技术逆向,OPEN,0
知识,落地,①地球,官档,04中继丢包,OPEN,0
知识,落地,①地球,官档,05档案存真,OPEN,0
知识,落地,①地球,官档,06教学审查,OPEN,0
知识,落地,①地球,官档,07巡天观测,OPEN,0
知识,落地,①地球,私档,01双轨历法,OPEN,0
知识,落地,①地球,私档,02度量演进,OPEN,0
知识,落地,①地球,私档,03技术逆向,OPEN,0
知识,落地,①地球,私档,04中继丢包,OPEN,0
知识,落地,①地球,私档,05档案存真,OPEN,0
知识,落地,①地球,私档,06教学审查,OPEN,0
知识,落地,①地球,私档,07巡天观测,OPEN,0
知识,落地,①地球,互济,01双轨历法,OPEN,0
知识,落地,①地球,互济,02度量演进,OPEN,0
知识,落地,①地球,互济,03技术逆向,OPEN,0
知识,落地,①地球,互济,04中继丢包,OPEN,0
知识,落地,①地球,互济,05档案存真,OPEN,0
知识,落地,①地球,互济,06教学审查,OPEN,0
知识,落地,①地球,互济,07巡天观测,OPEN,0
知识,落地,①地球,商贸,01双轨历法,OPEN,0
知识,落地,①地球,商贸,02度量演进,OPEN,0
知识,落地,①地球,商贸,03技术逆向,OPEN,0
知识,落地,①地球,商贸,04中继丢包,OPEN,0
知识,落地,①地球,商贸,05档案存真,OPEN,0
知识,落地,①地球,商贸,06教学审查,OPEN,0
知识,落地,①地球,商贸,07巡天观测,OPEN,0
知识,落地,①地球,工技,01双轨历法,OPEN,0
知识,落地,①地球,工技,02度量演进,OPEN,0
知识,落地,①地球,工技,03技术逆向,OPEN,0
知识,落地,①地球,工技,04中继丢包,OPEN,0
知识,落地,①地球,工技,05档案存真,OPEN,0
知识,落地,①地球,工技,06教学审查,OPEN,0
知识,落地,①地球,工技,07巡天观测,OPEN,0
知识,落地,①地球,科医,01双轨历法,OPEN,0
知识,落地,①地球,科医,02度量演进,OPEN,0
知识,落地,①地球,科医,03技术逆向,OPEN,0
知识,落地,①地球,科医,04中继丢包,OPEN,0
知识,落地,①地球,科医,05档案存真,OPEN,0
知识,落地,①地球,科医,06教学审查,OPEN,0
知识,落地,①地球,科医,07巡天观测,OPEN,0
知识,落地,②地月系,官档,01双轨历法,PART,1
知识,落地,②地月系,官档,02度量演进,OPEN,0
知识,落地,②地月系,官档,03技术逆向,OPEN,0
知识,落地,②地月系,官档,04中继丢包,OPEN,0
知识,落地,②地月系,官档,05档案存真,OPEN,0
知识,落地,②地月系,官档,06教学审查,OPEN,0
知识,落地,②地月系,官档,07巡天观测,OPEN,0
知识,落地,②地月系,私档,01双轨历法,OPEN,0
知识,落地,②地月系,私档,02度量演进,OPEN,0
知识,落地,②地月系,私档,03技术逆向,OPEN,0
知识,落地,②地月系,私档,04中继丢包,OPEN,0
知识,落地,②地月系,私档,05档案存真,OPEN,0
知识,落地,②地月系,私档,06教学审查,OPEN,0
知识,落地,②地月系,私档,07巡天观测,OPEN,0
知识,落地,②地月系,互济,01双轨历法,OPEN,0
知识,落地,②地月系,互济,02度量演进,OPEN,0
知识,落地,②地月系,互济,03技术逆向,OPEN,0
知识,落地,②地月系,互济,04中继丢包,OPEN,0
知识,落地,②地月系,互济,05档案存真,OPEN,0
知识,落地,②地月系,互济,06教学审查,OPEN,0
知识,落地,②地月系,互济,07巡天观测,OPEN,0
知识,落地,②地月系,商贸,01双轨历法,OPEN,0
知识,落地,②地月系,商贸,02度量演进,OPEN,0
知识,落地,②地月系,商贸,03技术逆向,OPEN,0
知识,落地,②地月系,商贸,04中继丢包,OPEN,0
知识,落地,②地月系,商贸,05档案存真,OPEN,0
知识,落地,②地月系,商贸,06教学审查,OPEN,0
知识,落地,②地月系,商贸,07巡天观测,OPEN,0
知识,落地,②地月系,工技,01双轨历法,OPEN,0
知识,落地,②地月系,工技,02度量演进,OPEN,0
知识,落地,②地月系,工技,03技术逆向,OPEN,0
知识,落地,②地月系,工技,04中继丢包,OPEN,0
知识,落地,②地月系,工技,05档案存真,OPEN,0
知识,落地,②地月系,工技,06教学审查,OPEN,0
知识,落地,②地月系,工技,07巡天观测,OPEN,0
知识,落地,②地月系,科医,01双轨历法,OPEN,0
知识,落地,②地月系,科医,02度量演进,OPEN,0
知识,落地,②地月系,科医,03技术逆向,OPEN,0
知识,落地,②地月系,科医,04中继丢包,OPEN,0
知识,落地,②地月系,科医,05档案存真,OPEN,0
知识,落地,②地月系,科医,06教学审查,OPEN,0
知识,落地,②地月系,科医,07巡天观测,OPEN,0
知识,落地,③内太阳系,官档,01双轨历法,PART,1
知识,落地,③内太阳系,官档,02度量演进,OPEN,0
知识,落地,③内太阳系,官档,03技术逆向,OPEN,0
知识,落地,③内太阳系,官档,04中继丢包,OPEN,0
知识,落地,③内太阳系,官档,05档案存真,OPEN,0
知识,落地,③内太阳系,官档,06教学审查,OPEN,0
知识,落地,③内太阳系,官档,07巡天观测,OPEN,0
知识,落地,③内太阳系,私档,01双轨历法,OPEN,0
知识,落地,③内太阳系,私档,02度量演进,OPEN,0
知识,落地,③内太阳系,私档,03技术逆向,OPEN,0
知识,落地,③内太阳系,私档,04中继丢包,OPEN,0
知识,落地,③内太阳系,私档,05档案存真,OPEN,0
知识,落地,③内太阳系,私档,06教学审查,OPEN,0
知识,落地,③内太阳系,私档,07巡天观测,OPEN,0
知识,落地,③内太阳系,互济,01双轨历法,OPEN,0
知识,落地,③内太阳系,互济,02度量演进,OPEN,0
知识,落地,③内太阳系,互济,03技术逆向,OPEN,0
知识,落地,③内太阳系,互济,04中继丢包,OPEN,0
知识,落地,③内太阳系,互济,05档案存真,OPEN,0
知识,落地,③内太阳系,互济,06教学审查,OPEN,0
知识,落地,③内太阳系,互济,07巡天观测,OPEN,0
知识,落地,③内太阳系,商贸,01双轨历法,OPEN,0
知识,落地,③内太阳系,商贸,02度量演进,OPEN,0
知识,落地,③内太阳系,商贸,03技术逆向,OPEN,0
知识,落地,③内太阳系,商贸,04中继丢包,OPEN,0
知识,落地,③内太阳系,商贸,05档案存真,OPEN,0
知识,落地,③内太阳系,商贸,06教学审查,OPEN,0
知识,落地,③内太阳系,商贸,07巡天观测,OPEN,0
知识,落地,③内太阳系,工技,01双轨历法,OPEN,0
知识,落地,③内太阳系,工技,02度量演进,OPEN,0
知识,落地,③内太阳系,工技,03技术逆向,OPEN,0
知识,落地,③内太阳系,工技,04中继丢包,OPEN,0
知识,落地,③内太阳系,工技,05档案存真,OPEN,0
知识,落地,③内太阳系,工技,06教学审查,OPEN,0
知识,落地,③内太阳系,工技,07巡天观测,OPEN,0
知识,落地,③内太阳系,科医,01双轨历法,OPEN,0
知识,落地,③内太阳系,科医,02度量演进,OPEN,0
知识,落地,③内太阳系,科医,03技术逆向,OPEN,0
知识,落地,③内太阳系,科医,04中继丢包,OPEN,0
知识,落地,③内太阳系,科医,05档案存真,OPEN,0
知识,落地,③内太阳系,科医,06教学审查,OPEN,0
知识,落地,③内太阳系,科医,07巡天观测,OPEN,0
知识,落地,④深空,官档,01双轨历法,PART,1
知识,落地,④深空,官档,02度量演进,OPEN,0
知识,落地,④深空,官档,03技术逆向,OPEN,0
知识,落地,④深空,官档,04中继丢包,OPEN,0
知识,落地,④深空,官档,05档案存真,OPEN,0
知识,落地,④深空,官档,06教学审查,OPEN,0
知识,落地,④深空,官档,07巡天观测,OPEN,0
知识,落地,④深空,私档,01双轨历法,OPEN,0
知识,落地,④深空,私档,02度量演进,OPEN,0
知识,落地,④深空,私档,03技术逆向,OPEN,0
知识,落地,④深空,私档,04中继丢包,OPEN,0
知识,落地,④深空,私档,05档案存真,OPEN,0
知识,落地,④深空,私档,06教学审查,OPEN,0
知识,落地,④深空,私档,07巡天观测,OPEN,0
知识,落地,④深空,互济,01双轨历法,OPEN,0
知识,落地,④深空,互济,02度量演进,OPEN,0
知识,落地,④深空,互济,03技术逆向,OPEN,0
知识,落地,④深空,互济,04中继丢包,OPEN,0
知识,落地,④深空,互济,05档案存真,OPEN,0
知识,落地,④深空,互济,06教学审查,OPEN,0
知识,落地,④深空,互济,07巡天观测,OPEN,0
知识,落地,④深空,商贸,01双轨历法,OPEN,0
知识,落地,④深空,商贸,02度量演进,OPEN,0
知识,落地,④深空,商贸,03技术逆向,OPEN,0
知识,落地,④深空,商贸,04中继丢包,OPEN,0
知识,落地,④深空,商贸,05档案存真,OPEN,0
知识,落地,④深空,商贸,06教学审查,OPEN,0
知识,落地,④深空,商贸,07巡天观测,OPEN,0
知识,落地,④深空,工技,01双轨历法,OPEN,0
知识,落地,④深空,工技,02度量演进,OPEN,0
知识,落地,④深空,工技,03技术逆向,OPEN,0
知识,落地,④深空,工技,04中继丢包,OPEN,0
知识,落地,④深空,工技,05档案存真,OPEN,0
知识,落地,④深空,工技,06教学审查,OPEN,0
知识,落地,④深空,工技,07巡天观测,OPEN,0
知识,落地,④深空,科医,01双轨历法,OPEN,0
知识,落地,④深空,科医,02度量演进,OPEN,0
知识,落地,④深空,科医,03技术逆向,OPEN,0
知识,落地,④深空,科医,04中继丢包,OPEN,0
知识,落地,④深空,科医,05档案存真,OPEN,0
知识,落地,④深空,科医,06教学审查,OPEN,0
知识,落地,④深空,科医,07巡天观测,OPEN,0
知识,落地,⑤比邻星,官档,01双轨历法,PART,2
知识,落地,⑤比邻星,官档,02度量演进,OPEN,0
知识,落地,⑤比邻星,官档,03技术逆向,OPEN,0
知识,落地,⑤比邻星,官档,04中继丢包,OPEN,0
知识,落地,⑤比邻星,官档,05档案存真,OPEN,0
知识,落地,⑤比邻星,官档,06教学审查,OPEN,0
知识,落地,⑤比邻星,官档,07巡天观测,OPEN,0
知识,落地,⑤比邻星,私档,01双轨历法,OPEN,0
知识,落地,⑤比邻星,私档,02度量演进,OPEN,0
知识,落地,⑤比邻星,私档,03技术逆向,OPEN,0
知识,落地,⑤比邻星,私档,04中继丢包,OPEN,0
知识,落地,⑤比邻星,私档,05档案存真,OPEN,0
知识,落地,⑤比邻星,私档,06教学审查,OPEN,0
知识,落地,⑤比邻星,私档,07巡天观测,OPEN,0
知识,落地,⑤比邻星,互济,01双轨历法,OPEN,0
知识,落地,⑤比邻星,互济,02度量演进,OPEN,0
知识,落地,⑤比邻星,互济,03技术逆向,OPEN,0
知识,落地,⑤比邻星,互济,04中继丢包,OPEN,0
知识,落地,⑤比邻星,互济,05档案存真,OPEN,0
知识,落地,⑤比邻星,互济,06教学审查,OPEN,0
知识,落地,⑤比邻星,互济,07巡天观测,OPEN,0
知识,落地,⑤比邻星,商贸,01双轨历法,OPEN,0
知识,落地,⑤比邻星,商贸,02度量演进,OPEN,0
知识,落地,⑤比邻星,商贸,03技术逆向,OPEN,0
知识,落地,⑤比邻星,商贸,04中继丢包,OPEN,0
知识,落地,⑤比邻星,商贸,05档案存真,OPEN,0
知识,落地,⑤比邻星,商贸,06教学审查,OPEN,0
知识,落地,⑤比邻星,商贸,07巡天观测,OPEN,0
知识,落地,⑤比邻星,工技,01双轨历法,OPEN,0
知识,落地,⑤比邻星,工技,02度量演进,OPEN,0
知识,落地,⑤比邻星,工技,03技术逆向,OPEN,0
知识,落地,⑤比邻星,工技,04中继丢包,OPEN,0
知识,落地,⑤比邻星,工技,05档案存真,OPEN,0
知识,落地,⑤比邻星,工技,06教学审查,OPEN,0
知识,落地,⑤比邻星,工技,07巡天观测,OPEN,0
知识,落地,⑤比邻星,科医,01双轨历法,OPEN,0
知识,落地,⑤比邻星,科医,02度量演进,OPEN,0
知识,落地,⑤比邻星,科医,03技术逆向,OPEN,0
知识,落地,⑤比邻星,科医,04中继丢包,OPEN,0
知识,落地,⑤比邻星,科医,05档案存真,OPEN,0
知识,落地,⑤比邻星,科医,06教学审查,OPEN,0
知识,落地,⑤比邻星,科医,07巡天观测,OPEN,0
知识,双星系,①地球,官档,01双轨历法,PART,1
知识,双星系,①地球,官档,02度量演进,OPEN,0
知识,双星系,①地球,官档,03技术逆向,OPEN,0
知识,双星系,①地球,官档,04中继丢包,OPEN,0
知识,双星系,①地球,官档,05档案存真,OPEN,0
知识,双星系,①地球,官档,06教学审查,OPEN,0
知识,双星系,①地球,官档,07巡天观测,OPEN,0
知识,双星系,①地球,私档,01双轨历法,OPEN,0
知识,双星系,①地球,私档,02度量演进,OPEN,0
知识,双星系,①地球,私档,03技术逆向,OPEN,0
知识,双星系,①地球,私档,04中继丢包,OPEN,0
知识,双星系,①地球,私档,05档案存真,OPEN,0
知识,双星系,①地球,私档,06教学审查,OPEN,0
知识,双星系,①地球,私档,07巡天观测,OPEN,0
知识,双星系,①地球,互济,01双轨历法,OPEN,0
知识,双星系,①地球,互济,02度量演进,OPEN,0
知识,双星系,①地球,互济,03技术逆向,OPEN,0
知识,双星系,①地球,互济,04中继丢包,OPEN,0
知识,双星系,①地球,互济,05档案存真,OPEN,0
知识,双星系,①地球,互济,06教学审查,OPEN,0
知识,双星系,①地球,互济,07巡天观测,OPEN,0
知识,双星系,①地球,商贸,01双轨历法,OPEN,0
知识,双星系,①地球,商贸,02度量演进,OPEN,0
知识,双星系,①地球,商贸,03技术逆向,OPEN,0
知识,双星系,①地球,商贸,04中继丢包,OPEN,0
知识,双星系,①地球,商贸,05档案存真,OPEN,0
知识,双星系,①地球,商贸,06教学审查,OPEN,0
知识,双星系,①地球,商贸,07巡天观测,OPEN,0
知识,双星系,①地球,工技,01双轨历法,OPEN,0
知识,双星系,①地球,工技,02度量演进,OPEN,0
知识,双星系,①地球,工技,03技术逆向,OPEN,0
知识,双星系,①地球,工技,04中继丢包,OPEN,0
知识,双星系,①地球,工技,05档案存真,OPEN,0
知识,双星系,①地球,工技,06教学审查,OPEN,0
知识,双星系,①地球,工技,07巡天观测,OPEN,0
知识,双星系,①地球,科医,01双轨历法,OPEN,0
知识,双星系,①地球,科医,02度量演进,OPEN,0
知识,双星系,①地球,科医,03技术逆向,OPEN,0
知识,双星系,①地球,科医,04中继丢包,OPEN,0
知识,双星系,①地球,科医,05档案存真,OPEN,0
知识,双星系,①地球,科医,06教学审查,OPEN,0
知识,双星系,①地球,科医,07巡天观测,OPEN,0
知识,双星系,②地月系,官档,01双轨历法,PART,1
知识,双星系,②地月系,官档,02度量演进,OPEN,0
知识,双星系,②地月系,官档,03技术逆向,OPEN,0
知识,双星系,②地月系,官档,04中继丢包,OPEN,0
知识,双星系,②地月系,官档,05档案存真,OPEN,0
知识,双星系,②地月系,官档,06教学审查,OPEN,0
知识,双星系,②地月系,官档,07巡天观测,OPEN,0
知识,双星系,②地月系,私档,01双轨历法,OPEN,0
知识,双星系,②地月系,私档,02度量演进,OPEN,0
知识,双星系,②地月系,私档,03技术逆向,OPEN,0
知识,双星系,②地月系,私档,04中继丢包,OPEN,0
知识,双星系,②地月系,私档,05档案存真,OPEN,0
知识,双星系,②地月系,私档,06教学审查,OPEN,0
知识,双星系,②地月系,私档,07巡天观测,OPEN,0
知识,双星系,②地月系,互济,01双轨历法,OPEN,0
知识,双星系,②地月系,互济,02度量演进,OPEN,0
知识,双星系,②地月系,互济,03技术逆向,OPEN,0
知识,双星系,②地月系,互济,04中继丢包,OPEN,0
知识,双星系,②地月系,互济,05档案存真,OPEN,0
知识,双星系,②地月系,互济,06教学审查,OPEN,0
知识,双星系,②地月系,互济,07巡天观测,OPEN,0
知识,双星系,②地月系,商贸,01双轨历法,OPEN,0
知识,双星系,②地月系,商贸,02度量演进,OPEN,0
知识,双星系,②地月系,商贸,03技术逆向,OPEN,0
知识,双星系,②地月系,商贸,04中继丢包,OPEN,0
知识,双星系,②地月系,商贸,05档案存真,OPEN,0
知识,双星系,②地月系,商贸,06教学审查,OPEN,0
知识,双星系,②地月系,商贸,07巡天观测,OPEN,0
知识,双星系,②地月系,工技,01双轨历法,OPEN,0
知识,双星系,②地月系,工技,02度量演进,OPEN,0
知识,双星系,②地月系,工技,03技术逆向,OPEN,0
知识,双星系,②地月系,工技,04中继丢包,OPEN,0
知识,双星系,②地月系,工技,05档案存真,OPEN,0
知识,双星系,②地月系,工技,06教学审查,OPEN,0
知识,双星系,②地月系,工技,07巡天观测,OPEN,0
知识,双星系,②地月系,科医,01双轨历法,OPEN,0
知识,双星系,②地月系,科医,02度量演进,OPEN,0
知识,双星系,②地月系,科医,03技术逆向,OPEN,0
知识,双星系,②地月系,科医,04中继丢包,OPEN,0
知识,双星系,②地月系,科医,05档案存真,OPEN,0
知识,双星系,②地月系,科医,06教学审查,OPEN,0
知识,双星系,②地月系,科医,07巡天观测,OPEN,0
知识,双星系,③内太阳系,官档,01双轨历法,PART,1
知识,双星系,③内太阳系,官档,02度量演进,OPEN,0
知识,双星系,③内太阳系,官档,03技术逆向,OPEN,0
知识,双星系,③内太阳系,官档,04中继丢包,OPEN,0
知识,双星系,③内太阳系,官档,05档案存真,OPEN,0
知识,双星系,③内太阳系,官档,06教学审查,OPEN,0
知识,双星系,③内太阳系,官档,07巡天观测,OPEN,0
知识,双星系,③内太阳系,私档,01双轨历法,OPEN,0
知识,双星系,③内太阳系,私档,02度量演进,OPEN,0
知识,双星系,③内太阳系,私档,03技术逆向,OPEN,0
知识,双星系,③内太阳系,私档,04中继丢包,OPEN,0
知识,双星系,③内太阳系,私档,05档案存真,OPEN,0
知识,双星系,③内太阳系,私档,06教学审查,OPEN,0
知识,双星系,③内太阳系,私档,07巡天观测,OPEN,0
知识,双星系,③内太阳系,互济,01双轨历法,OPEN,0
知识,双星系,③内太阳系,互济,02度量演进,OPEN,0
知识,双星系,③内太阳系,互济,03技术逆向,OPEN,0
知识,双星系,③内太阳系,互济,04中继丢包,OPEN,0
知识,双星系,③内太阳系,互济,05档案存真,OPEN,0
知识,双星系,③内太阳系,互济,06教学审查,OPEN,0
知识,双星系,③内太阳系,互济,07巡天观测,OPEN,0
知识,双星系,③内太阳系,商贸,01双轨历法,OPEN,0
知识,双星系,③内太阳系,商贸,02度量演进,OPEN,0
知识,双星系,③内太阳系,商贸,03技术逆向,OPEN,0
知识,双星系,③内太阳系,商贸,04中继丢包,OPEN,0
知识,双星系,③内太阳系,商贸,05档案存真,OPEN,0
知识,双星系,③内太阳系,商贸,06教学审查,OPEN,0
知识,双星系,③内太阳系,商贸,07巡天观测,OPEN,0
知识,双星系,③内太阳系,工技,01双轨历法,OPEN,0
知识,双星系,③内太阳系,工技,02度量演进,OPEN,0
知识,双星系,③内太阳系,工技,03技术逆向,OPEN,0
知识,双星系,③内太阳系,工技,04中继丢包,OPEN,0
知识,双星系,③内太阳系,工技,05档案存真,OPEN,0
知识,双星系,③内太阳系,工技,06教学审查,OPEN,0
知识,双星系,③内太阳系,工技,07巡天观测,OPEN,0
知识,双星系,③内太阳系,科医,01双轨历法,OPEN,0
知识,双星系,③内太阳系,科医,02度量演进,OPEN,0
知识,双星系,③内太阳系,科医,03技术逆向,OPEN,0
知识,双星系,③内太阳系,科医,04中继丢包,OPEN,0
知识,双星系,③内太阳系,科医,05档案存真,OPEN,0
知识,双星系,③内太阳系,科医,06教学审查,OPEN,0
知识,双星系,③内太阳系,科医,07巡天观测,OPEN,0
知识,双星系,④深空,官档,01双轨历法,PART,2
知识,双星系,④深空,官档,02度量演进,OPEN,0
知识,双星系,④深空,官档,03技术逆向,OPEN,0
知识,双星系,④深空,官档,04中继丢包,OPEN,0
知识,双星系,④深空,官档,05档案存真,OPEN,0
知识,双星系,④深空,官档,06教学审查,OPEN,0
知识,双星系,④深空,官档,07巡天观测,OPEN,0
知识,双星系,④深空,私档,01双轨历法,OPEN,0
知识,双星系,④深空,私档,02度量演进,OPEN,0
知识,双星系,④深空,私档,03技术逆向,OPEN,0
知识,双星系,④深空,私档,04中继丢包,OPEN,0
知识,双星系,④深空,私档,05档案存真,OPEN,0
知识,双星系,④深空,私档,06教学审查,OPEN,0
知识,双星系,④深空,私档,07巡天观测,OPEN,0
知识,双星系,④深空,互济,01双轨历法,OPEN,0
知识,双星系,④深空,互济,02度量演进,OPEN,0
知识,双星系,④深空,互济,03技术逆向,OPEN,0
知识,双星系,④深空,互济,04中继丢包,OPEN,0
知识,双星系,④深空,互济,05档案存真,OPEN,0
知识,双星系,④深空,互济,06教学审查,OPEN,0
知识,双星系,④深空,互济,07巡天观测,OPEN,0
知识,双星系,④深空,商贸,01双轨历法,OPEN,0
知识,双星系,④深空,商贸,02度量演进,OPEN,0
知识,双星系,④深空,商贸,03技术逆向,OPEN,0
知识,双星系,④深空,商贸,04中继丢包,OPEN,0
知识,双星系,④深空,商贸,05档案存真,OPEN,0
知识,双星系,④深空,商贸,06教学审查,OPEN,0
知识,双星系,④深空,商贸,07巡天观测,OPEN,0
知识,双星系,④深空,工技,01双轨历法,OPEN,0
知识,双星系,④深空,工技,02度量演进,OPEN,0
知识,双星系,④深空,工技,03技术逆向,OPEN,0
知识,双星系,④深空,工技,04中继丢包,OPEN,0
知识,双星系,④深空,工技,05档案存真,OPEN,0
知识,双星系,④深空,工技,06教学审查,OPEN,0
知识,双星系,④深空,工技,07巡天观测,OPEN,0
知识,双星系,④深空,科医,01双轨历法,OPEN,0
知识,双星系,④深空,科医,02度量演进,OPEN,0
知识,双星系,④深空,科医,03技术逆向,OPEN,0
知识,双星系,④深空,科医,04中继丢包,OPEN,0
知识,双星系,④深空,科医,05档案存真,OPEN,0
知识,双星系,④深空,科医,06教学审查,OPEN,0
知识,双星系,④深空,科医,07巡天观测,OPEN,0
知识,双星系,⑤比邻星,官档,01双轨历法,PART,1
知识,双星系,⑤比邻星,官档,02度量演进,OPEN,0
知识,双星系,⑤比邻星,官档,03技术逆向,OPEN,0
知识,双星系,⑤比邻星,官档,04中继丢包,OPEN,0
知识,双星系,⑤比邻星,官档,05档案存真,OPEN,0
知识,双星系,⑤比邻星,官档,06教学审查,OPEN,0
知识,双星系,⑤比邻星,官档,07巡天观测,OPEN,0
知识,双星系,⑤比邻星,私档,01双轨历法,OPEN,0
知识,双星系,⑤比邻星,私档,02度量演进,OPEN,0
知识,双星系,⑤比邻星,私档,03技术逆向,OPEN,0
知识,双星系,⑤比邻星,私档,04中继丢包,OPEN,0
知识,双星系,⑤比邻星,私档,05档案存真,OPEN,0
知识,双星系,⑤比邻星,私档,06教学审查,OPEN,0
知识,双星系,⑤比邻星,私档,07巡天观测,OPEN,0
知识,双星系,⑤比邻星,互济,01双轨历法,OPEN,0
知识,双星系,⑤比邻星,互济,02度量演进,OPEN,0
知识,双星系,⑤比邻星,互济,03技术逆向,OPEN,0
知识,双星系,⑤比邻星,互济,04中继丢包,OPEN,0
知识,双星系,⑤比邻星,互济,05档案存真,OPEN,0
知识,双星系,⑤比邻星,互济,06教学审查,OPEN,0
知识,双星系,⑤比邻星,互济,07巡天观测,OPEN,0
知识,双星系,⑤比邻星,商贸,01双轨历法,OPEN,0
知识,双星系,⑤比邻星,商贸,02度量演进,OPEN,0
知识,双星系,⑤比邻星,商贸,03技术逆向,OPEN,0
知识,双星系,⑤比邻星,商贸,04中继丢包,OPEN,0
知识,双星系,⑤比邻星,商贸,05档案存真,OPEN,0
知识,双星系,⑤比邻星,商贸,06教学审查,OPEN,0
知识,双星系,⑤比邻星,商贸,07巡天观测,OPEN,0
知识,双星系,⑤比邻星,工技,01双轨历法,OPEN,0
知识,双星系,⑤比邻星,工技,02度量演进,OPEN,0
知识,双星系,⑤比邻星,工技,03技术逆向,OPEN,0
知识,双星系,⑤比邻星,工技,04中继丢包,OPEN,0
知识,双星系,⑤比邻星,工技,05档案存真,OPEN,0
知识,双星系,⑤比邻星,工技,06教学审查,OPEN,0
知识,双星系,⑤比邻星,工技,07巡天观测,OPEN,0
知识,双星系,⑤比邻星,科医,01双轨历法,OPEN,0
知识,双星系,⑤比邻星,科医,02度量演进,OPEN,0
知识,双星系,⑤比邻星,科医,03技术逆向,OPEN,0
知识,双星系,⑤比邻星,科医,04中继丢包,OPEN,0
知识,双星系,⑤比邻星,科医,05档案存真,OPEN,0
知识,双星系,⑤比邻星,科医,06教学审查,OPEN,0
知识,双星系,⑤比邻星,科医,07巡天观测,OPEN,0
