app_id,name,release_year,release_date,review_score_desc,positive,total_reviews,positive_pct,steamspy_owners,price_overview,steam_url,header_img
1085660,Destiny 2,2019,2019-10-01,Very Positive,491548,613924,80.1,0,\N,https://store.steampowered.com/app/1085660/,https://cdn.akamai.steamstatic.com/steam/apps/1085660/header.jpg
700330,SCP: Secret Laboratory,2017,2017-12-29,Very Positive,184385,201389,91.6,0,\N,https://store.steampowered.com/app/700330/,https://cdn.akamai.steamstatic.com/steam/apps/700330/header.jpg
1240440,Halo Infinite,2021,2021-11-15,Mostly Positive,121734,173549,70.1,0,\N,https://store.steampowered.com/app/1240440/,https://cdn.akamai.steamstatic.com/steam/apps/1240440/header.jpg
1782210,Crab Game,2021,2021-10-29,Very Positive,138948,151393,91.8,0,\N,https://store.steampowered.com/app/1782210/,https://cdn.akamai.steamstatic.com/steam/apps/1782210/header.jpg
1151640,Horizon Zero Dawn™ Complete Edition,2020,2020-08-07,Very Positive,106736,121426,87.9,0,\N,https://store.steampowered.com/app/1151640/,https://cdn.akamai.steamstatic.com/steam/apps/1151640/header.jpg
301520,Robocraft,2017,2017-08-24,Mostly Positive,86432,118380,73.0,0,\N,https://store.steampowered.com/app/301520/,https://cdn.akamai.steamstatic.com/steam/apps/301520/header.jpg
677620,Splitgate,2019,2019-05-24,Very Positive,102215,111657,91.5,0,\N,https://store.steampowered.com/app/677620/,https://cdn.akamai.steamstatic.com/steam/apps/677620/header.jpg
218230,PlanetSide 2,2012,2012-11-20,Very Positive,58625,72386,81.0,0,\N,https://store.steampowered.com/app/218230/,https://cdn.akamai.steamstatic.com/steam/apps/218230/header.jpg
1286830,STAR WARS™: The Old Republic™,2020,2020-07-21,Very Positive,56758,63289,89.7,0,\N,https://store.steampowered.com/app/1286830/,https://cdn.akamai.steamstatic.com/steam/apps/1286830/header.jpg
273350,Evolve Stage 2,2015,2015-02-10,Mixed,33830,48386,69.9,0,\N,https://store.steampowered.com/app/273350/,https://cdn.akamai.steamstatic.com/steam/apps/273350/header.jpg
1928420,Farlight 84,2023,2023-09-21,Mostly Positive,37383,47792,78.2,0,\N,https://store.steampowered.com/app/1928420/,https://cdn.akamai.steamstatic.com/steam/apps/1928420/header.jpg
1973530,Limbus Company,2023,2023-02-26,Very Positive,33593,39384,85.3,0,\N,https://store.steampowered.com/app/1973530/,https://cdn.akamai.steamstatic.com/steam/apps/1973530/header.jpg
611500,Quake Champions,2022,2022-08-18,Mostly Positive,27917,37921,73.6,0,\N,https://store.steampowered.com/app/611500/,https://cdn.akamai.steamstatic.com/steam/apps/611500/header.jpg
8500,EVE Online,2010,2010-12-15,Mostly Positive,25722,34812,73.9,0,\N,https://store.steampowered.com/app/8500/,https://cdn.akamai.steamstatic.com/steam/apps/8500/header.jpg
204300,Awesomenauts - the 2D moba,2012,2012-08-01,Very Positive,22550,26650,84.6,0,\N,https://store.steampowered.com/app/204300/,https://cdn.akamai.steamstatic.com/steam/apps/204300/header.jpg
767560,War Robots,2018,2018-04-04,Mixed,14632,23964,61.1,0,\N,https://store.steampowered.com/app/767560/,https://cdn.akamai.steamstatic.com/steam/apps/767560/header.jpg
99900,Spiral Knights,2011,2011-06-14,Very Positive,19710,23450,84.1,0,\N,https://store.steampowered.com/app/99900/,https://cdn.akamai.steamstatic.com/steam/apps/99900/header.jpg
1869590,Omega Strikers,2023,2023-04-27,Very Positive,19494,22980,84.8,0,\N,https://store.steampowered.com/app/1869590/,https://cdn.akamai.steamstatic.com/steam/apps/1869590/header.jpg
563560,Alien Swarm: Reactive Drop,2017,2017-04-20,Very Positive,20793,21898,95.0,0,\N,https://store.steampowered.com/app/563560/,https://cdn.akamai.steamstatic.com/steam/apps/563560/header.jpg
977400,Cell to Singularity - Evolution Never Ends,2021,2021-11-03,Very Positive,19479,21623,90.1,0,\N,https://store.steampowered.com/app/977400/,https://cdn.akamai.steamstatic.com/steam/apps/977400/header.jpg
630,Alien Swarm,2010,2010-07-19,Very Positive,20019,21108,94.8,0,\N,https://store.steampowered.com/app/630/,https://cdn.akamai.steamstatic.com/steam/apps/630/header.jpg
9900,Star Trek Online,2012,2012-01-31,Mostly Positive,15420,19533,78.9,0,\N,https://store.steampowered.com/app/9900/,https://cdn.akamai.steamstatic.com/steam/apps/9900/header.jpg
1367080,MOBILE SUIT GUNDAM BATTLE OPERATION 2,2023,2023-05-30,Mostly Negative,4007,19011,21.1,0,\N,https://store.steampowered.com/app/1367080/,https://cdn.akamai.steamstatic.com/steam/apps/1367080/header.jpg
2012840,Portal with RTX,2022,2022-12-08,Mixed,10238,16971,60.3,0,\N,https://store.steampowered.com/app/2012840/,https://cdn.akamai.steamstatic.com/steam/apps/2012840/header.jpg
2641470,Spectre Divide,2024,2024-09-03,Mixed,10267,16446,62.4,0,\N,https://store.steampowered.com/app/2641470/,https://cdn.akamai.steamstatic.com/steam/apps/2641470/header.jpg
209870,Blacklight: Retribution,2012,2012-07-02,Mostly Positive,12486,16407,76.1,0,\N,https://store.steampowered.com/app/209870/,https://cdn.akamai.steamstatic.com/steam/apps/209870/header.jpg
212070,Star Conflict,2013,2013-02-27,Mostly Positive,10795,14659,73.6,0,\N,https://store.steampowered.com/app/212070/,https://cdn.akamai.steamstatic.com/steam/apps/212070/header.jpg
17480,Command & Conquer™ Red Alert™ 3,2009,2009-01-08,Very Positive,12124,14206,85.3,0,\N,https://store.steampowered.com/app/17480/,https://cdn.akamai.steamstatic.com/steam/apps/17480/header.jpg
8850,BioShock® 2,2010,2010-02-09,Very Positive,12569,14084,89.2,0,\N,https://store.steampowered.com/app/8850/,https://cdn.akamai.steamstatic.com/steam/apps/8850/header.jpg
39000,Moonbase Alpha,2010,2010-07-06,Very Positive,11579,12794,90.5,0,\N,https://store.steampowered.com/app/39000/,https://cdn.akamai.steamstatic.com/steam/apps/39000/header.jpg
311310,Naval Action,2019,2019-06-13,Mixed,7137,12520,57.0,0,\N,https://store.steampowered.com/app/311310/,https://cdn.akamai.steamstatic.com/steam/apps/311310/header.jpg
961200,Predecessor,2024,2024-08-20,Mostly Positive,9061,12393,73.1,0,\N,https://store.steampowered.com/app/961200/,https://cdn.akamai.steamstatic.com/steam/apps/961200/header.jpg
342200,MechWarrior Online™ Legends,2015,2015-12-10,Very Positive,9427,11759,80.2,0,\N,https://store.steampowered.com/app/342200/,https://cdn.akamai.steamstatic.com/steam/apps/342200/header.jpg
1201240,BLEACH Brave Souls,2020,2020-08-17,Very Positive,9747,11008,88.5,0,\N,https://store.steampowered.com/app/1201240/,https://cdn.akamai.steamstatic.com/steam/apps/1201240/header.jpg
206500,AirMech,2018,2018-03-30,Very Positive,8869,10539,84.2,0,\N,https://store.steampowered.com/app/206500/,https://cdn.akamai.steamstatic.com/steam/apps/206500/header.jpg
1830840,The Planet Crafter: Prologue,2021,2021-12-19,Overwhelmingly Positive,10078,10430,96.6,0,\N,https://store.steampowered.com/app/1830840/,https://cdn.akamai.steamstatic.com/steam/apps/1830840/header.jpg
2064650,Tower of Fantasy,2022,2022-10-19,Mostly Positive,7295,10314,70.7,0,\N,https://store.steampowered.com/app/2064650/,https://cdn.akamai.steamstatic.com/steam/apps/2064650/header.jpg
589870,Learn to Fly 3,2017,2017-05-12,Very Positive,9172,9705,94.5,0,\N,https://store.steampowered.com/app/589870/,https://cdn.akamai.steamstatic.com/steam/apps/589870/header.jpg
365300,Transmissions: Element 120,2016,2016-06-16,Very Positive,9162,9703,94.4,0,\N,https://store.steampowered.com/app/365300/,https://cdn.akamai.steamstatic.com/steam/apps/365300/header.jpg
1671200,Honkai Impact 3rd,2021,2021-10-21,Mostly Positive,6795,9365,72.6,0,\N,https://store.steampowered.com/app/1671200/,https://cdn.akamai.steamstatic.com/steam/apps/1671200/header.jpg
1368910,Super Mecha Champions,2021,2021-03-25,Mixed,5981,8744,68.4,0,\N,https://store.steampowered.com/app/1368910/,https://cdn.akamai.steamstatic.com/steam/apps/1368910/header.jpg
678800,SAS: Zombie Assault 4,2017,2017-10-16,Very Positive,7471,8659,86.3,0,\N,https://store.steampowered.com/app/678800/,https://cdn.akamai.steamstatic.com/steam/apps/678800/header.jpg
17080,Tribes: Ascend,2012,2012-06-27,Very Positive,6957,8601,80.9,0,\N,https://store.steampowered.com/app/17080/,https://cdn.akamai.steamstatic.com/steam/apps/17080/header.jpg
1475380,TheDawn,2020,2020-12-11,Very Positive,7998,8599,93.0,0,\N,https://store.steampowered.com/app/1475380/,https://cdn.akamai.steamstatic.com/steam/apps/1475380/header.jpg
24790,Command & Conquer 3 Tiberium Wars™,2009,2009-11-13,Very Positive,7081,7845,90.3,0,\N,https://store.steampowered.com/app/24790/,https://cdn.akamai.steamstatic.com/steam/apps/24790/header.jpg
22350,BRINK,2011,2011-05-09,Mixed,4903,7831,62.6,0,\N,https://store.steampowered.com/app/22350/,https://cdn.akamai.steamstatic.com/steam/apps/22350/header.jpg
20500,Red Faction Guerrilla Steam Edition,2009,2009-09-15,Very Positive,6835,7584,90.1,0,\N,https://store.steampowered.com/app/20500/,https://cdn.akamai.steamstatic.com/steam/apps/20500/header.jpg
1927780,Galaxy Life,2022,2022-08-31,Very Positive,6915,7581,91.2,0,\N,https://store.steampowered.com/app/1927780/,https://cdn.akamai.steamstatic.com/steam/apps/1927780/header.jpg
9050,DOOM 3,2007,2007-08-03,Very Positive,6666,7477,89.2,0,\N,https://store.steampowered.com/app/9050/,https://cdn.akamai.steamstatic.com/steam/apps/9050/header.jpg
408900,Unfortunate Spacemen,2020,2020-06-12,Very Positive,6437,7455,86.3,0,\N,https://store.steampowered.com/app/408900/,https://cdn.akamai.steamstatic.com/steam/apps/408900/header.jpg
1178030,Star Fetchers,2020,2020-01-17,Overwhelmingly Positive,6775,6969,97.2,0,\N,https://store.steampowered.com/app/1178030/,https://cdn.akamai.steamstatic.com/steam/apps/1178030/header.jpg
558100,Art of War: Red Tides,2016,2016-12-22,Mostly Positive,5424,6876,78.9,0,\N,https://store.steampowered.com/app/558100/,https://cdn.akamai.steamstatic.com/steam/apps/558100/header.jpg
237870,Planet Explorers,2016,2016-11-08,Mixed,4225,6788,62.2,0,\N,https://store.steampowered.com/app/237870/,https://cdn.akamai.steamstatic.com/steam/apps/237870/header.jpg
382490,Relic Hunters Zero: Remix,2015,2015-08-18,Very Positive,6331,6786,93.3,0,\N,https://store.steampowered.com/app/382490/,https://cdn.akamai.steamstatic.com/steam/apps/382490/header.jpg
1067310,Gravitas,2019,2019-08-23,Overwhelmingly Positive,6565,6696,98.0,0,\N,https://store.steampowered.com/app/1067310/,https://cdn.akamai.steamstatic.com/steam/apps/1067310/header.jpg
404410,Endless Sky,2015,2015-10-30,Very Positive,5909,6399,92.3,0,\N,https://store.steampowered.com/app/404410/,https://cdn.akamai.steamstatic.com/steam/apps/404410/header.jpg
562010,Tanki Online,2017,2017-03-02,Mixed,3888,6325,61.5,0,\N,https://store.steampowered.com/app/562010/,https://cdn.akamai.steamstatic.com/steam/apps/562010/header.jpg
2012510,Stormgate,2024,2024-07-30,Mixed,3120,6249,49.9,0,\N,https://store.steampowered.com/app/2012510/,https://cdn.akamai.steamstatic.com/steam/apps/2012510/header.jpg
1812820,Bitburner,2021,2021-12-10,Overwhelmingly Positive,5944,6249,95.1,0,\N,https://store.steampowered.com/app/1812820/,https://cdn.akamai.steamstatic.com/steam/apps/1812820/header.jpg
450390,The Lab,2016,2016-04-05,Overwhelmingly Positive,5865,6172,95.0,0,\N,https://store.steampowered.com/app/450390/,https://cdn.akamai.steamstatic.com/steam/apps/450390/header.jpg
2668080,Snowbreak: Containment Zone,2023,2023-12-24,Mostly Positive,4723,5905,80.0,0,\N,https://store.steampowered.com/app/2668080/,https://cdn.akamai.steamstatic.com/steam/apps/2668080/header.jpg
324810,TOXIKK™,2016,2016-09-10,Mostly Positive,4411,5712,77.2,0,\N,https://store.steampowered.com/app/324810/,https://cdn.akamai.steamstatic.com/steam/apps/324810/header.jpg
298900,Space Hulk: Deathwing,2016,2016-12-14,Mixed,3091,5696,54.3,0,\N,https://store.steampowered.com/app/298900/,https://cdn.akamai.steamstatic.com/steam/apps/298900/header.jpg
794600,LET IT DIE,2018,2018-09-26,Mostly Positive,4170,5598,74.5,0,\N,https://store.steampowered.com/app/794600/,https://cdn.akamai.steamstatic.com/steam/apps/794600/header.jpg
1282690,Crysis® 3,2020,2020-06-04,Very Positive,4664,5480,85.1,0,\N,https://store.steampowered.com/app/1282690/,https://cdn.akamai.steamstatic.com/steam/apps/1282690/header.jpg
402570,Atlas Reactor,2016,2016-10-04,Very Positive,4416,5299,83.3,0,\N,https://store.steampowered.com/app/402570/,https://cdn.akamai.steamstatic.com/steam/apps/402570/header.jpg
2229850,Command & Conquer Red Alert™ 2 and Yuri’s Revenge™,2024,2024-03-07,Very Positive,4761,5190,91.7,0,\N,https://store.steampowered.com/app/2229850/,https://cdn.akamai.steamstatic.com/steam/apps/2229850/header.jpg
376570,WildStar,2016,2016-06-09,Mostly Positive,3802,5088,74.7,0,\N,https://store.steampowered.com/app/376570/,https://cdn.akamai.steamstatic.com/steam/apps/376570/header.jpg
24800,Command & Conquer: Red Alert 3 - Uprising,2009,2009-10-06,Very Positive,4176,4964,84.1,0,\N,https://store.steampowered.com/app/24800/,https://cdn.akamai.steamstatic.com/steam/apps/24800/header.jpg
1641270,枝江往事,2021,2021-06-11,Overwhelmingly Positive,4745,4895,96.9,0,\N,https://store.steampowered.com/app/1641270/,https://cdn.akamai.steamstatic.com/steam/apps/1641270/header.jpg
339600,VEGA Conflict,2015,2015-12-14,Mixed,2838,4821,58.9,0,\N,https://store.steampowered.com/app/339600/,https://cdn.akamai.steamstatic.com/steam/apps/339600/header.jpg
225600,Blade Symphony,2014,2014-05-07,Mixed,3083,4688,65.8,0,\N,https://store.steampowered.com/app/225600/,https://cdn.akamai.steamstatic.com/steam/apps/225600/header.jpg
104200,BEEP,2011,2011-05-06,Very Positive,3930,4630,84.9,0,\N,https://store.steampowered.com/app/104200/,https://cdn.akamai.steamstatic.com/steam/apps/104200/header.jpg
1218250,We Went Back,2020,2020-04-03,Very Positive,3889,4554,85.4,0,\N,https://store.steampowered.com/app/1218250/,https://cdn.akamai.steamstatic.com/steam/apps/1218250/header.jpg
24810,Command & Conquer™ 3: Kane’s Wrath,2009,2009-11-13,Overwhelmingly Positive,4315,4541,95.0,0,\N,https://store.steampowered.com/app/24810/,https://cdn.akamai.steamstatic.com/steam/apps/24810/header.jpg
1089130,Quake II RTX,2019,2019-06-06,Very Positive,3902,4458,87.5,0,\N,https://store.steampowered.com/app/1089130/,https://cdn.akamai.steamstatic.com/steam/apps/1089130/header.jpg
2811830,Ocean World: Eden Crafters Prologue,2024,2024-06-24,Very Positive,3949,4304,91.8,0,\N,https://store.steampowered.com/app/2811830/,https://cdn.akamai.steamstatic.com/steam/apps/2811830/header.jpg
414530,Skyforge,2017,2017-04-13,Mixed,2564,4281,59.9,0,\N,https://store.steampowered.com/app/414530/,https://cdn.akamai.steamstatic.com/steam/apps/414530/header.jpg
1580970,Samorost 1,2021,2021-05-20,Overwhelmingly Positive,4062,4215,96.4,0,\N,https://store.steampowered.com/app/1580970/,https://cdn.akamai.steamstatic.com/steam/apps/1580970/header.jpg
1293860,The Riftbreaker: Prologue,2020,2020-08-05,Overwhelmingly Positive,3915,4096,95.6,0,\N,https://store.steampowered.com/app/1293860/,https://cdn.akamai.steamstatic.com/steam/apps/1293860/header.jpg
9880,Champions Online,2011,2011-06-14,Mostly Positive,2914,4084,71.4,0,\N,https://store.steampowered.com/app/9880/,https://cdn.akamai.steamstatic.com/steam/apps/9880/header.jpg
1973710,ヘブンバーンズレッド,2022,2022-08-10,Very Positive,3429,3953,86.7,0,\N,https://store.steampowered.com/app/1973710/,https://cdn.akamai.steamstatic.com/steam/apps/1973710/header.jpg
1402020,SCP: Labrat,2022,2022-12-24,Very Positive,3076,3721,82.7,0,\N,https://store.steampowered.com/app/1402020/,https://cdn.akamai.steamstatic.com/steam/apps/1402020/header.jpg
994910,Poker Master,2020,2020-09-23,Very Positive,3229,3687,87.6,0,\N,https://store.steampowered.com/app/994910/,https://cdn.akamai.steamstatic.com/steam/apps/994910/header.jpg
334920,Zero-K,2018,2018-04-27,Very Positive,3432,3661,93.7,0,\N,https://store.steampowered.com/app/334920/,https://cdn.akamai.steamstatic.com/steam/apps/334920/header.jpg
257730,Infinity Wars: Animated Trading Card Game,2014,2014-09-05,Mostly Positive,2671,3457,77.3,0,\N,https://store.steampowered.com/app/257730/,https://cdn.akamai.steamstatic.com/steam/apps/257730/header.jpg
15130,Beyond Good and Evil™,2008,2008-05-13,Very Positive,2925,3398,86.1,0,\N,https://store.steampowered.com/app/15130/,https://cdn.akamai.steamstatic.com/steam/apps/15130/header.jpg
937310,Infinitode 2 - Infinite Tower Defense,2021,2021-05-06,Very Positive,3064,3335,91.9,0,\N,https://store.steampowered.com/app/937310/,https://cdn.akamai.steamstatic.com/steam/apps/937310/header.jpg
1510460,Chicken Invaders Universe,2022,2022-12-15,Very Positive,3019,3308,91.3,0,\N,https://store.steampowered.com/app/1510460/,https://cdn.akamai.steamstatic.com/steam/apps/1510460/header.jpg
436180,Spacelords,2017,2017-09-22,Mixed,1709,3215,53.2,0,\N,https://store.steampowered.com/app/436180/,https://cdn.akamai.steamstatic.com/steam/apps/436180/header.jpg
1399720,Antimatter Dimensions,2022,2022-12-17,Very Positive,2878,3114,92.4,0,\N,https://store.steampowered.com/app/1399720/,https://cdn.akamai.steamstatic.com/steam/apps/1399720/header.jpg
457550,Bigscreen Beta,2016,2016-04-28,Very Positive,2620,3081,85.0,0,\N,https://store.steampowered.com/app/457550/,https://cdn.akamai.steamstatic.com/steam/apps/457550/header.jpg
667870,MINDNIGHT,2017,2017-08-04,Very Positive,2539,2991,84.9,0,\N,https://store.steampowered.com/app/667870/,https://cdn.akamai.steamstatic.com/steam/apps/667870/header.jpg
1052070,Burning Daylight,2019,2019-04-19,Very Positive,2638,2977,88.6,0,\N,https://store.steampowered.com/app/1052070/,https://cdn.akamai.steamstatic.com/steam/apps/1052070/header.jpg
1175140,Vecter,2020,2020-10-14,Overwhelmingly Positive,2789,2922,95.4,0,\N,https://store.steampowered.com/app/1175140/,https://cdn.akamai.steamstatic.com/steam/apps/1175140/header.jpg
45750,Lost Planet® 2,2010,2010-10-15,Mixed,1919,2837,67.6,0,\N,https://store.steampowered.com/app/45750/,https://cdn.akamai.steamstatic.com/steam/apps/45750/header.jpg
313730,Sunrider: Mask of Arcadius,2014,2014-07-09,Very Positive,2570,2777,92.5,0,\N,https://store.steampowered.com/app/313730/,https://cdn.akamai.steamstatic.com/steam/apps/313730/header.jpg
1792010,The Timeless Child - Prologue,2021,2021-12-10,Mostly Positive,2076,2718,76.4,0,\N,https://store.steampowered.com/app/1792010/,https://cdn.akamai.steamstatic.com/steam/apps/1792010/header.jpg
449140,Istrolid,2016,2016-05-06,Very Positive,2307,2638,87.5,0,\N,https://store.steampowered.com/app/449140/,https://cdn.akamai.steamstatic.com/steam/apps/449140/header.jpg
1057850,Neon Boost,2019,2019-05-20,Very Positive,2273,2515,90.4,0,\N,https://store.steampowered.com/app/1057850/,https://cdn.akamai.steamstatic.com/steam/apps/1057850/header.jpg
378760,Pixel Starships,2023,2023-05-23,Mostly Positive,1840,2507,73.4,0,\N,https://store.steampowered.com/app/378760/,https://cdn.akamai.steamstatic.com/steam/apps/378760/header.jpg
755800,Hades' Star,2019,2019-02-27,Mostly Positive,1807,2492,72.5,0,\N,https://store.steampowered.com/app/755800/,https://cdn.akamai.steamstatic.com/steam/apps/755800/header.jpg
2167960,买个可乐饼吧！ - Buy a Croquette!,2024,2024-04-27,Overwhelmingly Positive,2461,2482,99.2,0,\N,https://store.steampowered.com/app/2167960/,https://cdn.akamai.steamstatic.com/steam/apps/2167960/header.jpg
308600,Gene Shift Auto,2017,2017-05-23,Very Positive,1983,2389,83.0,0,\N,https://store.steampowered.com/app/308600/,https://cdn.akamai.steamstatic.com/steam/apps/308600/header.jpg
1948430,Planet S,2023,2023-10-28,Very Positive,2153,2353,91.5,0,\N,https://store.steampowered.com/app/1948430/,https://cdn.akamai.steamstatic.com/steam/apps/1948430/header.jpg
31290,Back to the Future: The Game,2010,2010-12-23,Very Positive,2042,2312,88.3,0,\N,https://store.steampowered.com/app/31290/,https://cdn.akamai.steamstatic.com/steam/apps/31290/header.jpg
984110,SYNTHETIK: Arena,2019,2019-01-21,Very Positive,2075,2297,90.3,0,\N,https://store.steampowered.com/app/984110/,https://cdn.akamai.steamstatic.com/steam/apps/984110/header.jpg
1555710,OMFG: One Million Fatal Guns,2021,2021-03-11,Overwhelmingly Positive,2174,2287,95.1,0,\N,https://store.steampowered.com/app/1555710/,https://cdn.akamai.steamstatic.com/steam/apps/1555710/header.jpg
1073390,Aircar,2019,2019-08-09,Very Positive,2163,2285,94.7,0,\N,https://store.steampowered.com/app/1073390/,https://cdn.akamai.steamstatic.com/steam/apps/1073390/header.jpg
705040,HAWKEN REBORN,2023,2023-05-17,Mostly Negative,645,2278,28.3,0,\N,https://store.steampowered.com/app/705040/,https://cdn.akamai.steamstatic.com/steam/apps/705040/header.jpg
2484110,FINAL FANTASY VII EVER CRISIS,2023,2023-12-06,Mixed,1247,2178,57.3,0,\N,https://store.steampowered.com/app/2484110/,https://cdn.akamai.steamstatic.com/steam/apps/2484110/header.jpg
2963870,Metal Slug: Awakening,2024,2024-07-19,Mixed,1281,2059,62.2,0,\N,https://store.steampowered.com/app/2963870/,https://cdn.akamai.steamstatic.com/steam/apps/2963870/header.jpg
708720,Gridiron,2020,2020-07-23,Mostly Positive,1607,2030,79.2,0,\N,https://store.steampowered.com/app/708720/,https://cdn.akamai.steamstatic.com/steam/apps/708720/header.jpg
242570,Space Hulk,2013,2013-08-15,Mostly Positive,1432,2022,70.8,0,\N,https://store.steampowered.com/app/242570/,https://cdn.akamai.steamstatic.com/steam/apps/242570/header.jpg
1377150,Operation: Tango - Friend Pass,2020,2020-08-28,Very Positive,1708,1984,86.1,0,\N,https://store.steampowered.com/app/1377150/,https://cdn.akamai.steamstatic.com/steam/apps/1377150/header.jpg
804270,Chex Quest HD,2020,2020-05-18,Very Positive,1586,1981,80.1,0,\N,https://store.steampowered.com/app/804270/,https://cdn.akamai.steamstatic.com/steam/apps/804270/header.jpg
438140,Star Realms,2016,2016-03-08,Very Positive,1695,1962,86.4,0,\N,https://store.steampowered.com/app/438140/,https://cdn.akamai.steamstatic.com/steam/apps/438140/header.jpg
987350,PlanetSide Arena,2019,2019-09-19,Mixed,856,1890,45.3,0,\N,https://store.steampowered.com/app/987350/,https://cdn.akamai.steamstatic.com/steam/apps/987350/header.jpg
2487070,Anonymous Hacker Simulator: Prologue,2023,2023-08-28,Very Positive,1713,1878,91.2,0,\N,https://store.steampowered.com/app/2487070/,https://cdn.akamai.steamstatic.com/steam/apps/2487070/header.jpg
415270,Star Crusade CCG,2016,2016-09-07,Very Positive,1502,1874,80.1,0,\N,https://store.steampowered.com/app/415270/,https://cdn.akamai.steamstatic.com/steam/apps/415270/header.jpg
1680550,Impact Point,2022,2022-07-20,Very Positive,1673,1852,90.3,0,\N,https://store.steampowered.com/app/1680550/,https://cdn.akamai.steamstatic.com/steam/apps/1680550/header.jpg
2471100,Unnamed Space Idle,2023,2023-07-27,Very Positive,1704,1842,92.5,0,\N,https://store.steampowered.com/app/2471100/,https://cdn.akamai.steamstatic.com/steam/apps/2471100/header.jpg
579950,Marvel's Guardians of the Galaxy: The Telltale Series,2017,2017-04-18,Very Positive,1582,1821,86.9,0,\N,https://store.steampowered.com/app/579950/,https://cdn.akamai.steamstatic.com/steam/apps/579950/header.jpg
2433730,Unsorted Horror,2023,2023-08-01,Overwhelmingly Positive,1763,1808,97.5,0,\N,https://store.steampowered.com/app/2433730/,https://cdn.akamai.steamstatic.com/steam/apps/2433730/header.jpg
1109460,There is No GreenDam,2019,2019-11-11,Overwhelmingly Positive,1703,1781,95.6,0,\N,https://store.steampowered.com/app/1109460/,https://cdn.akamai.steamstatic.com/steam/apps/1109460/header.jpg
298520,Orbital Gear,2014,2014-08-07,Very Positive,1477,1778,83.1,0,\N,https://store.steampowered.com/app/298520/,https://cdn.akamai.steamstatic.com/steam/apps/298520/header.jpg
1252600,ANOTHER EDEN,2021,2021-03-30,Mixed,1221,1769,69.0,0,\N,https://store.steampowered.com/app/1252600/,https://cdn.akamai.steamstatic.com/steam/apps/1252600/header.jpg
532840,CAYNE,2017,2017-01-24,Very Positive,1421,1765,80.5,0,\N,https://store.steampowered.com/app/532840/,https://cdn.akamai.steamstatic.com/steam/apps/532840/header.jpg
466170,Idling to Rule the Gods,2016,2016-05-27,Very Positive,1517,1761,86.1,0,\N,https://store.steampowered.com/app/466170/,https://cdn.akamai.steamstatic.com/steam/apps/466170/header.jpg
562590,Galactic Junk League,2017,2017-07-26,Mixed,1216,1752,69.4,0,\N,https://store.steampowered.com/app/562590/,https://cdn.akamai.steamstatic.com/steam/apps/562590/header.jpg
361630,404Sight,2015,2015-04-16,Very Positive,1457,1715,85.0,0,\N,https://store.steampowered.com/app/361630/,https://cdn.akamai.steamstatic.com/steam/apps/361630/header.jpg
2371630,Sword Art Online: Integral Factor,2023,2023-08-21,Mixed,1068,1710,62.5,0,\N,https://store.steampowered.com/app/2371630/,https://cdn.akamai.steamstatic.com/steam/apps/2371630/header.jpg
17020,Global Agenda: Free Agent,2011,2011-06-14,Very Positive,1409,1672,84.3,0,\N,https://store.steampowered.com/app/17020/,https://cdn.akamai.steamstatic.com/steam/apps/17020/header.jpg
1772820,Mushy,2022,2022-02-15,Very Positive,1419,1640,86.5,0,\N,https://store.steampowered.com/app/1772820/,https://cdn.akamai.steamstatic.com/steam/apps/1772820/header.jpg
1827980,Idle Spiral,2022,2022-04-30,Very Positive,1337,1639,81.6,0,\N,https://store.steampowered.com/app/1827980/,https://cdn.akamai.steamstatic.com/steam/apps/1827980/header.jpg
1800730,I MAED A GAM3 W1TH Z0MB1ES 1N IT!!!1,2021,2021-11-11,Overwhelmingly Positive,1534,1564,98.1,0,\N,https://store.steampowered.com/app/1800730/,https://cdn.akamai.steamstatic.com/steam/apps/1800730/header.jpg
298180,The Desolate Hope,2014,2014-05-05,Very Positive,1426,1555,91.7,0,\N,https://store.steampowered.com/app/298180/,https://cdn.akamai.steamstatic.com/steam/apps/298180/header.jpg
999860,Enemy On Board,2020,2020-05-08,Mostly Positive,1112,1552,71.6,0,\N,https://store.steampowered.com/app/999860/,https://cdn.akamai.steamstatic.com/steam/apps/999860/header.jpg
1310520,Occupy Mars: Prologue (2020),2020,2020-08-20,Mostly Positive,1211,1548,78.2,0,\N,https://store.steampowered.com/app/1310520/,https://cdn.akamai.steamstatic.com/steam/apps/1310520/header.jpg
1376070,Rushdown Revolt,2020,2020-09-10,Mostly Positive,1199,1520,78.9,0,\N,https://store.steampowered.com/app/1376070/,https://cdn.akamai.steamstatic.com/steam/apps/1376070/header.jpg
107600,Waves,2011,2011-11-16,Overwhelmingly Positive,1409,1479,95.3,0,\N,https://store.steampowered.com/app/107600/,https://cdn.akamai.steamstatic.com/steam/apps/107600/header.jpg
466940,The Sandbox Evolution - Craft a 2D Pixel Universe!,2016,2016-11-15,Mixed,629,1476,42.6,0,\N,https://store.steampowered.com/app/466940/,https://cdn.akamai.steamstatic.com/steam/apps/466940/header.jpg
345330,Eden Rising,2019,2019-05-17,Mixed,928,1437,64.6,0,\N,https://store.steampowered.com/app/345330/,https://cdn.akamai.steamstatic.com/steam/apps/345330/header.jpg
366440,Savage Resurrection,2016,2016-08-18,Mixed,810,1428,56.7,0,\N,https://store.steampowered.com/app/366440/,https://cdn.akamai.steamstatic.com/steam/apps/366440/header.jpg
1241950,Warzone 2100,2020,2020-02-18,Very Positive,1284,1424,90.2,0,\N,https://store.steampowered.com/app/1241950/,https://cdn.akamai.steamstatic.com/steam/apps/1241950/header.jpg
868020,Aperture Hand Lab,2019,2019-06-25,Very Positive,1227,1408,87.1,0,\N,https://store.steampowered.com/app/868020/,https://cdn.akamai.steamstatic.com/steam/apps/868020/header.jpg
600750,Star Trek Timelines,2017,2017-07-12,Mixed,892,1365,65.3,0,\N,https://store.steampowered.com/app/600750/,https://cdn.akamai.steamstatic.com/steam/apps/600750/header.jpg
342980,Destination Sol,2015,2015-02-05,Mostly Positive,1065,1349,78.9,0,\N,https://store.steampowered.com/app/342980/,https://cdn.akamai.steamstatic.com/steam/apps/342980/header.jpg
2224850,EMPTY SHELL: PROLOGUE,2023,2023-01-06,Very Positive,1265,1340,94.4,0,\N,https://store.steampowered.com/app/2224850/,https://cdn.akamai.steamstatic.com/steam/apps/2224850/header.jpg
819030,STEINS;GATE ELITE,2019,2019-02-19,Very Positive,1218,1326,91.9,0,\N,https://store.steampowered.com/app/819030/,https://cdn.akamai.steamstatic.com/steam/apps/819030/header.jpg
839910,Mythgard,2020,2020-09-18,Very Positive,1135,1325,85.7,0,\N,https://store.steampowered.com/app/839910/,https://cdn.akamai.steamstatic.com/steam/apps/839910/header.jpg
1140620,CosmicBreak Universal,2021,2021-04-06,Mixed,722,1291,55.9,0,\N,https://store.steampowered.com/app/1140620/,https://cdn.akamai.steamstatic.com/steam/apps/1140620/header.jpg
420790,StarBreak,2016,2016-05-10,Mostly Positive,1001,1271,78.8,0,\N,https://store.steampowered.com/app/420790/,https://cdn.akamai.steamstatic.com/steam/apps/420790/header.jpg
429470,Space Pilgrim Episode I: Alpha Centauri,2015,2015-12-21,Very Positive,1083,1229,88.1,0,\N,https://store.steampowered.com/app/429470/,https://cdn.akamai.steamstatic.com/steam/apps/429470/header.jpg
1092040,BOMJMAN,2020,2020-12-15,Very Positive,1051,1221,86.1,0,\N,https://store.steampowered.com/app/1092040/,https://cdn.akamai.steamstatic.com/steam/apps/1092040/header.jpg
319830,AX:EL - Air XenoDawn,2015,2015-12-04,Mostly Positive,930,1214,76.6,0,\N,https://store.steampowered.com/app/319830/,https://cdn.akamai.steamstatic.com/steam/apps/319830/header.jpg
490220,Prismata,2018,2018-03-08,Very Positive,972,1185,82.0,0,\N,https://store.steampowered.com/app/490220/,https://cdn.akamai.steamstatic.com/steam/apps/490220/header.jpg
1133730,Second Galaxy,2019,2019-09-11,Mixed,611,1173,52.1,0,\N,https://store.steampowered.com/app/1133730/,https://cdn.akamai.steamstatic.com/steam/apps/1133730/header.jpg
1389630,High Entropy: Challenges,2020,2020-09-01,Overwhelmingly Positive,1110,1164,95.4,0,\N,https://store.steampowered.com/app/1389630/,https://cdn.akamai.steamstatic.com/steam/apps/1389630/header.jpg
1877960,Trimps,2022,2022-05-02,Very Positive,1066,1163,91.7,0,\N,https://store.steampowered.com/app/1877960/,https://cdn.akamai.steamstatic.com/steam/apps/1877960/header.jpg
244590,Epigenesis,2014,2014-08-01,Mixed,749,1148,65.2,0,\N,https://store.steampowered.com/app/244590/,https://cdn.akamai.steamstatic.com/steam/apps/244590/header.jpg
253510,WARMACHINE: Tactics,2014,2014-11-20,Mixed,504,1141,44.2,0,\N,https://store.steampowered.com/app/253510/,https://cdn.akamai.steamstatic.com/steam/apps/253510/header.jpg
2845270,100 Aliens Cats,2024,2024-06-09,Very Positive,1065,1127,94.5,0,\N,https://store.steampowered.com/app/2845270/,https://cdn.akamai.steamstatic.com/steam/apps/2845270/header.jpg
1763620,Obama,2022,2022-01-19,Very Positive,977,1095,89.2,0,\N,https://store.steampowered.com/app/1763620/,https://cdn.akamai.steamstatic.com/steam/apps/1763620/header.jpg
2764370,Starward,2024,2024-04-24,Mixed,708,1076,65.8,0,\N,https://store.steampowered.com/app/2764370/,https://cdn.akamai.steamstatic.com/steam/apps/2764370/header.jpg
574760,Starship Theory,2017,2017-07-04,Mixed,532,1072,49.6,0,\N,https://store.steampowered.com/app/574760/,https://cdn.akamai.steamstatic.com/steam/apps/574760/header.jpg
17580,Dystopia,2009,2009-02-06,Very Positive,911,1071,85.1,0,\N,https://store.steampowered.com/app/17580/,https://cdn.akamai.steamstatic.com/steam/apps/17580/header.jpg
1250870,Cyrano Story,2020,2020-04-16,Mixed,719,1069,67.3,0,\N,https://store.steampowered.com/app/1250870/,https://cdn.akamai.steamstatic.com/steam/apps/1250870/header.jpg
1768550,Alien Removal Division,2022,2022-06-17,Very Positive,927,1051,88.2,0,\N,https://store.steampowered.com/app/1768550/,https://cdn.akamai.steamstatic.com/steam/apps/1768550/header.jpg
431650,Phoning Home,2017,2017-02-07,Mixed,707,1026,68.9,0,\N,https://store.steampowered.com/app/431650/,https://cdn.akamai.steamstatic.com/steam/apps/431650/header.jpg
2832330,Aeons Echo,2024,2024-08-22,Mostly Positive,793,1021,77.7,0,\N,https://store.steampowered.com/app/2832330/,https://cdn.akamai.steamstatic.com/steam/apps/2832330/header.jpg
314430,M.A.R.S.,2021,2021-10-28,Mixed,639,1021,62.6,0,\N,https://store.steampowered.com/app/314430/,https://cdn.akamai.steamstatic.com/steam/apps/314430/header.jpg
408930,ePic Character Generator,2015,2015-11-05,Very Positive,829,1003,82.7,0,\N,https://store.steampowered.com/app/408930/,https://cdn.akamai.steamstatic.com/steam/apps/408930/header.jpg
2904320,Astrometica: Prologue,2024,2024-05-22,Very Positive,927,996,93.1,0,\N,https://store.steampowered.com/app/2904320/,https://cdn.akamai.steamstatic.com/steam/apps/2904320/header.jpg
1096200,The Orville - Interactive Fan Experience,2019,2019-07-23,Very Positive,882,977,90.3,0,\N,https://store.steampowered.com/app/1096200/,https://cdn.akamai.steamstatic.com/steam/apps/1096200/header.jpg
929490,RAM Pressure,2021,2021-09-15,Mixed,455,961,47.3,0,\N,https://store.steampowered.com/app/929490/,https://cdn.akamai.steamstatic.com/steam/apps/929490/header.jpg
317620,Space Hulk: Ascension,2014,2014-11-12,Mostly Positive,656,890,73.7,0,\N,https://store.steampowered.com/app/317620/,https://cdn.akamai.steamstatic.com/steam/apps/317620/header.jpg
397100,MachineCraft,2016,2016-03-25,Mostly Positive,684,888,77.0,0,\N,https://store.steampowered.com/app/397100/,https://cdn.akamai.steamstatic.com/steam/apps/397100/header.jpg
289780,Requiem: Desiderium Mortis,2015,2015-03-04,Mixed,587,867,67.7,0,\N,https://store.steampowered.com/app/289780/,https://cdn.akamai.steamstatic.com/steam/apps/289780/header.jpg
572520,Dropzone,2017,2017-02-15,Mixed,604,866,69.7,0,\N,https://store.steampowered.com/app/572520/,https://cdn.akamai.steamstatic.com/steam/apps/572520/header.jpg
1361680,cyberpunkdreams,2021,2021-05-14,Mostly Positive,658,863,76.2,0,\N,https://store.steampowered.com/app/1361680/,https://cdn.akamai.steamstatic.com/steam/apps/1361680/header.jpg
338000,Echoes+,2015,2015-01-15,Very Positive,792,858,92.3,0,\N,https://store.steampowered.com/app/338000/,https://cdn.akamai.steamstatic.com/steam/apps/338000/header.jpg
294160,Galcon 2: Galactic Conquest,2014,2014-12-05,Very Positive,713,852,83.7,0,\N,https://store.steampowered.com/app/294160/,https://cdn.akamai.steamstatic.com/steam/apps/294160/header.jpg
1684660,natsuno-kanata - beyond the summer,2022,2022-08-17,Overwhelmingly Positive,809,851,95.1,0,\N,https://store.steampowered.com/app/1684660/,https://cdn.akamai.steamstatic.com/steam/apps/1684660/header.jpg
439370,Midair,2018,2018-05-03,Mixed,471,847,55.6,0,\N,https://store.steampowered.com/app/439370/,https://cdn.akamai.steamstatic.com/steam/apps/439370/header.jpg
2503740,Storm Striker,2023,2023-11-16,Mixed,572,845,67.7,0,\N,https://store.steampowered.com/app/2503740/,https://cdn.akamai.steamstatic.com/steam/apps/2503740/header.jpg
1386950,Heavy Metal Babes,2020,2020-12-21,Mixed,564,830,68.0,0,\N,https://store.steampowered.com/app/1386950/,https://cdn.akamai.steamstatic.com/steam/apps/1386950/header.jpg
1761220,Prosperous Universe,2022,2022-04-20,Mostly Positive,610,817,74.7,0,\N,https://store.steampowered.com/app/1761220/,https://cdn.akamai.steamstatic.com/steam/apps/1761220/header.jpg
1288170,Red Planet Farming,2020,2020-05-25,Overwhelmingly Positive,773,804,96.1,0,\N,https://store.steampowered.com/app/1288170/,https://cdn.akamai.steamstatic.com/steam/apps/1288170/header.jpg
866540,VR Flush,2018,2018-06-20,Very Positive,747,790,94.6,0,\N,https://store.steampowered.com/app/866540/,https://cdn.akamai.steamstatic.com/steam/apps/866540/header.jpg
317100,Republique,2015,2015-02-25,Mostly Positive,607,788,77.0,0,\N,https://store.steampowered.com/app/317100/,https://cdn.akamai.steamstatic.com/steam/apps/317100/header.jpg
639650,1982,2017,2017-06-28,Very Positive,733,782,93.7,0,\N,https://store.steampowered.com/app/639650/,https://cdn.akamai.steamstatic.com/steam/apps/639650/header.jpg
2089760,Shatterline Playtest,2022,2022-08-30,Very Positive,735,780,94.2,0,\N,https://store.steampowered.com/app/2089760/,https://cdn.akamai.steamstatic.com/steam/apps/2089760/header.jpg
223410,Perpetuum,2014,2014-10-17,Mostly Positive,562,777,72.3,0,\N,https://store.steampowered.com/app/223410/,https://cdn.akamai.steamstatic.com/steam/apps/223410/header.jpg
672640,War Robots VR: The Skirmish,2017,2017-08-10,Mostly Positive,618,776,79.6,0,\N,https://store.steampowered.com/app/672640/,https://cdn.akamai.steamstatic.com/steam/apps/672640/header.jpg
642390,Blocksworld,2017,2017-09-25,Mixed,498,768,64.8,0,\N,https://store.steampowered.com/app/642390/,https://cdn.akamai.steamstatic.com/steam/apps/642390/header.jpg
2214500,X Invader: Prologue,2023,2023-01-31,Very Positive,666,765,87.1,0,\N,https://store.steampowered.com/app/2214500/,https://cdn.akamai.steamstatic.com/steam/apps/2214500/header.jpg
930910,STEINS;GATE: Linear Bounded Phenogram,2019,2019-02-19,Overwhelmingly Positive,736,760,96.8,0,\N,https://store.steampowered.com/app/930910/,https://cdn.akamai.steamstatic.com/steam/apps/930910/header.jpg
1755920,Infinite Lagrange,2021,2021-10-07,Mixed,420,757,55.5,0,\N,https://store.steampowered.com/app/1755920/,https://cdn.akamai.steamstatic.com/steam/apps/1755920/header.jpg
423890,Gods and Idols,2016,2016-12-12,Mostly Positive,529,753,70.3,0,\N,https://store.steampowered.com/app/423890/,https://cdn.akamai.steamstatic.com/steam/apps/423890/header.jpg
1375530,Exo One: Prologue,2020,2020-08-21,Very Positive,690,735,93.9,0,\N,https://store.steampowered.com/app/1375530/,https://cdn.akamai.steamstatic.com/steam/apps/1375530/header.jpg
528740,Operation: New Earth,2016,2016-12-14,Mixed,439,729,60.2,0,\N,https://store.steampowered.com/app/528740/,https://cdn.akamai.steamstatic.com/steam/apps/528740/header.jpg
2854290,100 Space Cats,2024,2024-06-16,Mixed,481,722,66.6,0,\N,https://store.steampowered.com/app/2854290/,https://cdn.akamai.steamstatic.com/steam/apps/2854290/header.jpg
466270,Half-Life: A Place in the West,2016,2016-09-29,Very Positive,635,721,88.1,0,\N,https://store.steampowered.com/app/466270/,https://cdn.akamai.steamstatic.com/steam/apps/466270/header.jpg
1272550,PHANTOM GALAXIES™,2023,2023-11-15,Mostly Negative,282,720,39.2,0,\N,https://store.steampowered.com/app/1272550/,https://cdn.akamai.steamstatic.com/steam/apps/1272550/header.jpg
1012240,旅燕归航 Swallow Homing,2019,2019-02-13,Overwhelmingly Positive,701,712,98.5,0,\N,https://store.steampowered.com/app/1012240/,https://cdn.akamai.steamstatic.com/steam/apps/1012240/header.jpg
1570960,Grey Instinct,2021,2021-07-21,Overwhelmingly Positive,675,704,95.9,0,\N,https://store.steampowered.com/app/1570960/,https://cdn.akamai.steamstatic.com/steam/apps/1570960/header.jpg
1409160,Plasma,2023,2023-09-13,Very Positive,625,697,89.7,0,\N,https://store.steampowered.com/app/1409160/,https://cdn.akamai.steamstatic.com/steam/apps/1409160/header.jpg
1557040,Terraformers: First Steps on Mars,2021,2021-10-23,Very Positive,599,668,89.7,0,\N,https://store.steampowered.com/app/1557040/,https://cdn.akamai.steamstatic.com/steam/apps/1557040/header.jpg
450220,Overload Playable Teaser 3.0,2016,2016-03-07,Very Positive,628,667,94.2,0,\N,https://store.steampowered.com/app/450220/,https://cdn.akamai.steamstatic.com/steam/apps/450220/header.jpg
2398450,Classic Marathon,2024,2024-05-10,Very Positive,604,661,91.4,0,\N,https://store.steampowered.com/app/2398450/,https://cdn.akamai.steamstatic.com/steam/apps/2398450/header.jpg
2229880,Command & Conquer™ Tiberian Sun™ and Firestorm™,2024,2024-03-07,Very Positive,573,650,88.2,0,\N,https://store.steampowered.com/app/2229880/,https://cdn.akamai.steamstatic.com/steam/apps/2229880/header.jpg
1449750,Space Commander: War and Trade,2020,2020-11-04,Mixed,425,629,67.6,0,\N,https://store.steampowered.com/app/1449750/,https://cdn.akamai.steamstatic.com/steam/apps/1449750/header.jpg
392450,Silver Creek Falls: Chapter 1,2015,2015-08-12,Very Positive,540,623,86.7,0,\N,https://store.steampowered.com/app/392450/,https://cdn.akamai.steamstatic.com/steam/apps/392450/header.jpg
397150,Stellar Overload,2016,2016-10-11,Mixed,423,618,68.4,0,\N,https://store.steampowered.com/app/397150/,https://cdn.akamai.steamstatic.com/steam/apps/397150/header.jpg
1472250,ROG CITADEL XV,2021,2021-01-12,Mostly Positive,431,611,70.5,0,\N,https://store.steampowered.com/app/1472250/,https://cdn.akamai.steamstatic.com/steam/apps/1472250/header.jpg
949060,Love Thyself - A Horatio Story,2019,2019-04-01,Very Positive,554,601,92.2,0,\N,https://store.steampowered.com/app/949060/,https://cdn.akamai.steamstatic.com/steam/apps/949060/header.jpg
1596950,Frog Fighters,2021,2021-05-30,Very Positive,560,599,93.5,0,\N,https://store.steampowered.com/app/1596950/,https://cdn.akamai.steamstatic.com/steam/apps/1596950/header.jpg
352700,Subspace Continuum,2015,2015-07-03,Very Positive,522,590,88.5,0,\N,https://store.steampowered.com/app/352700/,https://cdn.akamai.steamstatic.com/steam/apps/352700/header.jpg
321840,Rising Angels: Reborn,2014,2014-09-12,Very Positive,473,586,80.7,0,\N,https://store.steampowered.com/app/321840/,https://cdn.akamai.steamstatic.com/steam/apps/321840/header.jpg
1427890,Blaston,2020,2020-12-15,Very Positive,512,557,91.9,0,\N,https://store.steampowered.com/app/1427890/,https://cdn.akamai.steamstatic.com/steam/apps/1427890/header.jpg
2317560,3 Days War,2023,2023-04-16,Very Positive,480,553,86.8,0,\N,https://store.steampowered.com/app/2317560/,https://cdn.akamai.steamstatic.com/steam/apps/2317560/header.jpg
224000,Project Eagle: A 3D Interactive Mars Base,2018,2018-11-27,Mostly Positive,404,537,75.2,0,\N,https://store.steampowered.com/app/224000/,https://cdn.akamai.steamstatic.com/steam/apps/224000/header.jpg
490230,SWARMRIDERS,2016,2016-06-15,Very Positive,471,531,88.7,0,\N,https://store.steampowered.com/app/490230/,https://cdn.akamai.steamstatic.com/steam/apps/490230/header.jpg
616830,Cartoon Strike,2020,2020-10-14,Mixed,341,526,64.8,0,\N,https://store.steampowered.com/app/616830/,https://cdn.akamai.steamstatic.com/steam/apps/616830/header.jpg
265770,Cannons Lasers Rockets,2014,2014-08-25,Mostly Negative,132,523,25.2,0,\N,https://store.steampowered.com/app/265770/,https://cdn.akamai.steamstatic.com/steam/apps/265770/header.jpg
1407860,Space Travel Idle,2020,2020-09-22,Mixed,335,517,64.8,0,\N,https://store.steampowered.com/app/1407860/,https://cdn.akamai.steamstatic.com/steam/apps/1407860/header.jpg
1832220,Blind Fate: Edo no Yami — Dojo,2021,2021-12-16,Very Positive,451,516,87.4,0,\N,https://store.steampowered.com/app/1832220/,https://cdn.akamai.steamstatic.com/steam/apps/1832220/header.jpg
1738710,SCP: Observer,2023,2023-04-25,Very Positive,484,514,94.2,0,\N,https://store.steampowered.com/app/1738710/,https://cdn.akamai.steamstatic.com/steam/apps/1738710/header.jpg
726910,Star Wars: Droid Repair Bay,2017,2017-12-06,Very Positive,457,509,89.8,0,\N,https://store.steampowered.com/app/726910/,https://cdn.akamai.steamstatic.com/steam/apps/726910/header.jpg
1641990,Warhammer Combat Cards,2021,2021-06-03,Mixed,294,504,58.3,0,\N,https://store.steampowered.com/app/1641990/,https://cdn.akamai.steamstatic.com/steam/apps/1641990/header.jpg
1055210,Retrograde Arena,2020,2020-05-28,Overwhelmingly Positive,478,503,95.0,0,\N,https://store.steampowered.com/app/1055210/,https://cdn.akamai.steamstatic.com/steam/apps/1055210/header.jpg
435440,Galaxy Control: 3D Strategy,2016,2016-08-10,Mixed,294,502,58.6,0,\N,https://store.steampowered.com/app/435440/,https://cdn.akamai.steamstatic.com/steam/apps/435440/header.jpg
18110,Shattered Horizon,2009,2009-11-04,Very Positive,420,494,85.0,0,\N,https://store.steampowered.com/app/18110/,https://cdn.akamai.steamstatic.com/steam/apps/18110/header.jpg
373720,Ryzom,2016,2016-05-06,Mostly Positive,345,491,70.3,0,\N,https://store.steampowered.com/app/373720/,https://cdn.akamai.steamstatic.com/steam/apps/373720/header.jpg
1116550,Elon Simulator 2019,2019,2019-10-18,Very Positive,397,480,82.7,0,\N,https://store.steampowered.com/app/1116550/,https://cdn.akamai.steamstatic.com/steam/apps/1116550/header.jpg
295710,Darkwind: War on Wheels,2014,2014-08-22,Mixed,236,464,50.9,0,\N,https://store.steampowered.com/app/295710/,https://cdn.akamai.steamstatic.com/steam/apps/295710/header.jpg
1296560,Vectromirror 0™,2020,2020-07-02,Very Positive,395,462,85.5,0,\N,https://store.steampowered.com/app/1296560/,https://cdn.akamai.steamstatic.com/steam/apps/1296560/header.jpg
769920,Odysseus Kosmos and his Robot Quest: Episode 1,2018,2018-01-12,Mostly Positive,362,460,78.7,0,\N,https://store.steampowered.com/app/769920/,https://cdn.akamai.steamstatic.com/steam/apps/769920/header.jpg
1368340,Beneath a Steel Sky,2020,2020-07-27,Very Positive,413,457,90.4,0,\N,https://store.steampowered.com/app/1368340/,https://cdn.akamai.steamstatic.com/steam/apps/1368340/header.jpg
1828100,Hacker Simulator: Free Trial,2022,2022-02-15,Mostly Positive,357,456,78.3,0,\N,https://store.steampowered.com/app/1828100/,https://cdn.akamai.steamstatic.com/steam/apps/1828100/header.jpg
1340470,Wait! Life is Beautiful! Prologue,2020,2020-08-06,Very Positive,397,450,88.2,0,\N,https://store.steampowered.com/app/1340470/,https://cdn.akamai.steamstatic.com/steam/apps/1340470/header.jpg
394120,Home Legacy,2017,2017-12-25,Mostly Negative,169,446,37.9,0,\N,https://store.steampowered.com/app/394120/,https://cdn.akamai.steamstatic.com/steam/apps/394120/header.jpg
1554860,Cognition Method: Initiation,2021,2021-04-22,Very Positive,374,446,83.9,0,\N,https://store.steampowered.com/app/1554860/,https://cdn.akamai.steamstatic.com/steam/apps/1554860/header.jpg
699240,Keyboard Killers,2017,2017-09-21,Mixed,219,438,50.0,0,\N,https://store.steampowered.com/app/699240/,https://cdn.akamai.steamstatic.com/steam/apps/699240/header.jpg
1398390,SPACE / MECH / PILOT,2020,2020-10-13,Very Positive,367,436,84.2,0,\N,https://store.steampowered.com/app/1398390/,https://cdn.akamai.steamstatic.com/steam/apps/1398390/header.jpg
343740,InMind VR,2015,2015-01-19,Mostly Positive,340,432,78.7,0,\N,https://store.steampowered.com/app/343740/,https://cdn.akamai.steamstatic.com/steam/apps/343740/header.jpg
2447060,Monster Tiles TD: Tower Wars,2024,2024-02-11,Very Positive,350,425,82.4,0,\N,https://store.steampowered.com/app/2447060/,https://cdn.akamai.steamstatic.com/steam/apps/2447060/header.jpg
1274360,幽灵高校(Ghost College),2021,2021-05-28,Mostly Positive,331,424,78.1,0,\N,https://store.steampowered.com/app/1274360/,https://cdn.akamai.steamstatic.com/steam/apps/1274360/header.jpg
1569620,Lab Rags,2021,2021-05-16,Very Positive,392,422,92.9,0,\N,https://store.steampowered.com/app/1569620/,https://cdn.akamai.steamstatic.com/steam/apps/1569620/header.jpg
504300,Gangs of Space,2017,2017-08-10,Mostly Positive,318,418,76.1,0,\N,https://store.steampowered.com/app/504300/,https://cdn.akamai.steamstatic.com/steam/apps/504300/header.jpg
1908670,Charlie in the Moistverse of Madness,2022,2022-03-11,Very Positive,406,417,97.4,0,\N,https://store.steampowered.com/app/1908670/,https://cdn.akamai.steamstatic.com/steam/apps/1908670/header.jpg
349790,Galaxy of Pen & Paper +1,2017,2017-07-27,Mostly Positive,294,411,71.5,0,\N,https://store.steampowered.com/app/349790/,https://cdn.akamai.steamstatic.com/steam/apps/349790/header.jpg
351790,Invisible Apartment,2015,2015-03-02,Mostly Positive,289,409,70.7,0,\N,https://store.steampowered.com/app/351790/,https://cdn.akamai.steamstatic.com/steam/apps/351790/header.jpg
512270,Home - A VR Spacewalk,2017,2017-11-30,Mostly Positive,285,405,70.4,0,\N,https://store.steampowered.com/app/512270/,https://cdn.akamai.steamstatic.com/steam/apps/512270/header.jpg
2758490,Kepler-2100,2024,2024-09-24,Very Positive,339,404,83.9,0,\N,https://store.steampowered.com/app/2758490/,https://cdn.akamai.steamstatic.com/steam/apps/2758490/header.jpg
1075140,Super Friends Party,2019,2019-06-14,Mixed,270,400,67.5,0,\N,https://store.steampowered.com/app/1075140/,https://cdn.akamai.steamstatic.com/steam/apps/1075140/header.jpg
45720,Lost Planet: Extreme Condition Colonies Edition,2010,2010-02-11,Mixed,255,399,63.9,0,\N,https://store.steampowered.com/app/45720/,https://cdn.akamai.steamstatic.com/steam/apps/45720/header.jpg
280910,T.E.C. 3001,2014,2014-04-11,Very Positive,351,392,89.5,0,\N,https://store.steampowered.com/app/280910/,https://cdn.akamai.steamstatic.com/steam/apps/280910/header.jpg
2317510,Revenant,2023,2023-03-29,Very Positive,373,391,95.4,0,\N,https://store.steampowered.com/app/2317510/,https://cdn.akamai.steamstatic.com/steam/apps/2317510/header.jpg
1460200,Merge Nymphs,2021,2021-02-11,Mixed,249,386,64.5,0,\N,https://store.steampowered.com/app/1460200/,https://cdn.akamai.steamstatic.com/steam/apps/1460200/header.jpg
553880,Archangel™: Hellfire - Enlist FREE,2017,2017-08-02,Mixed,209,381,54.9,0,\N,https://store.steampowered.com/app/553880/,https://cdn.akamai.steamstatic.com/steam/apps/553880/header.jpg
1835440,VOCÊ É UM DEFUNTO MECÂNICO,2022,2022-01-09,Very Positive,368,379,97.1,0,\N,https://store.steampowered.com/app/1835440/,https://cdn.akamai.steamstatic.com/steam/apps/1835440/header.jpg
719200,The Wall,2018,2018-11-02,Mostly Positive,274,374,73.3,0,\N,https://store.steampowered.com/app/719200/,https://cdn.akamai.steamstatic.com/steam/apps/719200/header.jpg
2920270,Super Sus,2024,2024-07-30,Mixed,201,361,55.7,0,\N,https://store.steampowered.com/app/2920270/,https://cdn.akamai.steamstatic.com/steam/apps/2920270/header.jpg
340350,Quintet,2015,2015-05-11,Mostly Positive,276,359,76.9,0,\N,https://store.steampowered.com/app/340350/,https://cdn.akamai.steamstatic.com/steam/apps/340350/header.jpg
2175780,Dominance,2023,2023-01-12,Mixed,229,353,64.9,0,\N,https://store.steampowered.com/app/2175780/,https://cdn.akamai.steamstatic.com/steam/apps/2175780/header.jpg
793490,Exocraft,2019,2019-03-12,Mixed,187,351,53.3,0,\N,https://store.steampowered.com/app/793490/,https://cdn.akamai.steamstatic.com/steam/apps/793490/header.jpg
497820,Quanero VR,2016,2016-08-12,Very Positive,313,349,89.7,0,\N,https://store.steampowered.com/app/497820/,https://cdn.akamai.steamstatic.com/steam/apps/497820/header.jpg
2881870,Самый дорогой человек,2024,2024-06-26,Very Positive,322,342,94.2,0,\N,https://store.steampowered.com/app/2881870/,https://cdn.akamai.steamstatic.com/steam/apps/2881870/header.jpg
2138570,Mutants: Genesis,2023,2023-05-10,Mostly Positive,268,341,78.6,0,\N,https://store.steampowered.com/app/2138570/,https://cdn.akamai.steamstatic.com/steam/apps/2138570/header.jpg
1781750,Fly Dangerous,2022,2022-05-24,Mostly Positive,269,341,78.9,0,\N,https://store.steampowered.com/app/1781750/,https://cdn.akamai.steamstatic.com/steam/apps/1781750/header.jpg
1751980,The Savior From Above,2021,2021-12-06,Very Positive,320,337,95.0,0,\N,https://store.steampowered.com/app/1751980/,https://cdn.akamai.steamstatic.com/steam/apps/1751980/header.jpg
1384320,Grapple Tournament,2023,2023-12-23,Very Positive,307,337,91.1,0,\N,https://store.steampowered.com/app/1384320/,https://cdn.akamai.steamstatic.com/steam/apps/1384320/header.jpg
555450,Deus Ex: Breach™,2017,2017-01-24,Mixed,148,332,44.6,0,\N,https://store.steampowered.com/app/555450/,https://cdn.akamai.steamstatic.com/steam/apps/555450/header.jpg
386640,Affected Zone Tactics,2015,2015-11-17,Mixed,181,330,54.8,0,\N,https://store.steampowered.com/app/386640/,https://cdn.akamai.steamstatic.com/steam/apps/386640/header.jpg
324120,Verde Station,2014,2014-12-18,Mostly Positive,248,330,75.2,0,\N,https://store.steampowered.com/app/324120/,https://cdn.akamai.steamstatic.com/steam/apps/324120/header.jpg
2730270,Sputnika Game,2024,2024-02-11,Very Positive,291,329,88.4,0,\N,https://store.steampowered.com/app/2730270/,https://cdn.akamai.steamstatic.com/steam/apps/2730270/header.jpg
1906220,Мафия Онлайн,2022,2022-07-13,Mixed,202,323,62.5,0,\N,https://store.steampowered.com/app/1906220/,https://cdn.akamai.steamstatic.com/steam/apps/1906220/header.jpg
628290,All Walls Must Fall - A Tech-Noir Tactics Game,2018,2018-02-23,Mostly Positive,227,321,70.7,0,\N,https://store.steampowered.com/app/628290/,https://cdn.akamai.steamstatic.com/steam/apps/628290/header.jpg
725100,Exoblast,2022,2022-01-31,Very Positive,253,316,80.1,0,\N,https://store.steampowered.com/app/725100/,https://cdn.akamai.steamstatic.com/steam/apps/725100/header.jpg
403690,Codename: Rogue Fleet,2016,2016-01-15,Mixed,189,315,60.0,0,\N,https://store.steampowered.com/app/403690/,https://cdn.akamai.steamstatic.com/steam/apps/403690/header.jpg
2996090,源战役,2024,2024-07-18,Very Positive,295,313,94.2,0,\N,https://store.steampowered.com/app/2996090/,https://cdn.akamai.steamstatic.com/steam/apps/2996090/header.jpg
968500,A Bewitching Revolution,2019,2019-04-09,Very Positive,291,310,93.9,0,\N,https://store.steampowered.com/app/968500/,https://cdn.akamai.steamstatic.com/steam/apps/968500/header.jpg
523740,Techwars: Global Conflict,2017,2017-12-21,Mixed,209,309,67.6,0,\N,https://store.steampowered.com/app/523740/,https://cdn.akamai.steamstatic.com/steam/apps/523740/header.jpg
1338250,Nohra,2020,2020-06-18,Very Positive,299,309,96.8,0,\N,https://store.steampowered.com/app/1338250/,https://cdn.akamai.steamstatic.com/steam/apps/1338250/header.jpg
979260,Gizmo,2018,2018-12-05,Very Positive,294,309,95.1,0,\N,https://store.steampowered.com/app/979260/,https://cdn.akamai.steamstatic.com/steam/apps/979260/header.jpg
489560,Astroflux,2016,2016-09-27,Mostly Positive,225,308,73.1,0,\N,https://store.steampowered.com/app/489560/,https://cdn.akamai.steamstatic.com/steam/apps/489560/header.jpg
1721980,Loading Story,2021,2021-09-10,Very Positive,291,307,94.8,0,\N,https://store.steampowered.com/app/1721980/,https://cdn.akamai.steamstatic.com/steam/apps/1721980/header.jpg
2885580,Void Whispers,2024,2024-04-06,Very Positive,285,304,93.8,0,\N,https://store.steampowered.com/app/2885580/,https://cdn.akamai.steamstatic.com/steam/apps/2885580/header.jpg
217120,Waves 2: Notorious,2015,2015-12-16,Very Positive,279,302,92.4,0,\N,https://store.steampowered.com/app/217120/,https://cdn.akamai.steamstatic.com/steam/apps/217120/header.jpg
963400,SCP: Blackout,2024,2024-03-26,Mixed,206,301,68.4,0,\N,https://store.steampowered.com/app/963400/,https://cdn.akamai.steamstatic.com/steam/apps/963400/header.jpg
2851820,Kriegsfront Tactics - Prologue,2024,2024-07-17,Very Positive,278,296,93.9,0,\N,https://store.steampowered.com/app/2851820/,https://cdn.akamai.steamstatic.com/steam/apps/2851820/header.jpg
488430,Galaxy in Turmoil,2020,2020-05-23,Mostly Negative,116,293,39.6,0,\N,https://store.steampowered.com/app/488430/,https://cdn.akamai.steamstatic.com/steam/apps/488430/header.jpg
681330,Helium Rain,2018,2018-10-11,Mostly Positive,227,290,78.3,0,\N,https://store.steampowered.com/app/681330/,https://cdn.akamai.steamstatic.com/steam/apps/681330/header.jpg
856880,Fighting Fantasy Classics,2018,2018-06-05,Mostly Positive,229,289,79.2,0,\N,https://store.steampowered.com/app/856880/,https://cdn.akamai.steamstatic.com/steam/apps/856880/header.jpg
2962810,Galaxy Idle Clicker,2024,2024-07-18,Mostly Positive,218,288,75.7,0,\N,https://store.steampowered.com/app/2962810/,https://cdn.akamai.steamstatic.com/steam/apps/2962810/header.jpg
1219590,HEAT REBORN,2021,2021-05-08,Mixed,179,287,62.4,0,\N,https://store.steampowered.com/app/1219590/,https://cdn.akamai.steamstatic.com/steam/apps/1219590/header.jpg
396030,InCell VR,2015,2015-09-03,Mixed,195,283,68.9,0,\N,https://store.steampowered.com/app/396030/,https://cdn.akamai.steamstatic.com/steam/apps/396030/header.jpg
2645580,Free Stars: The Ur-Quan Masters,2024,2024-02-19,Very Positive,273,280,97.5,0,\N,https://store.steampowered.com/app/2645580/,https://cdn.akamai.steamstatic.com/steam/apps/2645580/header.jpg
2556450,哈希绿洲 Hash Oasis,2024,2024-04-10,Very Positive,248,280,88.6,0,\N,https://store.steampowered.com/app/2556450/,https://cdn.akamai.steamstatic.com/steam/apps/2556450/header.jpg
338820,Retro Commander,2023,2023-11-24,Mostly Positive,207,278,74.5,0,\N,https://store.steampowered.com/app/338820/,https://cdn.akamai.steamstatic.com/steam/apps/338820/header.jpg
1460540,Farlanders: Prologue,2021,2021-05-18,Very Positive,258,277,93.1,0,\N,https://store.steampowered.com/app/1460540/,https://cdn.akamai.steamstatic.com/steam/apps/1460540/header.jpg
2398550,Sect-Machina,2023,2023-09-10,Mixed,170,274,62.0,0,\N,https://store.steampowered.com/app/2398550/,https://cdn.akamai.steamstatic.com/steam/apps/2398550/header.jpg
310110,NS2: Combat,2014,2014-10-31,Mixed,145,273,53.1,0,\N,https://store.steampowered.com/app/310110/,https://cdn.akamai.steamstatic.com/steam/apps/310110/header.jpg
2230820,Sands,2023,2023-03-07,Mixed,143,273,52.4,0,\N,https://store.steampowered.com/app/2230820/,https://cdn.akamai.steamstatic.com/steam/apps/2230820/header.jpg
1037410,Captain Starshot,2019,2019-07-09,Mostly Positive,198,271,73.1,0,\N,https://store.steampowered.com/app/1037410/,https://cdn.akamai.steamstatic.com/steam/apps/1037410/header.jpg
2321460,Dynopunk: Welcome to Synth-City,2023,2023-04-12,Very Positive,260,267,97.4,0,\N,https://store.steampowered.com/app/2321460/,https://cdn.akamai.steamstatic.com/steam/apps/2321460/header.jpg
458760,Palinurus,2016,2016-12-09,Very Positive,250,263,95.1,0,\N,https://store.steampowered.com/app/458760/,https://cdn.akamai.steamstatic.com/steam/apps/458760/header.jpg
304690,Star Sonata 2,2020,2020-06-12,Mixed,176,262,67.2,0,\N,https://store.steampowered.com/app/304690/,https://cdn.akamai.steamstatic.com/steam/apps/304690/header.jpg
1243130,Nimbatus - Drone Creator,2020,2020-04-30,Very Positive,237,261,90.8,0,\N,https://store.steampowered.com/app/1243130/,https://cdn.akamai.steamstatic.com/steam/apps/1243130/header.jpg
1674590,Histera,2024,2024-06-20,Mostly Negative,56,260,21.5,0,\N,https://store.steampowered.com/app/1674590/,https://cdn.akamai.steamstatic.com/steam/apps/1674590/header.jpg
576430,World Of Robots,2022,2022-03-10,Mixed,156,259,60.2,0,\N,https://store.steampowered.com/app/576430/,https://cdn.akamai.steamstatic.com/steam/apps/576430/header.jpg
396280,Anarchy Online,2017,2017-02-22,Very Positive,209,257,81.3,0,\N,https://store.steampowered.com/app/396280/,https://cdn.akamai.steamstatic.com/steam/apps/396280/header.jpg
1864080,Assault Bots,2022,2022-04-15,Very Positive,211,256,82.4,0,\N,https://store.steampowered.com/app/1864080/,https://cdn.akamai.steamstatic.com/steam/apps/1864080/header.jpg
1135440,Little Green Girl,2023,2023-11-02,Very Positive,248,256,96.9,0,\N,https://store.steampowered.com/app/1135440/,https://cdn.akamai.steamstatic.com/steam/apps/1135440/header.jpg
2671350,THE MULLER-POWELL PRINCIPLE: Foreword,2023,2023-11-16,Very Positive,205,254,80.7,0,\N,https://store.steampowered.com/app/2671350/,https://cdn.akamai.steamstatic.com/steam/apps/2671350/header.jpg
1755240,Moon Runner,2022,2022-10-21,Very Positive,213,252,84.5,0,\N,https://store.steampowered.com/app/1755240/,https://cdn.akamai.steamstatic.com/steam/apps/1755240/header.jpg
2215910,Metaball,2024,2024-03-07,Mixed,168,252,66.7,0,\N,https://store.steampowered.com/app/2215910/,https://cdn.akamai.steamstatic.com/steam/apps/2215910/header.jpg
2305810,Low Oxygen,2023,2023-03-16,Very Positive,221,249,88.8,0,\N,https://store.steampowered.com/app/2305810/,https://cdn.akamai.steamstatic.com/steam/apps/2305810/header.jpg
1588400,Spacelines from the Far Out: Flight School,2022,2022-02-07,Very Positive,206,246,83.7,0,\N,https://store.steampowered.com/app/1588400/,https://cdn.akamai.steamstatic.com/steam/apps/1588400/header.jpg
922450,4X-Galaxy 无主之地：银河,2018,2018-12-20,Mixed,124,245,50.6,0,\N,https://store.steampowered.com/app/922450/,https://cdn.akamai.steamstatic.com/steam/apps/922450/header.jpg
656140,PLANETS OF WAR,2017,2017-06-30,Mixed,138,245,56.3,0,\N,https://store.steampowered.com/app/656140/,https://cdn.akamai.steamstatic.com/steam/apps/656140/header.jpg
3111800,Face The Abyss,2024,2024-09-20,Mixed,96,240,40.0,0,\N,https://store.steampowered.com/app/3111800/,https://cdn.akamai.steamstatic.com/steam/apps/3111800/header.jpg
720300,Toran,2019,2019-04-18,Very Positive,224,238,94.1,0,\N,https://store.steampowered.com/app/720300/,https://cdn.akamai.steamstatic.com/steam/apps/720300/header.jpg
259430,Zigfrak,2013,2013-12-13,Mostly Positive,172,237,72.6,0,\N,https://store.steampowered.com/app/259430/,https://cdn.akamai.steamstatic.com/steam/apps/259430/header.jpg
2095250,LASER LAB,2022,2022-09-08,Very Positive,221,237,93.2,0,\N,https://store.steampowered.com/app/2095250/,https://cdn.akamai.steamstatic.com/steam/apps/2095250/header.jpg
574070,Space Wars: Interstellar Empires,2017,2017-12-08,Mixed,157,236,66.5,0,\N,https://store.steampowered.com/app/574070/,https://cdn.akamai.steamstatic.com/steam/apps/574070/header.jpg
437610,SQUIDS FROM SPACE,2017,2017-06-16,Very Positive,205,233,88.0,0,\N,https://store.steampowered.com/app/437610/,https://cdn.akamai.steamstatic.com/steam/apps/437610/header.jpg
1976230,Outnumbered,2022,2022-09-09,Very Positive,186,230,80.9,0,\N,https://store.steampowered.com/app/1976230/,https://cdn.akamai.steamstatic.com/steam/apps/1976230/header.jpg
934850,Cyberdrome,2019,2019-01-01,Very Positive,202,230,87.8,0,\N,https://store.steampowered.com/app/934850/,https://cdn.akamai.steamstatic.com/steam/apps/934850/header.jpg
1676880,契灵之约,2021,2021-08-11,Very Positive,202,229,88.2,0,\N,https://store.steampowered.com/app/1676880/,https://cdn.akamai.steamstatic.com/steam/apps/1676880/header.jpg
1455920,EQI,2021,2021-01-15,Very Positive,195,223,87.4,0,\N,https://store.steampowered.com/app/1455920/,https://cdn.akamai.steamstatic.com/steam/apps/1455920/header.jpg
2138290,FRAIM - Survival Rhythm Aim Trainer,2022,2022-11-01,Mixed,130,223,58.3,0,\N,https://store.steampowered.com/app/2138290/,https://cdn.akamai.steamstatic.com/steam/apps/2138290/header.jpg
1126420,REMOTE LIFE,2019,2019-10-04,Very Positive,200,221,90.5,0,\N,https://store.steampowered.com/app/1126420/,https://cdn.akamai.steamstatic.com/steam/apps/1126420/header.jpg
1005240,Pixel Puzzles Illustrations & Anime,2021,2021-02-23,Mostly Positive,165,219,75.3,0,\N,https://store.steampowered.com/app/1005240/,https://cdn.akamai.steamstatic.com/steam/apps/1005240/header.jpg
1962770,Nova Empire,2022,2022-05-26,Mixed,115,218,52.8,0,\N,https://store.steampowered.com/app/1962770/,https://cdn.akamai.steamstatic.com/steam/apps/1962770/header.jpg
349520,Armillo,2020,2020-07-03,Very Positive,192,216,88.9,0,\N,https://store.steampowered.com/app/349520/,https://cdn.akamai.steamstatic.com/steam/apps/349520/header.jpg
2404400,SEARCH ALL - UFO,2023,2023-09-27,Very Positive,189,215,87.9,0,\N,https://store.steampowered.com/app/2404400/,https://cdn.akamai.steamstatic.com/steam/apps/2404400/header.jpg
2613610,Drift.Wav,2023,2023-10-27,Very Positive,201,214,93.9,0,\N,https://store.steampowered.com/app/2613610/,https://cdn.akamai.steamstatic.com/steam/apps/2613610/header.jpg
2010450,Endlanders : First Encounter,2022,2022-06-04,Very Positive,173,214,80.8,0,\N,https://store.steampowered.com/app/2010450/,https://cdn.akamai.steamstatic.com/steam/apps/2010450/header.jpg
273240,Gunhound EX,2014,2014-05-01,Mixed,148,214,69.2,0,\N,https://store.steampowered.com/app/273240/,https://cdn.akamai.steamstatic.com/steam/apps/273240/header.jpg
923370,Cat Warfare,2020,2020-02-26,Very Positive,201,214,93.9,0,\N,https://store.steampowered.com/app/923370/,https://cdn.akamai.steamstatic.com/steam/apps/923370/header.jpg
1786760,荣耀斗罗,2021,2021-11-18,Very Positive,197,211,93.4,0,\N,https://store.steampowered.com/app/1786760/,https://cdn.akamai.steamstatic.com/steam/apps/1786760/header.jpg
2761970,The Portal Trial,2024,2024-01-19,Very Positive,170,208,81.7,0,\N,https://store.steampowered.com/app/2761970/,https://cdn.akamai.steamstatic.com/steam/apps/2761970/header.jpg
1062070,Tex-Mechs,2020,2020-02-21,Very Positive,190,208,91.3,0,\N,https://store.steampowered.com/app/1062070/,https://cdn.akamai.steamstatic.com/steam/apps/1062070/header.jpg
1451870,Sunset Drive 1986,2021,2021-01-20,Very Positive,180,207,87.0,0,\N,https://store.steampowered.com/app/1451870/,https://cdn.akamai.steamstatic.com/steam/apps/1451870/header.jpg
489000,The Infinite Black,2016,2016-10-19,Mixed,138,207,66.7,0,\N,https://store.steampowered.com/app/489000/,https://cdn.akamai.steamstatic.com/steam/apps/489000/header.jpg
1895780,Sexy Space Airlines,2022,2022-03-23,Mixed,107,206,51.9,0,\N,https://store.steampowered.com/app/1895780/,https://cdn.akamai.steamstatic.com/steam/apps/1895780/header.jpg
1780690,The Tale of Fighting Nymphs,2021,2021-10-20,Very Positive,182,203,89.7,0,\N,https://store.steampowered.com/app/1780690/,https://cdn.akamai.steamstatic.com/steam/apps/1780690/header.jpg
1075430,Cowpocalypse - Episode 0,2019,2019-05-29,Very Positive,175,203,86.2,0,\N,https://store.steampowered.com/app/1075430/,https://cdn.akamai.steamstatic.com/steam/apps/1075430/header.jpg
2920690,SOF: Enemy from the future,2024,2024-08-19,Very Positive,178,202,88.1,0,\N,https://store.steampowered.com/app/2920690/,https://cdn.akamai.steamstatic.com/steam/apps/2920690/header.jpg
385530,Astro Lords,2015,2015-09-29,Mixed,135,201,67.2,0,\N,https://store.steampowered.com/app/385530/,https://cdn.akamai.steamstatic.com/steam/apps/385530/header.jpg
1758450,狂神无双,2021,2021-11-10,Very Positive,185,201,92.0,0,\N,https://store.steampowered.com/app/1758450/,https://cdn.akamai.steamstatic.com/steam/apps/1758450/header.jpg
1457430,斗罗大陆-王国印记,2021,2021-05-08,Mixed,121,199,60.8,0,\N,https://store.steampowered.com/app/1457430/,https://cdn.akamai.steamstatic.com/steam/apps/1457430/header.jpg
411480,BATTLECREW™ Space Pirates,2017,2017-07-10,Mixed,109,198,55.1,0,\N,https://store.steampowered.com/app/411480/,https://cdn.akamai.steamstatic.com/steam/apps/411480/header.jpg
920470,Dissolution,2018,2018-12-13,Mixed,105,195,53.8,0,\N,https://store.steampowered.com/app/920470/,https://cdn.akamai.steamstatic.com/steam/apps/920470/header.jpg
1976490,ShadowBringer,2022,2022-05-06,Very Positive,158,194,81.4,0,\N,https://store.steampowered.com/app/1976490/,https://cdn.akamai.steamstatic.com/steam/apps/1976490/header.jpg
598530,Naev,2017,2017-07-17,Mostly Positive,153,194,78.9,0,\N,https://store.steampowered.com/app/598530/,https://cdn.akamai.steamstatic.com/steam/apps/598530/header.jpg
704020,Master Arena,2022,2022-05-27,Mixed,128,192,66.7,0,\N,https://store.steampowered.com/app/704020/,https://cdn.akamai.steamstatic.com/steam/apps/704020/header.jpg
1313580,CryptoClickers: Crypto Idle Game,2021,2021-06-19,Mixed,124,192,64.6,0,\N,https://store.steampowered.com/app/1313580/,https://cdn.akamai.steamstatic.com/steam/apps/1313580/header.jpg
1943850,Indecent Details - Find the Difference,2022,2022-04-05,Mostly Positive,136,188,72.3,0,\N,https://store.steampowered.com/app/1943850/,https://cdn.akamai.steamstatic.com/steam/apps/1943850/header.jpg
437720,Blossoms Bloom Brightest,2017,2017-04-28,Mixed,130,186,69.9,0,\N,https://store.steampowered.com/app/437720/,https://cdn.akamai.steamstatic.com/steam/apps/437720/header.jpg
1095060,Jar Wars,2020,2020-02-25,Mostly Positive,136,186,73.1,0,\N,https://store.steampowered.com/app/1095060/,https://cdn.akamai.steamstatic.com/steam/apps/1095060/header.jpg
2398490,Classic Marathon 2,2024,2024-07-12,Very Positive,171,186,91.9,0,\N,https://store.steampowered.com/app/2398490/,https://cdn.akamai.steamstatic.com/steam/apps/2398490/header.jpg
3196540,IdleTale,2024,2024-09-20,Mixed,121,186,65.1,0,\N,https://store.steampowered.com/app/3196540/,https://cdn.akamai.steamstatic.com/steam/apps/3196540/header.jpg
1393830,INFLUXIS,2020,2020-09-01,Mixed,129,185,69.7,0,\N,https://store.steampowered.com/app/1393830/,https://cdn.akamai.steamstatic.com/steam/apps/1393830/header.jpg
1161640,Kowloon's Curse: Lost Report,2023,2023-03-22,Very Positive,171,184,92.9,0,\N,https://store.steampowered.com/app/1161640/,https://cdn.akamai.steamstatic.com/steam/apps/1161640/header.jpg
1465210,Gravulse Experimental,2020,2020-12-20,Mostly Positive,134,179,74.9,0,\N,https://store.steampowered.com/app/1465210/,https://cdn.akamai.steamstatic.com/steam/apps/1465210/header.jpg
1995780,Aliens After Ava,2023,2023-01-13,Very Positive,175,177,98.9,0,\N,https://store.steampowered.com/app/1995780/,https://cdn.akamai.steamstatic.com/steam/apps/1995780/header.jpg
679400,Relik,2017,2017-10-18,Very Positive,140,175,80.0,0,\N,https://store.steampowered.com/app/679400/,https://cdn.akamai.steamstatic.com/steam/apps/679400/header.jpg
2879000,Atman:Rebel Flame,2024,2024-03-31,Very Positive,149,175,85.1,0,\N,https://store.steampowered.com/app/2879000/,https://cdn.akamai.steamstatic.com/steam/apps/2879000/header.jpg
1032120,Stellar Survivor,2019,2019-06-20,Mixed,114,172,66.3,0,\N,https://store.steampowered.com/app/1032120/,https://cdn.akamai.steamstatic.com/steam/apps/1032120/header.jpg
581910,Iron Armada,2024,2024-05-28,Mostly Positive,133,171,77.8,0,\N,https://store.steampowered.com/app/581910/,https://cdn.akamai.steamstatic.com/steam/apps/581910/header.jpg
565110,Mobile Astro,2016,2016-12-15,Mostly Positive,122,171,71.3,0,\N,https://store.steampowered.com/app/565110/,https://cdn.akamai.steamstatic.com/steam/apps/565110/header.jpg
700480,Microsoft Allegiance,2017,2017-09-29,Mostly Positive,135,170,79.4,0,\N,https://store.steampowered.com/app/700480/,https://cdn.akamai.steamstatic.com/steam/apps/700480/header.jpg
630640,SEQUENCE STORM,2018,2018-12-21,Very Positive,163,170,95.9,0,\N,https://store.steampowered.com/app/630640/,https://cdn.akamai.steamstatic.com/steam/apps/630640/header.jpg
1493020,Song of Farca: Prologue,2021,2021-02-24,Very Positive,152,170,89.4,0,\N,https://store.steampowered.com/app/1493020/,https://cdn.akamai.steamstatic.com/steam/apps/1493020/header.jpg
652150,Oats Studios - Volume 1 Assets,2017,2017-06-14,Very Positive,159,170,93.5,0,\N,https://store.steampowered.com/app/652150/,https://cdn.akamai.steamstatic.com/steam/apps/652150/header.jpg
1953760,Symbiotic,2022,2022-05-16,Very Positive,143,169,84.6,0,\N,https://store.steampowered.com/app/1953760/,https://cdn.akamai.steamstatic.com/steam/apps/1953760/header.jpg
1445240,Tempo,2021,2021-11-01,Mostly Positive,133,168,79.2,0,\N,https://store.steampowered.com/app/1445240/,https://cdn.akamai.steamstatic.com/steam/apps/1445240/header.jpg
2071360,Astronite - Landing on Neplea,2022,2022-09-08,Very Positive,143,167,85.6,0,\N,https://store.steampowered.com/app/2071360/,https://cdn.akamai.steamstatic.com/steam/apps/2071360/header.jpg
1911980,Dissonance,2022,2022-04-27,Very Positive,154,166,92.8,0,\N,https://store.steampowered.com/app/1911980/,https://cdn.akamai.steamstatic.com/steam/apps/1911980/header.jpg
1066400,Doctor Who: The Runaway,2020,2020-01-20,Very Positive,140,165,84.8,0,\N,https://store.steampowered.com/app/1066400/,https://cdn.akamai.steamstatic.com/steam/apps/1066400/header.jpg
1860850,Entropy,2022,2022-02-02,Very Positive,158,165,95.8,0,\N,https://store.steampowered.com/app/1860850/,https://cdn.akamai.steamstatic.com/steam/apps/1860850/header.jpg
772700,MatchyGotchy,2018,2018-01-31,Mostly Positive,124,164,75.6,0,\N,https://store.steampowered.com/app/772700/,https://cdn.akamai.steamstatic.com/steam/apps/772700/header.jpg
2058950,Space Tail: Lost in the Sands,2022,2022-08-12,Very Positive,155,164,94.5,0,\N,https://store.steampowered.com/app/2058950/,https://cdn.akamai.steamstatic.com/steam/apps/2058950/header.jpg
751280,Snail Trek - Chapter 1: Intershellar,2017,2017-11-29,Very Positive,155,163,95.1,0,\N,https://store.steampowered.com/app/751280/,https://cdn.akamai.steamstatic.com/steam/apps/751280/header.jpg
640160,Galactic Glitch: Prologue,2023,2023-05-31,Very Positive,159,163,97.5,0,\N,https://store.steampowered.com/app/640160/,https://cdn.akamai.steamstatic.com/steam/apps/640160/header.jpg
1203680,Guiding Light,2020,2020-01-20,Very Positive,138,161,85.7,0,\N,https://store.steampowered.com/app/1203680/,https://cdn.akamai.steamstatic.com/steam/apps/1203680/header.jpg
1588570,Lacuna: Prologue,2021,2021-04-22,Very Positive,145,160,90.6,0,\N,https://store.steampowered.com/app/1588570/,https://cdn.akamai.steamstatic.com/steam/apps/1588570/header.jpg
3036970,Pawn Planet: First Sales,2024,2024-07-16,Very Positive,139,159,87.4,0,\N,https://store.steampowered.com/app/3036970/,https://cdn.akamai.steamstatic.com/steam/apps/3036970/header.jpg
1445040,Space Choice: Data Analyzer,2021,2021-03-01,Very Positive,147,158,93.0,0,\N,https://store.steampowered.com/app/1445040/,https://cdn.akamai.steamstatic.com/steam/apps/1445040/header.jpg
1255380,Roller Riot,2020,2020-04-29,Very Positive,145,158,91.8,0,\N,https://store.steampowered.com/app/1255380/,https://cdn.akamai.steamstatic.com/steam/apps/1255380/header.jpg
697010,Until None Remain: Battle Royale PC Edition,2018,2018-01-18,Mixed,80,158,50.6,0,\N,https://store.steampowered.com/app/697010/,https://cdn.akamai.steamstatic.com/steam/apps/697010/header.jpg
990090,The Dandelion Girl: Don't You Remember Me?,2019,2019-07-11,Very Positive,150,157,95.5,0,\N,https://store.steampowered.com/app/990090/,https://cdn.akamai.steamstatic.com/steam/apps/990090/header.jpg
2010420,Pewt 'em Up!,2022,2022-06-08,Very Positive,154,157,98.1,0,\N,https://store.steampowered.com/app/2010420/,https://cdn.akamai.steamstatic.com/steam/apps/2010420/header.jpg
2130590,PUNCH FIT,2022,2022-09-11,Very Positive,131,156,84.0,0,\N,https://store.steampowered.com/app/2130590/,https://cdn.akamai.steamstatic.com/steam/apps/2130590/header.jpg
1288430,TinShift,2021,2021-06-03,Mostly Positive,112,153,73.2,0,\N,https://store.steampowered.com/app/1288430/,https://cdn.akamai.steamstatic.com/steam/apps/1288430/header.jpg
2366120,Build Master: MarsVille,2023,2023-12-11,Mostly Negative,61,153,39.9,0,\N,https://store.steampowered.com/app/2366120/,https://cdn.akamai.steamstatic.com/steam/apps/2366120/header.jpg
1659050,Creatures Docking Station,2021,2021-12-07,Very Positive,147,153,96.1,0,\N,https://store.steampowered.com/app/1659050/,https://cdn.akamai.steamstatic.com/steam/apps/1659050/header.jpg
436470,Gamma Bros,2018,2018-12-10,Very Positive,139,153,90.8,0,\N,https://store.steampowered.com/app/436470/,https://cdn.akamai.steamstatic.com/steam/apps/436470/header.jpg
2176310,Axiom,2023,2023-01-01,Mostly Positive,111,151,73.5,0,\N,https://store.steampowered.com/app/2176310/,https://cdn.akamai.steamstatic.com/steam/apps/2176310/header.jpg
2878280,Imitosis,2024,2024-06-07,Very Positive,147,149,98.7,0,\N,https://store.steampowered.com/app/2878280/,https://cdn.akamai.steamstatic.com/steam/apps/2878280/header.jpg
1657780,Ultimechs,2022,2022-09-15,Very Positive,128,147,87.1,0,\N,https://store.steampowered.com/app/1657780/,https://cdn.akamai.steamstatic.com/steam/apps/1657780/header.jpg
943170,Blast the Past,2018,2018-10-03,Very Positive,126,146,86.3,0,\N,https://store.steampowered.com/app/943170/,https://cdn.akamai.steamstatic.com/steam/apps/943170/header.jpg
1647440,Idle TD: Heroes vs Zombies,2022,2022-01-24,Mostly Positive,109,146,74.7,0,\N,https://store.steampowered.com/app/1647440/,https://cdn.akamai.steamstatic.com/steam/apps/1647440/header.jpg
2551200,KILLFISH,2023,2023-12-15,Very Positive,117,146,80.1,0,\N,https://store.steampowered.com/app/2551200/,https://cdn.akamai.steamstatic.com/steam/apps/2551200/header.jpg
1582850,Retro Machina: Nucleonics,2021,2021-04-14,Very Positive,132,146,90.4,0,\N,https://store.steampowered.com/app/1582850/,https://cdn.akamai.steamstatic.com/steam/apps/1582850/header.jpg
891480,Idle Expanse,2020,2020-09-07,Mixed,81,145,55.9,0,\N,https://store.steampowered.com/app/891480/,https://cdn.akamai.steamstatic.com/steam/apps/891480/header.jpg
3065090,[2.0.3] MEH 🖥️,2024,2024-07-04,Mixed,77,145,53.1,0,\N,https://store.steampowered.com/app/3065090/,https://cdn.akamai.steamstatic.com/steam/apps/3065090/header.jpg
464800,Twisted Worlds,2016,2016-06-17,Mixed,79,145,54.5,0,\N,https://store.steampowered.com/app/464800/,https://cdn.akamai.steamstatic.com/steam/apps/464800/header.jpg
1745750,Occult Crime Police,2021,2021-10-12,Very Positive,134,145,92.4,0,\N,https://store.steampowered.com/app/1745750/,https://cdn.akamai.steamstatic.com/steam/apps/1745750/header.jpg
405000,UTOPIA 9 - A Volatile Vacation,2016,2016-05-05,Very Positive,119,144,82.6,0,\N,https://store.steampowered.com/app/405000/,https://cdn.akamai.steamstatic.com/steam/apps/405000/header.jpg
1584280,Steel Salvo,2021,2021-04-07,Very Positive,138,143,96.5,0,\N,https://store.steampowered.com/app/1584280/,https://cdn.akamai.steamstatic.com/steam/apps/1584280/header.jpg
1860550,Space Quest: 2099,2022,2022-01-25,Very Positive,131,143,91.6,0,\N,https://store.steampowered.com/app/1860550/,https://cdn.akamai.steamstatic.com/steam/apps/1860550/header.jpg
563430,Void Pyramid,2016,2016-12-05,Very Positive,136,141,96.5,0,\N,https://store.steampowered.com/app/563430/,https://cdn.akamai.steamstatic.com/steam/apps/563430/header.jpg
1683800,Robot Daycare,2021,2021-09-03,Very Positive,123,140,87.9,0,\N,https://store.steampowered.com/app/1683800/,https://cdn.akamai.steamstatic.com/steam/apps/1683800/header.jpg
2190230,Dust and Aliens,2023,2023-06-26,Very Positive,123,140,87.9,0,\N,https://store.steampowered.com/app/2190230/,https://cdn.akamai.steamstatic.com/steam/apps/2190230/header.jpg
1360430,Lapso: NIMBO,2020,2020-07-31,Very Positive,125,139,89.9,0,\N,https://store.steampowered.com/app/1360430/,https://cdn.akamai.steamstatic.com/steam/apps/1360430/header.jpg
659840,WWR: Warfare Robots,2021,2021-03-11,Mixed,64,138,46.4,0,\N,https://store.steampowered.com/app/659840/,https://cdn.akamai.steamstatic.com/steam/apps/659840/header.jpg
595120,Cold Space,2017,2017-12-08,Mostly Positive,101,137,73.7,0,\N,https://store.steampowered.com/app/595120/,https://cdn.akamai.steamstatic.com/steam/apps/595120/header.jpg
1491650,Last Resort,2021,2021-06-28,Mixed,80,137,58.4,0,\N,https://store.steampowered.com/app/1491650/,https://cdn.akamai.steamstatic.com/steam/apps/1491650/header.jpg
366960,SECTOR,2015,2015-06-29,Mostly Negative,31,136,22.8,0,\N,https://store.steampowered.com/app/366960/,https://cdn.akamai.steamstatic.com/steam/apps/366960/header.jpg
1451110,Lawyer Guy: Defender of Justice,2020,2020-11-06,Mostly Positive,106,136,77.9,0,\N,https://store.steampowered.com/app/1451110/,https://cdn.akamai.steamstatic.com/steam/apps/1451110/header.jpg
2098290,Project R4T,2022,2022-12-16,Very Positive,126,136,92.6,0,\N,https://store.steampowered.com/app/2098290/,https://cdn.akamai.steamstatic.com/steam/apps/2098290/header.jpg
1485350,Mech Mechanic Simulator: Prologue,2021,2021-02-18,Mostly Positive,104,135,77.0,0,\N,https://store.steampowered.com/app/1485350/,https://cdn.akamai.steamstatic.com/steam/apps/1485350/header.jpg
2271530,PROTOTYPE原型,2023,2023-02-04,Very Positive,113,134,84.3,0,\N,https://store.steampowered.com/app/2271530/,https://cdn.akamai.steamstatic.com/steam/apps/2271530/header.jpg
700570,Beyond the Void,2018,2018-10-24,Mixed,77,133,57.9,0,\N,https://store.steampowered.com/app/700570/,https://cdn.akamai.steamstatic.com/steam/apps/700570/header.jpg
2767480,Alien Horizon (Preview Alpha),2024,2024-01-30,Very Positive,120,133,90.2,0,\N,https://store.steampowered.com/app/2767480/,https://cdn.akamai.steamstatic.com/steam/apps/2767480/header.jpg
1893800,Scuffy Game,2022,2022-02-18,Mostly Positive,98,131,74.8,0,\N,https://store.steampowered.com/app/1893800/,https://cdn.akamai.steamstatic.com/steam/apps/1893800/header.jpg
1482060,Lands Of Peace: Legends - Chapter 1,2021,2021-01-25,Mostly Negative,49,131,37.4,0,\N,https://store.steampowered.com/app/1482060/,https://cdn.akamai.steamstatic.com/steam/apps/1482060/header.jpg
2497430,星际工业国：崛起,2023,2023-07-18,Very Positive,118,131,90.1,0,\N,https://store.steampowered.com/app/2497430/,https://cdn.akamai.steamstatic.com/steam/apps/2497430/header.jpg
569720,TUNNEL DIVERS,2018,2018-07-06,Very Positive,113,130,86.9,0,\N,https://store.steampowered.com/app/569720/,https://cdn.akamai.steamstatic.com/steam/apps/569720/header.jpg
358390,Stargunner,2014,2014-05-05,Very Positive,106,130,81.5,0,\N,https://store.steampowered.com/app/358390/,https://cdn.akamai.steamstatic.com/steam/apps/358390/header.jpg
1528570,Royale Island Showdown,2021,2021-02-10,Very Positive,108,129,83.7,0,\N,https://store.steampowered.com/app/1528570/,https://cdn.akamai.steamstatic.com/steam/apps/1528570/header.jpg
1433550,Space Gladiators: The Hole,2020,2020-11-12,Very Positive,112,129,86.8,0,\N,https://store.steampowered.com/app/1433550/,https://cdn.akamai.steamstatic.com/steam/apps/1433550/header.jpg
867660,NYKRA: Before,2021,2021-09-27,Mixed,77,128,60.2,0,\N,https://store.steampowered.com/app/867660/,https://cdn.akamai.steamstatic.com/steam/apps/867660/header.jpg
666310,Space of Darkness,2018,2018-07-10,Mixed,61,128,47.7,0,\N,https://store.steampowered.com/app/666310/,https://cdn.akamai.steamstatic.com/steam/apps/666310/header.jpg
1628750,Evaverse,2021,2021-08-02,Mostly Positive,95,127,74.8,0,\N,https://store.steampowered.com/app/1628750/,https://cdn.akamai.steamstatic.com/steam/apps/1628750/header.jpg
1465710,白昼梦 · 心象病院,2024,2024-01-06,Very Positive,108,125,86.4,0,\N,https://store.steampowered.com/app/1465710/,https://cdn.akamai.steamstatic.com/steam/apps/1465710/header.jpg
683930,A Wonder,2017,2017-11-13,Mixed,63,124,50.8,0,\N,https://store.steampowered.com/app/683930/,https://cdn.akamai.steamstatic.com/steam/apps/683930/header.jpg
2107280,LAZ3RZ,2022,2022-08-24,Mostly Positive,93,121,76.9,0,\N,https://store.steampowered.com/app/2107280/,https://cdn.akamai.steamstatic.com/steam/apps/2107280/header.jpg
2630030,One Way Road: Firehunt,2024,2024-05-29,Mostly Positive,93,121,76.9,0,\N,https://store.steampowered.com/app/2630030/,https://cdn.akamai.steamstatic.com/steam/apps/2630030/header.jpg
1035890,vApe Escape,2019,2019-03-15,Very Positive,113,121,93.4,0,\N,https://store.steampowered.com/app/1035890/,https://cdn.akamai.steamstatic.com/steam/apps/1035890/header.jpg
1331590,7 summer days: Youth sky,2020,2020-07-29,Very Positive,98,120,81.7,0,\N,https://store.steampowered.com/app/1331590/,https://cdn.akamai.steamstatic.com/steam/apps/1331590/header.jpg
2765860,Slipstream: Rogue Space,2024,2024-02-12,Very Positive,110,120,91.7,0,\N,https://store.steampowered.com/app/2765860/,https://cdn.akamai.steamstatic.com/steam/apps/2765860/header.jpg
1936710,Monster Stalker: Prologue,2022,2022-12-14,Very Positive,107,120,89.2,0,\N,https://store.steampowered.com/app/1936710/,https://cdn.akamai.steamstatic.com/steam/apps/1936710/header.jpg
2830720,FreeInfantry,2024,2024-04-15,Very Positive,108,119,90.8,0,\N,https://store.steampowered.com/app/2830720/,https://cdn.akamai.steamstatic.com/steam/apps/2830720/header.jpg
2933590,Boneless,2024,2024-05-03,Mixed,72,118,61.0,0,\N,https://store.steampowered.com/app/2933590/,https://cdn.akamai.steamstatic.com/steam/apps/2933590/header.jpg
2427910,Neonscape,2023,2023-06-29,Mostly Positive,93,118,78.8,0,\N,https://store.steampowered.com/app/2427910/,https://cdn.akamai.steamstatic.com/steam/apps/2427910/header.jpg
1899830,Grapple Gear,2022,2022-03-22,Mixed,79,118,66.9,0,\N,https://store.steampowered.com/app/1899830/,https://cdn.akamai.steamstatic.com/steam/apps/1899830/header.jpg
2222330,Starsiege Alpha Playtest,2023,2023-06-26,Mostly Positive,93,117,79.5,0,\N,https://store.steampowered.com/app/2222330/,https://cdn.akamai.steamstatic.com/steam/apps/2222330/header.jpg
691540,Space Fighter,2017,2017-09-14,Mixed,76,116,65.5,0,\N,https://store.steampowered.com/app/691540/,https://cdn.akamai.steamstatic.com/steam/apps/691540/header.jpg
2198030,Iron Mandate,2023,2023-03-11,Very Positive,110,116,94.8,0,\N,https://store.steampowered.com/app/2198030/,https://cdn.akamai.steamstatic.com/steam/apps/2198030/header.jpg
1266560,鋼鉄戦記C21,2020,2020-10-14,Mixed,77,116,66.4,0,\N,https://store.steampowered.com/app/1266560/,https://cdn.akamai.steamstatic.com/steam/apps/1266560/header.jpg
1864190,Space Pressure 3D: Prelude,2023,2023-09-12,Very Positive,97,116,83.6,0,\N,https://store.steampowered.com/app/1864190/,https://cdn.akamai.steamstatic.com/steam/apps/1864190/header.jpg
1763190,Freight Hopper,2022,2022-07-29,Very Positive,108,114,94.7,0,\N,https://store.steampowered.com/app/1763190/,https://cdn.akamai.steamstatic.com/steam/apps/1763190/header.jpg
913600,Galactic Lander,2018,2018-10-04,Very Positive,103,113,91.2,0,\N,https://store.steampowered.com/app/913600/,https://cdn.akamai.steamstatic.com/steam/apps/913600/header.jpg
2280440,Ogre Chambers DX,2023,2023-03-03,Very Positive,103,113,91.2,0,\N,https://store.steampowered.com/app/2280440/,https://cdn.akamai.steamstatic.com/steam/apps/2280440/header.jpg
1489880,Orange Cast: Prologue,2020,2020-12-24,Mixed,52,113,46.0,0,\N,https://store.steampowered.com/app/1489880/,https://cdn.akamai.steamstatic.com/steam/apps/1489880/header.jpg
1666520,Tournament Ark,2022,2022-12-18,Very Positive,107,113,94.7,0,\N,https://store.steampowered.com/app/1666520/,https://cdn.akamai.steamstatic.com/steam/apps/1666520/header.jpg
2878100,Planetka,2024,2024-03-27,Very Positive,100,113,88.5,0,\N,https://store.steampowered.com/app/2878100/,https://cdn.akamai.steamstatic.com/steam/apps/2878100/header.jpg
2371130,Duels of Fortune,2023,2023-12-13,Very Positive,107,112,95.5,0,\N,https://store.steampowered.com/app/2371130/,https://cdn.akamai.steamstatic.com/steam/apps/2371130/header.jpg
1618310,Zombie Strike,2021,2021-06-16,Mixed,65,112,58.0,0,\N,https://store.steampowered.com/app/1618310/,https://cdn.akamai.steamstatic.com/steam/apps/1618310/header.jpg
2486930,Dark Riddle,2023,2023-12-12,Very Positive,98,112,87.5,0,\N,https://store.steampowered.com/app/2486930/,https://cdn.akamai.steamstatic.com/steam/apps/2486930/header.jpg
497440,HOMEBOUND,2017,2017-02-16,Mixed,49,112,43.8,0,\N,https://store.steampowered.com/app/497440/,https://cdn.akamai.steamstatic.com/steam/apps/497440/header.jpg
1945060,Run N' Gun,2022,2022-04-14,Very Positive,105,112,93.8,0,\N,https://store.steampowered.com/app/1945060/,https://cdn.akamai.steamstatic.com/steam/apps/1945060/header.jpg
1753090,CYBERDAD,2021,2021-09-23,Very Positive,103,112,92.0,0,\N,https://store.steampowered.com/app/1753090/,https://cdn.akamai.steamstatic.com/steam/apps/1753090/header.jpg
2512830,NOTTOLOT,2024,2024-03-26,Very Positive,106,112,94.6,0,\N,https://store.steampowered.com/app/2512830/,https://cdn.akamai.steamstatic.com/steam/apps/2512830/header.jpg
622010,The Fall of Lazarus,2017,2017-10-04,Mixed,70,111,63.1,0,\N,https://store.steampowered.com/app/622010/,https://cdn.akamai.steamstatic.com/steam/apps/622010/header.jpg
2624950,Welcome to the Karoshi Club,2023,2023-12-27,Very Positive,101,111,91.0,0,\N,https://store.steampowered.com/app/2624950/,https://cdn.akamai.steamstatic.com/steam/apps/2624950/header.jpg
1170940,Outerstellar,2023,2023-11-16,Very Positive,88,110,80.0,0,\N,https://store.steampowered.com/app/1170940/,https://cdn.akamai.steamstatic.com/steam/apps/1170940/header.jpg
2253460,BRIGHT TRACER,2023,2023-05-20,Very Positive,103,110,93.6,0,\N,https://store.steampowered.com/app/2253460/,https://cdn.akamai.steamstatic.com/steam/apps/2253460/header.jpg
2847250,River Town Factory: Prologue,2024,2024-03-27,Very Positive,94,110,85.5,0,\N,https://store.steampowered.com/app/2847250/,https://cdn.akamai.steamstatic.com/steam/apps/2847250/header.jpg
1155580,Drone Wars,2022,2022-03-11,Very Positive,90,110,81.8,0,\N,https://store.steampowered.com/app/1155580/,https://cdn.akamai.steamstatic.com/steam/apps/1155580/header.jpg
454680,MetaTron,2016,2016-12-19,Mixed,49,109,45.0,0,\N,https://store.steampowered.com/app/454680/,https://cdn.akamai.steamstatic.com/steam/apps/454680/header.jpg
636930,Soundscape VR: 2017,2017,2017-05-16,Mostly Positive,77,109,70.6,0,\N,https://store.steampowered.com/app/636930/,https://cdn.akamai.steamstatic.com/steam/apps/636930/header.jpg
1323410,Quest 4 Papa: Reloaded,2020,2020-06-03,Very Positive,99,108,91.7,0,\N,https://store.steampowered.com/app/1323410/,https://cdn.akamai.steamstatic.com/steam/apps/1323410/header.jpg
305510,Servo,2015,2015-05-28,Mixed,48,108,44.4,0,\N,https://store.steampowered.com/app/305510/,https://cdn.akamai.steamstatic.com/steam/apps/305510/header.jpg
1256380,FPS Infinite,2020,2020-03-16,Very Positive,91,108,84.3,0,\N,https://store.steampowered.com/app/1256380/,https://cdn.akamai.steamstatic.com/steam/apps/1256380/header.jpg
703970,Protoball,2021,2021-09-08,Mixed,71,107,66.4,0,\N,https://store.steampowered.com/app/703970/,https://cdn.akamai.steamstatic.com/steam/apps/703970/header.jpg
1524110,Stories of Liane,2021,2021-03-01,Mostly Positive,80,106,75.5,0,\N,https://store.steampowered.com/app/1524110/,https://cdn.akamai.steamstatic.com/steam/apps/1524110/header.jpg
503160,Angels & Demigods - SciFi VR Visual Novel,2016,2016-09-28,Mixed,65,106,61.3,0,\N,https://store.steampowered.com/app/503160/,https://cdn.akamai.steamstatic.com/steam/apps/503160/header.jpg
2091790,No More Future,2022,2022-10-07,Very Positive,105,106,99.1,0,\N,https://store.steampowered.com/app/2091790/,https://cdn.akamai.steamstatic.com/steam/apps/2091790/header.jpg
1511650,Andromeda: Rebirth of Humanity,2021,2021-01-22,Mixed,69,105,65.7,0,\N,https://store.steampowered.com/app/1511650/,https://cdn.akamai.steamstatic.com/steam/apps/1511650/header.jpg
680750,Destination Primus Vita - Ep. 1,2018,2018-08-16,Mostly Positive,82,105,78.1,0,\N,https://store.steampowered.com/app/680750/,https://cdn.akamai.steamstatic.com/steam/apps/680750/header.jpg
1605290,Paint By Numbers,2021,2021-05-20,Very Positive,93,105,88.6,0,\N,https://store.steampowered.com/app/1605290/,https://cdn.akamai.steamstatic.com/steam/apps/1605290/header.jpg
1839590,Moonlaw,2021,2021-12-20,Mostly Positive,75,104,72.1,0,\N,https://store.steampowered.com/app/1839590/,https://cdn.akamai.steamstatic.com/steam/apps/1839590/header.jpg
321330,ENYO Arcade,2015,2015-11-09,Mostly Positive,76,104,73.1,0,\N,https://store.steampowered.com/app/321330/,https://cdn.akamai.steamstatic.com/steam/apps/321330/header.jpg
461410,Protonwar,2018,2018-03-15,Very Positive,84,104,80.8,0,\N,https://store.steampowered.com/app/461410/,https://cdn.akamai.steamstatic.com/steam/apps/461410/header.jpg
912560,PROZE: Prologue,2018,2018-08-30,Very Positive,86,103,83.5,0,\N,https://store.steampowered.com/app/912560/,https://cdn.akamai.steamstatic.com/steam/apps/912560/header.jpg
1091590,Cathedral 3-D,2020,2020-10-28,Mixed,65,103,63.1,0,\N,https://store.steampowered.com/app/1091590/,https://cdn.akamai.steamstatic.com/steam/apps/1091590/header.jpg
1702980,AGRYOS: Recovering Eden,2022,2022-02-11,Very Positive,95,102,93.1,0,\N,https://store.steampowered.com/app/1702980/,https://cdn.akamai.steamstatic.com/steam/apps/1702980/header.jpg
2112380,Negative Atmosphere: Emergency Room,2023,2023-01-27,Mixed,68,101,67.3,0,\N,https://store.steampowered.com/app/2112380/,https://cdn.akamai.steamstatic.com/steam/apps/2112380/header.jpg
2506730,i feel very lonely and i don't remember myself,2023,2023-10-26,Very Positive,97,101,96.0,0,\N,https://store.steampowered.com/app/2506730/,https://cdn.akamai.steamstatic.com/steam/apps/2506730/header.jpg
334290,Gates of Horizon,2014,2014-12-18,Mixed,67,101,66.3,0,\N,https://store.steampowered.com/app/334290/,https://cdn.akamai.steamstatic.com/steam/apps/334290/header.jpg
1689550,Your Adventure,2021,2021-07-23,Very Positive,90,100,90.0,0,\N,https://store.steampowered.com/app/1689550/,https://cdn.akamai.steamstatic.com/steam/apps/1689550/header.jpg
1863390,N-Age: Awakening,2023,2023-06-12,Mixed,56,100,56.0,0,\N,https://store.steampowered.com/app/1863390/,https://cdn.akamai.steamstatic.com/steam/apps/1863390/header.jpg
1314160,Rover Mechanic Simulator: Training Day,2020,2020-05-21,Mostly Positive,73,99,73.7,0,\N,https://store.steampowered.com/app/1314160/,https://cdn.akamai.steamstatic.com/steam/apps/1314160/header.jpg
645230,RUCKBALL,2019,2019-05-17,Mixed,66,98,67.3,0,\N,https://store.steampowered.com/app/645230/,https://cdn.akamai.steamstatic.com/steam/apps/645230/header.jpg
2290480,The Obscura Experiment,2023,2023-03-07,Very Positive,81,98,82.7,0,\N,https://store.steampowered.com/app/2290480/,https://cdn.akamai.steamstatic.com/steam/apps/2290480/header.jpg
1776590,Dark Gravity: Prologue,2023,2023-10-16,Very Positive,86,98,87.8,0,\N,https://store.steampowered.com/app/1776590/,https://cdn.akamai.steamstatic.com/steam/apps/1776590/header.jpg
3012510,BUG,2024,2024-06-12,Very Positive,79,97,81.4,0,\N,https://store.steampowered.com/app/3012510/,https://cdn.akamai.steamstatic.com/steam/apps/3012510/header.jpg
2148320,Super Galaxy Ball,2022,2022-10-23,Very Positive,89,97,91.8,0,\N,https://store.steampowered.com/app/2148320/,https://cdn.akamai.steamstatic.com/steam/apps/2148320/header.jpg
1508490,Commie Killer 2069,2021,2021-02-06,Very Positive,83,96,86.5,0,\N,https://store.steampowered.com/app/1508490/,https://cdn.akamai.steamstatic.com/steam/apps/1508490/header.jpg
1916930,Astral Slider,2022,2022-03-10,Very Positive,90,96,93.8,0,\N,https://store.steampowered.com/app/1916930/,https://cdn.akamai.steamstatic.com/steam/apps/1916930/header.jpg
1612570,Death or Glory,2024,2024-09-24,Mostly Positive,69,96,71.9,0,\N,https://store.steampowered.com/app/1612570/,https://cdn.akamai.steamstatic.com/steam/apps/1612570/header.jpg
2460480,KILL CRAB,2023,2023-07-19,Very Positive,77,96,80.2,0,\N,https://store.steampowered.com/app/2460480/,https://cdn.akamai.steamstatic.com/steam/apps/2460480/header.jpg
2015040,Ignited Steel: Prologue,2022,2022-10-14,Very Positive,89,95,93.7,0,\N,https://store.steampowered.com/app/2015040/,https://cdn.akamai.steamstatic.com/steam/apps/2015040/header.jpg
786570,The Alpha Device,2018,2018-02-13,Mixed,62,95,65.3,0,\N,https://store.steampowered.com/app/786570/,https://cdn.akamai.steamstatic.com/steam/apps/786570/header.jpg
1836310,Apotheorasis • Lab of the Blind Gods | Prologue,2021,2021-12-22,Very Positive,91,95,95.8,0,\N,https://store.steampowered.com/app/1836310/,https://cdn.akamai.steamstatic.com/steam/apps/1836310/header.jpg
2425580,Ex Vitro,2024,2024-01-31,Very Positive,89,95,93.7,0,\N,https://store.steampowered.com/app/2425580/,https://cdn.akamai.steamstatic.com/steam/apps/2425580/header.jpg
660520,The IOTA Project,2017,2017-09-07,Mostly Positive,68,94,72.3,0,\N,https://store.steampowered.com/app/660520/,https://cdn.akamai.steamstatic.com/steam/apps/660520/header.jpg
1599410,Mauled,2022,2022-04-29,Mostly Positive,68,94,72.3,0,\N,https://store.steampowered.com/app/1599410/,https://cdn.akamai.steamstatic.com/steam/apps/1599410/header.jpg
1913980,GHARP,2023,2023-09-11,Mixed,46,94,48.9,0,\N,https://store.steampowered.com/app/1913980/,https://cdn.akamai.steamstatic.com/steam/apps/1913980/header.jpg
2434760,StarOS,2023,2023-07-04,Very Positive,91,93,97.8,0,\N,https://store.steampowered.com/app/2434760/,https://cdn.akamai.steamstatic.com/steam/apps/2434760/header.jpg
2407300,Asteroids ++,2024,2024-06-20,Very Positive,81,93,87.1,0,\N,https://store.steampowered.com/app/2407300/,https://cdn.akamai.steamstatic.com/steam/apps/2407300/header.jpg
1717290,Subspace Discovery,2023,2023-05-18,Mostly Positive,71,93,76.3,0,\N,https://store.steampowered.com/app/1717290/,https://cdn.akamai.steamstatic.com/steam/apps/1717290/header.jpg
2431320,Cat-aclysm,2023,2023-06-09,Very Positive,83,93,89.2,0,\N,https://store.steampowered.com/app/2431320/,https://cdn.akamai.steamstatic.com/steam/apps/2431320/header.jpg
1214540,SUPER CIRCUIT BREAKERS,2020,2020-05-19,Very Positive,78,93,83.9,0,\N,https://store.steampowered.com/app/1214540/,https://cdn.akamai.steamstatic.com/steam/apps/1214540/header.jpg
1627820,Universe For Sale - Prologue,2021,2021-06-06,Very Positive,86,92,93.5,0,\N,https://store.steampowered.com/app/1627820/,https://cdn.akamai.steamstatic.com/steam/apps/1627820/header.jpg
1597110,DERE EXE: Rebirth of Horror,2021,2021-04-24,Very Positive,80,92,87.0,0,\N,https://store.steampowered.com/app/1597110/,https://cdn.akamai.steamstatic.com/steam/apps/1597110/header.jpg
1036340,Hit n' Rush,2021,2021-02-18,Mixed,59,92,64.1,0,\N,https://store.steampowered.com/app/1036340/,https://cdn.akamai.steamstatic.com/steam/apps/1036340/header.jpg
786370,Alien Crusader,2018,2018-03-09,Mixed,61,92,66.3,0,\N,https://store.steampowered.com/app/786370/,https://cdn.akamai.steamstatic.com/steam/apps/786370/header.jpg
1763150,Everglow,2022,2022-07-24,Very Positive,87,91,95.6,0,\N,https://store.steampowered.com/app/1763150/,https://cdn.akamai.steamstatic.com/steam/apps/1763150/header.jpg
813290,This Child Of Mine,2018,2018-03-12,Mixed,57,91,62.6,0,\N,https://store.steampowered.com/app/813290/,https://cdn.akamai.steamstatic.com/steam/apps/813290/header.jpg
812020,Elea - Episode 1,2018,2018-09-06,Mixed,61,91,67.0,0,\N,https://store.steampowered.com/app/812020/,https://cdn.akamai.steamstatic.com/steam/apps/812020/header.jpg
1055380,Code S-44: Episode 1,2019,2019-06-25,Mostly Positive,68,91,74.7,0,\N,https://store.steampowered.com/app/1055380/,https://cdn.akamai.steamstatic.com/steam/apps/1055380/header.jpg
1899710,ITRP _ Volatile Vertex,2022,2022-03-02,Mostly Positive,68,90,75.6,0,\N,https://store.steampowered.com/app/1899710/,https://cdn.akamai.steamstatic.com/steam/apps/1899710/header.jpg
1715750,Craterbound,2022,2022-06-15,Mixed,48,90,53.3,0,\N,https://store.steampowered.com/app/1715750/,https://cdn.akamai.steamstatic.com/steam/apps/1715750/header.jpg
2682570,魔方谏言,2024,2024-01-26,Very Positive,85,89,95.5,0,\N,https://store.steampowered.com/app/2682570/,https://cdn.akamai.steamstatic.com/steam/apps/2682570/header.jpg
1966500,Goo Gladiators,2022,2022-09-22,Very Positive,71,88,80.7,0,\N,https://store.steampowered.com/app/1966500/,https://cdn.akamai.steamstatic.com/steam/apps/1966500/header.jpg
3135530,Finn Dorset's Institute For Livestock Replication,2024,2024-10-02,Very Positive,82,88,93.2,0,\N,https://store.steampowered.com/app/3135530/,https://cdn.akamai.steamstatic.com/steam/apps/3135530/header.jpg
1844720,Friendsim 2,2022,2022-04-12,Very Positive,80,88,90.9,0,\N,https://store.steampowered.com/app/1844720/,https://cdn.akamai.steamstatic.com/steam/apps/1844720/header.jpg
306930,BattleSpace,2015,2015-01-07,Mostly Negative,31,87,35.6,0,\N,https://store.steampowered.com/app/306930/,https://cdn.akamai.steamstatic.com/steam/apps/306930/header.jpg
691930,MSI Electric City: Core Assault,2017,2017-09-08,Very Positive,80,87,92.0,0,\N,https://store.steampowered.com/app/691930/,https://cdn.akamai.steamstatic.com/steam/apps/691930/header.jpg
760050,Nightwolf: Survive the Megadome,2019,2019-06-11,Mostly Positive,67,87,77.0,0,\N,https://store.steampowered.com/app/760050/,https://cdn.akamai.steamstatic.com/steam/apps/760050/header.jpg
2398520,Classic Marathon Infinity,2024,2024-08-22,Very Positive,83,87,95.4,0,\N,https://store.steampowered.com/app/2398520/,https://cdn.akamai.steamstatic.com/steam/apps/2398520/header.jpg
1502620,Security Guy vs AI: The Dawn of AI,2021,2021-01-24,Very Positive,73,86,84.9,0,\N,https://store.steampowered.com/app/1502620/,https://cdn.akamai.steamstatic.com/steam/apps/1502620/header.jpg
1317950,Eternal Dreamers,2021,2021-07-24,Very Positive,73,86,84.9,0,\N,https://store.steampowered.com/app/1317950/,https://cdn.akamai.steamstatic.com/steam/apps/1317950/header.jpg
3021540,Starborne: Frontiers,2024,2024-10-14,Mostly Positive,64,86,74.4,0,\N,https://store.steampowered.com/app/3021540/,https://cdn.akamai.steamstatic.com/steam/apps/3021540/header.jpg
3225260,Diluvian Ultra: Awakening,2024,2024-09-16,Mostly Positive,67,85,78.8,0,\N,https://store.steampowered.com/app/3225260/,https://cdn.akamai.steamstatic.com/steam/apps/3225260/header.jpg
2553550,Astrometica Playtest,2024,2024-03-28,Very Positive,83,85,97.6,0,\N,https://store.steampowered.com/app/2553550/,https://cdn.akamai.steamstatic.com/steam/apps/2553550/header.jpg
1398440,Transcender,2020,2020-09-30,Very Positive,72,85,84.7,0,\N,https://store.steampowered.com/app/1398440/,https://cdn.akamai.steamstatic.com/steam/apps/1398440/header.jpg
1609830,WillWalker,2021,2021-05-24,Very Positive,75,84,89.3,0,\N,https://store.steampowered.com/app/1609830/,https://cdn.akamai.steamstatic.com/steam/apps/1609830/header.jpg
2802550,Godrop:Prologue,2024,2024-02-28,Very Positive,77,84,91.7,0,\N,https://store.steampowered.com/app/2802550/,https://cdn.akamai.steamstatic.com/steam/apps/2802550/header.jpg
1134450,ALLBLACK Phase 1,2020,2020-12-05,Mostly Positive,63,84,75.0,0,\N,https://store.steampowered.com/app/1134450/,https://cdn.akamai.steamstatic.com/steam/apps/1134450/header.jpg
2403570,malViolence - Definitive Edition,2023,2023-05-18,Very Positive,78,83,94.0,0,\N,https://store.steampowered.com/app/2403570/,https://cdn.akamai.steamstatic.com/steam/apps/2403570/header.jpg
1570720,Praesidium,2021,2021-04-28,Mostly Positive,63,83,75.9,0,\N,https://store.steampowered.com/app/1570720/,https://cdn.akamai.steamstatic.com/steam/apps/1570720/header.jpg
979800,Haxity,2020,2020-06-17,Mostly Positive,65,83,78.3,0,\N,https://store.steampowered.com/app/979800/,https://cdn.akamai.steamstatic.com/steam/apps/979800/header.jpg
1021940,Space Warfare,2021,2021-06-10,Mixed,47,83,56.6,0,\N,https://store.steampowered.com/app/1021940/,https://cdn.akamai.steamstatic.com/steam/apps/1021940/header.jpg
1180790,ImageStriker,2019,2019-11-06,Very Positive,78,83,94.0,0,\N,https://store.steampowered.com/app/1180790/,https://cdn.akamai.steamstatic.com/steam/apps/1180790/header.jpg
1716360,Infinite Stars - The Visual Novel,2022,2022-09-29,Very Positive,75,82,91.5,0,\N,https://store.steampowered.com/app/1716360/,https://cdn.akamai.steamstatic.com/steam/apps/1716360/header.jpg
1379270,First Session,2021,2021-03-01,Very Positive,66,82,80.5,0,\N,https://store.steampowered.com/app/1379270/,https://cdn.akamai.steamstatic.com/steam/apps/1379270/header.jpg
1807480,Vertical Shift,2021,2021-12-24,Very Positive,66,82,80.5,0,\N,https://store.steampowered.com/app/1807480/,https://cdn.akamai.steamstatic.com/steam/apps/1807480/header.jpg
1654440,Rise of Humanity: Prologue,2021,2021-06-24,Mostly Positive,59,82,72.0,0,\N,https://store.steampowered.com/app/1654440/,https://cdn.akamai.steamstatic.com/steam/apps/1654440/header.jpg
2366400,Space Battle Royale,2023,2023-11-16,Very Positive,74,81,91.4,0,\N,https://store.steampowered.com/app/2366400/,https://cdn.akamai.steamstatic.com/steam/apps/2366400/header.jpg
1205150,Calamari Clash,2020,2020-01-17,Mostly Positive,64,81,79.0,0,\N,https://store.steampowered.com/app/1205150/,https://cdn.akamai.steamstatic.com/steam/apps/1205150/header.jpg
2511180,Pixel Royale 3D,2024,2024-03-15,Mixed,39,80,48.8,0,\N,https://store.steampowered.com/app/2511180/,https://cdn.akamai.steamstatic.com/steam/apps/2511180/header.jpg
2340910,VDSC: VoltIsland,2023,2023-12-01,Mixed,46,80,57.5,0,\N,https://store.steampowered.com/app/2340910/,https://cdn.akamai.steamstatic.com/steam/apps/2340910/header.jpg
1600320,Brisk Square Demo,2021,2021-06-04,Very Positive,66,80,82.5,0,\N,https://store.steampowered.com/app/1600320/,https://cdn.akamai.steamstatic.com/steam/apps/1600320/header.jpg
485600,OESE,2016,2016-06-14,Very Positive,67,80,83.8,0,\N,https://store.steampowered.com/app/485600/,https://cdn.akamai.steamstatic.com/steam/apps/485600/header.jpg
1506410,MOON BASE,2021,2021-01-25,Mixed,47,80,58.8,0,\N,https://store.steampowered.com/app/1506410/,https://cdn.akamai.steamstatic.com/steam/apps/1506410/header.jpg
2872620,Stellarcraft The Prologue,2024,2024-08-30,Very Positive,74,79,93.7,0,\N,https://store.steampowered.com/app/2872620/,https://cdn.akamai.steamstatic.com/steam/apps/2872620/header.jpg
1623930,Solaris,2021,2021-07-05,Very Positive,65,79,82.3,0,\N,https://store.steampowered.com/app/1623930/,https://cdn.akamai.steamstatic.com/steam/apps/1623930/header.jpg
659900,Aetherspace,2017,2017-07-03,Mixed,50,78,64.1,0,\N,https://store.steampowered.com/app/659900/,https://cdn.akamai.steamstatic.com/steam/apps/659900/header.jpg
2689130,CipherCraft: Cyber Guardian Introduction,2024,2024-01-05,Mixed,52,78,66.7,0,\N,https://store.steampowered.com/app/2689130/,https://cdn.akamai.steamstatic.com/steam/apps/2689130/header.jpg
2001380,Entity Researchers: Prologue,2022,2022-08-19,Very Positive,65,77,84.4,0,\N,https://store.steampowered.com/app/2001380/,https://cdn.akamai.steamstatic.com/steam/apps/2001380/header.jpg
2580210,SCP: Rulebreaker,2024,2024-01-29,Mixed,45,77,58.4,0,\N,https://store.steampowered.com/app/2580210/,https://cdn.akamai.steamstatic.com/steam/apps/2580210/header.jpg
1906640,Revenge of the Killer Octopus,2022,2022-11-16,Mostly Positive,59,77,76.6,0,\N,https://store.steampowered.com/app/1906640/,https://cdn.akamai.steamstatic.com/steam/apps/1906640/header.jpg
2542530,Waking Up: Way Back Home,2023,2023-09-19,Very Positive,70,77,90.9,0,\N,https://store.steampowered.com/app/2542530/,https://cdn.akamai.steamstatic.com/steam/apps/2542530/header.jpg
2918520,Dragon Spirits 2 : Prologue,2024,2024-07-29,Very Positive,75,76,98.7,0,\N,https://store.steampowered.com/app/2918520/,https://cdn.akamai.steamstatic.com/steam/apps/2918520/header.jpg
1100270,The Far Rings: A Space Opera Visual Novella,2019,2019-10-05,Very Positive,64,76,84.2,0,\N,https://store.steampowered.com/app/1100270/,https://cdn.akamai.steamstatic.com/steam/apps/1100270/header.jpg
1467410,Isekai Eternal Alpha,2021,2021-07-14,Mixed,47,76,61.8,0,\N,https://store.steampowered.com/app/1467410/,https://cdn.akamai.steamstatic.com/steam/apps/1467410/header.jpg
655170,Telepathy Zero,2017,2017-07-21,Mixed,33,75,44.0,0,\N,https://store.steampowered.com/app/655170/,https://cdn.akamai.steamstatic.com/steam/apps/655170/header.jpg
1509830,Superstorm Melon Date,2021,2021-01-20,Very Positive,69,75,92.0,0,\N,https://store.steampowered.com/app/1509830/,https://cdn.akamai.steamstatic.com/steam/apps/1509830/header.jpg
493780,Nightork Adventures - Beyond the Moons of Shadalee,2016,2016-08-23,Mixed,39,75,52.0,0,\N,https://store.steampowered.com/app/493780/,https://cdn.akamai.steamstatic.com/steam/apps/493780/header.jpg
2524980,Under Pressure,2023,2023-10-26,Very Positive,70,74,94.6,0,\N,https://store.steampowered.com/app/2524980/,https://cdn.akamai.steamstatic.com/steam/apps/2524980/header.jpg
2695910,双生幻想,2023,2023-12-19,Very Positive,65,74,87.8,0,\N,https://store.steampowered.com/app/2695910/,https://cdn.akamai.steamstatic.com/steam/apps/2695910/header.jpg
2012070,Watch Your Back,2022,2022-06-30,Mixed,34,74,45.9,0,\N,https://store.steampowered.com/app/2012070/,https://cdn.akamai.steamstatic.com/steam/apps/2012070/header.jpg
1557840,Maze,2021,2021-03-27,Very Positive,65,74,87.8,0,\N,https://store.steampowered.com/app/1557840/,https://cdn.akamai.steamstatic.com/steam/apps/1557840/header.jpg
3117780,Yin-Yang Ping-Pong,2024,2024-08-05,Very Positive,70,73,95.9,0,\N,https://store.steampowered.com/app/3117780/,https://cdn.akamai.steamstatic.com/steam/apps/3117780/header.jpg
1333090,Gravity,2020,2020-06-17,Very Positive,63,73,86.3,0,\N,https://store.steampowered.com/app/1333090/,https://cdn.akamai.steamstatic.com/steam/apps/1333090/header.jpg
1315070,Vaccine19,2020,2020-12-25,Mostly Positive,56,73,76.7,0,\N,https://store.steampowered.com/app/1315070/,https://cdn.akamai.steamstatic.com/steam/apps/1315070/header.jpg
1628270,Recursive Hate - Spider Hell,2021,2021-08-01,Very Positive,63,72,87.5,0,\N,https://store.steampowered.com/app/1628270/,https://cdn.akamai.steamstatic.com/steam/apps/1628270/header.jpg
2432010,The Stranded Traveler,2023,2023-06-16,Mixed,50,72,69.4,0,\N,https://store.steampowered.com/app/2432010/,https://cdn.akamai.steamstatic.com/steam/apps/2432010/header.jpg
1536830,41 Hours: Prologue,2021,2021-03-19,Mixed,43,72,59.7,0,\N,https://store.steampowered.com/app/1536830/,https://cdn.akamai.steamstatic.com/steam/apps/1536830/header.jpg
1967750,Iron Jaw,2022,2022-05-24,Mostly Positive,54,71,76.1,0,\N,https://store.steampowered.com/app/1967750/,https://cdn.akamai.steamstatic.com/steam/apps/1967750/header.jpg
1661020,BATTLE STEED : GUNMA (배틀 스티드 : 군마),2022,2022-08-10,Mixed,32,71,45.1,0,\N,https://store.steampowered.com/app/1661020/,https://cdn.akamai.steamstatic.com/steam/apps/1661020/header.jpg
715810,Project Amalthea: Battlegrounds,2020,2020-10-12,Mixed,44,71,62.0,0,\N,https://store.steampowered.com/app/715810/,https://cdn.akamai.steamstatic.com/steam/apps/715810/header.jpg
1703930,Kriegsfront Battlescaper - Diorama Editor,2022,2022-08-04,Very Positive,68,71,95.8,0,\N,https://store.steampowered.com/app/1703930/,https://cdn.akamai.steamstatic.com/steam/apps/1703930/header.jpg
1145270,Misfire,2019,2019-10-29,Mixed,41,71,57.7,0,\N,https://store.steampowered.com/app/1145270/,https://cdn.akamai.steamstatic.com/steam/apps/1145270/header.jpg
2153410,Cyber Slayer,2022,2022-10-08,Very Positive,61,71,85.9,0,\N,https://store.steampowered.com/app/2153410/,https://cdn.akamai.steamstatic.com/steam/apps/2153410/header.jpg
740270,MusicWave,2020,2020-05-01,Mixed,48,71,67.6,0,\N,https://store.steampowered.com/app/740270/,https://cdn.akamai.steamstatic.com/steam/apps/740270/header.jpg
2060550,Fabular: Prologue,2022,2022-07-08,Very Positive,67,71,94.4,0,\N,https://store.steampowered.com/app/2060550/,https://cdn.akamai.steamstatic.com/steam/apps/2060550/header.jpg
2532230,SCP: Nemesi - Alpha Testing,2023,2023-10-02,Mostly Positive,50,70,71.4,0,\N,https://store.steampowered.com/app/2532230/,https://cdn.akamai.steamstatic.com/steam/apps/2532230/header.jpg
1825480,Rendezvous: Shadows of the Past,2022,2022-05-26,Very Positive,57,69,82.6,0,\N,https://store.steampowered.com/app/1825480/,https://cdn.akamai.steamstatic.com/steam/apps/1825480/header.jpg
1012410,Extraction Valley,2019,2019-08-14,Mixed,45,69,65.2,0,\N,https://store.steampowered.com/app/1012410/,https://cdn.akamai.steamstatic.com/steam/apps/1012410/header.jpg
919010,REVN,2021,2021-11-08,Mixed,48,69,69.6,0,\N,https://store.steampowered.com/app/919010/,https://cdn.akamai.steamstatic.com/steam/apps/919010/header.jpg
2422390,Citizens: On Mars - Prologue,2023,2023-07-10,Mostly Positive,53,69,76.8,0,\N,https://store.steampowered.com/app/2422390/,https://cdn.akamai.steamstatic.com/steam/apps/2422390/header.jpg
2704280,Fractured Horizon,2024,2024-04-10,Very Positive,68,69,98.6,0,\N,https://store.steampowered.com/app/2704280/,https://cdn.akamai.steamstatic.com/steam/apps/2704280/header.jpg
2779390,Bolt'N'Punch,2024,2024-03-01,Very Positive,61,69,88.4,0,\N,https://store.steampowered.com/app/2779390/,https://cdn.akamai.steamstatic.com/steam/apps/2779390/header.jpg
1994220,It's Dark,2022,2022-07-15,Mixed,47,69,68.1,0,\N,https://store.steampowered.com/app/1994220/,https://cdn.akamai.steamstatic.com/steam/apps/1994220/header.jpg
598880,Domiverse,2018,2018-03-07,Very Positive,66,69,95.7,0,\N,https://store.steampowered.com/app/598880/,https://cdn.akamai.steamstatic.com/steam/apps/598880/header.jpg
1247460,To the Edge of the Sky,2020,2020-05-29,Mixed,40,68,58.8,0,\N,https://store.steampowered.com/app/1247460/,https://cdn.akamai.steamstatic.com/steam/apps/1247460/header.jpg
1611710,Geadows,2021,2021-05-24,Very Positive,58,68,85.3,0,\N,https://store.steampowered.com/app/1611710/,https://cdn.akamai.steamstatic.com/steam/apps/1611710/header.jpg
449240,Stormworm+,2016,2016-05-20,Very Positive,66,68,97.1,0,\N,https://store.steampowered.com/app/449240/,https://cdn.akamai.steamstatic.com/steam/apps/449240/header.jpg
443250,Legacy of the Elder Star,2016,2016-06-07,Very Positive,60,68,88.2,0,\N,https://store.steampowered.com/app/443250/,https://cdn.akamai.steamstatic.com/steam/apps/443250/header.jpg
2766480,Cargo Duty,2024,2024-02-03,Mixed,44,67,65.7,0,\N,https://store.steampowered.com/app/2766480/,https://cdn.akamai.steamstatic.com/steam/apps/2766480/header.jpg
522130,LandTraveller,2017,2017-06-09,Very Positive,60,66,90.9,0,\N,https://store.steampowered.com/app/522130/,https://cdn.akamai.steamstatic.com/steam/apps/522130/header.jpg
1627520,2236 A.D. Secretary Stories,2021,2021-07-23,Mostly Positive,51,66,77.3,0,\N,https://store.steampowered.com/app/1627520/,https://cdn.akamai.steamstatic.com/steam/apps/1627520/header.jpg
536210,Please State Your Name : A VR Animated Film,2016,2016-11-07,Mostly Positive,50,66,75.8,0,\N,https://store.steampowered.com/app/536210/,https://cdn.akamai.steamstatic.com/steam/apps/536210/header.jpg
2858840,Alchemy Unbound,2024,2024-07-04,Mixed,45,66,68.2,0,\N,https://store.steampowered.com/app/2858840/,https://cdn.akamai.steamstatic.com/steam/apps/2858840/header.jpg
1848200,NEON STRUCT: Desperation Column,2022,2022-01-20,Very Positive,59,65,90.8,0,\N,https://store.steampowered.com/app/1848200/,https://cdn.akamai.steamstatic.com/steam/apps/1848200/header.jpg
2431130,Procrastinaut,2024,2024-01-26,Very Positive,57,65,87.7,0,\N,https://store.steampowered.com/app/2431130/,https://cdn.akamai.steamstatic.com/steam/apps/2431130/header.jpg
3043330,100 Hiddensaurs,2024,2024-08-08,Mostly Positive,47,65,72.3,0,\N,https://store.steampowered.com/app/3043330/,https://cdn.akamai.steamstatic.com/steam/apps/3043330/header.jpg
299840,Metal Planet,2014,2014-06-04,Mostly Negative,19,65,29.2,0,\N,https://store.steampowered.com/app/299840/,https://cdn.akamai.steamstatic.com/steam/apps/299840/header.jpg
1706310,Star Shift Origins,2021,2021-11-08,Very Positive,60,65,92.3,0,\N,https://store.steampowered.com/app/1706310/,https://cdn.akamai.steamstatic.com/steam/apps/1706310/header.jpg
2500050,Super Dragon Punch Force 3,2024,2024-04-26,Mixed,36,64,56.2,0,\N,https://store.steampowered.com/app/2500050/,https://cdn.akamai.steamstatic.com/steam/apps/2500050/header.jpg
817360,The Outer Rim: Survivor,2018,2018-04-03,Mostly Positive,48,64,75.0,0,\N,https://store.steampowered.com/app/817360/,https://cdn.akamai.steamstatic.com/steam/apps/817360/header.jpg
2269450,Eye 4 Eye,2023,2023-06-01,Very Positive,62,64,96.9,0,\N,https://store.steampowered.com/app/2269450/,https://cdn.akamai.steamstatic.com/steam/apps/2269450/header.jpg
891960,WebbVR: The James Webb Space Telescope Virtual Experience,2018,2018-10-31,Very Positive,58,64,90.6,0,\N,https://store.steampowered.com/app/891960/,https://cdn.akamai.steamstatic.com/steam/apps/891960/header.jpg
1423030,Evolution,2020,2020-11-13,Mixed,32,64,50.0,0,\N,https://store.steampowered.com/app/1423030/,https://cdn.akamai.steamstatic.com/steam/apps/1423030/header.jpg
1300560,Mars Power Industries: First Job,2020,2020-06-09,Very Positive,60,64,93.8,0,\N,https://store.steampowered.com/app/1300560/,https://cdn.akamai.steamstatic.com/steam/apps/1300560/header.jpg
2424880,Cosmic Coliseum: Prologue,2023,2023-06-09,Very Positive,51,63,81.0,0,\N,https://store.steampowered.com/app/2424880/,https://cdn.akamai.steamstatic.com/steam/apps/2424880/header.jpg
1873120,No Love Lost,2024,2024-03-12,Mixed,33,63,52.4,0,\N,https://store.steampowered.com/app/1873120/,https://cdn.akamai.steamstatic.com/steam/apps/1873120/header.jpg
1363160,A Field of Flowers and Stars,2021,2021-08-20,Very Positive,58,63,92.1,0,\N,https://store.steampowered.com/app/1363160/,https://cdn.akamai.steamstatic.com/steam/apps/1363160/header.jpg
1346240,Sporadic Spire,2020,2020-07-02,Very Positive,56,63,88.9,0,\N,https://store.steampowered.com/app/1346240/,https://cdn.akamai.steamstatic.com/steam/apps/1346240/header.jpg
1454100,Project Hive,2021,2021-02-04,Mostly Positive,46,62,74.2,0,\N,https://store.steampowered.com/app/1454100/,https://cdn.akamai.steamstatic.com/steam/apps/1454100/header.jpg
1359160,Rocket Bots,2020,2020-07-28,Mostly Positive,47,62,75.8,0,\N,https://store.steampowered.com/app/1359160/,https://cdn.akamai.steamstatic.com/steam/apps/1359160/header.jpg
2184440,ASU Global,2023,2023-01-25,Mostly Negative,14,62,22.6,0,\N,https://store.steampowered.com/app/2184440/,https://cdn.akamai.steamstatic.com/steam/apps/2184440/header.jpg
673620,Slizer Battle Management System,2018,2018-05-07,Very Positive,50,61,82.0,0,\N,https://store.steampowered.com/app/673620/,https://cdn.akamai.steamstatic.com/steam/apps/673620/header.jpg
372190,Astro Lords: Oort Cloud,2016,2016-01-15,Mixed,32,61,52.5,0,\N,https://store.steampowered.com/app/372190/,https://cdn.akamai.steamstatic.com/steam/apps/372190/header.jpg
1061260,Click Space Miner 2,2019,2019-07-25,Mostly Negative,19,60,31.7,0,\N,https://store.steampowered.com/app/1061260/,https://cdn.akamai.steamstatic.com/steam/apps/1061260/header.jpg
956500,Bow to Blood: Last Captain Standing,2019,2019-04-02,Very Positive,53,60,88.3,0,\N,https://store.steampowered.com/app/956500/,https://cdn.akamai.steamstatic.com/steam/apps/956500/header.jpg
1409670,Bright Memory: Infinite Ray Tracing Benchmark,2020,2020-09-24,Very Positive,56,60,93.3,0,\N,https://store.steampowered.com/app/1409670/,https://cdn.akamai.steamstatic.com/steam/apps/1409670/header.jpg
349540,PeriAreion,2015,2015-02-19,Mostly Negative,23,60,38.3,0,\N,https://store.steampowered.com/app/349540/,https://cdn.akamai.steamstatic.com/steam/apps/349540/header.jpg
1634280,Space Mechanic Simulator: Prologue,2023,2023-01-30,Very Positive,48,60,80.0,0,\N,https://store.steampowered.com/app/1634280/,https://cdn.akamai.steamstatic.com/steam/apps/1634280/header.jpg
688630,Nightork Adventures 2 - Legacy of Chaos,2017,2017-09-04,Mixed,27,59,45.8,0,\N,https://store.steampowered.com/app/688630/,https://cdn.akamai.steamstatic.com/steam/apps/688630/header.jpg
1638860,Noir Punk,2021,2021-05-31,Very Positive,53,59,89.8,0,\N,https://store.steampowered.com/app/1638860/,https://cdn.akamai.steamstatic.com/steam/apps/1638860/header.jpg
1363810,Astra,2020,2020-10-26,Mixed,32,59,54.2,0,\N,https://store.steampowered.com/app/1363810/,https://cdn.akamai.steamstatic.com/steam/apps/1363810/header.jpg
2426380,Pact of Joy: Prologue,2023,2023-05-26,Very Positive,55,59,93.2,0,\N,https://store.steampowered.com/app/2426380/,https://cdn.akamai.steamstatic.com/steam/apps/2426380/header.jpg
2000310,6-Mon Adventure,2022,2022-06-09,Very Positive,55,59,93.2,0,\N,https://store.steampowered.com/app/2000310/,https://cdn.akamai.steamstatic.com/steam/apps/2000310/header.jpg
614970,Qbike: Cyberpunk Motorcycles,2017,2017-07-28,Mixed,33,59,55.9,0,\N,https://store.steampowered.com/app/614970/,https://cdn.akamai.steamstatic.com/steam/apps/614970/header.jpg
2937340,Mind The Abyss,2024,2024-05-13,Very Positive,55,59,93.2,0,\N,https://store.steampowered.com/app/2937340/,https://cdn.akamai.steamstatic.com/steam/apps/2937340/header.jpg
2279040,Dance Loop,2023,2023-04-16,Mostly Positive,44,59,74.6,0,\N,https://store.steampowered.com/app/2279040/,https://cdn.akamai.steamstatic.com/steam/apps/2279040/header.jpg
868920,Pylow,2018,2018-07-30,Mixed,30,58,51.7,0,\N,https://store.steampowered.com/app/868920/,https://cdn.akamai.steamstatic.com/steam/apps/868920/header.jpg
956540,Color Phase,2020,2020-09-03,Mixed,40,58,69.0,0,\N,https://store.steampowered.com/app/956540/,https://cdn.akamai.steamstatic.com/steam/apps/956540/header.jpg
3064160,SPINNERS,2024,2024-07-16,Mixed,30,57,52.6,0,\N,https://store.steampowered.com/app/3064160/,https://cdn.akamai.steamstatic.com/steam/apps/3064160/header.jpg
1445700,The Edgar Mitchell Overview Effect VR Experience,2020,2020-11-09,Very Positive,50,57,87.7,0,\N,https://store.steampowered.com/app/1445700/,https://cdn.akamai.steamstatic.com/steam/apps/1445700/header.jpg
1965580,The Last Secret,2022,2022-08-30,Very Positive,49,57,86.0,0,\N,https://store.steampowered.com/app/1965580/,https://cdn.akamai.steamstatic.com/steam/apps/1965580/header.jpg
2248400,Neospace: Prologue,2024,2024-06-17,Very Positive,51,57,89.5,0,\N,https://store.steampowered.com/app/2248400/,https://cdn.akamai.steamstatic.com/steam/apps/2248400/header.jpg
1913780,PI.EXE,2022,2022-03-07,Very Positive,52,57,91.2,0,\N,https://store.steampowered.com/app/1913780/,https://cdn.akamai.steamstatic.com/steam/apps/1913780/header.jpg
2805210,Space Hat,2024,2024-03-25,Very Positive,52,56,92.9,0,\N,https://store.steampowered.com/app/2805210/,https://cdn.akamai.steamstatic.com/steam/apps/2805210/header.jpg
503950,Star Tactics Redux,2016,2016-09-07,Very Positive,48,56,85.7,0,\N,https://store.steampowered.com/app/503950/,https://cdn.akamai.steamstatic.com/steam/apps/503950/header.jpg
598640,Wonder Wickets,2018,2018-10-17,Very Positive,54,56,96.4,0,\N,https://store.steampowered.com/app/598640/,https://cdn.akamai.steamstatic.com/steam/apps/598640/header.jpg
2429720,Effugium,2023,2023-07-03,Mixed,29,56,51.8,0,\N,https://store.steampowered.com/app/2429720/,https://cdn.akamai.steamstatic.com/steam/apps/2429720/header.jpg
1603170,Cyberplug,2021,2021-05-23,Very Positive,47,56,83.9,0,\N,https://store.steampowered.com/app/1603170/,https://cdn.akamai.steamstatic.com/steam/apps/1603170/header.jpg
2432470,ANDARA: RISE FOR REBELLION,2023,2023-07-05,Very Positive,45,56,80.4,0,\N,https://store.steampowered.com/app/2432470/,https://cdn.akamai.steamstatic.com/steam/apps/2432470/header.jpg
2862670,Playback Loop,2024,2024-07-22,Very Positive,54,56,96.4,0,\N,https://store.steampowered.com/app/2862670/,https://cdn.akamai.steamstatic.com/steam/apps/2862670/header.jpg
1456280,Battle Arena VR,2020,2020-11-26,Mostly Positive,42,55,76.4,0,\N,https://store.steampowered.com/app/1456280/,https://cdn.akamai.steamstatic.com/steam/apps/1456280/header.jpg
1394090,Power of Ten - Demo,2020,2020-09-23,Very Positive,54,55,98.2,0,\N,https://store.steampowered.com/app/1394090/,https://cdn.akamai.steamstatic.com/steam/apps/1394090/header.jpg
1293660,Gemini: Binary Conflict,2024,2024-06-07,Mostly Positive,42,55,76.4,0,\N,https://store.steampowered.com/app/1293660/,https://cdn.akamai.steamstatic.com/steam/apps/1293660/header.jpg
2843090,Chrono Recorder,2024,2024-03-01,Very Positive,44,54,81.5,0,\N,https://store.steampowered.com/app/2843090/,https://cdn.akamai.steamstatic.com/steam/apps/2843090/header.jpg
1045850,The Walsingham Files - Chapter 1,2019,2019-03-25,Very Positive,46,54,85.2,0,\N,https://store.steampowered.com/app/1045850/,https://cdn.akamai.steamstatic.com/steam/apps/1045850/header.jpg
1344800,Twin-Turbo Supercharged Nitro-Fueled Papamobile,2020,2020-07-17,Very Positive,44,54,81.5,0,\N,https://store.steampowered.com/app/1344800/,https://cdn.akamai.steamstatic.com/steam/apps/1344800/header.jpg
1990370,Entangled,2022,2022-07-07,Very Positive,51,54,94.4,0,\N,https://store.steampowered.com/app/1990370/,https://cdn.akamai.steamstatic.com/steam/apps/1990370/header.jpg
1538680,Blake: The Visual Novel,2021,2021-08-31,Very Positive,49,54,90.7,0,\N,https://store.steampowered.com/app/1538680/,https://cdn.akamai.steamstatic.com/steam/apps/1538680/header.jpg
1845420,Infiltraliens,2022,2022-01-13,Very Positive,44,54,81.5,0,\N,https://store.steampowered.com/app/1845420/,https://cdn.akamai.steamstatic.com/steam/apps/1845420/header.jpg
1486120,2020: THE RIDE,2021,2021-03-02,Mostly Positive,38,54,70.4,0,\N,https://store.steampowered.com/app/1486120/,https://cdn.akamai.steamstatic.com/steam/apps/1486120/header.jpg
2159120,SUR5,2023,2023-04-01,Mostly Positive,43,54,79.6,0,\N,https://store.steampowered.com/app/2159120/,https://cdn.akamai.steamstatic.com/steam/apps/2159120/header.jpg
1609390,DataJack,2021,2021-05-23,Very Positive,49,53,92.5,0,\N,https://store.steampowered.com/app/1609390/,https://cdn.akamai.steamstatic.com/steam/apps/1609390/header.jpg
1622340,BEAT 'EM DOWN,2021,2021-05-26,Mixed,26,53,49.1,0,\N,https://store.steampowered.com/app/1622340/,https://cdn.akamai.steamstatic.com/steam/apps/1622340/header.jpg
2081670,CALAMITY CREATURES,2023,2023-07-15,Very Positive,47,53,88.7,0,\N,https://store.steampowered.com/app/2081670/,https://cdn.akamai.steamstatic.com/steam/apps/2081670/header.jpg
1835020,BornWild • Versus S1 - Prologue,2022,2022-06-17,Very Positive,45,53,84.9,0,\N,https://store.steampowered.com/app/1835020/,https://cdn.akamai.steamstatic.com/steam/apps/1835020/header.jpg
1788800,Soma Union,2021,2021-11-01,Very Positive,48,53,90.6,0,\N,https://store.steampowered.com/app/1788800/,https://cdn.akamai.steamstatic.com/steam/apps/1788800/header.jpg
2018830,Twin Cores,2022,2022-09-14,Very Positive,49,53,92.5,0,\N,https://store.steampowered.com/app/2018830/,https://cdn.akamai.steamstatic.com/steam/apps/2018830/header.jpg
2163220,S.P.L.I.C.E.D.,2023,2023-06-20,Mixed,33,53,62.3,0,\N,https://store.steampowered.com/app/2163220/,https://cdn.akamai.steamstatic.com/steam/apps/2163220/header.jpg
1528920,Andromeda Zombies Colonies,2021,2021-02-10,Mixed,29,52,55.8,0,\N,https://store.steampowered.com/app/1528920/,https://cdn.akamai.steamstatic.com/steam/apps/1528920/header.jpg
1857970,Moonrakers: Luminor,2022,2022-07-23,Very Positive,48,52,92.3,0,\N,https://store.steampowered.com/app/1857970/,https://cdn.akamai.steamstatic.com/steam/apps/1857970/header.jpg
2451530,WarSphere,2024,2024-02-15,Very Positive,51,52,98.1,0,\N,https://store.steampowered.com/app/2451530/,https://cdn.akamai.steamstatic.com/steam/apps/2451530/header.jpg
1371810,Bamerang: Warm-Up Duel,2020,2020-08-12,Very Positive,49,52,94.2,0,\N,https://store.steampowered.com/app/1371810/,https://cdn.akamai.steamstatic.com/steam/apps/1371810/header.jpg
1579120,Yupitergrad 🚀: Sneaki Peaki (Virtual Reality Adventure),2021,2021-04-21,Very Positive,51,52,98.1,0,\N,https://store.steampowered.com/app/1579120/,https://cdn.akamai.steamstatic.com/steam/apps/1579120/header.jpg
2568870,homebound,2023,2023-09-22,Very Positive,47,52,90.4,0,\N,https://store.steampowered.com/app/2568870/,https://cdn.akamai.steamstatic.com/steam/apps/2568870/header.jpg
1807560,Blade Walker,2021,2021-11-18,Mixed,30,51,58.8,0,\N,https://store.steampowered.com/app/1807560/,https://cdn.akamai.steamstatic.com/steam/apps/1807560/header.jpg
1578050,Fatal Core,2021,2021-11-04,Very Positive,45,51,88.2,0,\N,https://store.steampowered.com/app/1578050/,https://cdn.akamai.steamstatic.com/steam/apps/1578050/header.jpg
2865360,Inline: Out of Time,2024,2024-03-29,Very Positive,46,51,90.2,0,\N,https://store.steampowered.com/app/2865360/,https://cdn.akamai.steamstatic.com/steam/apps/2865360/header.jpg
1516760,Cat Colony Crisis,2021,2021-02-08,Very Positive,48,51,94.1,0,\N,https://store.steampowered.com/app/1516760/,https://cdn.akamai.steamstatic.com/steam/apps/1516760/header.jpg
2010150,Blast Off Far Away,2022,2022-07-23,Very Positive,48,51,94.1,0,\N,https://store.steampowered.com/app/2010150/,https://cdn.akamai.steamstatic.com/steam/apps/2010150/header.jpg
2490020,さよならナイト・キャップ,2023,2023-08-25,Very Positive,47,50,94.0,0,\N,https://store.steampowered.com/app/2490020/,https://cdn.akamai.steamstatic.com/steam/apps/2490020/header.jpg
1475440,REVISITOR,2021,2021-11-19,Very Positive,47,50,94.0,0,\N,https://store.steampowered.com/app/1475440/,https://cdn.akamai.steamstatic.com/steam/apps/1475440/header.jpg
1217930,VR Jetpack Game,2020,2020-07-01,Very Positive,40,50,80.0,0,\N,https://store.steampowered.com/app/1217930/,https://cdn.akamai.steamstatic.com/steam/apps/1217930/header.jpg
1727660,Space Yandere,2021,2021-10-08,Very Positive,49,50,98.0,0,\N,https://store.steampowered.com/app/1727660/,https://cdn.akamai.steamstatic.com/steam/apps/1727660/header.jpg
1020520,Hellink,2019,2019-03-07,Very Positive,48,50,96.0,0,\N,https://store.steampowered.com/app/1020520/,https://cdn.akamai.steamstatic.com/steam/apps/1020520/header.jpg
2962650,Banana Cowboy,2024,2024-05-15,Very Positive,50,50,100.0,0,\N,https://store.steampowered.com/app/2962650/,https://cdn.akamai.steamstatic.com/steam/apps/2962650/header.jpg
2159860,魔卡幻想（Heroines Fantasy Inherit）,2022,2022-11-30,Mixed,33,49,67.3,0,\N,https://store.steampowered.com/app/2159860/,https://cdn.akamai.steamstatic.com/steam/apps/2159860/header.jpg
456390,Exception,2019,2019-08-12,Positive,48,49,98.0,0,\N,https://store.steampowered.com/app/456390/,https://cdn.akamai.steamstatic.com/steam/apps/456390/header.jpg
2269330,AmazeVR Megan Thee Stallion VR Concert,2023,2023-04-29,Mostly Positive,35,49,71.4,0,\N,https://store.steampowered.com/app/2269330/,https://cdn.akamai.steamstatic.com/steam/apps/2269330/header.jpg
3101160,Banana & Tomato,2024,2024-09-06,Mixed,32,49,65.3,0,\N,https://store.steampowered.com/app/3101160/,https://cdn.akamai.steamstatic.com/steam/apps/3101160/header.jpg
470130,Eclipse --- Defending the motherland,2016,2016-05-26,Mixed,26,49,53.1,0,\N,https://store.steampowered.com/app/470130/,https://cdn.akamai.steamstatic.com/steam/apps/470130/header.jpg
1390300,Stream Arenas,2020,2020-09-01,Positive,42,48,87.5,0,\N,https://store.steampowered.com/app/1390300/,https://cdn.akamai.steamstatic.com/steam/apps/1390300/header.jpg
642000,Regenesis Arcade Lite,2017,2017-11-20,Mostly Positive,34,48,70.8,0,\N,https://store.steampowered.com/app/642000/,https://cdn.akamai.steamstatic.com/steam/apps/642000/header.jpg
890300,Kitrinos: Inside the Cube,2018,2018-07-16,Mostly Positive,38,48,79.2,0,\N,https://store.steampowered.com/app/890300/,https://cdn.akamai.steamstatic.com/steam/apps/890300/header.jpg
1425580,Last Soul - Prologue,2021,2021-10-19,Positive,42,48,87.5,0,\N,https://store.steampowered.com/app/1425580/,https://cdn.akamai.steamstatic.com/steam/apps/1425580/header.jpg
1590070,Project Hunter,2021,2021-05-24,Mostly Positive,35,48,72.9,0,\N,https://store.steampowered.com/app/1590070/,https://cdn.akamai.steamstatic.com/steam/apps/1590070/header.jpg
2572280,THE SOUL OF TOO BIRDS GAME,2023,2023-10-14,Positive,44,48,91.7,0,\N,https://store.steampowered.com/app/2572280/,https://cdn.akamai.steamstatic.com/steam/apps/2572280/header.jpg
2272310,Colourblind,2023,2023-09-12,Mixed,33,48,68.8,0,\N,https://store.steampowered.com/app/2272310/,https://cdn.akamai.steamstatic.com/steam/apps/2272310/header.jpg
1676670,The Top of The Dream,2021,2021-07-17,Mixed,27,48,56.2,0,\N,https://store.steampowered.com/app/1676670/,https://cdn.akamai.steamstatic.com/steam/apps/1676670/header.jpg
2672170,Alien Tag,2024,2024-04-19,Mostly Negative,18,48,37.5,0,\N,https://store.steampowered.com/app/2672170/,https://cdn.akamai.steamstatic.com/steam/apps/2672170/header.jpg
1953510,RO-BOUNCE,2022,2022-05-27,Positive,39,48,81.2,0,\N,https://store.steampowered.com/app/1953510/,https://cdn.akamai.steamstatic.com/steam/apps/1953510/header.jpg
2186460,Cybercontrol,2022,2022-11-07,Mixed,25,48,52.1,0,\N,https://store.steampowered.com/app/2186460/,https://cdn.akamai.steamstatic.com/steam/apps/2186460/header.jpg
787750,Blazing Core (beta),2018,2018-09-07,Mixed,28,48,58.3,0,\N,https://store.steampowered.com/app/787750/,https://cdn.akamai.steamstatic.com/steam/apps/787750/header.jpg
1806610,Tep The Destroyer TD,2022,2022-07-09,Mostly Positive,34,47,72.3,0,\N,https://store.steampowered.com/app/1806610/,https://cdn.akamai.steamstatic.com/steam/apps/1806610/header.jpg
1394370,Super Symbol Boys,2023,2023-02-01,Positive,47,47,100.0,0,\N,https://store.steampowered.com/app/1394370/,https://cdn.akamai.steamstatic.com/steam/apps/1394370/header.jpg
1829730,Welcome To Your Immune System,2021,2021-12-09,Positive,44,47,93.6,0,\N,https://store.steampowered.com/app/1829730/,https://cdn.akamai.steamstatic.com/steam/apps/1829730/header.jpg
1698000,Smash MAGA! Trump Zombie Apocalypse: Twilight of Empire,2022,2022-01-06,Mostly Positive,36,47,76.6,0,\N,https://store.steampowered.com/app/1698000/,https://cdn.akamai.steamstatic.com/steam/apps/1698000/header.jpg
1408220,破坏效应,2020,2020-09-24,Mostly Positive,36,47,76.6,0,\N,https://store.steampowered.com/app/1408220/,https://cdn.akamai.steamstatic.com/steam/apps/1408220/header.jpg
2570640,Idle Space Navy,2023,2023-10-02,Mixed,24,47,51.1,0,\N,https://store.steampowered.com/app/2570640/,https://cdn.akamai.steamstatic.com/steam/apps/2570640/header.jpg
597240,johnsgame,2017,2017-03-06,Mixed,22,47,46.8,0,\N,https://store.steampowered.com/app/597240/,https://cdn.akamai.steamstatic.com/steam/apps/597240/header.jpg
1585360,Live/Wire,2021,2021-05-14,Mixed,32,46,69.6,0,\N,https://store.steampowered.com/app/1585360/,https://cdn.akamai.steamstatic.com/steam/apps/1585360/header.jpg
2779230,Zarathustra - Cybergeddon,2024,2024-01-28,Mostly Positive,35,46,76.1,0,\N,https://store.steampowered.com/app/2779230/,https://cdn.akamai.steamstatic.com/steam/apps/2779230/header.jpg
2382570,Xenosis,2023,2023-05-14,Mostly Positive,34,46,73.9,0,\N,https://store.steampowered.com/app/2382570/,https://cdn.akamai.steamstatic.com/steam/apps/2382570/header.jpg
2936380,Miya,2024,2024-05-01,Mostly Positive,33,46,71.7,0,\N,https://store.steampowered.com/app/2936380/,https://cdn.akamai.steamstatic.com/steam/apps/2936380/header.jpg
1981830,MewMew - PewPew,2022,2022-05-21,Positive,42,46,91.3,0,\N,https://store.steampowered.com/app/1981830/,https://cdn.akamai.steamstatic.com/steam/apps/1981830/header.jpg
806220,Absolute Blue,2018,2018-04-21,Mixed,31,46,67.4,0,\N,https://store.steampowered.com/app/806220/,https://cdn.akamai.steamstatic.com/steam/apps/806220/header.jpg
470760,Antiflux,2016,2016-05-19,Positive,40,46,87.0,0,\N,https://store.steampowered.com/app/470760/,https://cdn.akamai.steamstatic.com/steam/apps/470760/header.jpg
2116600,럭키 스태미나,2022,2022-08-27,Positive,41,45,91.1,0,\N,https://store.steampowered.com/app/2116600/,https://cdn.akamai.steamstatic.com/steam/apps/2116600/header.jpg
2061290,Hauling Away,2022,2022-07-15,Positive,42,45,93.3,0,\N,https://store.steampowered.com/app/2061290/,https://cdn.akamai.steamstatic.com/steam/apps/2061290/header.jpg
739290,Dark Old Sun,2018,2018-03-07,Positive,42,45,93.3,0,\N,https://store.steampowered.com/app/739290/,https://cdn.akamai.steamstatic.com/steam/apps/739290/header.jpg
2841200,The Bright Star Of Seraph-Katis-,2024,2024-03-29,Positive,38,45,84.4,0,\N,https://store.steampowered.com/app/2841200/,https://cdn.akamai.steamstatic.com/steam/apps/2841200/header.jpg
792500,Streets Ablaze,2018,2018-09-06,Mostly Positive,32,45,71.1,0,\N,https://store.steampowered.com/app/792500/,https://cdn.akamai.steamstatic.com/steam/apps/792500/header.jpg
1308870,Cyber Ops Prologue,2020,2020-05-09,Mostly Positive,32,45,71.1,0,\N,https://store.steampowered.com/app/1308870/,https://cdn.akamai.steamstatic.com/steam/apps/1308870/header.jpg
2189970,Exhibitors,2023,2023-04-07,Mostly Positive,32,45,71.1,0,\N,https://store.steampowered.com/app/2189970/,https://cdn.akamai.steamstatic.com/steam/apps/2189970/header.jpg
391630,Necromonads,2015,2015-10-27,Mixed,22,45,48.9,0,\N,https://store.steampowered.com/app/391630/,https://cdn.akamai.steamstatic.com/steam/apps/391630/header.jpg
1470020,Dudes on a Map: Virtual Grid Paper,2021,2021-05-06,Positive,44,45,97.8,0,\N,https://store.steampowered.com/app/1470020/,https://cdn.akamai.steamstatic.com/steam/apps/1470020/header.jpg
2641890,Project I,2023,2023-11-12,Positive,40,44,90.9,0,\N,https://store.steampowered.com/app/2641890/,https://cdn.akamai.steamstatic.com/steam/apps/2641890/header.jpg
1476080,Grow Big (or Go Home): Ultimate Edition,2020,2020-12-18,Mostly Positive,31,44,70.5,0,\N,https://store.steampowered.com/app/1476080/,https://cdn.akamai.steamstatic.com/steam/apps/1476080/header.jpg
2440730,Snoody: One of the Ayrie,2023,2023-06-15,Mostly Positive,35,44,79.5,0,\N,https://store.steampowered.com/app/2440730/,https://cdn.akamai.steamstatic.com/steam/apps/2440730/header.jpg
1570700,Slaughterhouse,2021,2021-04-27,Mostly Positive,31,44,70.5,0,\N,https://store.steampowered.com/app/1570700/,https://cdn.akamai.steamstatic.com/steam/apps/1570700/header.jpg
1433190,Welcome to Emba,2020,2020-12-23,Positive,38,44,86.4,0,\N,https://store.steampowered.com/app/1433190/,https://cdn.akamai.steamstatic.com/steam/apps/1433190/header.jpg
1302460,Turbo Shot,2022,2022-01-13,Mixed,28,44,63.6,0,\N,https://store.steampowered.com/app/1302460/,https://cdn.akamai.steamstatic.com/steam/apps/1302460/header.jpg
2242420,The Showdown Effect: Reloaded,2024,2024-03-05,Positive,38,44,86.4,0,\N,https://store.steampowered.com/app/2242420/,https://cdn.akamai.steamstatic.com/steam/apps/2242420/header.jpg
3068320,Pizza Clicker,2024,2024-07-18,Mixed,19,43,44.2,0,\N,https://store.steampowered.com/app/3068320/,https://cdn.akamai.steamstatic.com/steam/apps/3068320/header.jpg
2598070,Ultimus,2023,2023-10-31,Mixed,30,43,69.8,0,\N,https://store.steampowered.com/app/2598070/,https://cdn.akamai.steamstatic.com/steam/apps/2598070/header.jpg
1974080,Planetary Planter,2022,2022-05-16,Positive,38,43,88.4,0,\N,https://store.steampowered.com/app/1974080/,https://cdn.akamai.steamstatic.com/steam/apps/1974080/header.jpg
765450,Tank Brawl 2: Armor Fury,2021,2021-03-26,Mixed,29,43,67.4,0,\N,https://store.steampowered.com/app/765450/,https://cdn.akamai.steamstatic.com/steam/apps/765450/header.jpg
1670240,Echo of Ayllu,2024,2024-03-13,Mostly Positive,33,43,76.7,0,\N,https://store.steampowered.com/app/1670240/,https://cdn.akamai.steamstatic.com/steam/apps/1670240/header.jpg
1576880,Synthbiotic Dungeon,2021,2021-04-24,Mostly Positive,33,43,76.7,0,\N,https://store.steampowered.com/app/1576880/,https://cdn.akamai.steamstatic.com/steam/apps/1576880/header.jpg
2667680,cyber_serpent,2023,2023-12-08,Positive,42,43,97.7,0,\N,https://store.steampowered.com/app/2667680/,https://cdn.akamai.steamstatic.com/steam/apps/2667680/header.jpg
1805390,Follow the Black Kitten,2022,2022-01-17,Positive,36,43,83.7,0,\N,https://store.steampowered.com/app/1805390/,https://cdn.akamai.steamstatic.com/steam/apps/1805390/header.jpg
1763110,PROJECT: Halloween,2021,2021-10-21,Mostly Positive,33,43,76.7,0,\N,https://store.steampowered.com/app/1763110/,https://cdn.akamai.steamstatic.com/steam/apps/1763110/header.jpg
1314230,Battle Dawn 2: Terra Reborn,2022,2022-10-17,Mixed,22,42,52.4,0,\N,https://store.steampowered.com/app/1314230/,https://cdn.akamai.steamstatic.com/steam/apps/1314230/header.jpg
532470,In Extremis,2016,2016-11-16,Mostly Positive,33,42,78.6,0,\N,https://store.steampowered.com/app/532470/,https://cdn.akamai.steamstatic.com/steam/apps/532470/header.jpg
434300,Wormhole City,2018,2018-12-31,Mostly Negative,16,42,38.1,0,\N,https://store.steampowered.com/app/434300/,https://cdn.akamai.steamstatic.com/steam/apps/434300/header.jpg
2704660,Cosmic Carnage: Prologue,2023,2023-12-11,Positive,41,42,97.6,0,\N,https://store.steampowered.com/app/2704660/,https://cdn.akamai.steamstatic.com/steam/apps/2704660/header.jpg
2431330,Galactic Grinder,2023,2023-06-23,Positive,36,42,85.7,0,\N,https://store.steampowered.com/app/2431330/,https://cdn.akamai.steamstatic.com/steam/apps/2431330/header.jpg
646210,The Mind's Eclipse,2018,2018-01-25,Positive,38,42,90.5,0,\N,https://store.steampowered.com/app/646210/,https://cdn.akamai.steamstatic.com/steam/apps/646210/header.jpg
1749030,The Tipping Point,2024,2024-02-22,Positive,40,42,95.2,0,\N,https://store.steampowered.com/app/1749030/,https://cdn.akamai.steamstatic.com/steam/apps/1749030/header.jpg
1566570,Retroninjacyberassassin,2021,2021-04-01,Positive,35,41,85.4,0,\N,https://store.steampowered.com/app/1566570/,https://cdn.akamai.steamstatic.com/steam/apps/1566570/header.jpg
1192550,Master of Wills,2021,2021-03-01,Mostly Positive,32,41,78.0,0,\N,https://store.steampowered.com/app/1192550/,https://cdn.akamai.steamstatic.com/steam/apps/1192550/header.jpg
1719350,Roy's Rugs,2022,2022-05-30,Mixed,27,41,65.9,0,\N,https://store.steampowered.com/app/1719350/,https://cdn.akamai.steamstatic.com/steam/apps/1719350/header.jpg
1983520,ULTRAFUN,2023,2023-08-15,Mostly Positive,29,41,70.7,0,\N,https://store.steampowered.com/app/1983520/,https://cdn.akamai.steamstatic.com/steam/apps/1983520/header.jpg
1905700,A Series of Temporal Mishaps,2022,2022-03-30,Mostly Positive,32,41,78.0,0,\N,https://store.steampowered.com/app/1905700/,https://cdn.akamai.steamstatic.com/steam/apps/1905700/header.jpg
2337760,Sky division,2023,2023-04-25,Positive,37,41,90.2,0,\N,https://store.steampowered.com/app/2337760/,https://cdn.akamai.steamstatic.com/steam/apps/2337760/header.jpg
1675600,Holt,2021,2021-12-28,Positive,33,41,80.5,0,\N,https://store.steampowered.com/app/1675600/,https://cdn.akamai.steamstatic.com/steam/apps/1675600/header.jpg
2096680,Lightspeed Dating,2022,2022-11-30,Mixed,28,41,68.3,0,\N,https://store.steampowered.com/app/2096680/,https://cdn.akamai.steamstatic.com/steam/apps/2096680/header.jpg
1851570,Umbra Galaxy,2022,2022-02-14,Positive,37,41,90.2,0,\N,https://store.steampowered.com/app/1851570/,https://cdn.akamai.steamstatic.com/steam/apps/1851570/header.jpg
341570,Throbax TD,2022,2022-11-17,Mostly Positive,30,40,75.0,0,\N,https://store.steampowered.com/app/341570/,https://cdn.akamai.steamstatic.com/steam/apps/341570/header.jpg
944630,MOLOCH (Zero),2018,2018-10-26,Mostly Positive,28,40,70.0,0,\N,https://store.steampowered.com/app/944630/,https://cdn.akamai.steamstatic.com/steam/apps/944630/header.jpg
2717710,Red Planet Rampage,2024,2024-06-05,Positive,38,40,95.0,0,\N,https://store.steampowered.com/app/2717710/,https://cdn.akamai.steamstatic.com/steam/apps/2717710/header.jpg
1939290,URUBU,2022,2022-04-24,Positive,37,40,92.5,0,\N,https://store.steampowered.com/app/1939290/,https://cdn.akamai.steamstatic.com/steam/apps/1939290/header.jpg
3110080,obi3011-prologue,2024,2024-09-24,Positive,39,40,97.5,0,\N,https://store.steampowered.com/app/3110080/,https://cdn.akamai.steamstatic.com/steam/apps/3110080/header.jpg
868710,Hope of Humanity,2020,2020-06-09,Mostly Negative,11,40,27.5,0,\N,https://store.steampowered.com/app/868710/,https://cdn.akamai.steamstatic.com/steam/apps/868710/header.jpg
2578810,ReversiBot,2023,2023-09-26,Positive,39,40,97.5,0,\N,https://store.steampowered.com/app/2578810/,https://cdn.akamai.steamstatic.com/steam/apps/2578810/header.jpg
2940120,Shattered Void,2024,2024-08-07,Mixed,23,40,57.5,0,\N,https://store.steampowered.com/app/2940120/,https://cdn.akamai.steamstatic.com/steam/apps/2940120/header.jpg
1718070,EFO: Escape From Outerworld,2021,2021-08-28,Mostly Positive,28,40,70.0,0,\N,https://store.steampowered.com/app/1718070/,https://cdn.akamai.steamstatic.com/steam/apps/1718070/header.jpg
1879720,AFTERLIFE DEFINITIVE EDITION,2022,2022-02-03,Mixed,23,39,59.0,0,\N,https://store.steampowered.com/app/1879720/,https://cdn.akamai.steamstatic.com/steam/apps/1879720/header.jpg
2535820,Arkanoid - Eternal Battle : Battle Royale F2P Edition,2023,2023-12-21,Mixed,23,39,59.0,0,\N,https://store.steampowered.com/app/2535820/,https://cdn.akamai.steamstatic.com/steam/apps/2535820/header.jpg
1264200,VIPERTRACE,2023,2023-08-02,Mixed,25,39,64.1,0,\N,https://store.steampowered.com/app/1264200/,https://cdn.akamai.steamstatic.com/steam/apps/1264200/header.jpg
373140,Grail to the Thief,2015,2015-05-25,Mixed,24,39,61.5,0,\N,https://store.steampowered.com/app/373140/,https://cdn.akamai.steamstatic.com/steam/apps/373140/header.jpg
613620,Hoverloop,2018,2018-01-29,Mostly Positive,28,39,71.8,0,\N,https://store.steampowered.com/app/613620/,https://cdn.akamai.steamstatic.com/steam/apps/613620/header.jpg
1459560,Untitled Space Game,2020,2020-11-16,Mixed,25,39,64.1,0,\N,https://store.steampowered.com/app/1459560/,https://cdn.akamai.steamstatic.com/steam/apps/1459560/header.jpg
1671770,Star Vortex,2021,2021-07-08,Positive,37,39,94.9,0,\N,https://store.steampowered.com/app/1671770/,https://cdn.akamai.steamstatic.com/steam/apps/1671770/header.jpg
1417090,NEON STRUCT: Carrion Carrier,2020,2020-10-20,Positive,36,39,92.3,0,\N,https://store.steampowered.com/app/1417090/,https://cdn.akamai.steamstatic.com/steam/apps/1417090/header.jpg
2883210,RATKING CHAPTER ZERO,2024,2024-04-05,Positive,36,39,92.3,0,\N,https://store.steampowered.com/app/2883210/,https://cdn.akamai.steamstatic.com/steam/apps/2883210/header.jpg
1207770,Planet Bounce,2020,2020-01-06,Mostly Positive,29,39,74.4,0,\N,https://store.steampowered.com/app/1207770/,https://cdn.akamai.steamstatic.com/steam/apps/1207770/header.jpg
1142020,Parcel Mania: Free Multiplayer Madness,2023,2023-12-06,Positive,32,39,82.1,0,\N,https://store.steampowered.com/app/1142020/,https://cdn.akamai.steamstatic.com/steam/apps/1142020/header.jpg
2806410,Project Entropy,2024,2024-04-16,Mixed,18,38,47.4,0,\N,https://store.steampowered.com/app/2806410/,https://cdn.akamai.steamstatic.com/steam/apps/2806410/header.jpg
2233980,Agent Team Simulator,2023,2023-05-08,Mostly Positive,30,38,78.9,0,\N,https://store.steampowered.com/app/2233980/,https://cdn.akamai.steamstatic.com/steam/apps/2233980/header.jpg
1404180,6th Dimension,2020,2020-09-25,Mixed,20,38,52.6,0,\N,https://store.steampowered.com/app/1404180/,https://cdn.akamai.steamstatic.com/steam/apps/1404180/header.jpg
1927930,Pentagons Go WEEE,2022,2022-03-31,Positive,36,38,94.7,0,\N,https://store.steampowered.com/app/1927930/,https://cdn.akamai.steamstatic.com/steam/apps/1927930/header.jpg
1315100,Jumping Jax,2020,2020-11-16,Positive,36,38,94.7,0,\N,https://store.steampowered.com/app/1315100/,https://cdn.akamai.steamstatic.com/steam/apps/1315100/header.jpg
1899790,MALFUNCTION FPS,2022,2022-02-23,Mixed,26,38,68.4,0,\N,https://store.steampowered.com/app/1899790/,https://cdn.akamai.steamstatic.com/steam/apps/1899790/header.jpg
2485620,Astrality,2023,2023-07-14,Positive,33,38,86.8,0,\N,https://store.steampowered.com/app/2485620/,https://cdn.akamai.steamstatic.com/steam/apps/2485620/header.jpg
1336070,Ynglet: Prologue,2021,2021-02-18,Positive,32,38,84.2,0,\N,https://store.steampowered.com/app/1336070/,https://cdn.akamai.steamstatic.com/steam/apps/1336070/header.jpg
2509830,MGCM Combat Edition,2023,2023-10-25,Mostly Positive,30,38,78.9,0,\N,https://store.steampowered.com/app/2509830/,https://cdn.akamai.steamstatic.com/steam/apps/2509830/header.jpg
2573200,Squeaky Squad,2024,2024-03-29,Positive,31,38,81.6,0,\N,https://store.steampowered.com/app/2573200/,https://cdn.akamai.steamstatic.com/steam/apps/2573200/header.jpg
888800,S.F.77,2018,2018-09-13,Mostly Positive,27,38,71.1,0,\N,https://store.steampowered.com/app/888800/,https://cdn.akamai.steamstatic.com/steam/apps/888800/header.jpg
383070,The Fleets of Sol,2016,2016-04-01,Mixed,16,38,42.1,0,\N,https://store.steampowered.com/app/383070/,https://cdn.akamai.steamstatic.com/steam/apps/383070/header.jpg
1638670,The Pentest,2022,2022-12-16,Positive,36,38,94.7,0,\N,https://store.steampowered.com/app/1638670/,https://cdn.akamai.steamstatic.com/steam/apps/1638670/header.jpg
852900,Space Captain McCallery - Episode 1: Crash Landing,2018,2018-07-20,Positive,31,38,81.6,0,\N,https://store.steampowered.com/app/852900/,https://cdn.akamai.steamstatic.com/steam/apps/852900/header.jpg
1332490,Chroma,2020,2020-12-09,Positive,30,37,81.1,0,\N,https://store.steampowered.com/app/1332490/,https://cdn.akamai.steamstatic.com/steam/apps/1332490/header.jpg
2219580,Spaceflight Factory : Prologue,2023,2023-01-20,Positive,33,37,89.2,0,\N,https://store.steampowered.com/app/2219580/,https://cdn.akamai.steamstatic.com/steam/apps/2219580/header.jpg
2174080,PAL,2022,2022-10-30,Mixed,19,37,51.4,0,\N,https://store.steampowered.com/app/2174080/,https://cdn.akamai.steamstatic.com/steam/apps/2174080/header.jpg
2388520,Kessler Syndrome,2023,2023-06-13,Mixed,17,37,45.9,0,\N,https://store.steampowered.com/app/2388520/,https://cdn.akamai.steamstatic.com/steam/apps/2388520/header.jpg
2170890,Missing Pieces,2022,2022-10-19,Positive,30,37,81.1,0,\N,https://store.steampowered.com/app/2170890/,https://cdn.akamai.steamstatic.com/steam/apps/2170890/header.jpg
1928510,未知记录,2022,2022-04-28,Positive,33,37,89.2,0,\N,https://store.steampowered.com/app/1928510/,https://cdn.akamai.steamstatic.com/steam/apps/1928510/header.jpg
1272340,Escape to Sidious,2020,2020-09-01,Mostly Positive,28,37,75.7,0,\N,https://store.steampowered.com/app/1272340/,https://cdn.akamai.steamstatic.com/steam/apps/1272340/header.jpg
742470,Chronicles of cyberpunk,2017,2017-12-07,Positive,33,37,89.2,0,\N,https://store.steampowered.com/app/742470/,https://cdn.akamai.steamstatic.com/steam/apps/742470/header.jpg
3141170,Microbial Sector,2024,2024-10-09,Positive,37,37,100.0,0,\N,https://store.steampowered.com/app/3141170/,https://cdn.akamai.steamstatic.com/steam/apps/3141170/header.jpg
1302730,Nebula Within,2020,2020-10-20,Positive,35,37,94.6,0,\N,https://store.steampowered.com/app/1302730/,https://cdn.akamai.steamstatic.com/steam/apps/1302730/header.jpg
1558180,u evade,2021,2021-03-12,Positive,33,37,89.2,0,\N,https://store.steampowered.com/app/1558180/,https://cdn.akamai.steamstatic.com/steam/apps/1558180/header.jpg
2999540,Pixelitos - Spritle Royale,2024,2024-07-02,Mixed,25,37,67.6,0,\N,https://store.steampowered.com/app/2999540/,https://cdn.akamai.steamstatic.com/steam/apps/2999540/header.jpg
972920,Rebirth,2019,2019-02-26,Mostly Negative,14,36,38.9,0,\N,https://store.steampowered.com/app/972920/,https://cdn.akamai.steamstatic.com/steam/apps/972920/header.jpg
1265510,Machinist,2021,2021-04-19,Mixed,22,36,61.1,0,\N,https://store.steampowered.com/app/1265510/,https://cdn.akamai.steamstatic.com/steam/apps/1265510/header.jpg
2051060,SpaceInvasion,2023,2023-02-24,Mixed,19,36,52.8,0,\N,https://store.steampowered.com/app/2051060/,https://cdn.akamai.steamstatic.com/steam/apps/2051060/header.jpg
1412990,R.A.V.E - Real-time Audio Visual Experience,2024,2024-06-10,Mostly Positive,26,36,72.2,0,\N,https://store.steampowered.com/app/1412990/,https://cdn.akamai.steamstatic.com/steam/apps/1412990/header.jpg
1748740,Evolution: Moon Warfare,2021,2021-10-11,Mixed,21,36,58.3,0,\N,https://store.steampowered.com/app/1748740/,https://cdn.akamai.steamstatic.com/steam/apps/1748740/header.jpg
2435980,Space Odyssey,2024,2024-07-20,Mostly Negative,10,36,27.8,0,\N,https://store.steampowered.com/app/2435980/,https://cdn.akamai.steamstatic.com/steam/apps/2435980/header.jpg
2851690,Riptide,2024,2024-05-02,Mixed,25,36,69.4,0,\N,https://store.steampowered.com/app/2851690/,https://cdn.akamai.steamstatic.com/steam/apps/2851690/header.jpg
1551470,Voidwalkers: The Gates Of Hell,2022,2022-06-03,Mixed,17,36,47.2,0,\N,https://store.steampowered.com/app/1551470/,https://cdn.akamai.steamstatic.com/steam/apps/1551470/header.jpg
1543330,揭谛/GATE,2021,2021-03-03,Positive,33,36,91.7,0,\N,https://store.steampowered.com/app/1543330/,https://cdn.akamai.steamstatic.com/steam/apps/1543330/header.jpg
1597950,Dawn of Light,2021,2021-06-01,Mixed,22,36,61.1,0,\N,https://store.steampowered.com/app/1597950/,https://cdn.akamai.steamstatic.com/steam/apps/1597950/header.jpg
2154940,Re:|THM - once upon a time,2023,2023-02-09,Mixed,22,35,62.9,0,\N,https://store.steampowered.com/app/2154940/,https://cdn.akamai.steamstatic.com/steam/apps/2154940/header.jpg
2623150,Vivaldia 2,2023,2023-10-30,Positive,30,35,85.7,0,\N,https://store.steampowered.com/app/2623150/,https://cdn.akamai.steamstatic.com/steam/apps/2623150/header.jpg
3050180,CHROMA,2024,2024-08-01,Positive,32,35,91.4,0,\N,https://store.steampowered.com/app/3050180/,https://cdn.akamai.steamstatic.com/steam/apps/3050180/header.jpg
1440470,Synthetic Hazard,2020,2020-11-18,Mixed,22,35,62.9,0,\N,https://store.steampowered.com/app/1440470/,https://cdn.akamai.steamstatic.com/steam/apps/1440470/header.jpg
1123230,HEXTERMINATE,2020,2020-05-22,Mostly Positive,25,35,71.4,0,\N,https://store.steampowered.com/app/1123230/,https://cdn.akamai.steamstatic.com/steam/apps/1123230/header.jpg
2598490,ColorCoordination,2024,2024-08-29,Positive,35,35,100.0,0,\N,https://store.steampowered.com/app/2598490/,https://cdn.akamai.steamstatic.com/steam/apps/2598490/header.jpg
2155680,DarkenDerek The last Fallen,2022,2022-10-20,Positive,29,35,82.9,0,\N,https://store.steampowered.com/app/2155680/,https://cdn.akamai.steamstatic.com/steam/apps/2155680/header.jpg
2122040,Dimensional Gears,2022,2022-09-17,Positive,34,35,97.1,0,\N,https://store.steampowered.com/app/2122040/,https://cdn.akamai.steamstatic.com/steam/apps/2122040/header.jpg
1487320,Astro Sentai Jarbonder,2020,2020-12-14,Positive,28,35,80.0,0,\N,https://store.steampowered.com/app/1487320/,https://cdn.akamai.steamstatic.com/steam/apps/1487320/header.jpg
2125250,Space Runaway,2022,2022-12-22,Positive,30,35,85.7,0,\N,https://store.steampowered.com/app/2125250/,https://cdn.akamai.steamstatic.com/steam/apps/2125250/header.jpg
1427640,All-Time Battle,2020,2020-10-24,Mixed,14,35,40.0,0,\N,https://store.steampowered.com/app/1427640/,https://cdn.akamai.steamstatic.com/steam/apps/1427640/header.jpg
1303350,Rocky Mayhem,2024,2024-06-22,Positive,30,35,85.7,0,\N,https://store.steampowered.com/app/1303350/,https://cdn.akamai.steamstatic.com/steam/apps/1303350/header.jpg
1116280,8-Bit Attack,2020,2020-07-15,Mixed,21,35,60.0,0,\N,https://store.steampowered.com/app/1116280/,https://cdn.akamai.steamstatic.com/steam/apps/1116280/header.jpg
1597790,Mainframe Defenders: Meltdown - Prologue,2021,2021-06-02,Positive,34,35,97.1,0,\N,https://store.steampowered.com/app/1597790/,https://cdn.akamai.steamstatic.com/steam/apps/1597790/header.jpg
1328510,Save Iron Globe,2021,2021-08-17,Positive,30,34,88.2,0,\N,https://store.steampowered.com/app/1328510/,https://cdn.akamai.steamstatic.com/steam/apps/1328510/header.jpg
530820,Subject A-119,2017,2017-06-09,Mixed,20,34,58.8,0,\N,https://store.steampowered.com/app/530820/,https://cdn.akamai.steamstatic.com/steam/apps/530820/header.jpg
2096220,Last Chance in Xollywood,2023,2023-09-19,Positive,34,34,100.0,0,\N,https://store.steampowered.com/app/2096220/,https://cdn.akamai.steamstatic.com/steam/apps/2096220/header.jpg
2382610,Machine Heart,2023,2023-05-10,Positive,29,34,85.3,0,\N,https://store.steampowered.com/app/2382610/,https://cdn.akamai.steamstatic.com/steam/apps/2382610/header.jpg
1249150,Daedaluz,2020,2020-07-12,Positive,33,34,97.1,0,\N,https://store.steampowered.com/app/1249150/,https://cdn.akamai.steamstatic.com/steam/apps/1249150/header.jpg
1106790,Red Horizon,2019,2019-07-18,Mostly Negative,13,34,38.2,0,\N,https://store.steampowered.com/app/1106790/,https://cdn.akamai.steamstatic.com/steam/apps/1106790/header.jpg
335940,Mech Marines: Steel March,2015,2015-01-09,Mixed,17,34,50.0,0,\N,https://store.steampowered.com/app/335940/,https://cdn.akamai.steamstatic.com/steam/apps/335940/header.jpg
944510,Space Merchant,2021,2021-10-01,Mixed,15,34,44.1,0,\N,https://store.steampowered.com/app/944510/,https://cdn.akamai.steamstatic.com/steam/apps/944510/header.jpg
3012360,BREAKER: INITIATING,2024,2024-09-30,Mostly Positive,24,34,70.6,0,\N,https://store.steampowered.com/app/3012360/,https://cdn.akamai.steamstatic.com/steam/apps/3012360/header.jpg
1037460,DEEP 8,2022,2022-06-17,Positive,32,34,94.1,0,\N,https://store.steampowered.com/app/1037460/,https://cdn.akamai.steamstatic.com/steam/apps/1037460/header.jpg
1316570,Operation Covid-19,2020,2020-06-12,Mostly Positive,26,34,76.5,0,\N,https://store.steampowered.com/app/1316570/,https://cdn.akamai.steamstatic.com/steam/apps/1316570/header.jpg
2980050,机械恋心,2024,2024-05-30,Positive,34,34,100.0,0,\N,https://store.steampowered.com/app/2980050/,https://cdn.akamai.steamstatic.com/steam/apps/2980050/header.jpg
1446230,Chasing Tail,2020,2020-11-06,Positive,31,33,93.9,0,\N,https://store.steampowered.com/app/1446230/,https://cdn.akamai.steamstatic.com/steam/apps/1446230/header.jpg
1057420,Earthshakers,2019,2019-04-22,Mixed,20,33,60.6,0,\N,https://store.steampowered.com/app/1057420/,https://cdn.akamai.steamstatic.com/steam/apps/1057420/header.jpg
512920,Trigger Time,2017,2017-05-15,Mostly Positive,26,33,78.8,0,\N,https://store.steampowered.com/app/512920/,https://cdn.akamai.steamstatic.com/steam/apps/512920/header.jpg
1721410,Rust 'n Dust,2021,2021-09-13,Mixed,20,33,60.6,0,\N,https://store.steampowered.com/app/1721410/,https://cdn.akamai.steamstatic.com/steam/apps/1721410/header.jpg
2408270,The Dark Book,2023,2023-05-16,Mixed,20,33,60.6,0,\N,https://store.steampowered.com/app/2408270/,https://cdn.akamai.steamstatic.com/steam/apps/2408270/header.jpg
2686740,Divergence,2023,2023-12-01,Positive,27,33,81.8,0,\N,https://store.steampowered.com/app/2686740/,https://cdn.akamai.steamstatic.com/steam/apps/2686740/header.jpg
775850,Piwall,2018,2018-01-18,Mixed,21,33,63.6,0,\N,https://store.steampowered.com/app/775850/,https://cdn.akamai.steamstatic.com/steam/apps/775850/header.jpg
2343570,Bullet Runner: The First Slaughter,2023,2023-03-24,Positive,30,33,90.9,0,\N,https://store.steampowered.com/app/2343570/,https://cdn.akamai.steamstatic.com/steam/apps/2343570/header.jpg
1349620,Humans V Zombies,2020,2020-07-29,Mixed,14,33,42.4,0,\N,https://store.steampowered.com/app/1349620/,https://cdn.akamai.steamstatic.com/steam/apps/1349620/header.jpg
1457140,We're All Going To Die,2021,2021-02-19,Mixed,20,33,60.6,0,\N,https://store.steampowered.com/app/1457140/,https://cdn.akamai.steamstatic.com/steam/apps/1457140/header.jpg
2218370,Thunderbolt Poker,2022,2022-12-07,Mixed,22,33,66.7,0,\N,https://store.steampowered.com/app/2218370/,https://cdn.akamai.steamstatic.com/steam/apps/2218370/header.jpg
1847970,STARTMOVE,2022,2022-01-03,Mixed,19,33,57.6,0,\N,https://store.steampowered.com/app/1847970/,https://cdn.akamai.steamstatic.com/steam/apps/1847970/header.jpg
1631250,Grimstar: Prequel,2022,2022-10-26,Mixed,23,33,69.7,0,\N,https://store.steampowered.com/app/1631250/,https://cdn.akamai.steamstatic.com/steam/apps/1631250/header.jpg
1361660,Alas Astra,2021,2021-12-26,Mixed,23,33,69.7,0,\N,https://store.steampowered.com/app/1361660/,https://cdn.akamai.steamstatic.com/steam/apps/1361660/header.jpg
2942810,Kilonova,2024,2024-05-17,Positive,31,33,93.9,0,\N,https://store.steampowered.com/app/2942810/,https://cdn.akamai.steamstatic.com/steam/apps/2942810/header.jpg
1066230,Project Katharsis,2019,2019-05-19,Mixed,18,33,54.5,0,\N,https://store.steampowered.com/app/1066230/,https://cdn.akamai.steamstatic.com/steam/apps/1066230/header.jpg
616640,B-12,2019,2019-07-12,Mostly Positive,26,33,78.8,0,\N,https://store.steampowered.com/app/616640/,https://cdn.akamai.steamstatic.com/steam/apps/616640/header.jpg
1839960,Dead End Aegis: Gaiden,2022,2022-01-02,Positive,29,33,87.9,0,\N,https://store.steampowered.com/app/1839960/,https://cdn.akamai.steamstatic.com/steam/apps/1839960/header.jpg
1906100,Mirror Shoot,2022,2022-03-04,Mixed,20,32,62.5,0,\N,https://store.steampowered.com/app/1906100/,https://cdn.akamai.steamstatic.com/steam/apps/1906100/header.jpg
1882750,Cluck,2023,2023-05-12,Mixed,15,32,46.9,0,\N,https://store.steampowered.com/app/1882750/,https://cdn.akamai.steamstatic.com/steam/apps/1882750/header.jpg
1570850,Frauki's Adventure!,2021,2021-04-29,Mostly Positive,24,32,75.0,0,\N,https://store.steampowered.com/app/1570850/,https://cdn.akamai.steamstatic.com/steam/apps/1570850/header.jpg
2726910,Spark of Survival,2024,2024-01-02,Positive,28,32,87.5,0,\N,https://store.steampowered.com/app/2726910/,https://cdn.akamai.steamstatic.com/steam/apps/2726910/header.jpg
2402790,Thereafter,2023,2023-05-15,Mostly Positive,24,32,75.0,0,\N,https://store.steampowered.com/app/2402790/,https://cdn.akamai.steamstatic.com/steam/apps/2402790/header.jpg
2281300,沃瑞尔：荒境,2023,2023-02-14,Mostly Positive,25,32,78.1,0,\N,https://store.steampowered.com/app/2281300/,https://cdn.akamai.steamstatic.com/steam/apps/2281300/header.jpg
2556050,Astral Quester,2024,2024-01-23,Mixed,20,32,62.5,0,\N,https://store.steampowered.com/app/2556050/,https://cdn.akamai.steamstatic.com/steam/apps/2556050/header.jpg
2842570,[Test Subject Name],2024,2024-05-18,Positive,27,32,84.4,0,\N,https://store.steampowered.com/app/2842570/,https://cdn.akamai.steamstatic.com/steam/apps/2842570/header.jpg
2474900,Duskborn,2023,2023-09-21,Positive,28,32,87.5,0,\N,https://store.steampowered.com/app/2474900/,https://cdn.akamai.steamstatic.com/steam/apps/2474900/header.jpg
1280700,Drekirokr - Dusk of the Dragon,2020,2020-06-10,Positive,27,32,84.4,0,\N,https://store.steampowered.com/app/1280700/,https://cdn.akamai.steamstatic.com/steam/apps/1280700/header.jpg
1468960,Pro Arena Alpha,2021,2021-11-15,Mostly Negative,12,31,38.7,0,\N,https://store.steampowered.com/app/1468960/,https://cdn.akamai.steamstatic.com/steam/apps/1468960/header.jpg
1736730,Don't Get Tagged,2022,2022-09-15,Positive,28,31,90.3,0,\N,https://store.steampowered.com/app/1736730/,https://cdn.akamai.steamstatic.com/steam/apps/1736730/header.jpg
2309800,ウワガキアイ,2023,2023-02-25,Positive,31,31,100.0,0,\N,https://store.steampowered.com/app/2309800/,https://cdn.akamai.steamstatic.com/steam/apps/2309800/header.jpg
2597560,SpaceDRG,2023,2023-12-01,Positive,27,31,87.1,0,\N,https://store.steampowered.com/app/2597560/,https://cdn.akamai.steamstatic.com/steam/apps/2597560/header.jpg
2327260,Earth's Greatest Defender,2023,2023-11-16,Positive,30,31,96.8,0,\N,https://store.steampowered.com/app/2327260/,https://cdn.akamai.steamstatic.com/steam/apps/2327260/header.jpg
2838380,Battle Room Beta,2024,2024-03-22,Mixed,21,31,67.7,0,\N,https://store.steampowered.com/app/2838380/,https://cdn.akamai.steamstatic.com/steam/apps/2838380/header.jpg
2226800,Eon of the Green: Area Delta (Prologue),2023,2023-01-25,Positive,27,31,87.1,0,\N,https://store.steampowered.com/app/2226800/,https://cdn.akamai.steamstatic.com/steam/apps/2226800/header.jpg
2437430,Devinica,2023,2023-07-20,Mostly Positive,24,31,77.4,0,\N,https://store.steampowered.com/app/2437430/,https://cdn.akamai.steamstatic.com/steam/apps/2437430/header.jpg
1665600,Source of Survival Early Access,2021,2021-07-23,Mixed,14,31,45.2,0,\N,https://store.steampowered.com/app/1665600/,https://cdn.akamai.steamstatic.com/steam/apps/1665600/header.jpg
1770760,Codename: TIARAS,2021,2021-10-14,Mixed,18,31,58.1,0,\N,https://store.steampowered.com/app/1770760/,https://cdn.akamai.steamstatic.com/steam/apps/1770760/header.jpg
1618720,MarsVR: Mars Desert Research Station VR,2022,2022-02-18,Mixed,19,31,61.3,0,\N,https://store.steampowered.com/app/1618720/,https://cdn.akamai.steamstatic.com/steam/apps/1618720/header.jpg
1583900,M.A.R.S.S.,2021,2021-05-24,Positive,26,31,83.9,0,\N,https://store.steampowered.com/app/1583900/,https://cdn.akamai.steamstatic.com/steam/apps/1583900/header.jpg
3088770,Fish,2024,2024-08-08,Mixed,14,31,45.2,0,\N,https://store.steampowered.com/app/3088770/,https://cdn.akamai.steamstatic.com/steam/apps/3088770/header.jpg
1860090,Pirates Of Heaven,2023,2023-12-18,Mostly Negative,11,31,35.5,0,\N,https://store.steampowered.com/app/1860090/,https://cdn.akamai.steamstatic.com/steam/apps/1860090/header.jpg
1220990,Great Utopia,2020,2020-01-30,Mixed,19,30,63.3,0,\N,https://store.steampowered.com/app/1220990/,https://cdn.akamai.steamstatic.com/steam/apps/1220990/header.jpg
2094090,Table Ball,2022,2022-08-03,Positive,24,30,80.0,0,\N,https://store.steampowered.com/app/2094090/,https://cdn.akamai.steamstatic.com/steam/apps/2094090/header.jpg
2396320,2023: Alien Bugs Invade Earth,2023,2023-05-09,Positive,27,30,90.0,0,\N,https://store.steampowered.com/app/2396320/,https://cdn.akamai.steamstatic.com/steam/apps/2396320/header.jpg
1358930,Playing God,2020,2020-09-07,Mixed,17,30,56.7,0,\N,https://store.steampowered.com/app/1358930/,https://cdn.akamai.steamstatic.com/steam/apps/1358930/header.jpg
2560040,Defend Earth: Xenos Survivors - Prelude,2023,2023-09-06,Positive,29,30,96.7,0,\N,https://store.steampowered.com/app/2560040/,https://cdn.akamai.steamstatic.com/steam/apps/2560040/header.jpg
759010,Escape,2018,2018-01-28,Mostly Negative,7,30,23.3,0,\N,https://store.steampowered.com/app/759010/,https://cdn.akamai.steamstatic.com/steam/apps/759010/header.jpg
755830,Lonely Astronaut,2018,2018-03-16,Positive,27,30,90.0,0,\N,https://store.steampowered.com/app/755830/,https://cdn.akamai.steamstatic.com/steam/apps/755830/header.jpg
1474000,Age of ilcoin VR : Retribution,2020,2020-12-07,Mixed,16,30,53.3,0,\N,https://store.steampowered.com/app/1474000/,https://cdn.akamai.steamstatic.com/steam/apps/1474000/header.jpg
857900,Huge Enemy - Worldbreakers,2018,2018-09-07,Positive,24,30,80.0,0,\N,https://store.steampowered.com/app/857900/,https://cdn.akamai.steamstatic.com/steam/apps/857900/header.jpg
1539600,AstroBike,2021,2021-10-20,Mostly Positive,21,30,70.0,0,\N,https://store.steampowered.com/app/1539600/,https://cdn.akamai.steamstatic.com/steam/apps/1539600/header.jpg
2108580,重装战线,2022,2022-08-30,Mixed,20,30,66.7,0,\N,https://store.steampowered.com/app/2108580/,https://cdn.akamai.steamstatic.com/steam/apps/2108580/header.jpg
1550280,Jamie's Toy Box,2023,2023-04-10,Mostly Positive,23,30,76.7,0,\N,https://store.steampowered.com/app/1550280/,https://cdn.akamai.steamstatic.com/steam/apps/1550280/header.jpg
1680310,Cubiverse,2021,2021-10-07,Positive,30,30,100.0,0,\N,https://store.steampowered.com/app/1680310/,https://cdn.akamai.steamstatic.com/steam/apps/1680310/header.jpg
1979930,FreedroidRPG,2023,2023-01-19,Positive,25,30,83.3,0,\N,https://store.steampowered.com/app/1979930/,https://cdn.akamai.steamstatic.com/steam/apps/1979930/header.jpg
1438760,Recruit One,2020,2020-10-20,Positive,28,30,93.3,0,\N,https://store.steampowered.com/app/1438760/,https://cdn.akamai.steamstatic.com/steam/apps/1438760/header.jpg
2527140,Platform Gun,2023,2023-08-25,Positive,29,30,96.7,0,\N,https://store.steampowered.com/app/2527140/,https://cdn.akamai.steamstatic.com/steam/apps/2527140/header.jpg
348840,UFHO2,2015,2015-06-02,Positive,26,30,86.7,0,\N,https://store.steampowered.com/app/348840/,https://cdn.akamai.steamstatic.com/steam/apps/348840/header.jpg
894380,Exoplanet: A Project Coreward Demo,2018,2018-07-25,Positive,24,30,80.0,0,\N,https://store.steampowered.com/app/894380/,https://cdn.akamai.steamstatic.com/steam/apps/894380/header.jpg
2657610,Elara: A Coding Adventure in Space,2024,2024-02-16,Positive,29,29,100.0,0,\N,https://store.steampowered.com/app/2657610/,https://cdn.akamai.steamstatic.com/steam/apps/2657610/header.jpg
2679860,Space Miner - Idle Adventures,2023,2023-12-08,Mixed,14,29,48.3,0,\N,https://store.steampowered.com/app/2679860/,https://cdn.akamai.steamstatic.com/steam/apps/2679860/header.jpg
1121490,Time Break 2121,2019,2019-08-20,Mixed,14,29,48.3,0,\N,https://store.steampowered.com/app/1121490/,https://cdn.akamai.steamstatic.com/steam/apps/1121490/header.jpg
1126850,Power,2019,2019-11-15,Positive,28,29,96.6,0,\N,https://store.steampowered.com/app/1126850/,https://cdn.akamai.steamstatic.com/steam/apps/1126850/header.jpg
3217200,One True Path,2024,2024-09-25,Positive,29,29,100.0,0,\N,https://store.steampowered.com/app/3217200/,https://cdn.akamai.steamstatic.com/steam/apps/3217200/header.jpg
751260,Astrohazard Solutions Ltd.,2017,2017-12-11,Positive,29,29,100.0,0,\N,https://store.steampowered.com/app/751260/,https://cdn.akamai.steamstatic.com/steam/apps/751260/header.jpg
660070,Chromatic,2017,2017-07-17,Positive,26,29,89.7,0,\N,https://store.steampowered.com/app/660070/,https://cdn.akamai.steamstatic.com/steam/apps/660070/header.jpg
1728180,Astral Shipwright,2022,2022-11-11,Mixed,17,29,58.6,0,\N,https://store.steampowered.com/app/1728180/,https://cdn.akamai.steamstatic.com/steam/apps/1728180/header.jpg
1564520,Star Pilot,2021,2021-11-24,Mixed,20,29,69.0,0,\N,https://store.steampowered.com/app/1564520/,https://cdn.akamai.steamstatic.com/steam/apps/1564520/header.jpg
438440,Star Rogue,2016,2016-02-01,Positive,27,29,93.1,0,\N,https://store.steampowered.com/app/438440/,https://cdn.akamai.steamstatic.com/steam/apps/438440/header.jpg
2391310,Lies of Astaroth,2023,2023-05-11,Mixed,15,29,51.7,0,\N,https://store.steampowered.com/app/2391310/,https://cdn.akamai.steamstatic.com/steam/apps/2391310/header.jpg
1972230,Alcyone,2022,2022-05-03,Mixed,16,29,55.2,0,\N,https://store.steampowered.com/app/1972230/,https://cdn.akamai.steamstatic.com/steam/apps/1972230/header.jpg
1880250,Decay - a real time interactive experience,2022,2022-02-07,Mostly Positive,22,29,75.9,0,\N,https://store.steampowered.com/app/1880250/,https://cdn.akamai.steamstatic.com/steam/apps/1880250/header.jpg
1668590,Neokaiju,2021,2021-07-03,Mixed,19,29,65.5,0,\N,https://store.steampowered.com/app/1668590/,https://cdn.akamai.steamstatic.com/steam/apps/1668590/header.jpg
1471250,Orion: The Eternal Punishment,2021,2021-01-05,Mixed,20,29,69.0,0,\N,https://store.steampowered.com/app/1471250/,https://cdn.akamai.steamstatic.com/steam/apps/1471250/header.jpg
2470650,Cones in Space,2023,2023-06-26,Positive,27,29,93.1,0,\N,https://store.steampowered.com/app/2470650/,https://cdn.akamai.steamstatic.com/steam/apps/2470650/header.jpg
926450,Thibalryn,2019,2019-06-13,Positive,24,29,82.8,0,\N,https://store.steampowered.com/app/926450/,https://cdn.akamai.steamstatic.com/steam/apps/926450/header.jpg
2738320,Phantom Ascension,2024,2024-02-12,Mostly Negative,10,29,34.5,0,\N,https://store.steampowered.com/app/2738320/,https://cdn.akamai.steamstatic.com/steam/apps/2738320/header.jpg
2735700,Maneuver,2024,2024-01-10,Positive,27,29,93.1,0,\N,https://store.steampowered.com/app/2735700/,https://cdn.akamai.steamstatic.com/steam/apps/2735700/header.jpg
1982430,Kunai Strike,2022,2022-06-18,Mostly Positive,22,29,75.9,0,\N,https://store.steampowered.com/app/1982430/,https://cdn.akamai.steamstatic.com/steam/apps/1982430/header.jpg
867390,Chase,2018,2018-08-17,Mostly Positive,22,28,78.6,0,\N,https://store.steampowered.com/app/867390/,https://cdn.akamai.steamstatic.com/steam/apps/867390/header.jpg
3009040,Roswell Ranch,2024,2024-08-22,Mixed,17,28,60.7,0,\N,https://store.steampowered.com/app/3009040/,https://cdn.akamai.steamstatic.com/steam/apps/3009040/header.jpg
1589370,Speedpunk,2021,2021-08-02,Mixed,14,28,50.0,0,\N,https://store.steampowered.com/app/1589370/,https://cdn.akamai.steamstatic.com/steam/apps/1589370/header.jpg
1818960,ModBots,2022,2022-03-16,Positive,23,28,82.1,0,\N,https://store.steampowered.com/app/1818960/,https://cdn.akamai.steamstatic.com/steam/apps/1818960/header.jpg
2118520,Dune Mechanic : Survive The Steampunk Era Prologue,2024,2024-06-13,Mixed,16,28,57.1,0,\N,https://store.steampowered.com/app/2118520/,https://cdn.akamai.steamstatic.com/steam/apps/2118520/header.jpg
2309230,Sweet Science – The Girls of Silversee Castle,2024,2024-03-28,Positive,25,28,89.3,0,\N,https://store.steampowered.com/app/2309230/,https://cdn.akamai.steamstatic.com/steam/apps/2309230/header.jpg
1169760,Firing Vibes,2022,2022-01-04,Mostly Negative,8,28,28.6,0,\N,https://store.steampowered.com/app/1169760/,https://cdn.akamai.steamstatic.com/steam/apps/1169760/header.jpg
1314840,encrypt.,2020,2020-06-01,Positive,27,28,96.4,0,\N,https://store.steampowered.com/app/1314840/,https://cdn.akamai.steamstatic.com/steam/apps/1314840/header.jpg
2828890,VGA Planets Nu,2024,2024-04-12,Positive,23,28,82.1,0,\N,https://store.steampowered.com/app/2828890/,https://cdn.akamai.steamstatic.com/steam/apps/2828890/header.jpg
2010380,Into the cylinder,2023,2023-05-03,Mostly Negative,7,28,25.0,0,\N,https://store.steampowered.com/app/2010380/,https://cdn.akamai.steamstatic.com/steam/apps/2010380/header.jpg
2607960,Running Through The Beat,2024,2024-01-08,Mixed,18,28,64.3,0,\N,https://store.steampowered.com/app/2607960/,https://cdn.akamai.steamstatic.com/steam/apps/2607960/header.jpg
1641580,Assignment 42,2021,2021-07-28,Mostly Positive,22,28,78.6,0,\N,https://store.steampowered.com/app/1641580/,https://cdn.akamai.steamstatic.com/steam/apps/1641580/header.jpg
495600,Asteroid Fight,2020,2020-04-10,Mixed,19,28,67.9,0,\N,https://store.steampowered.com/app/495600/,https://cdn.akamai.steamstatic.com/steam/apps/495600/header.jpg
1896710,Project Xenoflora,2022,2022-02-17,Positive,27,28,96.4,0,\N,https://store.steampowered.com/app/1896710/,https://cdn.akamai.steamstatic.com/steam/apps/1896710/header.jpg
2398350,Eclectic Expansion Enterprise,2023,2023-05-10,Mostly Positive,20,27,74.1,0,\N,https://store.steampowered.com/app/2398350/,https://cdn.akamai.steamstatic.com/steam/apps/2398350/header.jpg
1120850,Old Town Stories,2019,2019-12-07,Mostly Positive,20,27,74.1,0,\N,https://store.steampowered.com/app/1120850/,https://cdn.akamai.steamstatic.com/steam/apps/1120850/header.jpg
1765060,Hunted,2021,2021-10-09,Mostly Positive,21,27,77.8,0,\N,https://store.steampowered.com/app/1765060/,https://cdn.akamai.steamstatic.com/steam/apps/1765060/header.jpg
2589510,D.V. Ex Agent (Episode 1),2023,2023-12-04,Positive,22,27,81.5,0,\N,https://store.steampowered.com/app/2589510/,https://cdn.akamai.steamstatic.com/steam/apps/2589510/header.jpg
1230930,Inside The Computer,2020,2020-03-04,Positive,26,27,96.3,0,\N,https://store.steampowered.com/app/1230930/,https://cdn.akamai.steamstatic.com/steam/apps/1230930/header.jpg
2274160,Gimmick's Gadgets,2023,2023-07-14,Mixed,14,27,51.9,0,\N,https://store.steampowered.com/app/2274160/,https://cdn.akamai.steamstatic.com/steam/apps/2274160/header.jpg
2675850,protoViolence - Definitive Edition,2024,2024-02-18,Positive,26,27,96.3,0,\N,https://store.steampowered.com/app/2675850/,https://cdn.akamai.steamstatic.com/steam/apps/2675850/header.jpg
2428140,Tachyonest: Rewrite,2023,2023-07-31,Mixed,12,27,44.4,0,\N,https://store.steampowered.com/app/2428140/,https://cdn.akamai.steamstatic.com/steam/apps/2428140/header.jpg
2421430,War For Galaxy,2023,2023-07-14,Mostly Negative,10,27,37.0,0,\N,https://store.steampowered.com/app/2421430/,https://cdn.akamai.steamstatic.com/steam/apps/2421430/header.jpg
2251080,TeamPunk,2023,2023-01-20,Positive,27,27,100.0,0,\N,https://store.steampowered.com/app/2251080/,https://cdn.akamai.steamstatic.com/steam/apps/2251080/header.jpg
2230990,Project Sphinx,2023,2023-07-27,Positive,21,26,80.8,0,\N,https://store.steampowered.com/app/2230990/,https://cdn.akamai.steamstatic.com/steam/apps/2230990/header.jpg
2526010,Star Legacy VR,2023,2023-08-22,Positive,22,26,84.6,0,\N,https://store.steampowered.com/app/2526010/,https://cdn.akamai.steamstatic.com/steam/apps/2526010/header.jpg
1376730,Vacation: dayOFF,2020,2020-09-23,Mostly Positive,20,26,76.9,0,\N,https://store.steampowered.com/app/1376730/,https://cdn.akamai.steamstatic.com/steam/apps/1376730/header.jpg
705860,SpaceWalker,2018,2018-01-03,Mostly Positive,20,26,76.9,0,\N,https://store.steampowered.com/app/705860/,https://cdn.akamai.steamstatic.com/steam/apps/705860/header.jpg
2275970,Eggsplorer,2023,2023-03-29,Mixed,15,26,57.7,0,\N,https://store.steampowered.com/app/2275970/,https://cdn.akamai.steamstatic.com/steam/apps/2275970/header.jpg
2672130,Bloodshots,2023,2023-12-09,Mostly Positive,20,26,76.9,0,\N,https://store.steampowered.com/app/2672130/,https://cdn.akamai.steamstatic.com/steam/apps/2672130/header.jpg
2780640,The Cyber Masquerade,2024,2024-02-03,Mostly Positive,20,26,76.9,0,\N,https://store.steampowered.com/app/2780640/,https://cdn.akamai.steamstatic.com/steam/apps/2780640/header.jpg
3088540,IMPACT,2024,2024-09-02,Mixed,18,26,69.2,0,\N,https://store.steampowered.com/app/3088540/,https://cdn.akamai.steamstatic.com/steam/apps/3088540/header.jpg
1742290,They came from another planet,2023,2023-04-02,Positive,22,26,84.6,0,\N,https://store.steampowered.com/app/1742290/,https://cdn.akamai.steamstatic.com/steam/apps/1742290/header.jpg
2089590,QuantumVR,2023,2023-04-19,Positive,25,26,96.2,0,\N,https://store.steampowered.com/app/2089590/,https://cdn.akamai.steamstatic.com/steam/apps/2089590/header.jpg
790130,ORE,2018,2018-05-01,Mixed,16,26,61.5,0,\N,https://store.steampowered.com/app/790130/,https://cdn.akamai.steamstatic.com/steam/apps/790130/header.jpg
1949480,AIRBORNE,2022,2022-04-16,Positive,24,26,92.3,0,\N,https://store.steampowered.com/app/1949480/,https://cdn.akamai.steamstatic.com/steam/apps/1949480/header.jpg
1930340,Rage Night,2022,2022-12-15,Mixed,14,26,53.8,0,\N,https://store.steampowered.com/app/1930340/,https://cdn.akamai.steamstatic.com/steam/apps/1930340/header.jpg
1921080,Galaxy Splitter,2022,2022-06-14,Mixed,15,26,57.7,0,\N,https://store.steampowered.com/app/1921080/,https://cdn.akamai.steamstatic.com/steam/apps/1921080/header.jpg
1437980,Cyberforge: First Light,2020,2020-10-26,Positive,21,26,80.8,0,\N,https://store.steampowered.com/app/1437980/,https://cdn.akamai.steamstatic.com/steam/apps/1437980/header.jpg
1809760,Achromira,2022,2022-01-24,Mixed,16,26,61.5,0,\N,https://store.steampowered.com/app/1809760/,https://cdn.akamai.steamstatic.com/steam/apps/1809760/header.jpg
1847900,Synchronizacja - Visual Novel,2022,2022-01-21,Positive,24,25,96.0,0,\N,https://store.steampowered.com/app/1847900/,https://cdn.akamai.steamstatic.com/steam/apps/1847900/header.jpg
1813730,Outpost,2021,2021-12-26,Mostly Positive,18,25,72.0,0,\N,https://store.steampowered.com/app/1813730/,https://cdn.akamai.steamstatic.com/steam/apps/1813730/header.jpg
1640130,Farm Fatale,2021,2021-06-30,Mostly Positive,18,25,72.0,0,\N,https://store.steampowered.com/app/1640130/,https://cdn.akamai.steamstatic.com/steam/apps/1640130/header.jpg
1966740,H.I.V.E.,2022,2022-05-26,Mixed,17,25,68.0,0,\N,https://store.steampowered.com/app/1966740/,https://cdn.akamai.steamstatic.com/steam/apps/1966740/header.jpg
2896440,LAZERZ,2024,2024-04-26,Positive,25,25,100.0,0,\N,https://store.steampowered.com/app/2896440/,https://cdn.akamai.steamstatic.com/steam/apps/2896440/header.jpg
1983670,Cosmopoly,2022,2022-07-22,Positive,20,25,80.0,0,\N,https://store.steampowered.com/app/1983670/,https://cdn.akamai.steamstatic.com/steam/apps/1983670/header.jpg
2294860,Space Game: Star We There Yet?,2023,2023-02-13,Mixed,16,25,64.0,0,\N,https://store.steampowered.com/app/2294860/,https://cdn.akamai.steamstatic.com/steam/apps/2294860/header.jpg
1362580,Retro War,2020,2020-07-17,Positive,22,25,88.0,0,\N,https://store.steampowered.com/app/1362580/,https://cdn.akamai.steamstatic.com/steam/apps/1362580/header.jpg
1773570,Laboratory,2022,2022-01-24,Positive,25,25,100.0,0,\N,https://store.steampowered.com/app/1773570/,https://cdn.akamai.steamstatic.com/steam/apps/1773570/header.jpg
926820,Eternal Space Battles,2018,2018-11-06,Positive,22,25,88.0,0,\N,https://store.steampowered.com/app/926820/,https://cdn.akamai.steamstatic.com/steam/apps/926820/header.jpg
1668710,Clash of Stars,2023,2023-07-16,Mixed,14,25,56.0,0,\N,https://store.steampowered.com/app/1668710/,https://cdn.akamai.steamstatic.com/steam/apps/1668710/header.jpg
1924510,Parabellum Beta,2022,2022-05-20,Mixed,13,25,52.0,0,\N,https://store.steampowered.com/app/1924510/,https://cdn.akamai.steamstatic.com/steam/apps/1924510/header.jpg
503780,Ice Caves of Europa,2018,2018-07-09,Mixed,14,25,56.0,0,\N,https://store.steampowered.com/app/503780/,https://cdn.akamai.steamstatic.com/steam/apps/503780/header.jpg
1332210,Signs of the Sojourner: Prologue,2020,2020-05-29,Positive,22,25,88.0,0,\N,https://store.steampowered.com/app/1332210/,https://cdn.akamai.steamstatic.com/steam/apps/1332210/header.jpg
2786250,IVRI,2024,2024-03-14,Positive,20,25,80.0,0,\N,https://store.steampowered.com/app/2786250/,https://cdn.akamai.steamstatic.com/steam/apps/2786250/header.jpg
2616550,Rescue The Prisoner,2023,2023-11-01,Mostly Positive,19,25,76.0,0,\N,https://store.steampowered.com/app/2616550/,https://cdn.akamai.steamstatic.com/steam/apps/2616550/header.jpg
2777720,DR3AMy,2024,2024-01-31,Positive,21,25,84.0,0,\N,https://store.steampowered.com/app/2777720/,https://cdn.akamai.steamstatic.com/steam/apps/2777720/header.jpg
2755700,Totally Shmup,2024,2024-01-31,Positive,25,25,100.0,0,\N,https://store.steampowered.com/app/2755700/,https://cdn.akamai.steamstatic.com/steam/apps/2755700/header.jpg
1814510,Yavi,2021,2021-12-13,Positive,21,25,84.0,0,\N,https://store.steampowered.com/app/1814510/,https://cdn.akamai.steamstatic.com/steam/apps/1814510/header.jpg
2147580,1990,2022,2022-10-03,Mostly Positive,19,25,76.0,0,\N,https://store.steampowered.com/app/2147580/,https://cdn.akamai.steamstatic.com/steam/apps/2147580/header.jpg
1623240,Maguntsche Chapter One,2021,2021-06-22,Mostly Positive,19,25,76.0,0,\N,https://store.steampowered.com/app/1623240/,https://cdn.akamai.steamstatic.com/steam/apps/1623240/header.jpg
1611150,The Cube Factory,2021,2021-05-13,Positive,20,25,80.0,0,\N,https://store.steampowered.com/app/1611150/,https://cdn.akamai.steamstatic.com/steam/apps/1611150/header.jpg
1320710,Glitch Escape,2020,2020-09-06,Mixed,13,24,54.2,0,\N,https://store.steampowered.com/app/1320710/,https://cdn.akamai.steamstatic.com/steam/apps/1320710/header.jpg
2219690,Dominator Idle,2023,2023-05-26,Mixed,10,24,41.7,0,\N,https://store.steampowered.com/app/2219690/,https://cdn.akamai.steamstatic.com/steam/apps/2219690/header.jpg
2467400,ParryRobot,2023,2023-12-04,Positive,24,24,100.0,0,\N,https://store.steampowered.com/app/2467400/,https://cdn.akamai.steamstatic.com/steam/apps/2467400/header.jpg
2163710,AevumCore,2022,2022-10-31,Mixed,15,24,62.5,0,\N,https://store.steampowered.com/app/2163710/,https://cdn.akamai.steamstatic.com/steam/apps/2163710/header.jpg
1371090,Illegal Race Tuning,2020,2020-09-13,Mixed,16,24,66.7,0,\N,https://store.steampowered.com/app/1371090/,https://cdn.akamai.steamstatic.com/steam/apps/1371090/header.jpg
2023160,Monster Showdown: Prologue,2022,2022-06-17,Positive,20,24,83.3,0,\N,https://store.steampowered.com/app/2023160/,https://cdn.akamai.steamstatic.com/steam/apps/2023160/header.jpg
2649170,Buried Shards,2023,2023-12-08,Positive,21,24,87.5,0,\N,https://store.steampowered.com/app/2649170/,https://cdn.akamai.steamstatic.com/steam/apps/2649170/header.jpg
1805700,Space Beastz,2022,2022-04-06,Mostly Positive,17,24,70.8,0,\N,https://store.steampowered.com/app/1805700/,https://cdn.akamai.steamstatic.com/steam/apps/1805700/header.jpg
1652800,Entangled,2021,2021-09-03,Positive,21,24,87.5,0,\N,https://store.steampowered.com/app/1652800/,https://cdn.akamai.steamstatic.com/steam/apps/1652800/header.jpg
1377060,nightmAR Protocol,2020,2020-08-25,Positive,20,24,83.3,0,\N,https://store.steampowered.com/app/1377060/,https://cdn.akamai.steamstatic.com/steam/apps/1377060/header.jpg
2777030,In The Shadows,2024,2024-01-29,Mixed,15,24,62.5,0,\N,https://store.steampowered.com/app/2777030/,https://cdn.akamai.steamstatic.com/steam/apps/2777030/header.jpg
1795640,SOLAR CAGE,2021,2021-12-21,Mixed,10,24,41.7,0,\N,https://store.steampowered.com/app/1795640/,https://cdn.akamai.steamstatic.com/steam/apps/1795640/header.jpg
1965430,Goldilock One: BOSS ARENA,2024,2024-10-02,Positive,22,24,91.7,0,\N,https://store.steampowered.com/app/1965430/,https://cdn.akamai.steamstatic.com/steam/apps/1965430/header.jpg
1774560,Dead Transmission,2021,2021-12-02,Mostly Negative,8,24,33.3,0,\N,https://store.steampowered.com/app/1774560/,https://cdn.akamai.steamstatic.com/steam/apps/1774560/header.jpg
1570000,Space Ninja Simulator,2021,2021-03-25,Mixed,14,24,58.3,0,\N,https://store.steampowered.com/app/1570000/,https://cdn.akamai.steamstatic.com/steam/apps/1570000/header.jpg
395150,Dark Storm: VR Missions,2015,2015-08-19,Mixed,11,24,45.8,0,\N,https://store.steampowered.com/app/395150/,https://cdn.akamai.steamstatic.com/steam/apps/395150/header.jpg
2181140,Hope's End,2023,2023-04-21,Positive,19,23,82.6,0,\N,https://store.steampowered.com/app/2181140/,https://cdn.akamai.steamstatic.com/steam/apps/2181140/header.jpg
1096630,Space Mercenary Shooter : Episode 1,2019,2019-07-19,Mixed,15,23,65.2,0,\N,https://store.steampowered.com/app/1096630/,https://cdn.akamai.steamstatic.com/steam/apps/1096630/header.jpg
1409370,Psych,2020,2020-09-29,Mixed,16,23,69.6,0,\N,https://store.steampowered.com/app/1409370/,https://cdn.akamai.steamstatic.com/steam/apps/1409370/header.jpg
2655220,Blast Course,2024,2024-09-26,Positive,22,23,95.7,0,\N,https://store.steampowered.com/app/2655220/,https://cdn.akamai.steamstatic.com/steam/apps/2655220/header.jpg
1703600,Our Personal Space,2021,2021-08-13,Positive,20,23,87.0,0,\N,https://store.steampowered.com/app/1703600/,https://cdn.akamai.steamstatic.com/steam/apps/1703600/header.jpg
2837470,Asterball,2024,2024-03-26,Positive,20,23,87.0,0,\N,https://store.steampowered.com/app/2837470/,https://cdn.akamai.steamstatic.com/steam/apps/2837470/header.jpg
458040,Hex Gambit,2018,2018-10-15,Mostly Positive,17,23,73.9,0,\N,https://store.steampowered.com/app/458040/,https://cdn.akamai.steamstatic.com/steam/apps/458040/header.jpg
2602510,Underground Waifus TCG,2023,2023-12-28,Mixed,10,23,43.5,0,\N,https://store.steampowered.com/app/2602510/,https://cdn.akamai.steamstatic.com/steam/apps/2602510/header.jpg
2870950,Splash Carnival,2024,2024-03-19,Positive,19,23,82.6,0,\N,https://store.steampowered.com/app/2870950/,https://cdn.akamai.steamstatic.com/steam/apps/2870950/header.jpg
1346850,VRWorkout,2020,2020-07-05,Positive,20,23,87.0,0,\N,https://store.steampowered.com/app/1346850/,https://cdn.akamai.steamstatic.com/steam/apps/1346850/header.jpg
1923170,Pizza Synthwave,2022,2022-05-03,Positive,19,23,82.6,0,\N,https://store.steampowered.com/app/1923170/,https://cdn.akamai.steamstatic.com/steam/apps/1923170/header.jpg
2594940,Signal,2023,2023-10-14,Mostly Negative,7,23,30.4,0,\N,https://store.steampowered.com/app/2594940/,https://cdn.akamai.steamstatic.com/steam/apps/2594940/header.jpg
2820650,BioDive,2024,2024-05-01,Positive,21,23,91.3,0,\N,https://store.steampowered.com/app/2820650/,https://cdn.akamai.steamstatic.com/steam/apps/2820650/header.jpg
2166170,World Zero,2022,2022-10-12,Positive,21,23,91.3,0,\N,https://store.steampowered.com/app/2166170/,https://cdn.akamai.steamstatic.com/steam/apps/2166170/header.jpg
491180,Discrepant,2019,2019-12-07,Mixed,14,23,60.9,0,\N,https://store.steampowered.com/app/491180/,https://cdn.akamai.steamstatic.com/steam/apps/491180/header.jpg
3111630,Doomba,2024,2024-08-27,Mostly Positive,17,23,73.9,0,\N,https://store.steampowered.com/app/3111630/,https://cdn.akamai.steamstatic.com/steam/apps/3111630/header.jpg
2289120,Maxix Robotics,2023,2023-09-05,Positive,22,23,95.7,0,\N,https://store.steampowered.com/app/2289120/,https://cdn.akamai.steamstatic.com/steam/apps/2289120/header.jpg
754930,Zero Days VR,2017,2017-12-14,Positive,20,23,87.0,0,\N,https://store.steampowered.com/app/754930/,https://cdn.akamai.steamstatic.com/steam/apps/754930/header.jpg
1672440,ヘブンズブレイザーオンライン,2023,2023-11-18,Mixed,13,23,56.5,0,\N,https://store.steampowered.com/app/1672440/,https://cdn.akamai.steamstatic.com/steam/apps/1672440/header.jpg
1904410,Space Piercer,2022,2022-03-07,Positive,22,22,100.0,0,\N,https://store.steampowered.com/app/1904410/,https://cdn.akamai.steamstatic.com/steam/apps/1904410/header.jpg
2525190,The Rush,2024,2024-04-20,Positive,21,22,95.5,0,\N,https://store.steampowered.com/app/2525190/,https://cdn.akamai.steamstatic.com/steam/apps/2525190/header.jpg
658480,Starfighter General,2020,2020-11-21,Positive,20,22,90.9,0,\N,https://store.steampowered.com/app/658480/,https://cdn.akamai.steamstatic.com/steam/apps/658480/header.jpg
2193940,The Hidden and Unknown,2023,2023-01-23,Mixed,15,22,68.2,0,\N,https://store.steampowered.com/app/2193940/,https://cdn.akamai.steamstatic.com/steam/apps/2193940/header.jpg
1758200,ITRP _ Gas Prison,2021,2021-10-08,Positive,18,22,81.8,0,\N,https://store.steampowered.com/app/1758200/,https://cdn.akamai.steamstatic.com/steam/apps/1758200/header.jpg
1174300,Shiki,2019,2019-11-04,Positive,21,22,95.5,0,\N,https://store.steampowered.com/app/1174300/,https://cdn.akamai.steamstatic.com/steam/apps/1174300/header.jpg
1531790,Silent Earth,2021,2021-03-05,Positive,19,22,86.4,0,\N,https://store.steampowered.com/app/1531790/,https://cdn.akamai.steamstatic.com/steam/apps/1531790/header.jpg
1432260,The Surfeit: Episode 1,2021,2021-01-31,Mixed,13,22,59.1,0,\N,https://store.steampowered.com/app/1432260/,https://cdn.akamai.steamstatic.com/steam/apps/1432260/header.jpg
1862070,Semiconductor,2022,2022-05-20,Positive,19,22,86.4,0,\N,https://store.steampowered.com/app/1862070/,https://cdn.akamai.steamstatic.com/steam/apps/1862070/header.jpg
2765300,Smash Cup,2024,2024-02-12,Mixed,14,22,63.6,0,\N,https://store.steampowered.com/app/2765300/,https://cdn.akamai.steamstatic.com/steam/apps/2765300/header.jpg
2593070,Zeitghast,2023,2023-12-15,Positive,19,22,86.4,0,\N,https://store.steampowered.com/app/2593070/,https://cdn.akamai.steamstatic.com/steam/apps/2593070/header.jpg
2815770,Evostrike,2024,2024-04-01,Positive,22,22,100.0,0,\N,https://store.steampowered.com/app/2815770/,https://cdn.akamai.steamstatic.com/steam/apps/2815770/header.jpg
2805130,Folgore,2024,2024-02-14,Positive,18,22,81.8,0,\N,https://store.steampowered.com/app/2805130/,https://cdn.akamai.steamstatic.com/steam/apps/2805130/header.jpg
1885460,Invasion From Space,2022,2022-02-13,Positive,22,22,100.0,0,\N,https://store.steampowered.com/app/1885460/,https://cdn.akamai.steamstatic.com/steam/apps/1885460/header.jpg
1730290,TripSync,2021,2021-11-30,Positive,18,22,81.8,0,\N,https://store.steampowered.com/app/1730290/,https://cdn.akamai.steamstatic.com/steam/apps/1730290/header.jpg
2068460,Last Of Ark: Prologue,2022,2022-07-19,Positive,18,22,81.8,0,\N,https://store.steampowered.com/app/2068460/,https://cdn.akamai.steamstatic.com/steam/apps/2068460/header.jpg
2913680,Unfinished,2024,2024-05-28,Positive,18,22,81.8,0,\N,https://store.steampowered.com/app/2913680/,https://cdn.akamai.steamstatic.com/steam/apps/2913680/header.jpg
1406930,Space Travel Jigsaw Puzzles,2020,2020-10-07,Positive,21,22,95.5,0,\N,https://store.steampowered.com/app/1406930/,https://cdn.akamai.steamstatic.com/steam/apps/1406930/header.jpg
1380840,August of August,2020,2020-08-18,Positive,20,22,90.9,0,\N,https://store.steampowered.com/app/1380840/,https://cdn.akamai.steamstatic.com/steam/apps/1380840/header.jpg
1089080,Superstar Hero,2019,2019-06-13,Mixed,13,22,59.1,0,\N,https://store.steampowered.com/app/1089080/,https://cdn.akamai.steamstatic.com/steam/apps/1089080/header.jpg
2460680,Bubblegum Bandit,2023,2023-06-21,Positive,19,21,90.5,0,\N,https://store.steampowered.com/app/2460680/,https://cdn.akamai.steamstatic.com/steam/apps/2460680/header.jpg
500980,Endangered,2019,2019-01-10,Mixed,10,21,47.6,0,\N,https://store.steampowered.com/app/500980/,https://cdn.akamai.steamstatic.com/steam/apps/500980/header.jpg
1520810,Flatline,2021,2021-02-19,Mixed,14,21,66.7,0,\N,https://store.steampowered.com/app/1520810/,https://cdn.akamai.steamstatic.com/steam/apps/1520810/header.jpg
3038790,ScrapDown,2024,2024-06-26,Positive,21,21,100.0,0,\N,https://store.steampowered.com/app/3038790/,https://cdn.akamai.steamstatic.com/steam/apps/3038790/header.jpg
2498910,Technofumer,2024,2024-01-23,Positive,19,21,90.5,0,\N,https://store.steampowered.com/app/2498910/,https://cdn.akamai.steamstatic.com/steam/apps/2498910/header.jpg
1188630,Twitchoos RUN: Socks & Stream,2020,2020-06-23,Positive,17,21,81.0,0,\N,https://store.steampowered.com/app/1188630/,https://cdn.akamai.steamstatic.com/steam/apps/1188630/header.jpg
818780,Scrunk,2018,2018-07-12,Mostly Positive,16,21,76.2,0,\N,https://store.steampowered.com/app/818780/,https://cdn.akamai.steamstatic.com/steam/apps/818780/header.jpg
2202510,ISO,2022,2022-11-28,Positive,17,21,81.0,0,\N,https://store.steampowered.com/app/2202510/,https://cdn.akamai.steamstatic.com/steam/apps/2202510/header.jpg
2388020,Invasion: Family Ties,2023,2023-04-29,Mixed,9,21,42.9,0,\N,https://store.steampowered.com/app/2388020/,https://cdn.akamai.steamstatic.com/steam/apps/2388020/header.jpg
1888810,Cubic Neon Nightclub,2022,2022-02-24,Mixed,14,21,66.7,0,\N,https://store.steampowered.com/app/1888810/,https://cdn.akamai.steamstatic.com/steam/apps/1888810/header.jpg
1357000,Above the Stars,2020,2020-10-30,Positive,19,21,90.5,0,\N,https://store.steampowered.com/app/1357000/,https://cdn.akamai.steamstatic.com/steam/apps/1357000/header.jpg
1353950,Ring of Fire: Prologue,2020,2020-12-15,Positive,19,21,90.5,0,\N,https://store.steampowered.com/app/1353950/,https://cdn.akamai.steamstatic.com/steam/apps/1353950/header.jpg
1473000,Lumber Party,2020,2020-12-21,Positive,19,21,90.5,0,\N,https://store.steampowered.com/app/1473000/,https://cdn.akamai.steamstatic.com/steam/apps/1473000/header.jpg
423780,Zero Gravity,2016,2016-08-28,Mixed,13,21,61.9,0,\N,https://store.steampowered.com/app/423780/,https://cdn.akamai.steamstatic.com/steam/apps/423780/header.jpg
2568060,Interstellar Shore VR: I LIVE,2023,2023-09-18,Mostly Positive,16,21,76.2,0,\N,https://store.steampowered.com/app/2568060/,https://cdn.akamai.steamstatic.com/steam/apps/2568060/header.jpg
1356460,Commander '85 Prologue,2020,2020-07-16,Mostly Positive,15,21,71.4,0,\N,https://store.steampowered.com/app/1356460/,https://cdn.akamai.steamstatic.com/steam/apps/1356460/header.jpg
3046660,Bacteria Warfare,2024,2024-06-28,Mostly Positive,16,21,76.2,0,\N,https://store.steampowered.com/app/3046660/,https://cdn.akamai.steamstatic.com/steam/apps/3046660/header.jpg
999880,NASA's Exoplanet Excursions,2019,2019-04-18,Positive,18,21,85.7,0,\N,https://store.steampowered.com/app/999880/,https://cdn.akamai.steamstatic.com/steam/apps/999880/header.jpg
1809610,The Wanderer,2021,2021-11-30,Positive,19,21,90.5,0,\N,https://store.steampowered.com/app/1809610/,https://cdn.akamai.steamstatic.com/steam/apps/1809610/header.jpg
1445370,Imposters: Countdown,2023,2023-02-01,Mostly Positive,16,21,76.2,0,\N,https://store.steampowered.com/app/1445370/,https://cdn.akamai.steamstatic.com/steam/apps/1445370/header.jpg
2058260,Asteroids,2022,2022-07-17,Positive,20,21,95.2,0,\N,https://store.steampowered.com/app/2058260/,https://cdn.akamai.steamstatic.com/steam/apps/2058260/header.jpg
2657890,SkyFly,2023,2023-11-20,Positive,16,20,80.0,0,\N,https://store.steampowered.com/app/2657890/,https://cdn.akamai.steamstatic.com/steam/apps/2657890/header.jpg
1282110,Escape Initiative,2020,2020-06-12,Positive,18,20,90.0,0,\N,https://store.steampowered.com/app/1282110/,https://cdn.akamai.steamstatic.com/steam/apps/1282110/header.jpg
1331120,Kármán line: the edge of war,2020,2020-08-20,Mixed,13,20,65.0,0,\N,https://store.steampowered.com/app/1331120/,https://cdn.akamai.steamstatic.com/steam/apps/1331120/header.jpg
1265810,Spacen: The Beginning,2020,2020-04-10,Mixed,13,20,65.0,0,\N,https://store.steampowered.com/app/1265810/,https://cdn.akamai.steamstatic.com/steam/apps/1265810/header.jpg
663760,Outgun,2020,2020-10-08,Positive,18,20,90.0,0,\N,https://store.steampowered.com/app/663760/,https://cdn.akamai.steamstatic.com/steam/apps/663760/header.jpg
1315240,Blackstorm,2021,2021-06-01,Mixed,8,20,40.0,0,\N,https://store.steampowered.com/app/1315240/,https://cdn.akamai.steamstatic.com/steam/apps/1315240/header.jpg
1990570,Delete Virus;,2022,2022-07-22,Mostly Positive,14,20,70.0,0,\N,https://store.steampowered.com/app/1990570/,https://cdn.akamai.steamstatic.com/steam/apps/1990570/header.jpg
1035550,Galaxy Forces VR,2019,2019-08-30,Positive,19,20,95.0,0,\N,https://store.steampowered.com/app/1035550/,https://cdn.akamai.steamstatic.com/steam/apps/1035550/header.jpg
1397760,Pulse Jumper,2021,2021-02-05,Positive,17,20,85.0,0,\N,https://store.steampowered.com/app/1397760/,https://cdn.akamai.steamstatic.com/steam/apps/1397760/header.jpg
1394410,Mysterica,2020,2020-10-09,Mostly Positive,14,20,70.0,0,\N,https://store.steampowered.com/app/1394410/,https://cdn.akamai.steamstatic.com/steam/apps/1394410/header.jpg
754610,>Mars Taken,2018,2018-03-23,Negative,3,20,15.0,0,\N,https://store.steampowered.com/app/754610/,https://cdn.akamai.steamstatic.com/steam/apps/754610/header.jpg
2294330,LastRo,2023,2023-12-11,Positive,19,20,95.0,0,\N,https://store.steampowered.com/app/2294330/,https://cdn.akamai.steamstatic.com/steam/apps/2294330/header.jpg
2540960,2099 Gravity Havoc,2023,2023-09-05,Mixed,12,20,60.0,0,\N,https://store.steampowered.com/app/2540960/,https://cdn.akamai.steamstatic.com/steam/apps/2540960/header.jpg
2070420,Escape Yourself,2022,2022-08-01,Mixed,12,20,60.0,0,\N,https://store.steampowered.com/app/2070420/,https://cdn.akamai.steamstatic.com/steam/apps/2070420/header.jpg
2200790,Rootless: Memories Of Green - Chapter 1,2022,2022-12-12,Positive,20,20,100.0,0,\N,https://store.steampowered.com/app/2200790/,https://cdn.akamai.steamstatic.com/steam/apps/2200790/header.jpg
2632630,Groove that Goob,2024,2024-01-13,Positive,20,20,100.0,0,\N,https://store.steampowered.com/app/2632630/,https://cdn.akamai.steamstatic.com/steam/apps/2632630/header.jpg
1954300,Porcupine's Fate,2022,2022-04-20,Mixed,13,20,65.0,0,\N,https://store.steampowered.com/app/1954300/,https://cdn.akamai.steamstatic.com/steam/apps/1954300/header.jpg
1315670,Asteroids 44 (For Four),2020,2020-07-29,Positive,19,20,95.0,0,\N,https://store.steampowered.com/app/1315670/,https://cdn.akamai.steamstatic.com/steam/apps/1315670/header.jpg
1344950,Lone King,2020,2020-07-04,Positive,19,20,95.0,0,\N,https://store.steampowered.com/app/1344950/,https://cdn.akamai.steamstatic.com/steam/apps/1344950/header.jpg
3137690,Mini Mania,2024,2024-08-29,Positive,19,20,95.0,0,\N,https://store.steampowered.com/app/3137690/,https://cdn.akamai.steamstatic.com/steam/apps/3137690/header.jpg
1988930,Syndeo-Complex,2022,2022-11-30,Mixed,12,20,60.0,0,\N,https://store.steampowered.com/app/1988930/,https://cdn.akamai.steamstatic.com/steam/apps/1988930/header.jpg
2767540,Ball Bulét,2024,2024-07-19,Positive,19,20,95.0,0,\N,https://store.steampowered.com/app/2767540/,https://cdn.akamai.steamstatic.com/steam/apps/2767540/header.jpg
1548860,Farlight Commanders: Prologue,2021,2021-03-09,Mostly Positive,14,20,70.0,0,\N,https://store.steampowered.com/app/1548860/,https://cdn.akamai.steamstatic.com/steam/apps/1548860/header.jpg
2265450,Astral Coconut,2023,2023-02-09,Positive,17,20,85.0,0,\N,https://store.steampowered.com/app/2265450/,https://cdn.akamai.steamstatic.com/steam/apps/2265450/header.jpg
2478580,絶体絶命少女 虚空の方程式,2023,2023-08-24,Positive,18,19,94.7,0,\N,https://store.steampowered.com/app/2478580/,https://cdn.akamai.steamstatic.com/steam/apps/2478580/header.jpg
1495350,AVROD,2021,2021-01-05,Mixed,8,19,42.1,0,\N,https://store.steampowered.com/app/1495350/,https://cdn.akamai.steamstatic.com/steam/apps/1495350/header.jpg
1513950,Motor Assailant: Betrayal,2021,2021-03-02,Positive,17,19,89.5,0,\N,https://store.steampowered.com/app/1513950/,https://cdn.akamai.steamstatic.com/steam/apps/1513950/header.jpg
2079230,Resonance,2022,2022-09-28,Mixed,8,19,42.1,0,\N,https://store.steampowered.com/app/2079230/,https://cdn.akamai.steamstatic.com/steam/apps/2079230/header.jpg
1680560,SIGURAT,2021,2021-07-27,Positive,17,19,89.5,0,\N,https://store.steampowered.com/app/1680560/,https://cdn.akamai.steamstatic.com/steam/apps/1680560/header.jpg
1253410,Hero Team,2023,2023-01-05,Mostly Positive,15,19,78.9,0,\N,https://store.steampowered.com/app/1253410/,https://cdn.akamai.steamstatic.com/steam/apps/1253410/header.jpg
1728980,Astro Battlers TD,2023,2023-07-28,Mostly Positive,15,19,78.9,0,\N,https://store.steampowered.com/app/1728980/,https://cdn.akamai.steamstatic.com/steam/apps/1728980/header.jpg
692110,ArchRobo - Robotic Annihilation,2017,2017-09-01,Positive,16,19,84.2,0,\N,https://store.steampowered.com/app/692110/,https://cdn.akamai.steamstatic.com/steam/apps/692110/header.jpg
2698250,CRAZY DOG,2024,2024-03-05,Mixed,11,19,57.9,0,\N,https://store.steampowered.com/app/2698250/,https://cdn.akamai.steamstatic.com/steam/apps/2698250/header.jpg
1131590,Aegis Online,2020,2020-11-02,Mixed,12,19,63.2,0,\N,https://store.steampowered.com/app/1131590/,https://cdn.akamai.steamstatic.com/steam/apps/1131590/header.jpg
2394500,ia scatter city,2023,2023-09-28,Mostly Positive,14,19,73.7,0,\N,https://store.steampowered.com/app/2394500/,https://cdn.akamai.steamstatic.com/steam/apps/2394500/header.jpg
1619590,AFTERLIFE,2021,2021-12-19,Mixed,8,19,42.1,0,\N,https://store.steampowered.com/app/1619590/,https://cdn.akamai.steamstatic.com/steam/apps/1619590/header.jpg
2866580,Astral Disorder,2024,2024-04-29,Mostly Positive,14,19,73.7,0,\N,https://store.steampowered.com/app/2866580/,https://cdn.akamai.steamstatic.com/steam/apps/2866580/header.jpg
2190180,SmileXCorp 3,2024,2024-04-25,Mixed,11,19,57.9,0,\N,https://store.steampowered.com/app/2190180/,https://cdn.akamai.steamstatic.com/steam/apps/2190180/header.jpg
376620,Arkin,2019,2019-09-25,Mixed,10,19,52.6,0,\N,https://store.steampowered.com/app/376620/,https://cdn.akamai.steamstatic.com/steam/apps/376620/header.jpg
1869880,SlingStar,2022,2022-01-27,Positive,18,19,94.7,0,\N,https://store.steampowered.com/app/1869880/,https://cdn.akamai.steamstatic.com/steam/apps/1869880/header.jpg
1682790,BlastFort,2021,2021-07-25,Mostly Positive,15,19,78.9,0,\N,https://store.steampowered.com/app/1682790/,https://cdn.akamai.steamstatic.com/steam/apps/1682790/header.jpg
1978090,GunBoxing,2022,2022-05-11,Mostly Positive,15,19,78.9,0,\N,https://store.steampowered.com/app/1978090/,https://cdn.akamai.steamstatic.com/steam/apps/1978090/header.jpg
1512530,极限求生,2021,2021-02-10,Mixed,10,19,52.6,0,\N,https://store.steampowered.com/app/1512530/,https://cdn.akamai.steamstatic.com/steam/apps/1512530/header.jpg
1300050,A Story In Space,2020,2020-08-19,Mixed,13,19,68.4,0,\N,https://store.steampowered.com/app/1300050/,https://cdn.akamai.steamstatic.com/steam/apps/1300050/header.jpg
2013780,Drain Runner,2022,2022-08-05,Mixed,11,19,57.9,0,\N,https://store.steampowered.com/app/2013780/,https://cdn.akamai.steamstatic.com/steam/apps/2013780/header.jpg
1078360,To Your Stations!,2022,2022-07-01,Positive,17,19,89.5,0,\N,https://store.steampowered.com/app/1078360/,https://cdn.akamai.steamstatic.com/steam/apps/1078360/header.jpg
1550340,The hardest game in the universe,2021,2021-02-27,Mostly Positive,14,19,73.7,0,\N,https://store.steampowered.com/app/1550340/,https://cdn.akamai.steamstatic.com/steam/apps/1550340/header.jpg
1797410,Doge Dimensions,2022,2022-01-21,Mostly Positive,15,19,78.9,0,\N,https://store.steampowered.com/app/1797410/,https://cdn.akamai.steamstatic.com/steam/apps/1797410/header.jpg
2451230,Starship Traders MMO,2023,2023-06-26,Positive,17,19,89.5,0,\N,https://store.steampowered.com/app/2451230/,https://cdn.akamai.steamstatic.com/steam/apps/2451230/header.jpg
1919320,Chrysalis Inc.,2022,2022-04-27,Mixed,9,19,47.4,0,\N,https://store.steampowered.com/app/1919320/,https://cdn.akamai.steamstatic.com/steam/apps/1919320/header.jpg
2666520,End Of Life,2024,2024-01-06,Mixed,11,19,57.9,0,\N,https://store.steampowered.com/app/2666520/,https://cdn.akamai.steamstatic.com/steam/apps/2666520/header.jpg
1307200,Sue's Story,2020,2020-08-03,Mostly Positive,14,18,77.8,0,\N,https://store.steampowered.com/app/1307200/,https://cdn.akamai.steamstatic.com/steam/apps/1307200/header.jpg
2395410,Sol: Last Light,2023,2023-05-13,Mostly Positive,14,18,77.8,0,\N,https://store.steampowered.com/app/2395410/,https://cdn.akamai.steamstatic.com/steam/apps/2395410/header.jpg
2291910,Robo Rob,2024,2024-01-20,Positive,17,18,94.4,0,\N,https://store.steampowered.com/app/2291910/,https://cdn.akamai.steamstatic.com/steam/apps/2291910/header.jpg
1805210,Solaris Rift,2021,2021-11-14,Positive,15,18,83.3,0,\N,https://store.steampowered.com/app/1805210/,https://cdn.akamai.steamstatic.com/steam/apps/1805210/header.jpg
1733280,TheNuWRLD,2021,2021-09-07,Mixed,12,18,66.7,0,\N,https://store.steampowered.com/app/1733280/,https://cdn.akamai.steamstatic.com/steam/apps/1733280/header.jpg
2763820,Stellar Reflections,2024,2024-02-09,Mostly Positive,14,18,77.8,0,\N,https://store.steampowered.com/app/2763820/,https://cdn.akamai.steamstatic.com/steam/apps/2763820/header.jpg
1594170,Rekindle,2021,2021-09-25,Mostly Positive,14,18,77.8,0,\N,https://store.steampowered.com/app/1594170/,https://cdn.akamai.steamstatic.com/steam/apps/1594170/header.jpg
1092610,AfterM.A.T.H.,2024,2024-07-02,Mixed,8,18,44.4,0,\N,https://store.steampowered.com/app/1092610/,https://cdn.akamai.steamstatic.com/steam/apps/1092610/header.jpg
2557580,Cellosseum,2023,2023-09-07,Positive,16,18,88.9,0,\N,https://store.steampowered.com/app/2557580/,https://cdn.akamai.steamstatic.com/steam/apps/2557580/header.jpg
2130230,Gravity Box,2022,2022-09-23,Positive,17,18,94.4,0,\N,https://store.steampowered.com/app/2130230/,https://cdn.akamai.steamstatic.com/steam/apps/2130230/header.jpg
1803610,Sensorium Galaxy,2023,2023-10-18,Mixed,9,18,50.0,0,\N,https://store.steampowered.com/app/1803610/,https://cdn.akamai.steamstatic.com/steam/apps/1803610/header.jpg
1273720,SBX 5K,2020,2020-04-20,Mixed,12,18,66.7,0,\N,https://store.steampowered.com/app/1273720/,https://cdn.akamai.steamstatic.com/steam/apps/1273720/header.jpg
1986620,Mortmentum,2022,2022-06-01,Positive,16,18,88.9,0,\N,https://store.steampowered.com/app/1986620/,https://cdn.akamai.steamstatic.com/steam/apps/1986620/header.jpg
1892400,Augma II - Arc I,2023,2023-06-11,Positive,16,18,88.9,0,\N,https://store.steampowered.com/app/1892400/,https://cdn.akamai.steamstatic.com/steam/apps/1892400/header.jpg
2211750,Bounty,2022,2022-12-02,Mixed,12,18,66.7,0,\N,https://store.steampowered.com/app/2211750/,https://cdn.akamai.steamstatic.com/steam/apps/2211750/header.jpg
2426500,2 Minutes 16 Seconds (2分16秒),2023,2023-06-01,Positive,16,18,88.9,0,\N,https://store.steampowered.com/app/2426500/,https://cdn.akamai.steamstatic.com/steam/apps/2426500/header.jpg
2514340,Project Z: The beginning of the end. Chapter I,2023,2023-08-03,Mostly Negative,7,18,38.9,0,\N,https://store.steampowered.com/app/2514340/,https://cdn.akamai.steamstatic.com/steam/apps/2514340/header.jpg
910190,Hive Slayer,2020,2020-10-27,Positive,17,18,94.4,0,\N,https://store.steampowered.com/app/910190/,https://cdn.akamai.steamstatic.com/steam/apps/910190/header.jpg
1961750,Run n Jump,2022,2022-05-07,Mostly Positive,14,18,77.8,0,\N,https://store.steampowered.com/app/1961750/,https://cdn.akamai.steamstatic.com/steam/apps/1961750/header.jpg
1727020,爆战联盟,2023,2023-07-24,Mixed,9,18,50.0,0,\N,https://store.steampowered.com/app/1727020/,https://cdn.akamai.steamstatic.com/steam/apps/1727020/header.jpg
2481340,Quantum Rail,2023,2023-07-11,Mixed,9,18,50.0,0,\N,https://store.steampowered.com/app/2481340/,https://cdn.akamai.steamstatic.com/steam/apps/2481340/header.jpg
1240350,Galactic Center VR,2020,2020-03-24,Mostly Positive,13,17,76.5,0,\N,https://store.steampowered.com/app/1240350/,https://cdn.akamai.steamstatic.com/steam/apps/1240350/header.jpg
1869070,Survive Planet Yubglub,2023,2023-12-16,Positive,15,17,88.2,0,\N,https://store.steampowered.com/app/1869070/,https://cdn.akamai.steamstatic.com/steam/apps/1869070/header.jpg
1863820,First Steps,2023,2023-10-08,Mostly Negative,6,17,35.3,0,\N,https://store.steampowered.com/app/1863820/,https://cdn.akamai.steamstatic.com/steam/apps/1863820/header.jpg
1273010,ASTRALODE Freeminers,2020,2020-06-23,Positive,15,17,88.2,0,\N,https://store.steampowered.com/app/1273010/,https://cdn.akamai.steamstatic.com/steam/apps/1273010/header.jpg
2529340,The Lost Son,2024,2024-02-15,Positive,16,17,94.1,0,\N,https://store.steampowered.com/app/2529340/,https://cdn.akamai.steamstatic.com/steam/apps/2529340/header.jpg
1705760,Payload,2021,2021-11-05,Positive,16,17,94.1,0,\N,https://store.steampowered.com/app/1705760/,https://cdn.akamai.steamstatic.com/steam/apps/1705760/header.jpg
1423670,Autopanic Zero,2024,2024-07-11,Positive,15,17,88.2,0,\N,https://store.steampowered.com/app/1423670/,https://cdn.akamai.steamstatic.com/steam/apps/1423670/header.jpg
2529220,Anarchy Park,2023,2023-12-01,Mostly Positive,13,17,76.5,0,\N,https://store.steampowered.com/app/2529220/,https://cdn.akamai.steamstatic.com/steam/apps/2529220/header.jpg
1305500,Captain Disaster in: The Dark Side of the Moon,2020,2020-05-21,Positive,14,17,82.4,0,\N,https://store.steampowered.com/app/1305500/,https://cdn.akamai.steamstatic.com/steam/apps/1305500/header.jpg
1214640,StellarX,2020,2020-01-24,Positive,15,17,88.2,0,\N,https://store.steampowered.com/app/1214640/,https://cdn.akamai.steamstatic.com/steam/apps/1214640/header.jpg
2490820,Ovine Replica,2023,2023-09-22,Positive,14,17,82.4,0,\N,https://store.steampowered.com/app/2490820/,https://cdn.akamai.steamstatic.com/steam/apps/2490820/header.jpg
1590020,LaserShotz,2021,2021-04-21,Mostly Positive,13,17,76.5,0,\N,https://store.steampowered.com/app/1590020/,https://cdn.akamai.steamstatic.com/steam/apps/1590020/header.jpg
1846510,The First Odyssey,2022,2022-06-14,Mostly Negative,5,17,29.4,0,\N,https://store.steampowered.com/app/1846510/,https://cdn.akamai.steamstatic.com/steam/apps/1846510/header.jpg
2464980,inFINIte Robotics,2024,2024-02-01,Positive,16,17,94.1,0,\N,https://store.steampowered.com/app/2464980/,https://cdn.akamai.steamstatic.com/steam/apps/2464980/header.jpg
2955060,Off Air,2024,2024-05-31,Positive,15,17,88.2,0,\N,https://store.steampowered.com/app/2955060/,https://cdn.akamai.steamstatic.com/steam/apps/2955060/header.jpg
1395420,Human Diaspora,2022,2022-05-22,Mixed,10,17,58.8,0,\N,https://store.steampowered.com/app/1395420/,https://cdn.akamai.steamstatic.com/steam/apps/1395420/header.jpg
2648130,Bugs N' Guns,2023,2023-12-07,Mostly Positive,12,17,70.6,0,\N,https://store.steampowered.com/app/2648130/,https://cdn.akamai.steamstatic.com/steam/apps/2648130/header.jpg
1605230,Spaceship - Visual Effect Graph Demo,2021,2021-10-04,Positive,15,17,88.2,0,\N,https://store.steampowered.com/app/1605230/,https://cdn.akamai.steamstatic.com/steam/apps/1605230/header.jpg
1507630,Hypoxia - One Last Breath,2021,2021-09-07,Positive,14,17,82.4,0,\N,https://store.steampowered.com/app/1507630/,https://cdn.akamai.steamstatic.com/steam/apps/1507630/header.jpg
2668450,PsychShift,2024,2024-05-30,Positive,16,17,94.1,0,\N,https://store.steampowered.com/app/2668450/,https://cdn.akamai.steamstatic.com/steam/apps/2668450/header.jpg
2898970,Yokai Rescue,2024,2024-07-19,Positive,17,17,100.0,0,\N,https://store.steampowered.com/app/2898970/,https://cdn.akamai.steamstatic.com/steam/apps/2898970/header.jpg
2524490,labyrinth Trials,2023,2023-08-08,Mixed,11,17,64.7,0,\N,https://store.steampowered.com/app/2524490/,https://cdn.akamai.steamstatic.com/steam/apps/2524490/header.jpg
1444420,WOMG Lite version,2021,2021-07-18,Positive,14,17,82.4,0,\N,https://store.steampowered.com/app/1444420/,https://cdn.akamai.steamstatic.com/steam/apps/1444420/header.jpg
2738710,Planet Mort,2024,2024-01-23,Positive,16,17,94.1,0,\N,https://store.steampowered.com/app/2738710/,https://cdn.akamai.steamstatic.com/steam/apps/2738710/header.jpg
2773890,Gravity Dash,2024,2024-01-25,Positive,16,17,94.1,0,\N,https://store.steampowered.com/app/2773890/,https://cdn.akamai.steamstatic.com/steam/apps/2773890/header.jpg
2594490,Project N3T,2023,2023-10-05,Mixed,10,17,58.8,0,\N,https://store.steampowered.com/app/2594490/,https://cdn.akamai.steamstatic.com/steam/apps/2594490/header.jpg
1786730,Xenture,2021,2021-11-10,Mostly Positive,13,17,76.5,0,\N,https://store.steampowered.com/app/1786730/,https://cdn.akamai.steamstatic.com/steam/apps/1786730/header.jpg
1573160,JUST DEFENSE,2021,2021-03-25,Positive,15,17,88.2,0,\N,https://store.steampowered.com/app/1573160/,https://cdn.akamai.steamstatic.com/steam/apps/1573160/header.jpg
2284990,Oxygen Caliber,2023,2023-05-01,Mostly Positive,13,17,76.5,0,\N,https://store.steampowered.com/app/2284990/,https://cdn.akamai.steamstatic.com/steam/apps/2284990/header.jpg
1858980,Gravity Game,2022,2022-01-22,Positive,14,17,82.4,0,\N,https://store.steampowered.com/app/1858980/,https://cdn.akamai.steamstatic.com/steam/apps/1858980/header.jpg
2013880,STRIKERS,2022,2022-10-10,Positive,17,17,100.0,0,\N,https://store.steampowered.com/app/2013880/,https://cdn.akamai.steamstatic.com/steam/apps/2013880/header.jpg
3113060,In Your World (I Own),2024,2024-08-13,Positive,16,17,94.1,0,\N,https://store.steampowered.com/app/3113060/,https://cdn.akamai.steamstatic.com/steam/apps/3113060/header.jpg
2601120,Protoplanet Express,2023,2023-11-14,Positive,16,17,94.1,0,\N,https://store.steampowered.com/app/2601120/,https://cdn.akamai.steamstatic.com/steam/apps/2601120/header.jpg
1937550,Overstrike Arena,2022,2022-12-16,Positive,15,16,93.8,0,\N,https://store.steampowered.com/app/1937550/,https://cdn.akamai.steamstatic.com/steam/apps/1937550/header.jpg
2458540,Twist & Turn,2023,2023-07-20,Positive,16,16,100.0,0,\N,https://store.steampowered.com/app/2458540/,https://cdn.akamai.steamstatic.com/steam/apps/2458540/header.jpg
2387280,Operation Space Force,2024,2024-02-21,Mixed,8,16,50.0,0,\N,https://store.steampowered.com/app/2387280/,https://cdn.akamai.steamstatic.com/steam/apps/2387280/header.jpg
2558360,Arcade Galaxy Builder,2023,2023-12-08,Mixed,11,16,68.8,0,\N,https://store.steampowered.com/app/2558360/,https://cdn.akamai.steamstatic.com/steam/apps/2558360/header.jpg
1348060,Bug Blast,2020,2020-06-26,Mixed,11,16,68.8,0,\N,https://store.steampowered.com/app/1348060/,https://cdn.akamai.steamstatic.com/steam/apps/1348060/header.jpg
1730310,The Lonely Helmet,2022,2022-06-08,Mostly Positive,12,16,75.0,0,\N,https://store.steampowered.com/app/1730310/,https://cdn.akamai.steamstatic.com/steam/apps/1730310/header.jpg
1526340,Jetscout: Boot Camp,2021,2021-02-24,Positive,16,16,100.0,0,\N,https://store.steampowered.com/app/1526340/,https://cdn.akamai.steamstatic.com/steam/apps/1526340/header.jpg
1627410,The Last Stand,2021,2021-06-18,Positive,14,16,87.5,0,\N,https://store.steampowered.com/app/1627410/,https://cdn.akamai.steamstatic.com/steam/apps/1627410/header.jpg
1638930,GoBlaster,2021,2021-08-03,Positive,15,16,93.8,0,\N,https://store.steampowered.com/app/1638930/,https://cdn.akamai.steamstatic.com/steam/apps/1638930/header.jpg
1916320,Bionic Rebirth,2024,2024-02-01,Mixed,11,16,68.8,0,\N,https://store.steampowered.com/app/1916320/,https://cdn.akamai.steamstatic.com/steam/apps/1916320/header.jpg
2254140,Project Screwed,2023,2023-05-10,Positive,15,16,93.8,0,\N,https://store.steampowered.com/app/2254140/,https://cdn.akamai.steamstatic.com/steam/apps/2254140/header.jpg
2325070,Bitsy,2023,2023-03-23,Positive,13,16,81.2,0,\N,https://store.steampowered.com/app/2325070/,https://cdn.akamai.steamstatic.com/steam/apps/2325070/header.jpg
2707350,On the Bubble,2024,2024-09-22,Positive,14,16,87.5,0,\N,https://store.steampowered.com/app/2707350/,https://cdn.akamai.steamstatic.com/steam/apps/2707350/header.jpg
1784410,Hope Despair Chaos,2021,2021-11-07,Positive,13,16,81.2,0,\N,https://store.steampowered.com/app/1784410/,https://cdn.akamai.steamstatic.com/steam/apps/1784410/header.jpg
1407240,Landing,2020,2020-09-11,Mostly Positive,12,16,75.0,0,\N,https://store.steampowered.com/app/1407240/,https://cdn.akamai.steamstatic.com/steam/apps/1407240/header.jpg
1249700,Warspace,2023,2023-03-27,Mostly Positive,12,16,75.0,0,\N,https://store.steampowered.com/app/1249700/,https://cdn.akamai.steamstatic.com/steam/apps/1249700/header.jpg
1909450,Colony Cephea,2023,2023-03-15,Positive,13,16,81.2,0,\N,https://store.steampowered.com/app/1909450/,https://cdn.akamai.steamstatic.com/steam/apps/1909450/header.jpg
2944990,Reality patrol: Prologue,2024,2024-05-13,Positive,13,16,81.2,0,\N,https://store.steampowered.com/app/2944990/,https://cdn.akamai.steamstatic.com/steam/apps/2944990/header.jpg
3230290,BlightFog,2024,2024-10-04,Positive,15,16,93.8,0,\N,https://store.steampowered.com/app/3230290/,https://cdn.akamai.steamstatic.com/steam/apps/3230290/header.jpg
2757850,Gothic Virtual Tabletop,2024,2024-02-06,Positive,15,16,93.8,0,\N,https://store.steampowered.com/app/2757850/,https://cdn.akamai.steamstatic.com/steam/apps/2757850/header.jpg
2837640,Crowd Diver,2024,2024-04-24,Positive,15,16,93.8,0,\N,https://store.steampowered.com/app/2837640/,https://cdn.akamai.steamstatic.com/steam/apps/2837640/header.jpg
1001690,Mars Flight VR,2021,2021-06-08,Positive,13,16,81.2,0,\N,https://store.steampowered.com/app/1001690/,https://cdn.akamai.steamstatic.com/steam/apps/1001690/header.jpg
2563140,Star Farmer: Prologue,2023,2023-09-08,Positive,15,16,93.8,0,\N,https://store.steampowered.com/app/2563140/,https://cdn.akamai.steamstatic.com/steam/apps/2563140/header.jpg
1400980,My Neighborhood Arcade,2020,2020-09-27,Positive,12,15,80.0,0,\N,https://store.steampowered.com/app/1400980/,https://cdn.akamai.steamstatic.com/steam/apps/1400980/header.jpg
2105940,Synthalaxy,2022,2022-09-10,Positive,15,15,100.0,0,\N,https://store.steampowered.com/app/2105940/,https://cdn.akamai.steamstatic.com/steam/apps/2105940/header.jpg
1462760,Neon Wings: Air Race,2021,2021-05-15,Positive,13,15,86.7,0,\N,https://store.steampowered.com/app/1462760/,https://cdn.akamai.steamstatic.com/steam/apps/1462760/header.jpg
1517390,Mars Mission,2021,2021-02-01,Mixed,6,15,40.0,0,\N,https://store.steampowered.com/app/1517390/,https://cdn.akamai.steamstatic.com/steam/apps/1517390/header.jpg
2285280,More than words,2023,2023-08-30,Positive,12,15,80.0,0,\N,https://store.steampowered.com/app/2285280/,https://cdn.akamai.steamstatic.com/steam/apps/2285280/header.jpg
2020850,Asteroid,2022,2022-08-26,Mixed,9,15,60.0,0,\N,https://store.steampowered.com/app/2020850/,https://cdn.akamai.steamstatic.com/steam/apps/2020850/header.jpg
1119590,Δ Time,2020,2020-09-01,Positive,12,15,80.0,0,\N,https://store.steampowered.com/app/1119590/,https://cdn.akamai.steamstatic.com/steam/apps/1119590/header.jpg
1926190,CLOUDED VR,2022,2022-10-14,Positive,13,15,86.7,0,\N,https://store.steampowered.com/app/1926190/,https://cdn.akamai.steamstatic.com/steam/apps/1926190/header.jpg
911580,Audio Infection,2018,2018-11-30,Positive,15,15,100.0,0,\N,https://store.steampowered.com/app/911580/,https://cdn.akamai.steamstatic.com/steam/apps/911580/header.jpg
2646070,HeadLight,2023,2023-11-09,Positive,13,15,86.7,0,\N,https://store.steampowered.com/app/2646070/,https://cdn.akamai.steamstatic.com/steam/apps/2646070/header.jpg
1696900,Venture Within,2022,2022-05-29,Positive,15,15,100.0,0,\N,https://store.steampowered.com/app/1696900/,https://cdn.akamai.steamstatic.com/steam/apps/1696900/header.jpg
2561200,Envoy,2023,2023-12-21,Positive,13,15,86.7,0,\N,https://store.steampowered.com/app/2561200/,https://cdn.akamai.steamstatic.com/steam/apps/2561200/header.jpg
2407620,Hexagon Survivors,2023,2023-05-26,Mixed,10,15,66.7,0,\N,https://store.steampowered.com/app/2407620/,https://cdn.akamai.steamstatic.com/steam/apps/2407620/header.jpg
1793060,PlanetDrop - A Tiny Space Adventure,2021,2021-11-04,Positive,13,15,86.7,0,\N,https://store.steampowered.com/app/1793060/,https://cdn.akamai.steamstatic.com/steam/apps/1793060/header.jpg
2767570,Satellite engineer,2024,2024-03-18,Positive,14,15,93.3,0,\N,https://store.steampowered.com/app/2767570/,https://cdn.akamai.steamstatic.com/steam/apps/2767570/header.jpg
3148650,Invention 6,2024,2024-08-27,Mostly Negative,5,15,33.3,0,\N,https://store.steampowered.com/app/3148650/,https://cdn.akamai.steamstatic.com/steam/apps/3148650/header.jpg
1964590,Homemade TCG,2022,2022-07-15,Positive,12,15,80.0,0,\N,https://store.steampowered.com/app/1964590/,https://cdn.akamai.steamstatic.com/steam/apps/1964590/header.jpg
1739800,Damn Ropes,2023,2023-03-25,Positive,15,15,100.0,0,\N,https://store.steampowered.com/app/1739800/,https://cdn.akamai.steamstatic.com/steam/apps/1739800/header.jpg
1341980,Coronavirus - Nano Force,2020,2020-06-25,Mostly Positive,11,15,73.3,0,\N,https://store.steampowered.com/app/1341980/,https://cdn.akamai.steamstatic.com/steam/apps/1341980/header.jpg
2864390,Mana Cycle,2024,2024-07-12,Positive,13,15,86.7,0,\N,https://store.steampowered.com/app/2864390/,https://cdn.akamai.steamstatic.com/steam/apps/2864390/header.jpg
2561090,Stellar Bewitching (Remastered),2024,2024-04-12,Positive,15,15,100.0,0,\N,https://store.steampowered.com/app/2561090/,https://cdn.akamai.steamstatic.com/steam/apps/2561090/header.jpg
2257360,Sacred Earth - Alternative,2023,2023-01-05,Positive,15,15,100.0,0,\N,https://store.steampowered.com/app/2257360/,https://cdn.akamai.steamstatic.com/steam/apps/2257360/header.jpg
2342480,Dubspace - Chapter 1,2023,2023-05-14,Positive,13,15,86.7,0,\N,https://store.steampowered.com/app/2342480/,https://cdn.akamai.steamstatic.com/steam/apps/2342480/header.jpg
1862180,Lunar Odyssey,2022,2022-02-21,Mixed,9,15,60.0,0,\N,https://store.steampowered.com/app/1862180/,https://cdn.akamai.steamstatic.com/steam/apps/1862180/header.jpg
1868030,Kilroy Was Here,2022,2022-01-31,Mixed,8,15,53.3,0,\N,https://store.steampowered.com/app/1868030/,https://cdn.akamai.steamstatic.com/steam/apps/1868030/header.jpg
1564840,Dreams Of Adventure,2021,2021-10-07,Mixed,9,15,60.0,0,\N,https://store.steampowered.com/app/1564840/,https://cdn.akamai.steamstatic.com/steam/apps/1564840/header.jpg
1215960,P-BOT,2020,2020-03-06,Mostly Positive,11,15,73.3,0,\N,https://store.steampowered.com/app/1215960/,https://cdn.akamai.steamstatic.com/steam/apps/1215960/header.jpg
2680370,Splat!,2024,2024-01-09,Positive,14,15,93.3,0,\N,https://store.steampowered.com/app/2680370/,https://cdn.akamai.steamstatic.com/steam/apps/2680370/header.jpg
2461890,Space Ball VR,2023,2023-08-17,Positive,13,15,86.7,0,\N,https://store.steampowered.com/app/2461890/,https://cdn.akamai.steamstatic.com/steam/apps/2461890/header.jpg
420760,MechaLeague,2024,2024-05-30,Positive,14,15,93.3,0,\N,https://store.steampowered.com/app/420760/,https://cdn.akamai.steamstatic.com/steam/apps/420760/header.jpg
3168820,Coreless: Prologue,2024,2024-09-15,Positive,14,15,93.3,0,\N,https://store.steampowered.com/app/3168820/,https://cdn.akamai.steamstatic.com/steam/apps/3168820/header.jpg
1220330,Impressions,2020,2020-02-04,Positive,13,15,86.7,0,\N,https://store.steampowered.com/app/1220330/,https://cdn.akamai.steamstatic.com/steam/apps/1220330/header.jpg
1840480,Project Noah,2022,2022-10-26,Mixed,9,15,60.0,0,\N,https://store.steampowered.com/app/1840480/,https://cdn.akamai.steamstatic.com/steam/apps/1840480/header.jpg
1380490,Winter Wastelands,2021,2021-04-23,Positive,13,15,86.7,0,\N,https://store.steampowered.com/app/1380490/,https://cdn.akamai.steamstatic.com/steam/apps/1380490/header.jpg
1022920,Two Clusters: Kain,2019,2019-04-30,Mixed,7,15,46.7,0,\N,https://store.steampowered.com/app/1022920/,https://cdn.akamai.steamstatic.com/steam/apps/1022920/header.jpg
1527380,引力魔方(Gravity rubik's cube),2021,2021-02-12,Positive,13,15,86.7,0,\N,https://store.steampowered.com/app/1527380/,https://cdn.akamai.steamstatic.com/steam/apps/1527380/header.jpg
1080060,Axan Ships - Low Poly,2019,2019-05-30,Mixed,10,15,66.7,0,\N,https://store.steampowered.com/app/1080060/,https://cdn.akamai.steamstatic.com/steam/apps/1080060/header.jpg
2473210,COVID 23 : Test Labs,2023,2023-07-04,Mixed,9,15,60.0,0,\N,https://store.steampowered.com/app/2473210/,https://cdn.akamai.steamstatic.com/steam/apps/2473210/header.jpg
2087390,Neon Fighter,2022,2022-08-09,Positive,13,14,92.9,0,\N,https://store.steampowered.com/app/2087390/,https://cdn.akamai.steamstatic.com/steam/apps/2087390/header.jpg
2182840,Lie of Caelum,2022,2022-12-12,Positive,14,14,100.0,0,\N,https://store.steampowered.com/app/2182840/,https://cdn.akamai.steamstatic.com/steam/apps/2182840/header.jpg
1563710,CyberGrid: Tower defense,2021,2021-03-26,Mixed,7,14,50.0,0,\N,https://store.steampowered.com/app/1563710/,https://cdn.akamai.steamstatic.com/steam/apps/1563710/header.jpg
1838220,Wave Jumper,2021,2021-12-21,Positive,14,14,100.0,0,\N,https://store.steampowered.com/app/1838220/,https://cdn.akamai.steamstatic.com/steam/apps/1838220/header.jpg
1881430,DeltaBlade 2700 Re:Create,2023,2023-09-22,Positive,13,14,92.9,0,\N,https://store.steampowered.com/app/1881430/,https://cdn.akamai.steamstatic.com/steam/apps/1881430/header.jpg
1894510,New Century Galaxy Legend,2022,2022-02-22,Positive,13,14,92.9,0,\N,https://store.steampowered.com/app/1894510/,https://cdn.akamai.steamstatic.com/steam/apps/1894510/header.jpg
2712400,ウラドラシル,2024,2024-03-15,Mixed,8,14,57.1,0,\N,https://store.steampowered.com/app/2712400/,https://cdn.akamai.steamstatic.com/steam/apps/2712400/header.jpg
1285100,Faking to Dance,2022,2022-05-17,Positive,14,14,100.0,0,\N,https://store.steampowered.com/app/1285100/,https://cdn.akamai.steamstatic.com/steam/apps/1285100/header.jpg
1241380,Reborn: in the Android Womb,2022,2022-02-14,Mixed,9,14,64.3,0,\N,https://store.steampowered.com/app/1241380/,https://cdn.akamai.steamstatic.com/steam/apps/1241380/header.jpg
2347350,On The Brink,2023,2023-11-29,Positive,13,14,92.9,0,\N,https://store.steampowered.com/app/2347350/,https://cdn.akamai.steamstatic.com/steam/apps/2347350/header.jpg
2580010,Echoes Of Steel,2024,2024-01-04,Mostly Positive,10,14,71.4,0,\N,https://store.steampowered.com/app/2580010/,https://cdn.akamai.steamstatic.com/steam/apps/2580010/header.jpg
1879100,The Mystery Fountain in Space,2022,2022-02-15,Mixed,9,14,64.3,0,\N,https://store.steampowered.com/app/1879100/,https://cdn.akamai.steamstatic.com/steam/apps/1879100/header.jpg
1101290,0Gravity,2019,2019-07-26,Mostly Positive,10,14,71.4,0,\N,https://store.steampowered.com/app/1101290/,https://cdn.akamai.steamstatic.com/steam/apps/1101290/header.jpg
2584850,CHUTNEY: Space Survivor,2023,2023-12-19,Positive,14,14,100.0,0,\N,https://store.steampowered.com/app/2584850/,https://cdn.akamai.steamstatic.com/steam/apps/2584850/header.jpg
550200,World Destroyers,2017,2017-03-14,Positive,13,14,92.9,0,\N,https://store.steampowered.com/app/550200/,https://cdn.akamai.steamstatic.com/steam/apps/550200/header.jpg
905070,CONTINGENCY,2019,2019-08-26,Positive,13,14,92.9,0,\N,https://store.steampowered.com/app/905070/,https://cdn.akamai.steamstatic.com/steam/apps/905070/header.jpg
2437490,Reaper's Isle,2023,2023-07-04,Mixed,7,14,50.0,0,\N,https://store.steampowered.com/app/2437490/,https://cdn.akamai.steamstatic.com/steam/apps/2437490/header.jpg
2091850,Pest Control,2022,2022-08-31,Positive,12,14,85.7,0,\N,https://store.steampowered.com/app/2091850/,https://cdn.akamai.steamstatic.com/steam/apps/2091850/header.jpg
2723220,BoboInvasion,2024,2024-01-27,Mostly Positive,11,14,78.6,0,\N,https://store.steampowered.com/app/2723220/,https://cdn.akamai.steamstatic.com/steam/apps/2723220/header.jpg
1853090,Axiallis,2022,2022-01-19,Positive,13,14,92.9,0,\N,https://store.steampowered.com/app/1853090/,https://cdn.akamai.steamstatic.com/steam/apps/1853090/header.jpg
1427150,The Episodic,2020,2020-10-21,Mostly Negative,5,14,35.7,0,\N,https://store.steampowered.com/app/1427150/,https://cdn.akamai.steamstatic.com/steam/apps/1427150/header.jpg
2679430,Project Parallel,2023,2023-12-30,Mixed,9,14,64.3,0,\N,https://store.steampowered.com/app/2679430/,https://cdn.akamai.steamstatic.com/steam/apps/2679430/header.jpg
2988850,Crabity,2024,2024-06-06,Positive,13,14,92.9,0,\N,https://store.steampowered.com/app/2988850/,https://cdn.akamai.steamstatic.com/steam/apps/2988850/header.jpg
1910330,Desolate Shores,2022,2022-05-12,Positive,12,14,85.7,0,\N,https://store.steampowered.com/app/1910330/,https://cdn.akamai.steamstatic.com/steam/apps/1910330/header.jpg
2992050,Survive the Squids,2024,2024-07-01,Mostly Positive,11,14,78.6,0,\N,https://store.steampowered.com/app/2992050/,https://cdn.akamai.steamstatic.com/steam/apps/2992050/header.jpg
2843830,The Dust of the Violet Crystals,2024,2024-04-23,Positive,14,14,100.0,0,\N,https://store.steampowered.com/app/2843830/,https://cdn.akamai.steamstatic.com/steam/apps/2843830/header.jpg
1740270,Dynarog 2,2021,2021-09-12,Positive,12,14,85.7,0,\N,https://store.steampowered.com/app/1740270/,https://cdn.akamai.steamstatic.com/steam/apps/1740270/header.jpg
1659810,Figurine Scene Simulator,2022,2022-02-28,Positive,14,14,100.0,0,\N,https://store.steampowered.com/app/1659810/,https://cdn.akamai.steamstatic.com/steam/apps/1659810/header.jpg
1835040,Pangaroids,2022,2022-04-01,Positive,12,14,85.7,0,\N,https://store.steampowered.com/app/1835040/,https://cdn.akamai.steamstatic.com/steam/apps/1835040/header.jpg
1604610,Space Tek,2021,2021-10-21,Mixed,7,14,50.0,0,\N,https://store.steampowered.com/app/1604610/,https://cdn.akamai.steamstatic.com/steam/apps/1604610/header.jpg
1501720,BobsleighX,2023,2023-09-22,Mixed,9,14,64.3,0,\N,https://store.steampowered.com/app/1501720/,https://cdn.akamai.steamstatic.com/steam/apps/1501720/header.jpg
1978290,Loskop,2022,2022-05-12,Positive,12,14,85.7,0,\N,https://store.steampowered.com/app/1978290/,https://cdn.akamai.steamstatic.com/steam/apps/1978290/header.jpg
1355390,Obreno: Chapter One,2020,2020-08-03,Mostly Positive,10,14,71.4,0,\N,https://store.steampowered.com/app/1355390/,https://cdn.akamai.steamstatic.com/steam/apps/1355390/header.jpg
1986470,Last Meow Standing,2022,2022-12-15,Positive,14,14,100.0,0,\N,https://store.steampowered.com/app/1986470/,https://cdn.akamai.steamstatic.com/steam/apps/1986470/header.jpg
2299230,Duckball,2023,2023-10-12,Positive,13,14,92.9,0,\N,https://store.steampowered.com/app/2299230/,https://cdn.akamai.steamstatic.com/steam/apps/2299230/header.jpg
1387410,Invaders,2020,2020-08-24,Mostly Positive,11,14,78.6,0,\N,https://store.steampowered.com/app/1387410/,https://cdn.akamai.steamstatic.com/steam/apps/1387410/header.jpg
1071620,Netherverse,2023,2023-03-09,Mostly Negative,5,14,35.7,0,\N,https://store.steampowered.com/app/1071620/,https://cdn.akamai.steamstatic.com/steam/apps/1071620/header.jpg
1559850,Space Survival,2021,2021-03-10,Mostly Positive,11,14,78.6,0,\N,https://store.steampowered.com/app/1559850/,https://cdn.akamai.steamstatic.com/steam/apps/1559850/header.jpg
3035180,ZombCube,2024,2024-06-24,Positive,13,14,92.9,0,\N,https://store.steampowered.com/app/3035180/,https://cdn.akamai.steamstatic.com/steam/apps/3035180/header.jpg
1294020,Space Mercenary Shooter : Episode 2,2020,2020-08-18,Positive,13,14,92.9,0,\N,https://store.steampowered.com/app/1294020/,https://cdn.akamai.steamstatic.com/steam/apps/1294020/header.jpg
2089510,An Opportunity,2022,2022-09-09,Positive,13,14,92.9,0,\N,https://store.steampowered.com/app/2089510/,https://cdn.akamai.steamstatic.com/steam/apps/2089510/header.jpg
2119160,Slurpies FREE,2022,2022-12-02,Mostly Positive,10,14,71.4,0,\N,https://store.steampowered.com/app/2119160/,https://cdn.akamai.steamstatic.com/steam/apps/2119160/header.jpg
1856850,TukTuk,2022,2022-04-15,Positive,12,14,85.7,0,\N,https://store.steampowered.com/app/1856850/,https://cdn.akamai.steamstatic.com/steam/apps/1856850/header.jpg
1734770,Niki in the Ship,2022,2022-09-07,Mixed,7,14,50.0,0,\N,https://store.steampowered.com/app/1734770/,https://cdn.akamai.steamstatic.com/steam/apps/1734770/header.jpg
1822130,Hover The Edge,2022,2022-06-02,Positive,12,14,85.7,0,\N,https://store.steampowered.com/app/1822130/,https://cdn.akamai.steamstatic.com/steam/apps/1822130/header.jpg
2858410,Brinkmanship,2024,2024-05-10,Mostly Positive,11,14,78.6,0,\N,https://store.steampowered.com/app/2858410/,https://cdn.akamai.steamstatic.com/steam/apps/2858410/header.jpg
2869050,ScarQuest,2024,2024-06-27,Mostly Positive,11,14,78.6,0,\N,https://store.steampowered.com/app/2869050/,https://cdn.akamai.steamstatic.com/steam/apps/2869050/header.jpg
1688460,Battlegrounds : First Blast,2021,2021-07-30,Mixed,7,14,50.0,0,\N,https://store.steampowered.com/app/1688460/,https://cdn.akamai.steamstatic.com/steam/apps/1688460/header.jpg
2782290,STRATAGEM,2024,2024-02-01,Positive,13,14,92.9,0,\N,https://store.steampowered.com/app/2782290/,https://cdn.akamai.steamstatic.com/steam/apps/2782290/header.jpg
2493010,Mutus Meteora,2023,2023-07-18,Mostly Positive,10,14,71.4,0,\N,https://store.steampowered.com/app/2493010/,https://cdn.akamai.steamstatic.com/steam/apps/2493010/header.jpg
1612380,Combat Casino,2021,2021-07-29,Mixed,9,13,69.2,0,\N,https://store.steampowered.com/app/1612380/,https://cdn.akamai.steamstatic.com/steam/apps/1612380/header.jpg
1622660,Stream Skate,2021,2021-05-19,Mixed,9,13,69.2,0,\N,https://store.steampowered.com/app/1622660/,https://cdn.akamai.steamstatic.com/steam/apps/1622660/header.jpg
2544880,Dreamland,2024,2024-03-15,Positive,11,13,84.6,0,\N,https://store.steampowered.com/app/2544880/,https://cdn.akamai.steamstatic.com/steam/apps/2544880/header.jpg
1113370,Drone Wars VR,2020,2020-06-01,Positive,12,13,92.3,0,\N,https://store.steampowered.com/app/1113370/,https://cdn.akamai.steamstatic.com/steam/apps/1113370/header.jpg
2164390,Skader,2023,2023-04-20,Positive,13,13,100.0,0,\N,https://store.steampowered.com/app/2164390/,https://cdn.akamai.steamstatic.com/steam/apps/2164390/header.jpg
2448230,Snapback,2023,2023-07-28,Mixed,9,13,69.2,0,\N,https://store.steampowered.com/app/2448230/,https://cdn.akamai.steamstatic.com/steam/apps/2448230/header.jpg
1555950,TYPO,2021,2021-04-09,Positive,12,13,92.3,0,\N,https://store.steampowered.com/app/1555950/,https://cdn.akamai.steamstatic.com/steam/apps/1555950/header.jpg
2111770,Star Trust - 3D Shooter Game,2022,2022-09-03,Mostly Negative,4,13,30.8,0,\N,https://store.steampowered.com/app/2111770/,https://cdn.akamai.steamstatic.com/steam/apps/2111770/header.jpg
2729940,Sluggerpunk,2024,2024-05-01,Positive,13,13,100.0,0,\N,https://store.steampowered.com/app/2729940/,https://cdn.akamai.steamstatic.com/steam/apps/2729940/header.jpg
1807240,Casual Pixel Warrior,2022,2022-05-25,Mostly Positive,10,13,76.9,0,\N,https://store.steampowered.com/app/1807240/,https://cdn.akamai.steamstatic.com/steam/apps/1807240/header.jpg
1542490,Laser Chess (Prologue),2021,2021-06-23,Positive,11,13,84.6,0,\N,https://store.steampowered.com/app/1542490/,https://cdn.akamai.steamstatic.com/steam/apps/1542490/header.jpg
1486330,VR探索梅西爾,2021,2021-02-11,Mixed,9,13,69.2,0,\N,https://store.steampowered.com/app/1486330/,https://cdn.akamai.steamstatic.com/steam/apps/1486330/header.jpg
1397040,Sanguine Melancholia,2020,2020-09-03,Positive,11,13,84.6,0,\N,https://store.steampowered.com/app/1397040/,https://cdn.akamai.steamstatic.com/steam/apps/1397040/header.jpg
1224720,Kowi Ishto: Battle of Akonoli,2020,2020-05-31,Mixed,7,13,53.8,0,\N,https://store.steampowered.com/app/1224720/,https://cdn.akamai.steamstatic.com/steam/apps/1224720/header.jpg
2589060,Starheim,2023,2023-10-27,Mostly Negative,5,13,38.5,0,\N,https://store.steampowered.com/app/2589060/,https://cdn.akamai.steamstatic.com/steam/apps/2589060/header.jpg
1875980,A Tale About Flowers,2022,2022-02-04,Positive,11,13,84.6,0,\N,https://store.steampowered.com/app/1875980/,https://cdn.akamai.steamstatic.com/steam/apps/1875980/header.jpg
1693380,Captain Collision,2021,2021-08-16,Positive,11,13,84.6,0,\N,https://store.steampowered.com/app/1693380/,https://cdn.akamai.steamstatic.com/steam/apps/1693380/header.jpg
2061980,Flying Ruckus - Multiplayer,2022,2022-07-19,Positive,13,13,100.0,0,\N,https://store.steampowered.com/app/2061980/,https://cdn.akamai.steamstatic.com/steam/apps/2061980/header.jpg
1980520,Outpost Defender 2-Beta,2022,2022-05-10,Positive,13,13,100.0,0,\N,https://store.steampowered.com/app/1980520/,https://cdn.akamai.steamstatic.com/steam/apps/1980520/header.jpg
1360500,Warrecs 2,2020,2020-08-28,Mixed,9,13,69.2,0,\N,https://store.steampowered.com/app/1360500/,https://cdn.akamai.steamstatic.com/steam/apps/1360500/header.jpg
1490900,TimeLab,2024,2024-07-04,Positive,13,13,100.0,0,\N,https://store.steampowered.com/app/1490900/,https://cdn.akamai.steamstatic.com/steam/apps/1490900/header.jpg
2543210,Tales Up,2024,2024-09-24,Positive,11,13,84.6,0,\N,https://store.steampowered.com/app/2543210/,https://cdn.akamai.steamstatic.com/steam/apps/2543210/header.jpg
1612900,Two Against the Legion,2022,2022-03-06,Positive,11,13,84.6,0,\N,https://store.steampowered.com/app/1612900/,https://cdn.akamai.steamstatic.com/steam/apps/1612900/header.jpg
2207160,Fallen Stars,2022,2022-11-25,Positive,11,13,84.6,0,\N,https://store.steampowered.com/app/2207160/,https://cdn.akamai.steamstatic.com/steam/apps/2207160/header.jpg
996690,RockTop,2023,2023-06-04,Mixed,8,13,61.5,0,\N,https://store.steampowered.com/app/996690/,https://cdn.akamai.steamstatic.com/steam/apps/996690/header.jpg
1400930,Save the Date,2020,2020-10-05,Mostly Positive,10,13,76.9,0,\N,https://store.steampowered.com/app/1400930/,https://cdn.akamai.steamstatic.com/steam/apps/1400930/header.jpg
2327330,Andromeda,2023,2023-09-13,Positive,13,13,100.0,0,\N,https://store.steampowered.com/app/2327330/,https://cdn.akamai.steamstatic.com/steam/apps/2327330/header.jpg
2580100,Rhythm Master,2023,2023-09-28,Positive,11,13,84.6,0,\N,https://store.steampowered.com/app/2580100/,https://cdn.akamai.steamstatic.com/steam/apps/2580100/header.jpg
2937930,Deadlands Duel: Time Rift Rumble,2024,2024-06-06,Positive,11,13,84.6,0,\N,https://store.steampowered.com/app/2937930/,https://cdn.akamai.steamstatic.com/steam/apps/2937930/header.jpg
1194910,Celestial,2020,2020-01-10,Positive,11,13,84.6,0,\N,https://store.steampowered.com/app/1194910/,https://cdn.akamai.steamstatic.com/steam/apps/1194910/header.jpg
2436480,坦克世界：铁甲风暴,2023,2023-06-12,Mostly Positive,10,13,76.9,0,\N,https://store.steampowered.com/app/2436480/,https://cdn.akamai.steamstatic.com/steam/apps/2436480/header.jpg
2916970,사설탐정 프리즈,2024,2024-07-10,Mixed,7,13,53.8,0,\N,https://store.steampowered.com/app/2916970/,https://cdn.akamai.steamstatic.com/steam/apps/2916970/header.jpg
2677280,梦境世界,2024,2024-03-15,Positive,12,13,92.3,0,\N,https://store.steampowered.com/app/2677280/,https://cdn.akamai.steamstatic.com/steam/apps/2677280/header.jpg
1995320,NanoHive,2022,2022-09-30,Positive,12,13,92.3,0,\N,https://store.steampowered.com/app/1995320/,https://cdn.akamai.steamstatic.com/steam/apps/1995320/header.jpg
2890990,Star-Wired,2024,2024-09-11,Positive,12,13,92.3,0,\N,https://store.steampowered.com/app/2890990/,https://cdn.akamai.steamstatic.com/steam/apps/2890990/header.jpg
1819240,Short Circuit,2023,2023-05-01,Mostly Positive,10,13,76.9,0,\N,https://store.steampowered.com/app/1819240/,https://cdn.akamai.steamstatic.com/steam/apps/1819240/header.jpg
1594110,Subluminal,2024,2024-02-02,Mixed,8,13,61.5,0,\N,https://store.steampowered.com/app/1594110/,https://cdn.akamai.steamstatic.com/steam/apps/1594110/header.jpg
1561010,Space Ape,2021,2021-04-29,Mixed,9,13,69.2,0,\N,https://store.steampowered.com/app/1561010/,https://cdn.akamai.steamstatic.com/steam/apps/1561010/header.jpg
1762120,The Cruise 2,2021,2021-10-04,Positive,11,13,84.6,0,\N,https://store.steampowered.com/app/1762120/,https://cdn.akamai.steamstatic.com/steam/apps/1762120/header.jpg
2329980,Scavenger,2023,2023-03-26,Mixed,7,13,53.8,0,\N,https://store.steampowered.com/app/2329980/,https://cdn.akamai.steamstatic.com/steam/apps/2329980/header.jpg
2873170,Simulation Training Room: Massacre,2024,2024-04-14,Mixed,8,13,61.5,0,\N,https://store.steampowered.com/app/2873170/,https://cdn.akamai.steamstatic.com/steam/apps/2873170/header.jpg
2179220,Around Us,2023,2023-03-15,Positive,11,13,84.6,0,\N,https://store.steampowered.com/app/2179220/,https://cdn.akamai.steamstatic.com/steam/apps/2179220/header.jpg
1729260,EOS 27,2021,2021-11-24,Positive,13,13,100.0,0,\N,https://store.steampowered.com/app/1729260/,https://cdn.akamai.steamstatic.com/steam/apps/1729260/header.jpg
1984840,Traffic Safety,2022,2022-05-13,Mostly Positive,9,12,75.0,0,\N,https://store.steampowered.com/app/1984840/,https://cdn.akamai.steamstatic.com/steam/apps/1984840/header.jpg
2091760,Endometric Void,2022,2022-08-26,Mostly Positive,9,12,75.0,0,\N,https://store.steampowered.com/app/2091760/,https://cdn.akamai.steamstatic.com/steam/apps/2091760/header.jpg
1801060,Helix,2021,2021-11-22,Mixed,8,12,66.7,0,\N,https://store.steampowered.com/app/1801060/,https://cdn.akamai.steamstatic.com/steam/apps/1801060/header.jpg
2829270,YOUR EARTH,2024,2024-05-21,Mixed,7,12,58.3,0,\N,https://store.steampowered.com/app/2829270/,https://cdn.akamai.steamstatic.com/steam/apps/2829270/header.jpg
3076680,EgoVersus: The First Strike,2024,2024-08-29,Mostly Positive,9,12,75.0,0,\N,https://store.steampowered.com/app/3076680/,https://cdn.akamai.steamstatic.com/steam/apps/3076680/header.jpg
2719020,Apathy In Our Stars,2024,2024-01-15,Positive,12,12,100.0,0,\N,https://store.steampowered.com/app/2719020/,https://cdn.akamai.steamstatic.com/steam/apps/2719020/header.jpg
2652750,Grappling Gunners: Arena FPS,2023,2023-11-27,Mostly Positive,9,12,75.0,0,\N,https://store.steampowered.com/app/2652750/,https://cdn.akamai.steamstatic.com/steam/apps/2652750/header.jpg
2549270,Code Name: Operation Dawn,2023,2023-08-31,Mixed,7,12,58.3,0,\N,https://store.steampowered.com/app/2549270/,https://cdn.akamai.steamstatic.com/steam/apps/2549270/header.jpg
1014240,Starship Saboteur Prototype,2020,2020-05-05,Positive,10,12,83.3,0,\N,https://store.steampowered.com/app/1014240/,https://cdn.akamai.steamstatic.com/steam/apps/1014240/header.jpg
2444890,Launch Director,2023,2023-06-11,Positive,10,12,83.3,0,\N,https://store.steampowered.com/app/2444890/,https://cdn.akamai.steamstatic.com/steam/apps/2444890/header.jpg
1822300,Bounce Ball: Neon Party Arcade,2022,2022-02-04,Positive,12,12,100.0,0,\N,https://store.steampowered.com/app/1822300/,https://cdn.akamai.steamstatic.com/steam/apps/1822300/header.jpg
2820790,SYNC,2024,2024-05-03,Positive,12,12,100.0,0,\N,https://store.steampowered.com/app/2820790/,https://cdn.akamai.steamstatic.com/steam/apps/2820790/header.jpg
2499320,The Last Exodus,2023,2023-09-03,Mostly Positive,9,12,75.0,0,\N,https://store.steampowered.com/app/2499320/,https://cdn.akamai.steamstatic.com/steam/apps/2499320/header.jpg
1819630,Mr.Addon in Sulpicius Gallus M,2021,2021-12-08,Positive,12,12,100.0,0,\N,https://store.steampowered.com/app/1819630/,https://cdn.akamai.steamstatic.com/steam/apps/1819630/header.jpg
1373100,VR Museum,2023,2023-04-20,Positive,10,12,83.3,0,\N,https://store.steampowered.com/app/1373100/,https://cdn.akamai.steamstatic.com/steam/apps/1373100/header.jpg
2372440,Aphelion Headhunters,2023,2023-05-08,Positive,11,12,91.7,0,\N,https://store.steampowered.com/app/2372440/,https://cdn.akamai.steamstatic.com/steam/apps/2372440/header.jpg
2553480,Viral,2023,2023-10-02,Mixed,8,12,66.7,0,\N,https://store.steampowered.com/app/2553480/,https://cdn.akamai.steamstatic.com/steam/apps/2553480/header.jpg
636640,Base of War,2023,2023-06-06,Mixed,6,12,50.0,0,\N,https://store.steampowered.com/app/636640/,https://cdn.akamai.steamstatic.com/steam/apps/636640/header.jpg
2196210,Orbit,2022,2022-12-07,Positive,12,12,100.0,0,\N,https://store.steampowered.com/app/2196210/,https://cdn.akamai.steamstatic.com/steam/apps/2196210/header.jpg
2180050,Wheels of WAR,2023,2023-05-11,Mixed,8,12,66.7,0,\N,https://store.steampowered.com/app/2180050/,https://cdn.akamai.steamstatic.com/steam/apps/2180050/header.jpg
1765040,Seditionis Crutarch Royale,2021,2021-10-14,Mostly Positive,9,12,75.0,0,\N,https://store.steampowered.com/app/1765040/,https://cdn.akamai.steamstatic.com/steam/apps/1765040/header.jpg
2019110,STARSHIP,2022,2022-07-25,Mixed,8,12,66.7,0,\N,https://store.steampowered.com/app/2019110/,https://cdn.akamai.steamstatic.com/steam/apps/2019110/header.jpg
1972180,Dub Club,2022,2022-05-19,Mixed,8,12,66.7,0,\N,https://store.steampowered.com/app/1972180/,https://cdn.akamai.steamstatic.com/steam/apps/1972180/header.jpg
2952090,Null Reference Exception,2024,2024-05-13,Positive,12,12,100.0,0,\N,https://store.steampowered.com/app/2952090/,https://cdn.akamai.steamstatic.com/steam/apps/2952090/header.jpg
1451570,Cosmic Magus,2021,2021-04-10,Positive,11,12,91.7,0,\N,https://store.steampowered.com/app/1451570/,https://cdn.akamai.steamstatic.com/steam/apps/1451570/header.jpg
1807600,Fatal Paws,2021,2021-11-26,Positive,11,12,91.7,0,\N,https://store.steampowered.com/app/1807600/,https://cdn.akamai.steamstatic.com/steam/apps/1807600/header.jpg
1264000,PROXY,2020,2020-04-02,Mixed,6,12,50.0,0,\N,https://store.steampowered.com/app/1264000/,https://cdn.akamai.steamstatic.com/steam/apps/1264000/header.jpg
2166530,Rich Teddy Adventure,2023,2023-10-09,Positive,10,12,83.3,0,\N,https://store.steampowered.com/app/2166530/,https://cdn.akamai.steamstatic.com/steam/apps/2166530/header.jpg
1761770,Universe 51: Tannhäuser Wars,2022,2022-05-13,Positive,10,12,83.3,0,\N,https://store.steampowered.com/app/1761770/,https://cdn.akamai.steamstatic.com/steam/apps/1761770/header.jpg
1347250,Space Revenge - Prologue,2021,2021-09-16,Mixed,8,12,66.7,0,\N,https://store.steampowered.com/app/1347250/,https://cdn.akamai.steamstatic.com/steam/apps/1347250/header.jpg
1494390,Nostalgici Anonimi,2021,2021-01-24,Mostly Positive,9,12,75.0,0,\N,https://store.steampowered.com/app/1494390/,https://cdn.akamai.steamstatic.com/steam/apps/1494390/header.jpg
1027710,FIL,2020,2020-07-31,Positive,12,12,100.0,0,\N,https://store.steampowered.com/app/1027710/,https://cdn.akamai.steamstatic.com/steam/apps/1027710/header.jpg
1808210,Hullbreakers,2023,2023-03-27,Positive,12,12,100.0,0,\N,https://store.steampowered.com/app/1808210/,https://cdn.akamai.steamstatic.com/steam/apps/1808210/header.jpg
1763180,Wormatozoa,2022,2022-08-31,Positive,12,12,100.0,0,\N,https://store.steampowered.com/app/1763180/,https://cdn.akamai.steamstatic.com/steam/apps/1763180/header.jpg
1881250,ProBee,2022,2022-07-22,Positive,11,12,91.7,0,\N,https://store.steampowered.com/app/1881250/,https://cdn.akamai.steamstatic.com/steam/apps/1881250/header.jpg
3031360,WraithRun,2024,2024-06-27,Positive,12,12,100.0,0,\N,https://store.steampowered.com/app/3031360/,https://cdn.akamai.steamstatic.com/steam/apps/3031360/header.jpg
1368970,Rover Mechanic Challenge - ERC Competition,2020,2020-09-14,Mostly Positive,9,12,75.0,0,\N,https://store.steampowered.com/app/1368970/,https://cdn.akamai.steamstatic.com/steam/apps/1368970/header.jpg
1154420,Tech Support 2077,2019,2019-10-18,Positive,12,12,100.0,0,\N,https://store.steampowered.com/app/1154420/,https://cdn.akamai.steamstatic.com/steam/apps/1154420/header.jpg
1300940,CoronaWhomp!,2020,2020-06-18,Mostly Positive,9,12,75.0,0,\N,https://store.steampowered.com/app/1300940/,https://cdn.akamai.steamstatic.com/steam/apps/1300940/header.jpg
2394810,ADDRESS1,2023,2023-05-01,Positive,10,12,83.3,0,\N,https://store.steampowered.com/app/2394810/,https://cdn.akamai.steamstatic.com/steam/apps/2394810/header.jpg
2632480,Alone in Space (by RetroVem),2023,2023-10-24,Positive,12,12,100.0,0,\N,https://store.steampowered.com/app/2632480/,https://cdn.akamai.steamstatic.com/steam/apps/2632480/header.jpg
1963000,Spacemancer,2022,2022-05-17,Positive,11,12,91.7,0,\N,https://store.steampowered.com/app/1963000/,https://cdn.akamai.steamstatic.com/steam/apps/1963000/header.jpg
2154250,Third World: The Bottom Dimension,2023,2023-06-21,Mixed,8,12,66.7,0,\N,https://store.steampowered.com/app/2154250/,https://cdn.akamai.steamstatic.com/steam/apps/2154250/header.jpg
2937280,ChronoClone,2024,2024-05-16,Positive,10,12,83.3,0,\N,https://store.steampowered.com/app/2937280/,https://cdn.akamai.steamstatic.com/steam/apps/2937280/header.jpg
2272730,Spaceminers,2023,2023-08-31,Mostly Positive,9,12,75.0,0,\N,https://store.steampowered.com/app/2272730/,https://cdn.akamai.steamstatic.com/steam/apps/2272730/header.jpg
1845790,Nanook's Revenge,2022,2022-02-07,Positive,10,12,83.3,0,\N,https://store.steampowered.com/app/1845790/,https://cdn.akamai.steamstatic.com/steam/apps/1845790/header.jpg
1601670,マグネクション磁,2021,2021-05-15,Positive,12,12,100.0,0,\N,https://store.steampowered.com/app/1601670/,https://cdn.akamai.steamstatic.com/steam/apps/1601670/header.jpg
1625130,Orbit-X,2021,2021-07-26,Positive,10,12,83.3,0,\N,https://store.steampowered.com/app/1625130/,https://cdn.akamai.steamstatic.com/steam/apps/1625130/header.jpg
2586330,Degradation: Kyomu's Fury - 劣化：キョムの怒り,2023,2023-10-13,Positive,12,12,100.0,0,\N,https://store.steampowered.com/app/2586330/,https://cdn.akamai.steamstatic.com/steam/apps/2586330/header.jpg
1819620,Huygens Principle,2021,2021-12-13,Positive,11,12,91.7,0,\N,https://store.steampowered.com/app/1819620/,https://cdn.akamai.steamstatic.com/steam/apps/1819620/header.jpg
2879030,AX : PORTAL SLAYERS,2024,2024-03-28,Mixed,5,12,41.7,0,\N,https://store.steampowered.com/app/2879030/,https://cdn.akamai.steamstatic.com/steam/apps/2879030/header.jpg
956870,Starship Zvezda,2019,2019-04-22,Mixed,7,12,58.3,0,\N,https://store.steampowered.com/app/956870/,https://cdn.akamai.steamstatic.com/steam/apps/956870/header.jpg
1664100,FIGHT BOTS,2021,2021-11-24,Positive,12,12,100.0,0,\N,https://store.steampowered.com/app/1664100/,https://cdn.akamai.steamstatic.com/steam/apps/1664100/header.jpg
2654590,Scrap and Battery,2024,2024-01-26,Positive,11,12,91.7,0,\N,https://store.steampowered.com/app/2654590/,https://cdn.akamai.steamstatic.com/steam/apps/2654590/header.jpg
2908340,Thorns: Police never sleeps,2024,2024-05-16,Positive,11,12,91.7,0,\N,https://store.steampowered.com/app/2908340/,https://cdn.akamai.steamstatic.com/steam/apps/2908340/header.jpg
2055090,Iaijutsu,2023,2023-01-12,Mixed,7,11,63.6,0,\N,https://store.steampowered.com/app/2055090/,https://cdn.akamai.steamstatic.com/steam/apps/2055090/header.jpg
1623850,Naught Bots,2021,2021-05-18,Positive,9,11,81.8,0,\N,https://store.steampowered.com/app/1623850/,https://cdn.akamai.steamstatic.com/steam/apps/1623850/header.jpg
2243880,The Specter Chronicles: Episode 1 - The False Prophet,2023,2023-02-15,Positive,11,11,100.0,0,\N,https://store.steampowered.com/app/2243880/,https://cdn.akamai.steamstatic.com/steam/apps/2243880/header.jpg
2424450,Circuit Breakout: Dual Polarity,2023,2023-05-23,Positive,10,11,90.9,0,\N,https://store.steampowered.com/app/2424450/,https://cdn.akamai.steamstatic.com/steam/apps/2424450/header.jpg
2892290,Space Cats,2024,2024-04-10,Positive,10,11,90.9,0,\N,https://store.steampowered.com/app/2892290/,https://cdn.akamai.steamstatic.com/steam/apps/2892290/header.jpg
1468800,Portal Defect,2021,2021-04-14,Mixed,6,11,54.5,0,\N,https://store.steampowered.com/app/1468800/,https://cdn.akamai.steamstatic.com/steam/apps/1468800/header.jpg
1284480,Beatitas,2020,2020-05-22,Positive,10,11,90.9,0,\N,https://store.steampowered.com/app/1284480/,https://cdn.akamai.steamstatic.com/steam/apps/1284480/header.jpg
1393740,Vincula,2020,2020-10-23,Positive,10,11,90.9,0,\N,https://store.steampowered.com/app/1393740/,https://cdn.akamai.steamstatic.com/steam/apps/1393740/header.jpg
1956280,K3LVN,2022,2022-08-08,Positive,10,11,90.9,0,\N,https://store.steampowered.com/app/1956280/,https://cdn.akamai.steamstatic.com/steam/apps/1956280/header.jpg
1425240,Match It!,2020,2020-10-20,Positive,10,11,90.9,0,\N,https://store.steampowered.com/app/1425240/,https://cdn.akamai.steamstatic.com/steam/apps/1425240/header.jpg
2291950,Samira: Taken From Time,2023,2023-05-03,Mostly Positive,8,11,72.7,0,\N,https://store.steampowered.com/app/2291950/,https://cdn.akamai.steamstatic.com/steam/apps/2291950/header.jpg
2999260,Low Batt,2024,2024-07-18,Positive,10,11,90.9,0,\N,https://store.steampowered.com/app/2999260/,https://cdn.akamai.steamstatic.com/steam/apps/2999260/header.jpg
1481930,Trajectory Fracture,2020,2020-12-25,Positive,11,11,100.0,0,\N,https://store.steampowered.com/app/1481930/,https://cdn.akamai.steamstatic.com/steam/apps/1481930/header.jpg
2083450,SCUFF(ED),2022,2022-09-09,Positive,11,11,100.0,0,\N,https://store.steampowered.com/app/2083450/,https://cdn.akamai.steamstatic.com/steam/apps/2083450/header.jpg
2331210,Quit Smoking VR Therapist,2023,2023-04-21,Positive,9,11,81.8,0,\N,https://store.steampowered.com/app/2331210/,https://cdn.akamai.steamstatic.com/steam/apps/2331210/header.jpg
1425010,ForkJump,2024,2024-08-02,Positive,11,11,100.0,0,\N,https://store.steampowered.com/app/1425010/,https://cdn.akamai.steamstatic.com/steam/apps/1425010/header.jpg
1513180,Lo-Fi Lounge,2021,2021-05-01,Positive,9,11,81.8,0,\N,https://store.steampowered.com/app/1513180/,https://cdn.akamai.steamstatic.com/steam/apps/1513180/header.jpg
2982480,DASH n CRY,2024,2024-06-24,Positive,11,11,100.0,0,\N,https://store.steampowered.com/app/2982480/,https://cdn.akamai.steamstatic.com/steam/apps/2982480/header.jpg
1366060,Refraction,2020,2020-08-28,Positive,11,11,100.0,0,\N,https://store.steampowered.com/app/1366060/,https://cdn.akamai.steamstatic.com/steam/apps/1366060/header.jpg
2131430,Wings of The Universe,2022,2022-12-17,Mixed,6,11,54.5,0,\N,https://store.steampowered.com/app/2131430/,https://cdn.akamai.steamstatic.com/steam/apps/2131430/header.jpg
2345570,Stellar Stroll,2023,2023-10-09,Positive,9,11,81.8,0,\N,https://store.steampowered.com/app/2345570/,https://cdn.akamai.steamstatic.com/steam/apps/2345570/header.jpg
1702190,On The Earth Shift :),2022,2022-02-21,Positive,11,11,100.0,0,\N,https://store.steampowered.com/app/1702190/,https://cdn.akamai.steamstatic.com/steam/apps/1702190/header.jpg
1707030,Axial Drift,2021,2021-12-24,Positive,9,11,81.8,0,\N,https://store.steampowered.com/app/1707030/,https://cdn.akamai.steamstatic.com/steam/apps/1707030/header.jpg
1992840,Space Aces,2022,2022-07-02,Positive,10,11,90.9,0,\N,https://store.steampowered.com/app/1992840/,https://cdn.akamai.steamstatic.com/steam/apps/1992840/header.jpg
2258510,Tower Defense: Infinite War,2024,2024-05-07,Mixed,6,11,54.5,0,\N,https://store.steampowered.com/app/2258510/,https://cdn.akamai.steamstatic.com/steam/apps/2258510/header.jpg
1953960,Destoria: The Withering,2022,2022-08-09,Positive,10,11,90.9,0,\N,https://store.steampowered.com/app/1953960/,https://cdn.akamai.steamstatic.com/steam/apps/1953960/header.jpg
2222830,Chasmal,2023,2023-01-17,Positive,11,11,100.0,0,\N,https://store.steampowered.com/app/2222830/,https://cdn.akamai.steamstatic.com/steam/apps/2222830/header.jpg
1696020,Ha_Bits,2021,2021-08-28,Positive,9,11,81.8,0,\N,https://store.steampowered.com/app/1696020/,https://cdn.akamai.steamstatic.com/steam/apps/1696020/header.jpg
1354530,Ultikill,2020,2020-12-06,Positive,10,11,90.9,0,\N,https://store.steampowered.com/app/1354530/,https://cdn.akamai.steamstatic.com/steam/apps/1354530/header.jpg
3116880,Whoopi,2024,2024-09-02,Negative,1,11,9.1,0,\N,https://store.steampowered.com/app/3116880/,https://cdn.akamai.steamstatic.com/steam/apps/3116880/header.jpg
2963130,Manludo,2024,2024-08-23,Positive,11,11,100.0,0,\N,https://store.steampowered.com/app/2963130/,https://cdn.akamai.steamstatic.com/steam/apps/2963130/header.jpg
1555640,Time Jumper,2021,2021-03-03,Mixed,7,11,63.6,0,\N,https://store.steampowered.com/app/1555640/,https://cdn.akamai.steamstatic.com/steam/apps/1555640/header.jpg
2542380,Cyber Space Driver,2023,2023-08-21,Positive,10,11,90.9,0,\N,https://store.steampowered.com/app/2542380/,https://cdn.akamai.steamstatic.com/steam/apps/2542380/header.jpg
2534630,Kimi sae Ireba,2023,2023-08-29,Positive,9,11,81.8,0,\N,https://store.steampowered.com/app/2534630/,https://cdn.akamai.steamstatic.com/steam/apps/2534630/header.jpg
2012590,LUNARBALL,2024,2024-06-04,Positive,11,11,100.0,0,\N,https://store.steampowered.com/app/2012590/,https://cdn.akamai.steamstatic.com/steam/apps/2012590/header.jpg
1550950,Pirates of the Asteroid Belt,2021,2021-08-12,Mixed,5,11,45.5,0,\N,https://store.steampowered.com/app/1550950/,https://cdn.akamai.steamstatic.com/steam/apps/1550950/header.jpg
1379590,Adventures in Morality: An Interactive Case Study,2020,2020-08-14,Mostly Positive,8,11,72.7,0,\N,https://store.steampowered.com/app/1379590/,https://cdn.akamai.steamstatic.com/steam/apps/1379590/header.jpg
1694870,Laser League: World Arena Playtest,2021,2021-07-22,Positive,11,11,100.0,0,\N,https://store.steampowered.com/app/1694870/,https://cdn.akamai.steamstatic.com/steam/apps/1694870/header.jpg
1769280,LTO Arcade,2021,2021-10-19,Positive,10,11,90.9,0,\N,https://store.steampowered.com/app/1769280/,https://cdn.akamai.steamstatic.com/steam/apps/1769280/header.jpg
2599920,Reapers,2023,2023-10-03,Mostly Positive,8,11,72.7,0,\N,https://store.steampowered.com/app/2599920/,https://cdn.akamai.steamstatic.com/steam/apps/2599920/header.jpg
2685410,SPEEDUS -SHEDDING SPEED CARD-,2023,2023-12-11,Positive,10,11,90.9,0,\N,https://store.steampowered.com/app/2685410/,https://cdn.akamai.steamstatic.com/steam/apps/2685410/header.jpg
3093600,Project ZipZap,2024,2024-09-12,Positive,11,11,100.0,0,\N,https://store.steampowered.com/app/3093600/,https://cdn.akamai.steamstatic.com/steam/apps/3093600/header.jpg
1710990,ButtonMash,2021,2021-09-14,Mixed,7,11,63.6,0,\N,https://store.steampowered.com/app/1710990/,https://cdn.akamai.steamstatic.com/steam/apps/1710990/header.jpg
1815170,Asteroides,2022,2022-01-11,Positive,10,11,90.9,0,\N,https://store.steampowered.com/app/1815170/,https://cdn.akamai.steamstatic.com/steam/apps/1815170/header.jpg
2371410,Blade Fury,2023,2023-07-17,Positive,10,11,90.9,0,\N,https://store.steampowered.com/app/2371410/,https://cdn.akamai.steamstatic.com/steam/apps/2371410/header.jpg
2074500,OrbiTank,2022,2022-08-12,Positive,9,10,90.0,0,\N,https://store.steampowered.com/app/2074500/,https://cdn.akamai.steamstatic.com/steam/apps/2074500/header.jpg
877270,The Pirates of Sector 7,2018,2018-06-29,Positive,8,10,80.0,0,\N,https://store.steampowered.com/app/877270/,https://cdn.akamai.steamstatic.com/steam/apps/877270/header.jpg
2685150,Ace Racers SP,2023,2023-11-30,Positive,10,10,100.0,0,\N,https://store.steampowered.com/app/2685150/,https://cdn.akamai.steamstatic.com/steam/apps/2685150/header.jpg
1814920,Bombyx,2023,2023-04-20,Positive,9,10,90.0,0,\N,https://store.steampowered.com/app/1814920/,https://cdn.akamai.steamstatic.com/steam/apps/1814920/header.jpg
2735020,Cyber Rush,2024,2024-04-23,Mixed,5,10,50.0,0,\N,https://store.steampowered.com/app/2735020/,https://cdn.akamai.steamstatic.com/steam/apps/2735020/header.jpg
1843980,Two of us,2022,2022-01-10,Positive,10,10,100.0,0,\N,https://store.steampowered.com/app/1843980/,https://cdn.akamai.steamstatic.com/steam/apps/1843980/header.jpg
1433000,Chronicles of cyberpunk - Deep sleep,2022,2022-08-21,Positive,9,10,90.0,0,\N,https://store.steampowered.com/app/1433000/,https://cdn.akamai.steamstatic.com/steam/apps/1433000/header.jpg
1619110,Walk On Mars,2021,2021-05-19,Mixed,6,10,60.0,0,\N,https://store.steampowered.com/app/1619110/,https://cdn.akamai.steamstatic.com/steam/apps/1619110/header.jpg
2099240,Digital Pierrot Museum,2023,2023-02-18,Positive,10,10,100.0,0,\N,https://store.steampowered.com/app/2099240/,https://cdn.akamai.steamstatic.com/steam/apps/2099240/header.jpg
2150370,Running into the Cyberpunk,2022,2022-10-03,Positive,10,10,100.0,0,\N,https://store.steampowered.com/app/2150370/,https://cdn.akamai.steamstatic.com/steam/apps/2150370/header.jpg
2376510,Floating Coffin,2023,2023-08-31,Positive,9,10,90.0,0,\N,https://store.steampowered.com/app/2376510/,https://cdn.akamai.steamstatic.com/steam/apps/2376510/header.jpg
2251930,CGI™: The Game,2023,2023-01-31,Positive,8,10,80.0,0,\N,https://store.steampowered.com/app/2251930/,https://cdn.akamai.steamstatic.com/steam/apps/2251930/header.jpg
2301450,SomethingWithSpace,2023,2023-02-18,Positive,8,10,80.0,0,\N,https://store.steampowered.com/app/2301450/,https://cdn.akamai.steamstatic.com/steam/apps/2301450/header.jpg
2026470,Cyber Blades - Demo,2022,2022-06-29,Positive,8,10,80.0,0,\N,https://store.steampowered.com/app/2026470/,https://cdn.akamai.steamstatic.com/steam/apps/2026470/header.jpg
1312190,Cruel Galaxy: Discordia,2020,2020-06-30,Positive,8,10,80.0,0,\N,https://store.steampowered.com/app/1312190/,https://cdn.akamai.steamstatic.com/steam/apps/1312190/header.jpg
1647990,Ningakki XXVI FPS,2021,2021-09-25,Positive,9,10,90.0,0,\N,https://store.steampowered.com/app/1647990/,https://cdn.akamai.steamstatic.com/steam/apps/1647990/header.jpg
1464650,Planet Cracker,2021,2021-01-24,Mixed,6,10,60.0,0,\N,https://store.steampowered.com/app/1464650/,https://cdn.akamai.steamstatic.com/steam/apps/1464650/header.jpg
1790870,Fantasteroids,2022,2022-09-26,Positive,9,10,90.0,0,\N,https://store.steampowered.com/app/1790870/,https://cdn.akamai.steamstatic.com/steam/apps/1790870/header.jpg
1382710,OUBEY VR – Cosmic Voyage,2020,2020-08-11,Positive,8,10,80.0,0,\N,https://store.steampowered.com/app/1382710/,https://cdn.akamai.steamstatic.com/steam/apps/1382710/header.jpg
1781170,The Flow Experience,2022,2022-04-01,Positive,8,10,80.0,0,\N,https://store.steampowered.com/app/1781170/,https://cdn.akamai.steamstatic.com/steam/apps/1781170/header.jpg
1656900,Shaped Touches,2021,2021-07-16,Mixed,4,10,40.0,0,\N,https://store.steampowered.com/app/1656900/,https://cdn.akamai.steamstatic.com/steam/apps/1656900/header.jpg
1561390,StarStruck,2021,2021-06-01,Positive,9,10,90.0,0,\N,https://store.steampowered.com/app/1561390/,https://cdn.akamai.steamstatic.com/steam/apps/1561390/header.jpg
1190690,IOX,2019,2019-12-23,Mixed,6,10,60.0,0,\N,https://store.steampowered.com/app/1190690/,https://cdn.akamai.steamstatic.com/steam/apps/1190690/header.jpg
1495910,Omega Blade,2020,2020-12-24,Positive,9,10,90.0,0,\N,https://store.steampowered.com/app/1495910/,https://cdn.akamai.steamstatic.com/steam/apps/1495910/header.jpg
1643490,Zagu Espionage,2021,2021-06-18,Mostly Positive,7,10,70.0,0,\N,https://store.steampowered.com/app/1643490/,https://cdn.akamai.steamstatic.com/steam/apps/1643490/header.jpg
2670280,BLEED RUNNER,2023,2023-12-08,Positive,10,10,100.0,0,\N,https://store.steampowered.com/app/2670280/,https://cdn.akamai.steamstatic.com/steam/apps/2670280/header.jpg
1749310,Netherspace,2021,2021-10-05,Positive,10,10,100.0,0,\N,https://store.steampowered.com/app/1749310/,https://cdn.akamai.steamstatic.com/steam/apps/1749310/header.jpg
3136590,Cycle of Steel,2024,2024-08-20,Positive,10,10,100.0,0,\N,https://store.steampowered.com/app/3136590/,https://cdn.akamai.steamstatic.com/steam/apps/3136590/header.jpg
1485370,Futuclass Education,2021,2021-01-23,Mixed,6,10,60.0,0,\N,https://store.steampowered.com/app/1485370/,https://cdn.akamai.steamstatic.com/steam/apps/1485370/header.jpg
1415890,Hot Robot,2022,2022-09-09,Positive,9,10,90.0,0,\N,https://store.steampowered.com/app/1415890/,https://cdn.akamai.steamstatic.com/steam/apps/1415890/header.jpg
2059350,Worlds of Nyx,2022,2022-11-25,Mixed,5,10,50.0,0,\N,https://store.steampowered.com/app/2059350/,https://cdn.akamai.steamstatic.com/steam/apps/2059350/header.jpg
3086940,Bass Defense: First Memorythms,2024,2024-07-22,Positive,9,10,90.0,0,\N,https://store.steampowered.com/app/3086940/,https://cdn.akamai.steamstatic.com/steam/apps/3086940/header.jpg
2126790,HAXWARE COMGAM,2023,2023-01-30,Mixed,5,10,50.0,0,\N,https://store.steampowered.com/app/2126790/,https://cdn.akamai.steamstatic.com/steam/apps/2126790/header.jpg
1999120,Heroes of Time - Aizack's Return,2022,2022-09-01,Positive,10,10,100.0,0,\N,https://store.steampowered.com/app/1999120/,https://cdn.akamai.steamstatic.com/steam/apps/1999120/header.jpg
2659720,Alien Cafe,2024,2024-06-11,Positive,10,10,100.0,0,\N,https://store.steampowered.com/app/2659720/,https://cdn.akamai.steamstatic.com/steam/apps/2659720/header.jpg
1183750,Liquid Space,2019,2019-12-15,Mixed,6,10,60.0,0,\N,https://store.steampowered.com/app/1183750/,https://cdn.akamai.steamstatic.com/steam/apps/1183750/header.jpg
1847220,Breathless,2022,2022-05-12,Mostly Positive,7,10,70.0,0,\N,https://store.steampowered.com/app/1847220/,https://cdn.akamai.steamstatic.com/steam/apps/1847220/header.jpg
1858860,Solitarius,2022,2022-09-25,Mixed,6,10,60.0,0,\N,https://store.steampowered.com/app/1858860/,https://cdn.akamai.steamstatic.com/steam/apps/1858860/header.jpg
2135380,Operation Satoshi [Early Version Alpha],2022,2022-11-08,Mixed,6,10,60.0,0,\N,https://store.steampowered.com/app/2135380/,https://cdn.akamai.steamstatic.com/steam/apps/2135380/header.jpg
1692520,Robots n Lasers,2021,2021-12-29,Positive,9,10,90.0,0,\N,https://store.steampowered.com/app/1692520/,https://cdn.akamai.steamstatic.com/steam/apps/1692520/header.jpg
2907220,Steel Symphony,2024,2024-04-13,Positive,10,10,100.0,0,\N,https://store.steampowered.com/app/2907220/,https://cdn.akamai.steamstatic.com/steam/apps/2907220/header.jpg
1217510,Terminal Singularity,2020,2020-07-17,Positive,9,10,90.0,0,\N,https://store.steampowered.com/app/1217510/,https://cdn.akamai.steamstatic.com/steam/apps/1217510/header.jpg
1927950,Harmony Overture,2022,2022-05-17,Positive,9,10,90.0,0,\N,https://store.steampowered.com/app/1927950/,https://cdn.akamai.steamstatic.com/steam/apps/1927950/header.jpg
1896020,Running in the Y2K,2022,2022-05-10,Positive,9,10,90.0,0,\N,https://store.steampowered.com/app/1896020/,https://cdn.akamai.steamstatic.com/steam/apps/1896020/header.jpg
2200270,Velocity Rift,2022,2022-12-30,Positive,10,10,100.0,0,\N,https://store.steampowered.com/app/2200270/,https://cdn.akamai.steamstatic.com/steam/apps/2200270/header.jpg
2188740,Phantasy Series Reference Opus,2023,2023-12-30,Positive,10,10,100.0,0,\N,https://store.steampowered.com/app/2188740/,https://cdn.akamai.steamstatic.com/steam/apps/2188740/header.jpg
1986800,Insurrection: Cyborgs Awakening,2022,2022-07-27,Mixed,6,10,60.0,0,\N,https://store.steampowered.com/app/1986800/,https://cdn.akamai.steamstatic.com/steam/apps/1986800/header.jpg
1232260,Space Mega Force Man,2020,2020-02-13,9 user reviews,8,9,88.9,0,\N,https://store.steampowered.com/app/1232260/,https://cdn.akamai.steamstatic.com/steam/apps/1232260/header.jpg
2169790,Hexa Rhythm,2022,2022-12-15,9 user reviews,8,9,88.9,0,\N,https://store.steampowered.com/app/2169790/,https://cdn.akamai.steamstatic.com/steam/apps/2169790/header.jpg
2537510,Fittest Fire,2024,2024-02-23,9 user reviews,8,9,88.9,0,\N,https://store.steampowered.com/app/2537510/,https://cdn.akamai.steamstatic.com/steam/apps/2537510/header.jpg
2189760,Mech vs. Bugs,2023,2023-09-30,9 user reviews,8,9,88.9,0,\N,https://store.steampowered.com/app/2189760/,https://cdn.akamai.steamstatic.com/steam/apps/2189760/header.jpg
2071720,Dawn vs Dusk,2023,2023-05-22,9 user reviews,8,9,88.9,0,\N,https://store.steampowered.com/app/2071720/,https://cdn.akamai.steamstatic.com/steam/apps/2071720/header.jpg
2251500,Crunch Time! Beat the Clock,2023,2023-03-20,9 user reviews,9,9,100.0,0,\N,https://store.steampowered.com/app/2251500/,https://cdn.akamai.steamstatic.com/steam/apps/2251500/header.jpg
1471600,warDrive: Prologue,2022,2022-04-01,9 user reviews,8,9,88.9,0,\N,https://store.steampowered.com/app/1471600/,https://cdn.akamai.steamstatic.com/steam/apps/1471600/header.jpg
1572320,Malfunction II,2022,2022-12-28,9 user reviews,8,9,88.9,0,\N,https://store.steampowered.com/app/1572320/,https://cdn.akamai.steamstatic.com/steam/apps/1572320/header.jpg
2473400,Void Ninja,2023,2023-08-03,9 user reviews,8,9,88.9,0,\N,https://store.steampowered.com/app/2473400/,https://cdn.akamai.steamstatic.com/steam/apps/2473400/header.jpg
2251660,Subtension,2023,2023-03-28,9 user reviews,8,9,88.9,0,\N,https://store.steampowered.com/app/2251660/,https://cdn.akamai.steamstatic.com/steam/apps/2251660/header.jpg
1957660,REDMASK,2024,2024-01-25,9 user reviews,9,9,100.0,0,\N,https://store.steampowered.com/app/1957660/,https://cdn.akamai.steamstatic.com/steam/apps/1957660/header.jpg
1338360,Color Security,2020,2020-09-06,9 user reviews,9,9,100.0,0,\N,https://store.steampowered.com/app/1338360/,https://cdn.akamai.steamstatic.com/steam/apps/1338360/header.jpg
2155100,Hazard Horizon,2023,2023-02-24,9 user reviews,8,9,88.9,0,\N,https://store.steampowered.com/app/2155100/,https://cdn.akamai.steamstatic.com/steam/apps/2155100/header.jpg
2955960,Brickorium,2024,2024-05-30,9 user reviews,9,9,100.0,0,\N,https://store.steampowered.com/app/2955960/,https://cdn.akamai.steamstatic.com/steam/apps/2955960/header.jpg
1753760,Impulse,2021,2021-10-01,9 user reviews,8,9,88.9,0,\N,https://store.steampowered.com/app/1753760/,https://cdn.akamai.steamstatic.com/steam/apps/1753760/header.jpg
1916740,Hohenheim: Skywards,2023,2023-01-02,9 user reviews,7,9,77.8,0,\N,https://store.steampowered.com/app/1916740/,https://cdn.akamai.steamstatic.com/steam/apps/1916740/header.jpg
2408120,Solar Showdown,2023,2023-06-14,9 user reviews,5,9,55.6,0,\N,https://store.steampowered.com/app/2408120/,https://cdn.akamai.steamstatic.com/steam/apps/2408120/header.jpg
2304790,Project Chaos,2023,2023-08-24,9 user reviews,4,9,44.4,0,\N,https://store.steampowered.com/app/2304790/,https://cdn.akamai.steamstatic.com/steam/apps/2304790/header.jpg
2667100,Project: NEO,2024,2024-02-02,9 user reviews,9,9,100.0,0,\N,https://store.steampowered.com/app/2667100/,https://cdn.akamai.steamstatic.com/steam/apps/2667100/header.jpg
1304070,Extra Terrestrial Nation,2020,2020-07-31,9 user reviews,6,9,66.7,0,\N,https://store.steampowered.com/app/1304070/,https://cdn.akamai.steamstatic.com/steam/apps/1304070/header.jpg
1586890,Legend of Azcarth,2021,2021-05-25,9 user reviews,7,9,77.8,0,\N,https://store.steampowered.com/app/1586890/,https://cdn.akamai.steamstatic.com/steam/apps/1586890/header.jpg
2370990,Merk Mayhem,2024,2024-03-22,9 user reviews,8,9,88.9,0,\N,https://store.steampowered.com/app/2370990/,https://cdn.akamai.steamstatic.com/steam/apps/2370990/header.jpg
2868210,Project: Ternion,2024,2024-06-20,9 user reviews,8,9,88.9,0,\N,https://store.steampowered.com/app/2868210/,https://cdn.akamai.steamstatic.com/steam/apps/2868210/header.jpg
2327750,Moon is Not the Limit,2023,2023-04-03,9 user reviews,8,9,88.9,0,\N,https://store.steampowered.com/app/2327750/,https://cdn.akamai.steamstatic.com/steam/apps/2327750/header.jpg
1753170,DKLS,2021,2021-09-23,9 user reviews,5,9,55.6,0,\N,https://store.steampowered.com/app/1753170/,https://cdn.akamai.steamstatic.com/steam/apps/1753170/header.jpg
1686640,Platformer::Execute();,2022,2022-08-16,9 user reviews,8,9,88.9,0,\N,https://store.steampowered.com/app/1686640/,https://cdn.akamai.steamstatic.com/steam/apps/1686640/header.jpg
2158620,Crimson Phoenix Rise,2022,2022-10-09,9 user reviews,8,9,88.9,0,\N,https://store.steampowered.com/app/2158620/,https://cdn.akamai.steamstatic.com/steam/apps/2158620/header.jpg
2122960,Cyber Attack VR board game,2022,2022-09-06,9 user reviews,6,9,66.7,0,\N,https://store.steampowered.com/app/2122960/,https://cdn.akamai.steamstatic.com/steam/apps/2122960/header.jpg
2553290,Mission: Space,2023,2023-09-13,9 user reviews,8,9,88.9,0,\N,https://store.steampowered.com/app/2553290/,https://cdn.akamai.steamstatic.com/steam/apps/2553290/header.jpg
3084790,(Neg)Entropic Wandering,2024,2024-07-19,9 user reviews,8,9,88.9,0,\N,https://store.steampowered.com/app/3084790/,https://cdn.akamai.steamstatic.com/steam/apps/3084790/header.jpg
1060560,GNRBLEX,2019,2019-07-25,9 user reviews,8,9,88.9,0,\N,https://store.steampowered.com/app/1060560/,https://cdn.akamai.steamstatic.com/steam/apps/1060560/header.jpg
1515750,Star Squadron: Student Driver,2021,2021-03-05,9 user reviews,6,9,66.7,0,\N,https://store.steampowered.com/app/1515750/,https://cdn.akamai.steamstatic.com/steam/apps/1515750/header.jpg
1622080,Flyland Wars: 0 Ball Game [Trainer],2021,2021-10-04,9 user reviews,6,9,66.7,0,\N,https://store.steampowered.com/app/1622080/,https://cdn.akamai.steamstatic.com/steam/apps/1622080/header.jpg
542790,RacetronicVR,2017,2017-11-13,9 user reviews,5,9,55.6,0,\N,https://store.steampowered.com/app/542790/,https://cdn.akamai.steamstatic.com/steam/apps/542790/header.jpg
2643090,CyVenge,2023,2023-11-24,8 user reviews,8,8,100.0,0,\N,https://store.steampowered.com/app/2643090/,https://cdn.akamai.steamstatic.com/steam/apps/2643090/header.jpg
2505160,Xaphan - Battle Simulator,2023,2023-11-18,8 user reviews,3,8,37.5,0,\N,https://store.steampowered.com/app/2505160/,https://cdn.akamai.steamstatic.com/steam/apps/2505160/header.jpg
1971370,Assault Wing,2024,2024-01-26,8 user reviews,7,8,87.5,0,\N,https://store.steampowered.com/app/1971370/,https://cdn.akamai.steamstatic.com/steam/apps/1971370/header.jpg
1305610,Cosmodome,2020,2020-06-02,8 user reviews,8,8,100.0,0,\N,https://store.steampowered.com/app/1305610/,https://cdn.akamai.steamstatic.com/steam/apps/1305610/header.jpg
1358050,Sanatorium «Anthropocene Retreat»,2020,2020-07-15,8 user reviews,5,8,62.5,0,\N,https://store.steampowered.com/app/1358050/,https://cdn.akamai.steamstatic.com/steam/apps/1358050/header.jpg
2464630,Lusófona Games Collection 2023,2023,2023-08-09,8 user reviews,8,8,100.0,0,\N,https://store.steampowered.com/app/2464630/,https://cdn.akamai.steamstatic.com/steam/apps/2464630/header.jpg
1873080,Datascape,2022,2022-10-10,8 user reviews,8,8,100.0,0,\N,https://store.steampowered.com/app/1873080/,https://cdn.akamai.steamstatic.com/steam/apps/1873080/header.jpg
2654570,Dream celestial body,2023,2023-11-09,8 user reviews,7,8,87.5,0,\N,https://store.steampowered.com/app/2654570/,https://cdn.akamai.steamstatic.com/steam/apps/2654570/header.jpg
958670,MekaFighters,2021,2021-07-13,8 user reviews,8,8,100.0,0,\N,https://store.steampowered.com/app/958670/,https://cdn.akamai.steamstatic.com/steam/apps/958670/header.jpg
3239870,Cyber Soldier,2024,2024-10-18,8 user reviews,8,8,100.0,0,\N,https://store.steampowered.com/app/3239870/,https://cdn.akamai.steamstatic.com/steam/apps/3239870/header.jpg
1863960,FitStrike,2022,2022-01-17,8 user reviews,7,8,87.5,0,\N,https://store.steampowered.com/app/1863960/,https://cdn.akamai.steamstatic.com/steam/apps/1863960/header.jpg
2907680,Cosmotots,2024,2024-05-13,8 user reviews,8,8,100.0,0,\N,https://store.steampowered.com/app/2907680/,https://cdn.akamai.steamstatic.com/steam/apps/2907680/header.jpg
2343120,Deep Space Scoundrel,2023,2023-03-30,8 user reviews,8,8,100.0,0,\N,https://store.steampowered.com/app/2343120/,https://cdn.akamai.steamstatic.com/steam/apps/2343120/header.jpg
2581020,Virtuar Z,2023,2023-10-23,8 user reviews,4,8,50.0,0,\N,https://store.steampowered.com/app/2581020/,https://cdn.akamai.steamstatic.com/steam/apps/2581020/header.jpg
2593770,Project Chimeira,2023,2023-10-06,8 user reviews,6,8,75.0,0,\N,https://store.steampowered.com/app/2593770/,https://cdn.akamai.steamstatic.com/steam/apps/2593770/header.jpg
2310840,Mechafare,2023,2023-03-10,8 user reviews,7,8,87.5,0,\N,https://store.steampowered.com/app/2310840/,https://cdn.akamai.steamstatic.com/steam/apps/2310840/header.jpg
1539590,Omniblast,2021,2021-03-24,8 user reviews,6,8,75.0,0,\N,https://store.steampowered.com/app/1539590/,https://cdn.akamai.steamstatic.com/steam/apps/1539590/header.jpg
2068220,Rampage Ball 2048,2022,2022-12-09,8 user reviews,4,8,50.0,0,\N,https://store.steampowered.com/app/2068220/,https://cdn.akamai.steamstatic.com/steam/apps/2068220/header.jpg
1862220,Space Hopper,2022,2022-01-19,8 user reviews,7,8,87.5,0,\N,https://store.steampowered.com/app/1862220/,https://cdn.akamai.steamstatic.com/steam/apps/1862220/header.jpg
1804070,Asteroids Extreme,2021,2021-12-23,8 user reviews,8,8,100.0,0,\N,https://store.steampowered.com/app/1804070/,https://cdn.akamai.steamstatic.com/steam/apps/1804070/header.jpg
1364570,Starshot,2020,2020-08-16,8 user reviews,8,8,100.0,0,\N,https://store.steampowered.com/app/1364570/,https://cdn.akamai.steamstatic.com/steam/apps/1364570/header.jpg
1519910,Utopia Process,2021,2021-03-26,8 user reviews,7,8,87.5,0,\N,https://store.steampowered.com/app/1519910/,https://cdn.akamai.steamstatic.com/steam/apps/1519910/header.jpg
1784180,Fragment Hunters,2022,2022-08-18,8 user reviews,8,8,100.0,0,\N,https://store.steampowered.com/app/1784180/,https://cdn.akamai.steamstatic.com/steam/apps/1784180/header.jpg
1582210,Fast Finger Rule,2021,2021-11-01,8 user reviews,6,8,75.0,0,\N,https://store.steampowered.com/app/1582210/,https://cdn.akamai.steamstatic.com/steam/apps/1582210/header.jpg
2212940,Turn back the clock：Hsinchu,2022,2022-12-06,8 user reviews,3,8,37.5,0,\N,https://store.steampowered.com/app/2212940/,https://cdn.akamai.steamstatic.com/steam/apps/2212940/header.jpg
2435230,Space Mutants,2023,2023-06-01,8 user reviews,7,8,87.5,0,\N,https://store.steampowered.com/app/2435230/,https://cdn.akamai.steamstatic.com/steam/apps/2435230/header.jpg
1953870,Project Nautilus,2022,2022-05-06,8 user reviews,8,8,100.0,0,\N,https://store.steampowered.com/app/1953870/,https://cdn.akamai.steamstatic.com/steam/apps/1953870/header.jpg
2206960,Cloud House - Virtual Arts Space,2023,2023-03-30,8 user reviews,7,8,87.5,0,\N,https://store.steampowered.com/app/2206960/,https://cdn.akamai.steamstatic.com/steam/apps/2206960/header.jpg
2438760,EOS-503,2023,2023-07-17,8 user reviews,7,8,87.5,0,\N,https://store.steampowered.com/app/2438760/,https://cdn.akamai.steamstatic.com/steam/apps/2438760/header.jpg
2724990,SaiBorRai,2024,2024-10-03,8 user reviews,4,8,50.0,0,\N,https://store.steampowered.com/app/2724990/,https://cdn.akamai.steamstatic.com/steam/apps/2724990/header.jpg
1831190,Invisible Crush,2022,2022-05-16,8 user reviews,8,8,100.0,0,\N,https://store.steampowered.com/app/1831190/,https://cdn.akamai.steamstatic.com/steam/apps/1831190/header.jpg
2312110,JetpacToo,2023,2023-04-10,8 user reviews,8,8,100.0,0,\N,https://store.steampowered.com/app/2312110/,https://cdn.akamai.steamstatic.com/steam/apps/2312110/header.jpg
1086270,Space BloX,2019,2019-06-17,8 user reviews,7,8,87.5,0,\N,https://store.steampowered.com/app/1086270/,https://cdn.akamai.steamstatic.com/steam/apps/1086270/header.jpg
2192730,Planet Breakout 2,2022,2022-12-13,8 user reviews,8,8,100.0,0,\N,https://store.steampowered.com/app/2192730/,https://cdn.akamai.steamstatic.com/steam/apps/2192730/header.jpg
2269170,Keyboard Warrior: Dreamstate Prologue,2023,2023-01-22,8 user reviews,8,8,100.0,0,\N,https://store.steampowered.com/app/2269170/,https://cdn.akamai.steamstatic.com/steam/apps/2269170/header.jpg
1791300,Protect The Treasure,2021,2021-11-04,8 user reviews,6,8,75.0,0,\N,https://store.steampowered.com/app/1791300/,https://cdn.akamai.steamstatic.com/steam/apps/1791300/header.jpg
3042630,Chibi Reboot,2024,2024-07-07,7 user reviews,5,7,71.4,0,\N,https://store.steampowered.com/app/3042630/,https://cdn.akamai.steamstatic.com/steam/apps/3042630/header.jpg
2234250,BattleReign,2022,2022-12-22,7 user reviews,5,7,71.4,0,\N,https://store.steampowered.com/app/2234250/,https://cdn.akamai.steamstatic.com/steam/apps/2234250/header.jpg
2716730,MechAvenger,2024,2024-01-10,7 user reviews,6,7,85.7,0,\N,https://store.steampowered.com/app/2716730/,https://cdn.akamai.steamstatic.com/steam/apps/2716730/header.jpg
3106750,Gladiate!,2024,2024-08-14,7 user reviews,7,7,100.0,0,\N,https://store.steampowered.com/app/3106750/,https://cdn.akamai.steamstatic.com/steam/apps/3106750/header.jpg
3078830,Infinite Library,2024,2024-10-04,7 user reviews,5,7,71.4,0,\N,https://store.steampowered.com/app/3078830/,https://cdn.akamai.steamstatic.com/steam/apps/3078830/header.jpg
2881760,Diamond Drone,2024,2024-04-04,7 user reviews,6,7,85.7,0,\N,https://store.steampowered.com/app/2881760/,https://cdn.akamai.steamstatic.com/steam/apps/2881760/header.jpg
1326870,Energysaber Masta VR,2020,2020-06-11,7 user reviews,7,7,100.0,0,\N,https://store.steampowered.com/app/1326870/,https://cdn.akamai.steamstatic.com/steam/apps/1326870/header.jpg
2161190,Multiverse Mercenaries,2022,2022-10-14,7 user reviews,5,7,71.4,0,\N,https://store.steampowered.com/app/2161190/,https://cdn.akamai.steamstatic.com/steam/apps/2161190/header.jpg
2416940,Space Crab VS,2024,2024-09-06,7 user reviews,5,7,71.4,0,\N,https://store.steampowered.com/app/2416940/,https://cdn.akamai.steamstatic.com/steam/apps/2416940/header.jpg
1742510,Wreckdigger,2021,2021-10-19,7 user reviews,5,7,71.4,0,\N,https://store.steampowered.com/app/1742510/,https://cdn.akamai.steamstatic.com/steam/apps/1742510/header.jpg
2854610,Neutralized: Dark moon,2024,2024-06-10,7 user reviews,6,7,85.7,0,\N,https://store.steampowered.com/app/2854610/,https://cdn.akamai.steamstatic.com/steam/apps/2854610/header.jpg
1358100,Directional Isolation VR,2020,2020-07-17,7 user reviews,5,7,71.4,0,\N,https://store.steampowered.com/app/1358100/,https://cdn.akamai.steamstatic.com/steam/apps/1358100/header.jpg
732850,Sector Assault,2020,2020-02-06,7 user reviews,7,7,100.0,0,\N,https://store.steampowered.com/app/732850/,https://cdn.akamai.steamstatic.com/steam/apps/732850/header.jpg
1596130,Through Rust We Are Returned,2021,2021-05-14,7 user reviews,7,7,100.0,0,\N,https://store.steampowered.com/app/1596130/,https://cdn.akamai.steamstatic.com/steam/apps/1596130/header.jpg
1457920,VITATIO 3,2020,2020-12-18,7 user reviews,5,7,71.4,0,\N,https://store.steampowered.com/app/1457920/,https://cdn.akamai.steamstatic.com/steam/apps/1457920/header.jpg
3015840,Brainwave Trials,2024,2024-06-19,7 user reviews,6,7,85.7,0,\N,https://store.steampowered.com/app/3015840/,https://cdn.akamai.steamstatic.com/steam/apps/3015840/header.jpg
2803100,Galactic Annihilation,2024,2024-09-11,7 user reviews,2,7,28.6,0,\N,https://store.steampowered.com/app/2803100/,https://cdn.akamai.steamstatic.com/steam/apps/2803100/header.jpg
2978510,Contingency Plan,2024,2024-07-15,7 user reviews,7,7,100.0,0,\N,https://store.steampowered.com/app/2978510/,https://cdn.akamai.steamstatic.com/steam/apps/2978510/header.jpg
2978370,Spectral Realm,2024,2024-08-28,7 user reviews,3,7,42.9,0,\N,https://store.steampowered.com/app/2978370/,https://cdn.akamai.steamstatic.com/steam/apps/2978370/header.jpg
2888740,Ubermensch,2024,2024-04-11,7 user reviews,5,7,71.4,0,\N,https://store.steampowered.com/app/2888740/,https://cdn.akamai.steamstatic.com/steam/apps/2888740/header.jpg
3008530,Bump,2024,2024-06-19,7 user reviews,7,7,100.0,0,\N,https://store.steampowered.com/app/3008530/,https://cdn.akamai.steamstatic.com/steam/apps/3008530/header.jpg
1787040,Book Hunter,2022,2022-02-03,7 user reviews,7,7,100.0,0,\N,https://store.steampowered.com/app/1787040/,https://cdn.akamai.steamstatic.com/steam/apps/1787040/header.jpg
2347450,Heroes Stand Tall: M.E.T.A,2024,2024-06-07,7 user reviews,6,7,85.7,0,\N,https://store.steampowered.com/app/2347450/,https://cdn.akamai.steamstatic.com/steam/apps/2347450/header.jpg
2971980,KEABE; Kill ’Em All - Bunny Edition,2024,2024-05-30,7 user reviews,6,7,85.7,0,\N,https://store.steampowered.com/app/2971980/,https://cdn.akamai.steamstatic.com/steam/apps/2971980/header.jpg
2480260,Aexia,2024,2024-04-02,7 user reviews,7,7,100.0,0,\N,https://store.steampowered.com/app/2480260/,https://cdn.akamai.steamstatic.com/steam/apps/2480260/header.jpg
1534950,Rushmore,2023,2023-06-09,7 user reviews,6,7,85.7,0,\N,https://store.steampowered.com/app/1534950/,https://cdn.akamai.steamstatic.com/steam/apps/1534950/header.jpg
2929410,Relict,2024,2024-05-03,7 user reviews,7,7,100.0,0,\N,https://store.steampowered.com/app/2929410/,https://cdn.akamai.steamstatic.com/steam/apps/2929410/header.jpg
1867820,Orbital Mechanics,2022,2022-05-06,7 user reviews,7,7,100.0,0,\N,https://store.steampowered.com/app/1867820/,https://cdn.akamai.steamstatic.com/steam/apps/1867820/header.jpg
3064660,Gravity Sphere,2024,2024-07-19,7 user reviews,6,7,85.7,0,\N,https://store.steampowered.com/app/3064660/,https://cdn.akamai.steamstatic.com/steam/apps/3064660/header.jpg
3125260,Space Valkyries,2024,2024-08-06,7 user reviews,4,7,57.1,0,\N,https://store.steampowered.com/app/3125260/,https://cdn.akamai.steamstatic.com/steam/apps/3125260/header.jpg
2932020,Spark,2024,2024-05-30,7 user reviews,7,7,100.0,0,\N,https://store.steampowered.com/app/2932020/,https://cdn.akamai.steamstatic.com/steam/apps/2932020/header.jpg
2448540,Oberak (Prelude),2023,2023-10-26,7 user reviews,6,7,85.7,0,\N,https://store.steampowered.com/app/2448540/,https://cdn.akamai.steamstatic.com/steam/apps/2448540/header.jpg
1165490,New Tricks for Old Gods,2019,2019-10-21,7 user reviews,5,7,71.4,0,\N,https://store.steampowered.com/app/1165490/,https://cdn.akamai.steamstatic.com/steam/apps/1165490/header.jpg
2830540,Galaxy Rush,2024,2024-08-24,7 user reviews,7,7,100.0,0,\N,https://store.steampowered.com/app/2830540/,https://cdn.akamai.steamstatic.com/steam/apps/2830540/header.jpg
2824760,Brass Necessity,2024,2024-04-01,7 user reviews,5,7,71.4,0,\N,https://store.steampowered.com/app/2824760/,https://cdn.akamai.steamstatic.com/steam/apps/2824760/header.jpg
2114980,Mr.Addon Game Maker,2022,2022-09-01,7 user reviews,7,7,100.0,0,\N,https://store.steampowered.com/app/2114980/,https://cdn.akamai.steamstatic.com/steam/apps/2114980/header.jpg
2286320,Mikrocosmos,2023,2023-05-24,7 user reviews,7,7,100.0,0,\N,https://store.steampowered.com/app/2286320/,https://cdn.akamai.steamstatic.com/steam/apps/2286320/header.jpg
2658560,Space Rock Armageddon,2024,2024-01-30,7 user reviews,7,7,100.0,0,\N,https://store.steampowered.com/app/2658560/,https://cdn.akamai.steamstatic.com/steam/apps/2658560/header.jpg
2492890,SpaceMine,2023,2023-07-20,7 user reviews,4,7,57.1,0,\N,https://store.steampowered.com/app/2492890/,https://cdn.akamai.steamstatic.com/steam/apps/2492890/header.jpg
1983060,The Twilight of Infinity,2022,2022-07-01,7 user reviews,5,7,71.4,0,\N,https://store.steampowered.com/app/1983060/,https://cdn.akamai.steamstatic.com/steam/apps/1983060/header.jpg
2191820,无尽战线 Infinity War,2023,2023-09-08,7 user reviews,6,7,85.7,0,\N,https://store.steampowered.com/app/2191820/,https://cdn.akamai.steamstatic.com/steam/apps/2191820/header.jpg
3000000,PWN!,2024,2024-09-20,7 user reviews,5,7,71.4,0,\N,https://store.steampowered.com/app/3000000/,https://cdn.akamai.steamstatic.com/steam/apps/3000000/header.jpg
2704290,Liam FitzRoy kills everyone The game Part Zero,2023,2023-12-14,7 user reviews,6,7,85.7,0,\N,https://store.steampowered.com/app/2704290/,https://cdn.akamai.steamstatic.com/steam/apps/2704290/header.jpg
2489270,Asteroidc,2023,2023-07-22,7 user reviews,6,7,85.7,0,\N,https://store.steampowered.com/app/2489270/,https://cdn.akamai.steamstatic.com/steam/apps/2489270/header.jpg
3189460,9 Years of Dreaming,2024,2024-09-27,7 user reviews,6,7,85.7,0,\N,https://store.steampowered.com/app/3189460/,https://cdn.akamai.steamstatic.com/steam/apps/3189460/header.jpg
1805720,Letters From the Moon,2022,2022-01-05,7 user reviews,7,7,100.0,0,\N,https://store.steampowered.com/app/1805720/,https://cdn.akamai.steamstatic.com/steam/apps/1805720/header.jpg
1335210,Stream Smash,2020,2020-06-18,7 user reviews,7,7,100.0,0,\N,https://store.steampowered.com/app/1335210/,https://cdn.akamai.steamstatic.com/steam/apps/1335210/header.jpg
2323260,Odyssée numérique,2023,2023-04-03,7 user reviews,4,7,57.1,0,\N,https://store.steampowered.com/app/2323260/,https://cdn.akamai.steamstatic.com/steam/apps/2323260/header.jpg
2767270,Let's Battle Online,2024,2024-03-14,7 user reviews,6,7,85.7,0,\N,https://store.steampowered.com/app/2767270/,https://cdn.akamai.steamstatic.com/steam/apps/2767270/header.jpg
2621860,Energy Tanks,2023,2023-10-13,7 user reviews,6,7,85.7,0,\N,https://store.steampowered.com/app/2621860/,https://cdn.akamai.steamstatic.com/steam/apps/2621860/header.jpg
1438710,Modern Arena,2020,2020-10-22,7 user reviews,6,7,85.7,0,\N,https://store.steampowered.com/app/1438710/,https://cdn.akamai.steamstatic.com/steam/apps/1438710/header.jpg
1877330,NEXT DOOR - An Eternal World,2022,2022-02-02,7 user reviews,6,7,85.7,0,\N,https://store.steampowered.com/app/1877330/,https://cdn.akamai.steamstatic.com/steam/apps/1877330/header.jpg
1262500,Mirastell,2021,2021-08-22,7 user reviews,6,7,85.7,0,\N,https://store.steampowered.com/app/1262500/,https://cdn.akamai.steamstatic.com/steam/apps/1262500/header.jpg
3143840,Unfinished 2,2024,2024-09-04,7 user reviews,6,7,85.7,0,\N,https://store.steampowered.com/app/3143840/,https://cdn.akamai.steamstatic.com/steam/apps/3143840/header.jpg
1653360,Hyper Frenzy,2021,2021-06-20,7 user reviews,5,7,71.4,0,\N,https://store.steampowered.com/app/1653360/,https://cdn.akamai.steamstatic.com/steam/apps/1653360/header.jpg
2162380,Larcenauts Spectator Mode,2022,2022-11-17,7 user reviews,6,7,85.7,0,\N,https://store.steampowered.com/app/2162380/,https://cdn.akamai.steamstatic.com/steam/apps/2162380/header.jpg
1348930,Rockjack,2020,2020-11-19,7 user reviews,7,7,100.0,0,\N,https://store.steampowered.com/app/1348930/,https://cdn.akamai.steamstatic.com/steam/apps/1348930/header.jpg
1004580,Microwasp Seekers,2021,2021-12-01,7 user reviews,7,7,100.0,0,\N,https://store.steampowered.com/app/1004580/,https://cdn.akamai.steamstatic.com/steam/apps/1004580/header.jpg
1899680,最適解 Saitekikai Spy Simulator,2022,2022-05-08,7 user reviews,6,7,85.7,0,\N,https://store.steampowered.com/app/1899680/,https://cdn.akamai.steamstatic.com/steam/apps/1899680/header.jpg
1823760,Fighting Mad Lads,2022,2022-01-19,6 user reviews,3,6,50.0,0,\N,https://store.steampowered.com/app/1823760/,https://cdn.akamai.steamstatic.com/steam/apps/1823760/header.jpg
2312270,Collect Call,2024,2024-05-03,6 user reviews,6,6,100.0,0,\N,https://store.steampowered.com/app/2312270/,https://cdn.akamai.steamstatic.com/steam/apps/2312270/header.jpg
668520,ExZeus 2 (Legacy),2017,2017-08-15,6 user reviews,4,6,66.7,0,\N,https://store.steampowered.com/app/668520/,https://cdn.akamai.steamstatic.com/steam/apps/668520/header.jpg
2643910,The Final Countdown,2023,2023-12-02,6 user reviews,4,6,66.7,0,\N,https://store.steampowered.com/app/2643910/,https://cdn.akamai.steamstatic.com/steam/apps/2643910/header.jpg
1574420,Chunkers,2022,2022-12-07,6 user reviews,5,6,83.3,0,\N,https://store.steampowered.com/app/1574420/,https://cdn.akamai.steamstatic.com/steam/apps/1574420/header.jpg
2311310,XBattleCarsPVP,2023,2023-10-20,6 user reviews,4,6,66.7,0,\N,https://store.steampowered.com/app/2311310/,https://cdn.akamai.steamstatic.com/steam/apps/2311310/header.jpg
1646880,Rumble Runners,2022,2022-05-23,6 user reviews,6,6,100.0,0,\N,https://store.steampowered.com/app/1646880/,https://cdn.akamai.steamstatic.com/steam/apps/1646880/header.jpg
1908260,Unblocking,2023,2023-02-09,6 user reviews,5,6,83.3,0,\N,https://store.steampowered.com/app/1908260/,https://cdn.akamai.steamstatic.com/steam/apps/1908260/header.jpg
3073720,Digital TableTops Player,2024,2024-07-16,6 user reviews,5,6,83.3,0,\N,https://store.steampowered.com/app/3073720/,https://cdn.akamai.steamstatic.com/steam/apps/3073720/header.jpg
3052650,Super Alien Sniper - Super Realisitic Simulator,2024,2024-08-29,6 user reviews,6,6,100.0,0,\N,https://store.steampowered.com/app/3052650/,https://cdn.akamai.steamstatic.com/steam/apps/3052650/header.jpg
2692960,Void Guard,2023,2023-12-01,6 user reviews,6,6,100.0,0,\N,https://store.steampowered.com/app/2692960/,https://cdn.akamai.steamstatic.com/steam/apps/2692960/header.jpg
2533060,Heart and Core,2024,2024-04-12,6 user reviews,6,6,100.0,0,\N,https://store.steampowered.com/app/2533060/,https://cdn.akamai.steamstatic.com/steam/apps/2533060/header.jpg
2691050,Neongarten - Prologue,2024,2024-09-25,6 user reviews,5,6,83.3,0,\N,https://store.steampowered.com/app/2691050/,https://cdn.akamai.steamstatic.com/steam/apps/2691050/header.jpg
1714760,Raygun Chess,2021,2021-09-27,6 user reviews,6,6,100.0,0,\N,https://store.steampowered.com/app/1714760/,https://cdn.akamai.steamstatic.com/steam/apps/1714760/header.jpg
1800000,Unreal Mashup,2023,2023-12-01,6 user reviews,5,6,83.3,0,\N,https://store.steampowered.com/app/1800000/,https://cdn.akamai.steamstatic.com/steam/apps/1800000/header.jpg
1585340,Stellar Raid,2021,2021-08-31,6 user reviews,6,6,100.0,0,\N,https://store.steampowered.com/app/1585340/,https://cdn.akamai.steamstatic.com/steam/apps/1585340/header.jpg
2394240,Triad Ball,2023,2023-05-23,6 user reviews,6,6,100.0,0,\N,https://store.steampowered.com/app/2394240/,https://cdn.akamai.steamstatic.com/steam/apps/2394240/header.jpg
1406750,Virtual Ricochet,2020,2020-11-02,6 user reviews,6,6,100.0,0,\N,https://store.steampowered.com/app/1406750/,https://cdn.akamai.steamstatic.com/steam/apps/1406750/header.jpg
3029450,Neon Fever,2024,2024-08-19,6 user reviews,5,6,83.3,0,\N,https://store.steampowered.com/app/3029450/,https://cdn.akamai.steamstatic.com/steam/apps/3029450/header.jpg
1679070,Emotion,2021,2021-07-27,6 user reviews,6,6,100.0,0,\N,https://store.steampowered.com/app/1679070/,https://cdn.akamai.steamstatic.com/steam/apps/1679070/header.jpg
1976590,Eternal Space,2023,2023-03-16,6 user reviews,2,6,33.3,0,\N,https://store.steampowered.com/app/1976590/,https://cdn.akamai.steamstatic.com/steam/apps/1976590/header.jpg
2102880,天剑局剑士,2022,2022-08-14,6 user reviews,5,6,83.3,0,\N,https://store.steampowered.com/app/2102880/,https://cdn.akamai.steamstatic.com/steam/apps/2102880/header.jpg
2972640,Project Juggler,2024,2024-06-09,6 user reviews,6,6,100.0,0,\N,https://store.steampowered.com/app/2972640/,https://cdn.akamai.steamstatic.com/steam/apps/2972640/header.jpg
2967000,Light Reforged,2024,2024-06-13,6 user reviews,6,6,100.0,0,\N,https://store.steampowered.com/app/2967000/,https://cdn.akamai.steamstatic.com/steam/apps/2967000/header.jpg
2061040,Save Our Solar System,2023,2023-03-28,6 user reviews,5,6,83.3,0,\N,https://store.steampowered.com/app/2061040/,https://cdn.akamai.steamstatic.com/steam/apps/2061040/header.jpg
2540270,RAINBOW CREAM SAGA,2024,2024-05-07,6 user reviews,6,6,100.0,0,\N,https://store.steampowered.com/app/2540270/,https://cdn.akamai.steamstatic.com/steam/apps/2540270/header.jpg
1681380,Haos,2021,2021-09-23,6 user reviews,4,6,66.7,0,\N,https://store.steampowered.com/app/1681380/,https://cdn.akamai.steamstatic.com/steam/apps/1681380/header.jpg
1754510,CyberWhiskey: Guy's Room,2021,2021-10-05,6 user reviews,6,6,100.0,0,\N,https://store.steampowered.com/app/1754510/,https://cdn.akamai.steamstatic.com/steam/apps/1754510/header.jpg
1459510,The Seasons Collection: Spring,2021,2021-02-12,6 user reviews,4,6,66.7,0,\N,https://store.steampowered.com/app/1459510/,https://cdn.akamai.steamstatic.com/steam/apps/1459510/header.jpg
2980560,Last Dissent : Lockdown - Day 0,2024,2024-07-14,6 user reviews,5,6,83.3,0,\N,https://store.steampowered.com/app/2980560/,https://cdn.akamai.steamstatic.com/steam/apps/2980560/header.jpg
1108270,Nova: Space Armada,2024,2024-10-21,6 user reviews,3,6,50.0,0,\N,https://store.steampowered.com/app/1108270/,https://cdn.akamai.steamstatic.com/steam/apps/1108270/header.jpg
2343550,SKIRMISH,2023,2023-10-23,6 user reviews,6,6,100.0,0,\N,https://store.steampowered.com/app/2343550/,https://cdn.akamai.steamstatic.com/steam/apps/2343550/header.jpg
2437910,Reformpunk重組叛客,2023,2023-06-18,6 user reviews,6,6,100.0,0,\N,https://store.steampowered.com/app/2437910/,https://cdn.akamai.steamstatic.com/steam/apps/2437910/header.jpg
1505860,The SOL Device 2,2021,2021-09-01,6 user reviews,4,6,66.7,0,\N,https://store.steampowered.com/app/1505860/,https://cdn.akamai.steamstatic.com/steam/apps/1505860/header.jpg
2504060,Imaginary girl -Sequel-,2023,2023-07-27,6 user reviews,5,6,83.3,0,\N,https://store.steampowered.com/app/2504060/,https://cdn.akamai.steamstatic.com/steam/apps/2504060/header.jpg
2967100,terminal connection,2024,2024-07-15,6 user reviews,5,6,83.3,0,\N,https://store.steampowered.com/app/2967100/,https://cdn.akamai.steamstatic.com/steam/apps/2967100/header.jpg
2520610,4D:XD,2023,2023-09-05,6 user reviews,5,6,83.3,0,\N,https://store.steampowered.com/app/2520610/,https://cdn.akamai.steamstatic.com/steam/apps/2520610/header.jpg
2722260,Umbrella Girl,2023,2023-12-21,6 user reviews,6,6,100.0,0,\N,https://store.steampowered.com/app/2722260/,https://cdn.akamai.steamstatic.com/steam/apps/2722260/header.jpg
3031080,Burning Sky,2024,2024-07-17,6 user reviews,5,6,83.3,0,\N,https://store.steampowered.com/app/3031080/,https://cdn.akamai.steamstatic.com/steam/apps/3031080/header.jpg
1921950,Conflict 3048,2022,2022-03-11,6 user reviews,5,6,83.3,0,\N,https://store.steampowered.com/app/1921950/,https://cdn.akamai.steamstatic.com/steam/apps/1921950/header.jpg
2876790,Kiwie vs Desert,2024,2024-05-16,6 user reviews,6,6,100.0,0,\N,https://store.steampowered.com/app/2876790/,https://cdn.akamai.steamstatic.com/steam/apps/2876790/header.jpg
1448200,Laser Skirmish,2020,2020-11-22,6 user reviews,4,6,66.7,0,\N,https://store.steampowered.com/app/1448200/,https://cdn.akamai.steamstatic.com/steam/apps/1448200/header.jpg
2563120,Survivors,2023,2023-09-21,6 user reviews,5,6,83.3,0,\N,https://store.steampowered.com/app/2563120/,https://cdn.akamai.steamstatic.com/steam/apps/2563120/header.jpg
2811940,Region: Gear D,2024,2024-03-24,6 user reviews,6,6,100.0,0,\N,https://store.steampowered.com/app/2811940/,https://cdn.akamai.steamstatic.com/steam/apps/2811940/header.jpg
2940310,Planetoid Evasion,2024,2024-05-10,6 user reviews,5,6,83.3,0,\N,https://store.steampowered.com/app/2940310/,https://cdn.akamai.steamstatic.com/steam/apps/2940310/header.jpg
1504630,Zero-G Revolution,2021,2021-02-18,6 user reviews,3,6,50.0,0,\N,https://store.steampowered.com/app/1504630/,https://cdn.akamai.steamstatic.com/steam/apps/1504630/header.jpg
3145940,Type One,2024,2024-08-27,6 user reviews,4,6,66.7,0,\N,https://store.steampowered.com/app/3145940/,https://cdn.akamai.steamstatic.com/steam/apps/3145940/header.jpg
1410110,RENEGADE,2020,2020-10-02,6 user reviews,3,6,50.0,0,\N,https://store.steampowered.com/app/1410110/,https://cdn.akamai.steamstatic.com/steam/apps/1410110/header.jpg
2489040,MurmALLmaus,2024,2024-07-15,6 user reviews,6,6,100.0,0,\N,https://store.steampowered.com/app/2489040/,https://cdn.akamai.steamstatic.com/steam/apps/2489040/header.jpg
2890800,Event Horizon,2024,2024-05-04,5 user reviews,5,5,100.0,0,\N,https://store.steampowered.com/app/2890800/,https://cdn.akamai.steamstatic.com/steam/apps/2890800/header.jpg
1848680,Operation S,2022,2022-01-10,5 user reviews,5,5,100.0,0,\N,https://store.steampowered.com/app/1848680/,https://cdn.akamai.steamstatic.com/steam/apps/1848680/header.jpg
2431850,Bumper Arena,2023,2023-10-17,5 user reviews,5,5,100.0,0,\N,https://store.steampowered.com/app/2431850/,https://cdn.akamai.steamstatic.com/steam/apps/2431850/header.jpg
1457820,Cybergeist,2020,2020-11-13,5 user reviews,5,5,100.0,0,\N,https://store.steampowered.com/app/1457820/,https://cdn.akamai.steamstatic.com/steam/apps/1457820/header.jpg
2391240,Traitorous Trek,2023,2023-10-16,5 user reviews,4,5,80.0,0,\N,https://store.steampowered.com/app/2391240/,https://cdn.akamai.steamstatic.com/steam/apps/2391240/header.jpg
2824910,Stars Survivor,2024,2024-03-07,5 user reviews,4,5,80.0,0,\N,https://store.steampowered.com/app/2824910/,https://cdn.akamai.steamstatic.com/steam/apps/2824910/header.jpg
1509010,Curiosaurios Club. Un viaje espacial,2021,2021-01-28,5 user reviews,3,5,60.0,0,\N,https://store.steampowered.com/app/1509010/,https://cdn.akamai.steamstatic.com/steam/apps/1509010/header.jpg
1666830,Tales of Raetrethra - Legends of the Past,2022,2022-01-07,5 user reviews,5,5,100.0,0,\N,https://store.steampowered.com/app/1666830/,https://cdn.akamai.steamstatic.com/steam/apps/1666830/header.jpg
1854180,Nociception ~ Voltaic Marketplace,2023,2023-11-10,5 user reviews,5,5,100.0,0,\N,https://store.steampowered.com/app/1854180/,https://cdn.akamai.steamstatic.com/steam/apps/1854180/header.jpg
2078610,Super Nova Party,2022,2022-10-04,5 user reviews,5,5,100.0,0,\N,https://store.steampowered.com/app/2078610/,https://cdn.akamai.steamstatic.com/steam/apps/2078610/header.jpg
1562440,SunSenSim™,2021,2021-03-16,5 user reviews,5,5,100.0,0,\N,https://store.steampowered.com/app/1562440/,https://cdn.akamai.steamstatic.com/steam/apps/1562440/header.jpg
1837900,sol 3000,2021,2021-12-30,5 user reviews,5,5,100.0,0,\N,https://store.steampowered.com/app/1837900/,https://cdn.akamai.steamstatic.com/steam/apps/1837900/header.jpg
2918810,Mereonozis 2D: The Kingdom of Gremlins,2024,2024-04-19,5 user reviews,5,5,100.0,0,\N,https://store.steampowered.com/app/2918810/,https://cdn.akamai.steamstatic.com/steam/apps/2918810/header.jpg
1156290,HOME: Our Journey,2019,2019-10-06,5 user reviews,4,5,80.0,0,\N,https://store.steampowered.com/app/1156290/,https://cdn.akamai.steamstatic.com/steam/apps/1156290/header.jpg
1002480,Condors Vs Ocelots,2021,2021-03-19,5 user reviews,4,5,80.0,0,\N,https://store.steampowered.com/app/1002480/,https://cdn.akamai.steamstatic.com/steam/apps/1002480/header.jpg
1679060,Paper Nomad,2022,2022-06-04,5 user reviews,5,5,100.0,0,\N,https://store.steampowered.com/app/1679060/,https://cdn.akamai.steamstatic.com/steam/apps/1679060/header.jpg
624780,Cornflower Corbin,2017,2017-08-17,5 user reviews,4,5,80.0,0,\N,https://store.steampowered.com/app/624780/,https://cdn.akamai.steamstatic.com/steam/apps/624780/header.jpg
3194910,The Icarus Experiment,2024,2024-09-20,5 user reviews,3,5,60.0,0,\N,https://store.steampowered.com/app/3194910/,https://cdn.akamai.steamstatic.com/steam/apps/3194910/header.jpg
1871450,Missile Input,2022,2022-11-30,5 user reviews,4,5,80.0,0,\N,https://store.steampowered.com/app/1871450/,https://cdn.akamai.steamstatic.com/steam/apps/1871450/header.jpg
2256200,Bad Friends Shooter,2023,2023-10-26,5 user reviews,5,5,100.0,0,\N,https://store.steampowered.com/app/2256200/,https://cdn.akamai.steamstatic.com/steam/apps/2256200/header.jpg
2662740,Slice It Down,2024,2024-04-02,5 user reviews,3,5,60.0,0,\N,https://store.steampowered.com/app/2662740/,https://cdn.akamai.steamstatic.com/steam/apps/2662740/header.jpg
3258800,Niva,2024,2024-10-18,5 user reviews,3,5,60.0,0,\N,https://store.steampowered.com/app/3258800/,https://cdn.akamai.steamstatic.com/steam/apps/3258800/header.jpg
2138990,Integument,2023,2023-01-01,5 user reviews,5,5,100.0,0,\N,https://store.steampowered.com/app/2138990/,https://cdn.akamai.steamstatic.com/steam/apps/2138990/header.jpg
3045560,Gear Of Time,2024,2024-07-10,5 user reviews,5,5,100.0,0,\N,https://store.steampowered.com/app/3045560/,https://cdn.akamai.steamstatic.com/steam/apps/3045560/header.jpg
2576530,热血指挥官,2024,2024-10-16,5 user reviews,3,5,60.0,0,\N,https://store.steampowered.com/app/2576530/,https://cdn.akamai.steamstatic.com/steam/apps/2576530/header.jpg
3125490,Xenowars: Set Sail,2024,2024-08-23,5 user reviews,4,5,80.0,0,\N,https://store.steampowered.com/app/3125490/,https://cdn.akamai.steamstatic.com/steam/apps/3125490/header.jpg
1747210,Escape From Planet Aelea,2021,2021-10-03,5 user reviews,5,5,100.0,0,\N,https://store.steampowered.com/app/1747210/,https://cdn.akamai.steamstatic.com/steam/apps/1747210/header.jpg
2557700,Intergalactic,2023,2023-08-31,5 user reviews,4,5,80.0,0,\N,https://store.steampowered.com/app/2557700/,https://cdn.akamai.steamstatic.com/steam/apps/2557700/header.jpg
2721860,Planetary Parfait,2024,2024-03-20,5 user reviews,5,5,100.0,0,\N,https://store.steampowered.com/app/2721860/,https://cdn.akamai.steamstatic.com/steam/apps/2721860/header.jpg
2247450,Seeking Asylum: The Game (DEMO),2023,2023-01-07,5 user reviews,5,5,100.0,0,\N,https://store.steampowered.com/app/2247450/,https://cdn.akamai.steamstatic.com/steam/apps/2247450/header.jpg
3031020,Short Adventure,2024,2024-07-12,5 user reviews,5,5,100.0,0,\N,https://store.steampowered.com/app/3031020/,https://cdn.akamai.steamstatic.com/steam/apps/3031020/header.jpg
1199200,Canadian Robot Racing League,2024,2024-08-06,5 user reviews,5,5,100.0,0,\N,https://store.steampowered.com/app/1199200/,https://cdn.akamai.steamstatic.com/steam/apps/1199200/header.jpg
687860,The Pilgrimage,2023,2023-11-10,5 user reviews,5,5,100.0,0,\N,https://store.steampowered.com/app/687860/,https://cdn.akamai.steamstatic.com/steam/apps/687860/header.jpg
2646740,Killmaiden,2024,2024-02-29,5 user reviews,5,5,100.0,0,\N,https://store.steampowered.com/app/2646740/,https://cdn.akamai.steamstatic.com/steam/apps/2646740/header.jpg
2270400,Artovya,2024,2024-10-13,5 user reviews,4,5,80.0,0,\N,https://store.steampowered.com/app/2270400/,https://cdn.akamai.steamstatic.com/steam/apps/2270400/header.jpg
2548580,VAHLUNA CORP.,2023,2023-09-05,5 user reviews,5,5,100.0,0,\N,https://store.steampowered.com/app/2548580/,https://cdn.akamai.steamstatic.com/steam/apps/2548580/header.jpg
2339970,RoboHunters,2023,2023-09-15,5 user reviews,5,5,100.0,0,\N,https://store.steampowered.com/app/2339970/,https://cdn.akamai.steamstatic.com/steam/apps/2339970/header.jpg
2178180,iO Inner Self - The Lava Planet VR,2022,2022-11-11,5 user reviews,5,5,100.0,0,\N,https://store.steampowered.com/app/2178180/,https://cdn.akamai.steamstatic.com/steam/apps/2178180/header.jpg
2888420,Turmoil,2024,2024-06-13,5 user reviews,4,5,80.0,0,\N,https://store.steampowered.com/app/2888420/,https://cdn.akamai.steamstatic.com/steam/apps/2888420/header.jpg
3058210,Radioactive Pineapple,2024,2024-07-23,5 user reviews,4,5,80.0,0,\N,https://store.steampowered.com/app/3058210/,https://cdn.akamai.steamstatic.com/steam/apps/3058210/header.jpg
2435800,Kenny 7,2023,2023-06-16,4 user reviews,4,4,100.0,0,\N,https://store.steampowered.com/app/2435800/,https://cdn.akamai.steamstatic.com/steam/apps/2435800/header.jpg
1727880,指示厨,2021,2021-10-13,4 user reviews,4,4,100.0,0,\N,https://store.steampowered.com/app/1727880/,https://cdn.akamai.steamstatic.com/steam/apps/1727880/header.jpg
2520960,DawnOfCombat,2023,2023-10-04,4 user reviews,4,4,100.0,0,\N,https://store.steampowered.com/app/2520960/,https://cdn.akamai.steamstatic.com/steam/apps/2520960/header.jpg
1742800,break,2021,2021-09-18,4 user reviews,3,4,75.0,0,\N,https://store.steampowered.com/app/1742800/,https://cdn.akamai.steamstatic.com/steam/apps/1742800/header.jpg
1505750,Astro Zip VR,2021,2021-03-12,4 user reviews,4,4,100.0,0,\N,https://store.steampowered.com/app/1505750/,https://cdn.akamai.steamstatic.com/steam/apps/1505750/header.jpg
2185490,奇克八号盲目发射 Blind No.8 Chick Shoot,2022,2022-11-07,4 user reviews,4,4,100.0,0,\N,https://store.steampowered.com/app/2185490/,https://cdn.akamai.steamstatic.com/steam/apps/2185490/header.jpg
3090070,Unstable Star,2024,2024-08-30,4 user reviews,4,4,100.0,0,\N,https://store.steampowered.com/app/3090070/,https://cdn.akamai.steamstatic.com/steam/apps/3090070/header.jpg
2387770,Pens: The Freeware Collection,2023,2023-05-03,4 user reviews,4,4,100.0,0,\N,https://store.steampowered.com/app/2387770/,https://cdn.akamai.steamstatic.com/steam/apps/2387770/header.jpg
3217820,BloodZone: Vanguard Company,2024,2024-10-01,4 user reviews,2,4,50.0,0,\N,https://store.steampowered.com/app/3217820/,https://cdn.akamai.steamstatic.com/steam/apps/3217820/header.jpg
3138980,Virtuále: Heist Simulations,2024,2024-08-29,4 user reviews,4,4,100.0,0,\N,https://store.steampowered.com/app/3138980/,https://cdn.akamai.steamstatic.com/steam/apps/3138980/header.jpg
3167130,Super Orbital Mega Drift II,2024,2024-09-13,4 user reviews,3,4,75.0,0,\N,https://store.steampowered.com/app/3167130/,https://cdn.akamai.steamstatic.com/steam/apps/3167130/header.jpg
2414530,Phanotia: Interlude I-Aubzan Abbey,2023,2023-06-29,4 user reviews,4,4,100.0,0,\N,https://store.steampowered.com/app/2414530/,https://cdn.akamai.steamstatic.com/steam/apps/2414530/header.jpg
2961000,Trilingual,2024,2024-06-28,4 user reviews,4,4,100.0,0,\N,https://store.steampowered.com/app/2961000/,https://cdn.akamai.steamstatic.com/steam/apps/2961000/header.jpg
2204960,Null G,2022,2022-11-18,4 user reviews,3,4,75.0,0,\N,https://store.steampowered.com/app/2204960/,https://cdn.akamai.steamstatic.com/steam/apps/2204960/header.jpg
1859670,Provisional Detective,2022,2022-02-24,4 user reviews,3,4,75.0,0,\N,https://store.steampowered.com/app/1859670/,https://cdn.akamai.steamstatic.com/steam/apps/1859670/header.jpg
3139480,Crazy Battle Pets,2024,2024-09-17,4 user reviews,3,4,75.0,0,\N,https://store.steampowered.com/app/3139480/,https://cdn.akamai.steamstatic.com/steam/apps/3139480/header.jpg
2375020,HexBat,2023,2023-06-09,4 user reviews,3,4,75.0,0,\N,https://store.steampowered.com/app/2375020/,https://cdn.akamai.steamstatic.com/steam/apps/2375020/header.jpg
3250620,No Artist Credited,2024,2024-10-19,4 user reviews,4,4,100.0,0,\N,https://store.steampowered.com/app/3250620/,https://cdn.akamai.steamstatic.com/steam/apps/3250620/header.jpg
2405980,Blacksite Theta,2023,2023-11-03,4 user reviews,4,4,100.0,0,\N,https://store.steampowered.com/app/2405980/,https://cdn.akamai.steamstatic.com/steam/apps/2405980/header.jpg
2319330,StreamerVille,2024,2024-02-12,4 user reviews,4,4,100.0,0,\N,https://store.steampowered.com/app/2319330/,https://cdn.akamai.steamstatic.com/steam/apps/2319330/header.jpg
2782480,Stars of Prey VR,2024,2024-02-16,4 user reviews,4,4,100.0,0,\N,https://store.steampowered.com/app/2782480/,https://cdn.akamai.steamstatic.com/steam/apps/2782480/header.jpg
2953240,组装飞船(modified spaceship),2024,2024-05-15,4 user reviews,4,4,100.0,0,\N,https://store.steampowered.com/app/2953240/,https://cdn.akamai.steamstatic.com/steam/apps/2953240/header.jpg
1335890,Fractured Voyage,2020,2020-06-18,4 user reviews,3,4,75.0,0,\N,https://store.steampowered.com/app/1335890/,https://cdn.akamai.steamstatic.com/steam/apps/1335890/header.jpg
2368810,Cosmic Cleaner,2023,2023-09-11,4 user reviews,4,4,100.0,0,\N,https://store.steampowered.com/app/2368810/,https://cdn.akamai.steamstatic.com/steam/apps/2368810/header.jpg
1497770,Keylogger: A Sci-Fi Visual Novel,2023,2023-10-26,3 user reviews,3,3,100.0,0,\N,https://store.steampowered.com/app/1497770/,https://cdn.akamai.steamstatic.com/steam/apps/1497770/header.jpg
1462200,Speyarranoth,2020,2020-11-23,3 user reviews,2,3,66.7,0,\N,https://store.steampowered.com/app/1462200/,https://cdn.akamai.steamstatic.com/steam/apps/1462200/header.jpg
2470690,Jumpah,2023,2023-09-19,3 user reviews,3,3,100.0,0,\N,https://store.steampowered.com/app/2470690/,https://cdn.akamai.steamstatic.com/steam/apps/2470690/header.jpg
1383580,Mechone,2022,2022-01-09,3 user reviews,2,3,66.7,0,\N,https://store.steampowered.com/app/1383580/,https://cdn.akamai.steamstatic.com/steam/apps/1383580/header.jpg
2568040,メガロサミア -木星絶対防衛圏- Heaven's Fall,2023,2023-10-05,3 user reviews,2,3,66.7,0,\N,https://store.steampowered.com/app/2568040/,https://cdn.akamai.steamstatic.com/steam/apps/2568040/header.jpg
840420,The Gauntlet,2024,2024-09-19,3 user reviews,2,3,66.7,0,\N,https://store.steampowered.com/app/840420/,https://cdn.akamai.steamstatic.com/steam/apps/840420/header.jpg
658440,Enshrouded World: Home Truths,2018,2018-02-26,3 user reviews,1,3,33.3,0,\N,https://store.steampowered.com/app/658440/,https://cdn.akamai.steamstatic.com/steam/apps/658440/header.jpg
2231310,Epic Dragon,2022,2022-12-20,3 user reviews,3,3,100.0,0,\N,https://store.steampowered.com/app/2231310/,https://cdn.akamai.steamstatic.com/steam/apps/2231310/header.jpg
2416480,缘起,2023,2023-06-28,3 user reviews,3,3,100.0,0,\N,https://store.steampowered.com/app/2416480/,https://cdn.akamai.steamstatic.com/steam/apps/2416480/header.jpg
2972330,Funky Rock Hoppers,2024,2024-06-12,3 user reviews,3,3,100.0,0,\N,https://store.steampowered.com/app/2972330/,https://cdn.akamai.steamstatic.com/steam/apps/2972330/header.jpg
2225450,Starway: BaRaider VR - Free Trial,2023,2023-04-13,3 user reviews,3,3,100.0,0,\N,https://store.steampowered.com/app/2225450/,https://cdn.akamai.steamstatic.com/steam/apps/2225450/header.jpg
3182280,Fault 24,2024,2024-09-27,3 user reviews,3,3,100.0,0,\N,https://store.steampowered.com/app/3182280/,https://cdn.akamai.steamstatic.com/steam/apps/3182280/header.jpg
3227280,NEETNectar's Abysmally Small Assortment,2024,2024-10-04,3 user reviews,2,3,66.7,0,\N,https://store.steampowered.com/app/3227280/,https://cdn.akamai.steamstatic.com/steam/apps/3227280/header.jpg
2641230,Mazes and Labyrinths,2023,2023-11-17,3 user reviews,3,3,100.0,0,\N,https://store.steampowered.com/app/2641230/,https://cdn.akamai.steamstatic.com/steam/apps/2641230/header.jpg
3132240,Agents of SPLEEF,2024,2024-09-03,3 user reviews,3,3,100.0,0,\N,https://store.steampowered.com/app/3132240/,https://cdn.akamai.steamstatic.com/steam/apps/3132240/header.jpg
1565630,Doge to the Moon,2021,2021-03-19,3 user reviews,3,3,100.0,0,\N,https://store.steampowered.com/app/1565630/,https://cdn.akamai.steamstatic.com/steam/apps/1565630/header.jpg
3208770,Tiny Pixel Planets,2024,2024-10-11,3 user reviews,3,3,100.0,0,\N,https://store.steampowered.com/app/3208770/,https://cdn.akamai.steamstatic.com/steam/apps/3208770/header.jpg
3111780,Entity Onboard,2024,2024-09-11,3 user reviews,2,3,66.7,0,\N,https://store.steampowered.com/app/3111780/,https://cdn.akamai.steamstatic.com/steam/apps/3111780/header.jpg
3178830,王牌星舰,2024,2024-10-10,2 user reviews,2,2,100.0,0,\N,https://store.steampowered.com/app/3178830/,https://cdn.akamai.steamstatic.com/steam/apps/3178830/header.jpg
3067960,Sports Party Motion Sensing Fitness Game,2024,2024-07-23,2 user reviews,2,2,100.0,0,\N,https://store.steampowered.com/app/3067960/,https://cdn.akamai.steamstatic.com/steam/apps/3067960/header.jpg
3175390,Nalani: Legacy of the Ancients,2024,2024-09-12,2 user reviews,1,2,50.0,0,\N,https://store.steampowered.com/app/3175390/,https://cdn.akamai.steamstatic.com/steam/apps/3175390/header.jpg
3046520,DABULARI,2024,2024-10-09,2 user reviews,2,2,100.0,0,\N,https://store.steampowered.com/app/3046520/,https://cdn.akamai.steamstatic.com/steam/apps/3046520/header.jpg
2985510,Pixel Race Maker,2024,2024-08-30,2 user reviews,2,2,100.0,0,\N,https://store.steampowered.com/app/2985510/,https://cdn.akamai.steamstatic.com/steam/apps/2985510/header.jpg
3056610,RapidFire,2024,2024-07-18,2 user reviews,2,2,100.0,0,\N,https://store.steampowered.com/app/3056610/,https://cdn.akamai.steamstatic.com/steam/apps/3056610/header.jpg
1126680,Neonis,2019,2019-08-13,2 user reviews,2,2,100.0,0,\N,https://store.steampowered.com/app/1126680/,https://cdn.akamai.steamstatic.com/steam/apps/1126680/header.jpg
3228680,Luke The Hybrid,2024,2024-10-03,2 user reviews,2,2,100.0,0,\N,https://store.steampowered.com/app/3228680/,https://cdn.akamai.steamstatic.com/steam/apps/3228680/header.jpg
3207820,Shallow Blue（浅蓝计划）,2024,2024-10-03,2 user reviews,2,2,100.0,0,\N,https://store.steampowered.com/app/3207820/,https://cdn.akamai.steamstatic.com/steam/apps/3207820/header.jpg
911440,Evemnesis,2018,2018-08-15,2 user reviews,1,2,50.0,0,\N,https://store.steampowered.com/app/911440/,https://cdn.akamai.steamstatic.com/steam/apps/911440/header.jpg
2722490,Blast Them All,2024,2024-02-20,2 user reviews,2,2,100.0,0,\N,https://store.steampowered.com/app/2722490/,https://cdn.akamai.steamstatic.com/steam/apps/2722490/header.jpg
2618890,KOV,2023,2023-11-01,2 user reviews,2,2,100.0,0,\N,https://store.steampowered.com/app/2618890/,https://cdn.akamai.steamstatic.com/steam/apps/2618890/header.jpg
2569520,Naturpark Lillebælt VR,2023,2023-09-18,2 user reviews,2,2,100.0,0,\N,https://store.steampowered.com/app/2569520/,https://cdn.akamai.steamstatic.com/steam/apps/2569520/header.jpg
2968870,Stellar Larceny,2024,2024-10-11,2 user reviews,2,2,100.0,0,\N,https://store.steampowered.com/app/2968870/,https://cdn.akamai.steamstatic.com/steam/apps/2968870/header.jpg
2518010,Mixing Ammos,2023,2023-08-04,2 user reviews,2,2,100.0,0,\N,https://store.steampowered.com/app/2518010/,https://cdn.akamai.steamstatic.com/steam/apps/2518010/header.jpg
3046530,JustBox,2024,2024-10-09,2 user reviews,2,2,100.0,0,\N,https://store.steampowered.com/app/3046530/,https://cdn.akamai.steamstatic.com/steam/apps/3046530/header.jpg
3028130,One Paradox,2024,2024-09-30,2 user reviews,2,2,100.0,0,\N,https://store.steampowered.com/app/3028130/,https://cdn.akamai.steamstatic.com/steam/apps/3028130/header.jpg
1565110,临   第一部分“假作真”篇,2023,2023-07-02,2 user reviews,2,2,100.0,0,\N,https://store.steampowered.com/app/1565110/,https://cdn.akamai.steamstatic.com/steam/apps/1565110/header.jpg
3271260,Dodge It! 3,2024,2024-10-21,2 user reviews,1,2,50.0,0,\N,https://store.steampowered.com/app/3271260/,https://cdn.akamai.steamstatic.com/steam/apps/3271260/header.jpg
2118940,Wander Vyrosa,2023,2023-03-16,2 user reviews,2,2,100.0,0,\N,https://store.steampowered.com/app/2118940/,https://cdn.akamai.steamstatic.com/steam/apps/2118940/header.jpg
2721170,Brutal Ball,2024,2024-04-04,1 user reviews,1,1,100.0,0,\N,https://store.steampowered.com/app/2721170/,https://cdn.akamai.steamstatic.com/steam/apps/2721170/header.jpg
2182170,Dan's Odyssey,2022,2022-11-03,1 user reviews,1,1,100.0,0,\N,https://store.steampowered.com/app/2182170/,https://cdn.akamai.steamstatic.com/steam/apps/2182170/header.jpg
2938060,I BUG,2024,2024-09-30,1 user reviews,1,1,100.0,0,\N,https://store.steampowered.com/app/2938060/,https://cdn.akamai.steamstatic.com/steam/apps/2938060/header.jpg
2369710,Destroy The Monoliths Playtest,2023,2023-05-05,1 user reviews,1,1,100.0,0,\N,https://store.steampowered.com/app/2369710/,https://cdn.akamai.steamstatic.com/steam/apps/2369710/header.jpg
2982570,Excommunicated,2024,2024-09-27,1 user reviews,1,1,100.0,0,\N,https://store.steampowered.com/app/2982570/,https://cdn.akamai.steamstatic.com/steam/apps/2982570/header.jpg
2848110,Ascent: Rivals Playtest,2024,2024-02-28,1 user reviews,1,1,100.0,0,\N,https://store.steampowered.com/app/2848110/,https://cdn.akamai.steamstatic.com/steam/apps/2848110/header.jpg
2876210,SCP: Foundation Simulator Playtest,2024,2024-08-31,1 user reviews,1,1,100.0,0,\N,https://store.steampowered.com/app/2876210/,https://cdn.akamai.steamstatic.com/steam/apps/2876210/header.jpg
688180,80.08,2017,2017-08-15,1 user reviews,1,1,100.0,0,\N,https://store.steampowered.com/app/688180/,https://cdn.akamai.steamstatic.com/steam/apps/688180/header.jpg
2584160,AlphaBit,2023,2023-09-27,No user reviews,0,0,0.0,0,\N,https://store.steampowered.com/app/2584160/,https://cdn.akamai.steamstatic.com/steam/apps/2584160/header.jpg
1267680,Episode 1: MissionKT,2020,2020-09-08,No user reviews,0,0,0.0,0,\N,https://store.steampowered.com/app/1267680/,https://cdn.akamai.steamstatic.com/steam/apps/1267680/header.jpg
2888300,NBB.EXE Playtest,2024,2024-08-12,No user reviews,0,0,0.0,0,\N,https://store.steampowered.com/app/2888300/,https://cdn.akamai.steamstatic.com/steam/apps/2888300/header.jpg
986950,Hyper Galactica,2019,2019-01-14,No user reviews,0,0,0.0,0,\N,https://store.steampowered.com/app/986950/,https://cdn.akamai.steamstatic.com/steam/apps/986950/header.jpg
849530,Spheroid,2018,2018-05-16,No user reviews,0,0,0.0,0,\N,https://store.steampowered.com/app/849530/,https://cdn.akamai.steamstatic.com/steam/apps/849530/header.jpg
2499350,Starveil Playtest,2023,2023-12-10,No user reviews,0,0,0.0,0,\N,https://store.steampowered.com/app/2499350/,https://cdn.akamai.steamstatic.com/steam/apps/2499350/header.jpg
2934870,Cyberpunk Sister Playtest,2024,2024-04-15,No user reviews,0,0,0.0,0,\N,https://store.steampowered.com/app/2934870/,https://cdn.akamai.steamstatic.com/steam/apps/2934870/header.jpg
3262270,The Laser Games Playtest,2024,2024-10-08,No user reviews,0,0,0.0,0,\N,https://store.steampowered.com/app/3262270/,https://cdn.akamai.steamstatic.com/steam/apps/3262270/header.jpg
2763480,生物召唤：对决时刻 Playtest,2024,2024-01-07,No user reviews,0,0,0.0,0,\N,https://store.steampowered.com/app/2763480/,https://cdn.akamai.steamstatic.com/steam/apps/2763480/header.jpg
1765380,Split Playtest,2021,2021-09-22,No user reviews,0,0,0.0,0,\N,https://store.steampowered.com/app/1765380/,https://cdn.akamai.steamstatic.com/steam/apps/1765380/header.jpg
1558680,Colossus Mission Playtest,2021,2021-02-24,No user reviews,0,0,0.0,0,\N,https://store.steampowered.com/app/1558680/,https://cdn.akamai.steamstatic.com/steam/apps/1558680/header.jpg
3059370,Forecursed Playtest,2024,2024-07-08,No user reviews,0,0,0.0,0,\N,https://store.steampowered.com/app/3059370/,https://cdn.akamai.steamstatic.com/steam/apps/3059370/header.jpg
1312210,Autumn-Chess,2020,2020-06-12,No user reviews,0,0,0.0,0,\N,https://store.steampowered.com/app/1312210/,https://cdn.akamai.steamstatic.com/steam/apps/1312210/header.jpg
