tconst,title,year,runtime_min,genres,imdb_rating,num_votes,imdb_url
tt1375666,Inception,2010,148,"Adventure,Sci-Fi,Thriller",8.8,2850848,https://www.imdb.com/title/tt1375666/
tt0816692,Interstellar,2014,169,"Adventure,Drama,Sci-Fi",8.7,2582536,https://www.imdb.com/title/tt0816692/
tt0133093,The Matrix,1999,136,"Action,Sci-Fi",8.7,2267063,https://www.imdb.com/title/tt0133093/
tt0482571,The Prestige,2006,130,"Drama,Mystery,Sci-Fi",8.5,1612721,https://www.imdb.com/title/tt0482571/
tt0848228,The Avengers,2012,143,"Action,Sci-Fi",8.0,1572415,https://www.imdb.com/title/tt0848228/
tt0080684,Star Wars: Episode V - The Empire Strikes Back,1980,124,"Adventure,Fantasy,Sci-Fi",8.7,1516909,https://www.imdb.com/title/tt0080684/
tt4154796,Avengers: Endgame,2019,181,"Action,Adventure,Sci-Fi",8.4,1471020,https://www.imdb.com/title/tt4154796/
tt0088763,Back to the Future,1985,116,"Adventure,Comedy,Sci-Fi",8.5,1467394,https://www.imdb.com/title/tt0088763/
tt4154756,Avengers: Infinity War,2018,149,"Action,Adventure,Sci-Fi",8.4,1395340,https://www.imdb.com/title/tt4154756/
tt0103064,Terminator 2: Judgment Day,1991,137,"Action,Adventure,Sci-Fi",8.6,1293841,https://www.imdb.com/title/tt0103064/
tt1431045,Deadpool,2016,108,"Action,Comedy,Sci-Fi",8.0,1265204,https://www.imdb.com/title/tt1431045/
tt0434409,V for Vendetta,2005,132,"Action,Drama,Sci-Fi",8.1,1252633,https://www.imdb.com/title/tt0434409/
tt0371746,Iron Man,2008,126,"Action,Adventure,Sci-Fi",7.9,1239450,https://www.imdb.com/title/tt0371746/
tt1392190,Mad Max: Fury Road,2015,120,"Action,Adventure,Sci-Fi",8.1,1215708,https://www.imdb.com/title/tt1392190/
tt0107290,Jurassic Park,1993,127,"Adventure,Sci-Fi",8.2,1192145,https://www.imdb.com/title/tt0107290/
tt0338013,Eternal Sunshine of the Spotless Mind,2004,108,"Drama,Romance,Sci-Fi",8.3,1191038,https://www.imdb.com/title/tt0338013/
tt1392170,The Hunger Games,2012,142,"Action,Adventure,Sci-Fi",7.2,1089969,https://www.imdb.com/title/tt1392170/
tt2488496,Star Wars: Episode VII - The Force Awakens,2015,138,"Action,Adventure,Sci-Fi",7.7,1032064,https://www.imdb.com/title/tt2488496/
tt3659388,The Martian,2015,144,"Adventure,Drama,Sci-Fi",8.0,1023891,https://www.imdb.com/title/tt3659388/
tt0088247,The Terminator,1984,107,"Action,Adventure,Sci-Fi",8.1,1013052,https://www.imdb.com/title/tt0088247/
tt2395427,Avengers: Age of Ultron,2015,141,"Action,Adventure,Sci-Fi",7.3,1012846,https://www.imdb.com/title/tt2395427/
tt0145487,Spider-Man,2002,121,"Action,Adventure,Sci-Fi",7.4,984489,https://www.imdb.com/title/tt0145487/
tt1843866,Captain America: The Winter Soldier,2014,136,"Action,Adventure,Sci-Fi",7.7,982085,https://www.imdb.com/title/tt1843866/
tt0458339,Captain America: The First Avenger,2011,124,"Action,Adventure,Sci-Fi",6.9,978811,https://www.imdb.com/title/tt0458339/
tt1300854,Iron Man 3,2013,130,"Action,Adventure,Sci-Fi",7.1,976327,https://www.imdb.com/title/tt1300854/
tt1228705,Iron Man 2,2010,124,"Action,Sci-Fi",6.9,949268,https://www.imdb.com/title/tt1228705/
tt3498820,Captain America: Civil War,2016,147,"Action,Sci-Fi",7.8,940199,https://www.imdb.com/title/tt3498820/
tt3315342,Logan,2017,137,"Action,Drama,Sci-Fi",8.1,934812,https://www.imdb.com/title/tt3315342/
tt1825683,Black Panther,2018,134,"Action,Adventure,Sci-Fi",7.3,919555,https://www.imdb.com/title/tt1825683/
tt0246578,Donnie Darko,2001,113,"Drama,Mystery,Sci-Fi",8.0,916803,https://www.imdb.com/title/tt0246578/
tt1454468,Gravity,2013,91,"Drama,Sci-Fi,Thriller",7.7,904034,https://www.imdb.com/title/tt1454468/
tt0083658,Blade Runner,1982,117,"Action,Drama,Sci-Fi",8.1,887314,https://www.imdb.com/title/tt0083658/
tt0480249,I Am Legend,2007,101,"Drama,Horror,Sci-Fi",7.2,884612,https://www.imdb.com/title/tt0480249/
tt2543164,Arrival,2016,116,"Drama,Mystery,Sci-Fi",7.9,874080,https://www.imdb.com/title/tt2543164/
tt0770828,Man of Steel,2013,143,"Action,Adventure,Sci-Fi",7.1,873184,https://www.imdb.com/title/tt0770828/
tt2250912,Spider-Man: Homecoming,2017,133,"Action,Adventure,Sci-Fi",7.4,820790,https://www.imdb.com/title/tt2250912/
tt1631867,Edge of Tomorrow,2014,113,"Action,Adventure,Sci-Fi",7.9,811544,https://www.imdb.com/title/tt1631867/
tt0316654,Spider-Man 2,2004,127,"Action,Adventure,Sci-Fi",7.5,798733,https://www.imdb.com/title/tt0316654/
tt2975590,Batman v Superman: Dawn of Justice,2016,151,Sci-Fi,6.4,796253,https://www.imdb.com/title/tt2975590/
tt1877832,X-Men: Days of Future Past,2014,132,"Action,Adventure,Sci-Fi",7.9,792920,https://www.imdb.com/title/tt1877832/
tt0478970,Ant-Man,2015,117,"Action,Comedy,Sci-Fi",7.2,788719,https://www.imdb.com/title/tt0478970/
tt0948470,The Amazing Spider-Man,2012,136,"Action,Sci-Fi",7.0,778447,https://www.imdb.com/title/tt0948470/
tt1270798,X-Men: First Class,2011,131,"Action,Sci-Fi",7.7,768830,https://www.imdb.com/title/tt1270798/
tt3748528,Rogue One: A Star Wars Story,2016,133,"Action,Adventure,Sci-Fi",7.8,762544,https://www.imdb.com/title/tt3748528/
tt1136608,District 9,2009,112,"Action,Sci-Fi,Thriller",7.9,755847,https://www.imdb.com/title/tt1136608/
tt0369610,Jurassic World,2015,124,"Action,Adventure,Sci-Fi",6.9,734729,https://www.imdb.com/title/tt0369610/
tt1798709,Her,2013,126,"Drama,Romance,Sci-Fi",8.0,731283,https://www.imdb.com/title/tt1798709/
tt0418279,Transformers,2007,144,"Action,Adventure,Sci-Fi",7.1,723671,https://www.imdb.com/title/tt0418279/
tt0413300,Spider-Man 3,2007,139,"Action,Adventure,Sci-Fi",6.3,711649,https://www.imdb.com/title/tt0413300/
tt1446714,Prometheus,2012,124,"Adventure,Sci-Fi",7.0,704811,https://www.imdb.com/title/tt1446714/
tt6723592,Tenet,2020,150,"Action,Sci-Fi,Thriller",7.3,703043,https://www.imdb.com/title/tt6723592/
tt0120903,X-Men,2000,104,"Action,Adventure,Sci-Fi",7.3,697332,https://www.imdb.com/title/tt0120903/
tt0114746,12 Monkeys,1995,129,"Mystery,Sci-Fi,Thriller",8.0,682485,https://www.imdb.com/title/tt0114746/
tt11286314,Don't Look Up,2021,138,"Comedy,Drama,Sci-Fi",7.1,677412,https://www.imdb.com/title/tt11286314/
tt0234215,The Matrix Reloaded,2003,138,"Action,Sci-Fi",7.2,674457,https://www.imdb.com/title/tt0234215/
tt4154664,Captain Marvel,2019,123,"Action,Adventure,Sci-Fi",6.7,667061,https://www.imdb.com/title/tt4154664/
tt6644200,A Quiet Place,2018,90,"Drama,Horror,Sci-Fi",7.5,665658,https://www.imdb.com/title/tt6644200/
tt0116629,Independence Day,1996,145,"Action,Adventure,Sci-Fi",7.0,652898,https://www.imdb.com/title/tt0116629/
tt1219289,Limitless,2011,105,"Sci-Fi,Thriller",7.4,652335,https://www.imdb.com/title/tt1219289/
tt0470752,Ex Machina,2014,108,"Drama,Sci-Fi,Thriller",7.7,643571,https://www.imdb.com/title/tt0470752/
tt0796366,Star Trek,2009,127,"Action,Adventure,Sci-Fi",7.9,640143,https://www.imdb.com/title/tt0796366/
tt1276104,Looper,2012,119,"Action,Drama,Sci-Fi",7.4,631010,https://www.imdb.com/title/tt1276104/
tt0096874,Back to the Future Part II,1989,108,"Adventure,Comedy,Sci-Fi",7.8,626645,https://www.imdb.com/title/tt0096874/
tt0343818,"I, Robot",2004,115,"Action,Mystery,Sci-Fi",7.1,618761,https://www.imdb.com/title/tt0343818/
tt0290334,X2: X-Men United,2003,134,"Action,Sci-Fi,Thriller",7.4,614751,https://www.imdb.com/title/tt0290334/
tt1270797,Venom,2018,112,"Action,Adventure,Sci-Fi",6.6,613207,https://www.imdb.com/title/tt1270797/
tt1318514,Rise of the Planet of the Apes,2011,105,"Action,Drama,Sci-Fi",7.6,608506,https://www.imdb.com/title/tt1318514/
tt1872181,The Amazing Spider-Man 2,2014,142,"Action,Adventure,Sci-Fi",6.6,601100,https://www.imdb.com/title/tt1872181/
tt1483013,Oblivion,2013,124,"Action,Adventure,Sci-Fi",7.0,589118,https://www.imdb.com/title/tt1483013/
tt2872732,Lucy,2014,89,"Action,Sci-Fi,Thriller",6.4,583720,https://www.imdb.com/title/tt2872732/
tt0242653,The Matrix Revolutions,2003,129,"Action,Sci-Fi",6.7,578373,https://www.imdb.com/title/tt0242653/
tt0376994,X-Men: The Last Stand,2006,104,"Action,Adventure,Sci-Fi",6.6,575969,https://www.imdb.com/title/tt0376994/
tt0458525,X-Men Origins: Wolverine,2009,107,"Action,Sci-Fi",6.5,571810,https://www.imdb.com/title/tt0458525/
tt0800080,The Incredible Hulk,2008,112,"Action,Sci-Fi",6.6,571768,https://www.imdb.com/title/tt0800080/
tt0206634,Children of Men,2006,109,"Drama,Sci-Fi,Thriller",7.9,569654,https://www.imdb.com/title/tt0206634/
tt1790864,The Maze Runner,2014,113,"Action,Mystery,Sci-Fi",6.8,568917,https://www.imdb.com/title/tt1790864/
tt1663662,Pacific Rim,2013,131,"Action,Adventure,Sci-Fi",6.9,562343,https://www.imdb.com/title/tt1663662/
tt0289879,The Butterfly Effect,2004,113,"Drama,Sci-Fi,Thriller",7.6,558762,https://www.imdb.com/title/tt0289879/
tt0289043,28 Days Later,2002,113,"Drama,Horror,Sci-Fi",7.5,552980,https://www.imdb.com/title/tt0289043/
tt1951265,The Hunger Games: Mockingjay - Part 1,2014,123,"Action,Adventure,Sci-Fi",6.6,551174,https://www.imdb.com/title/tt1951265/
tt0119116,The Fifth Element,1997,126,"Action,Adventure,Sci-Fi",7.6,549507,https://www.imdb.com/title/tt0119116/
tt1677720,Ready Player One,2018,140,"Action,Adventure,Sci-Fi",7.4,548165,https://www.imdb.com/title/tt1677720/
tt0084787,The Thing,1982,109,"Horror,Mystery,Sci-Fi",8.2,531808,https://www.imdb.com/title/tt0084787/
tt1430132,The Wolverine,2013,126,"Action,Sci-Fi",6.7,527275,https://www.imdb.com/title/tt1430132/
tt0099088,Back to the Future Part III,1990,118,"Adventure,Comedy,Sci-Fi",7.5,524151,https://www.imdb.com/title/tt0099088/
tt0319262,The Day After Tomorrow,2004,124,"Action,Adventure,Sci-Fi",6.5,515678,https://www.imdb.com/title/tt0319262/
tt1408101,Star Trek Into Darkness,2013,132,"Action,Adventure,Sci-Fi",7.7,511706,https://www.imdb.com/title/tt1408101/
tt0407304,War of the Worlds,2005,117,"Action,Adventure,Sci-Fi",6.6,511346,https://www.imdb.com/title/tt0407304/
tt0974015,Justice League,2017,120,Sci-Fi,6.0,507999,https://www.imdb.com/title/tt0974015/
tt1355644,Passengers,2016,116,"Drama,Romance,Sci-Fi",7.0,502672,https://www.imdb.com/title/tt1355644/
tt3385516,X-Men: Apocalypse,2016,144,"Action,Adventure,Sci-Fi",6.8,495985,https://www.imdb.com/title/tt3385516/
tt1535108,Elysium,2013,109,"Action,Drama,Sci-Fi",6.6,493751,https://www.imdb.com/title/tt1535108/
tt1637688,In Time,2011,109,"Action,Sci-Fi,Thriller",6.7,486974,https://www.imdb.com/title/tt1637688/
tt3480822,Black Widow,2021,134,"Action,Adventure,Sci-Fi",6.6,484310,https://www.imdb.com/title/tt3480822/
tt0120591,Armageddon,1998,151,"Action,Adventure,Sci-Fi",6.7,482276,https://www.imdb.com/title/tt0120591/
tt0119567,The Lost World: Jurassic Park,1997,129,"Action,Adventure,Sci-Fi",6.6,481115,https://www.imdb.com/title/tt0119567/
tt12361974,Zack Snyder's Justice League,2021,242,"Adventure,Fantasy,Sci-Fi",7.9,477609,https://www.imdb.com/title/tt12361974/
tt0083866,E.T. the Extra-Terrestrial,1982,115,"Adventure,Family,Sci-Fi",7.9,474924,https://www.imdb.com/title/tt0083866/
tt0217869,Unbreakable,2000,106,"Drama,Mystery,Sci-Fi",7.3,470076,https://www.imdb.com/title/tt0217869/
tt0831387,Godzilla,2014,123,"Action,Adventure,Sci-Fi",6.4,467076,https://www.imdb.com/title/tt0831387/
tt1055369,Transformers: Revenge of the Fallen,2009,149,"Action,Adventure,Sci-Fi",6.0,457069,https://www.imdb.com/title/tt1055369/
tt17526714,The Substance,2024,141,"Drama,Horror,Sci-Fi",7.2,455648,https://www.imdb.com/title/tt17526714/
tt1060277,Cloverfield,2008,85,"Action,Horror,Sci-Fi",7.0,446475,https://www.imdb.com/title/tt1060277/
tt0181852,Terminator 3: Rise of the Machines,2003,109,"Action,Sci-Fi",6.3,439311,https://www.imdb.com/title/tt0181852/
tt5950044,Superman,2025,129,"Action,Adventure,Sci-Fi",7.0,435720,https://www.imdb.com/title/tt5950044/
tt0119094,Face/Off,1997,138,"Action,Crime,Sci-Fi",7.3,429825,https://www.imdb.com/title/tt0119094/
tt2737304,Bird Box,2018,124,"Horror,Mystery,Sci-Fi",6.6,425413,https://www.imdb.com/title/tt2737304/
tt1190080,2012,2009,158,"Action,Adventure,Sci-Fi",5.9,424924,https://www.imdb.com/title/tt1190080/
tt1706620,Snowpiercer,2013,126,"Action,Drama,Sci-Fi",7.1,423763,https://www.imdb.com/title/tt1706620/
tt1951266,The Hunger Games: Mockingjay - Part 2,2015,137,"Action,Adventure,Sci-Fi",6.6,418960,https://www.imdb.com/title/tt1951266/
tt0286106,Signs,2002,106,"Drama,Mystery,Sci-Fi",6.8,416990,https://www.imdb.com/title/tt0286106/
tt3778644,Solo: A Star Wars Story,2018,135,"Action,Adventure,Sci-Fi",6.9,413133,https://www.imdb.com/title/tt3778644/
tt1182345,Moon,2009,97,"Drama,Mystery,Sci-Fi",7.8,397448,https://www.imdb.com/title/tt1182345/
tt0438488,Terminator Salvation,2009,115,"Action,Adventure,Sci-Fi",6.5,394457,https://www.imdb.com/title/tt0438488/
tt1104001,Tron: Legacy,2010,125,"Action,Adventure,Sci-Fi",6.8,388877,https://www.imdb.com/title/tt1104001/
tt1371111,Cloud Atlas,2012,172,"Drama,Mystery,Sci-Fi",7.3,387728,https://www.imdb.com/title/tt1371111/
tt1179933,10 Cloverfield Lane,2016,103,"Drama,Horror,Sci-Fi",7.2,387637,https://www.imdb.com/title/tt1179933/
tt4881806,Jurassic World: Fallen Kingdom,2018,128,"Action,Adventure,Sci-Fi",6.2,385235,https://www.imdb.com/title/tt4881806/
tt0100802,Total Recall,1990,113,"Action,Adventure,Sci-Fi",7.5,383670,https://www.imdb.com/title/tt0100802/
tt0433035,Real Steel,2011,127,"Action,Drama,Sci-Fi",7.1,383202,https://www.imdb.com/title/tt0433035/
tt1650062,Super 8,2011,112,"Action,Sci-Fi,Thriller",7.0,382398,https://www.imdb.com/title/tt1650062/
tt0884328,The Mist,2007,126,"Horror,Sci-Fi,Thriller",7.1,378296,https://www.imdb.com/title/tt0884328/
tt0163025,Jurassic Park III,2001,92,"Action,Adventure,Sci-Fi",6.0,374220,https://www.imdb.com/title/tt0163025/
tt0463854,28 Weeks Later,2007,100,"Horror,Sci-Fi",6.8,366783,https://www.imdb.com/title/tt0463854/
tt0238380,Equilibrium,2002,107,"Action,Drama,Sci-Fi",7.3,363960,https://www.imdb.com/title/tt0238380/
tt0103644,Alien³,1992,114,"Action,Horror,Sci-Fi",6.4,354568,https://www.imdb.com/title/tt0103644/
tt0119177,Gattaca,1997,106,"Drama,Sci-Fi,Thriller",7.7,349498,https://www.imdb.com/title/tt0119177/
tt0120201,Starship Troopers,1997,129,"Action,Adventure,Sci-Fi",7.3,348758,https://www.imdb.com/title/tt0120201/
tt2316204,Alien: Covenant,2017,122,"Horror,Sci-Fi,Thriller",6.4,347630,https://www.imdb.com/title/tt2316204/
tt0453467,Deja Vu,2006,126,"Action,Crime,Sci-Fi",7.1,347302,https://www.imdb.com/title/tt0453467/
tt0399201,The Island,2005,136,"Action,Sci-Fi,Thriller",6.8,343608,https://www.imdb.com/title/tt0399201/
tt0212720,A.I. Artificial Intelligence,2001,146,"Adventure,Drama,Sci-Fi",7.2,341611,https://www.imdb.com/title/tt0212720/
tt0489099,Jumper,2008,88,"Action,Adventure,Sci-Fi",6.1,339068,https://www.imdb.com/title/tt0489099/
tt2397535,Predestination,2014,97,"Action,Drama,Sci-Fi",7.4,337898,https://www.imdb.com/title/tt2397535/
tt3464902,The Lobster,2015,119,"Drama,Romance,Sci-Fi",7.1,336616,https://www.imdb.com/title/tt3464902/
tt0120611,Blade,1998,120,"Action,Horror,Sci-Fi",7.1,333725,https://www.imdb.com/title/tt0120611/
tt8228288,The Platform,2019,94,"Horror,Mystery,Sci-Fi",7.0,328052,https://www.imdb.com/title/tt8228288/
tt8332922,A Quiet Place Part II,2020,97,"Drama,Horror,Sci-Fi",7.2,326996,https://www.imdb.com/title/tt8332922/
tt0437086,Alita: Battle Angel,2019,122,"Action,Adventure,Sci-Fi",7.3,326006,https://www.imdb.com/title/tt0437086/
tt12037194,Furiosa: A Mad Max Saga,2024,148,"Action,Adventure,Sci-Fi",7.4,325119,https://www.imdb.com/title/tt12037194/
tt10954984,Nope,2022,130,"Horror,Mystery,Sci-Fi",6.8,321019,https://www.imdb.com/title/tt10954984/
tt0379786,Serenity,2005,119,"Action,Adventure,Sci-Fi",7.8,316687,https://www.imdb.com/title/tt0379786/
tt0118884,Contact,1997,150,"Drama,Mystery,Sci-Fi",7.5,316004,https://www.imdb.com/title/tt0118884/
tt1213663,The World's End,2013,109,"Action,Comedy,Sci-Fi",6.9,314330,https://www.imdb.com/title/tt1213663/
tt1343727,Dredd,2012,95,"Action,Crime,Sci-Fi",7.1,313921,https://www.imdb.com/title/tt1343727/
tt0120804,Resident Evil,2002,100,"Action,Horror,Sci-Fi",6.6,313210,https://www.imdb.com/title/tt0120804/
tt4046784,Maze Runner: The Scorch Trials,2015,131,"Action,Adventure,Sci-Fi",6.3,311054,https://www.imdb.com/title/tt4046784/
tt0093870,RoboCop,1987,102,"Action,Crime,Sci-Fi",7.6,310860,https://www.imdb.com/title/tt0093870/
tt1133985,Green Lantern,2011,114,"Action,Adventure,Sci-Fi",5.5,310330,https://www.imdb.com/title/tt1133985/
tt1340138,Terminator Genisys,2015,126,"Action,Adventure,Sci-Fi",6.3,309092,https://www.imdb.com/title/tt1340138/
tt10838180,The Matrix Resurrections,2021,148,"Action,Sci-Fi",5.6,305358,https://www.imdb.com/title/tt10838180/
tt0348150,Superman Returns,2006,154,"Action,Adventure,Sci-Fi",6.1,304268,https://www.imdb.com/title/tt0348150/
tt0401729,John Carter,2012,132,"Action,Adventure,Sci-Fi",6.6,300526,https://www.imdb.com/title/tt0401729/
tt0286716,Hulk,2003,138,"Action,Sci-Fi",5.7,293843,https://www.imdb.com/title/tt0286716/
tt0118583,Alien: Resurrection,1997,109,"Action,Horror,Sci-Fi",6.2,293605,https://www.imdb.com/title/tt0118583/
tt18412256,Alien: Romulus,2024,119,"Horror,Sci-Fi,Thriller",7.1,292660,https://www.imdb.com/title/tt18412256/
tt0448134,Sunshine,2007,107,"Sci-Fi,Thriller",7.2,289434,https://www.imdb.com/title/tt0448134/
tt1092026,Paul,2011,104,"Adventure,Comedy,Sci-Fi",6.9,284258,https://www.imdb.com/title/tt1092026/
tt0118688,Batman & Robin,1997,125,"Action,Sci-Fi",3.8,284106,https://www.imdb.com/title/tt0118688/
tt10676052,The Fantastic Four: First Steps,2025,115,"Action,Adventure,Sci-Fi",6.8,280558,https://www.imdb.com/title/tt10676052/
tt1706593,Chronicle,2012,84,"Drama,Sci-Fi,Thriller",7.0,279176,https://www.imdb.com/title/tt1706593/
tt5442430,Life,2017,104,"Horror,Sci-Fi,Thriller",6.6,279002,https://www.imdb.com/title/tt5442430/
tt1386703,Total Recall,2012,118,"Action,Adventure,Sci-Fi",6.2,277222,https://www.imdb.com/title/tt1386703/
tt2660888,Star Trek Beyond,2016,122,"Action,Adventure,Sci-Fi",7.0,271205,https://www.imdb.com/title/tt2660888/
tt1440129,Battleship,2012,131,"Action,Adventure,Sci-Fi",5.8,271076,https://www.imdb.com/title/tt1440129/
tt5034838,Godzilla vs. Kong,2021,113,"Action,Sci-Fi,Thriller",6.3,269668,https://www.imdb.com/title/tt5034838/
tt1731141,Ender's Game,2013,114,"Action,Adventure,Sci-Fi",6.6,265987,https://www.imdb.com/title/tt1731141/
tt0134847,Pitch Black,2000,109,"Horror,Sci-Fi,Thriller",7.0,265350,https://www.imdb.com/title/tt0134847/
tt1424381,Predators,2010,107,"Action,Adventure,Sci-Fi",6.4,263985,https://www.imdb.com/title/tt1424381/
tt0448011,Knowing,2009,121,"Mystery,Sci-Fi,Thriller",6.2,263371,https://www.imdb.com/title/tt0448011/
tt0123755,Cube,1997,90,"Horror,Mystery,Sci-Fi",7.1,263082,https://www.imdb.com/title/tt0123755/
tt2184339,The Purge,2013,85,"Horror,Sci-Fi,Thriller",5.8,262507,https://www.imdb.com/title/tt2184339/
tt0116996,Mars Attacks!,1996,106,"Comedy,Sci-Fi",6.4,260111,https://www.imdb.com/title/tt0116996/
tt0187738,Blade II,2002,117,"Action,Horror,Sci-Fi",6.7,254213,https://www.imdb.com/title/tt0187738/
tt1464540,I Am Number Four,2011,111,"Action,Adventure,Sci-Fi",6.1,253690,https://www.imdb.com/title/tt1464540/
tt0296572,The Chronicles of Riddick,2004,119,"Action,Adventure,Sci-Fi",6.6,252945,https://www.imdb.com/title/tt0296572/
tt1234721,RoboCop,2014,117,"Action,Crime,Sci-Fi",6.1,249966,https://www.imdb.com/title/tt1234721/
tt8041270,Jurassic World: Dominion,2022,147,"Action,Adventure,Sci-Fi",5.6,249544,https://www.imdb.com/title/tt8041270/
tt2209764,Transcendence,2014,119,"Drama,Sci-Fi,Thriller",6.2,248104,https://www.imdb.com/title/tt2209764/
tt0409847,Cowboys & Aliens,2011,119,"Action,Drama,Sci-Fi",6.0,243152,https://www.imdb.com/title/tt0409847/
tt0133152,Planet of the Apes,2001,120,"Action,Adventure,Sci-Fi",5.7,242744,https://www.imdb.com/title/tt0133152/
tt6499752,Upgrade,2018,100,"Action,Sci-Fi,Thriller",7.5,236733,https://www.imdb.com/title/tt6499752/
tt1462764,Indiana Jones and the Dial of Destiny,2023,154,"Action,Adventure,Sci-Fi",6.5,235562,https://www.imdb.com/title/tt1462764/
tt6565702,X-Men: Dark Phoenix,2019,113,"Action,Adventure,Sci-Fi",5.7,230729,https://www.imdb.com/title/tt6565702/
tt0452608,Death Race,2008,105,"Action,Sci-Fi,Thriller",6.4,229333,https://www.imdb.com/title/tt0452608/
tt0094012,Spaceballs,1987,96,"Adventure,Comedy,Sci-Fi",7.1,228061,https://www.imdb.com/title/tt0094012/
tt0118929,Dark City,1998,100,"Fantasy,Mystery,Sci-Fi",7.5,227775,https://www.imdb.com/title/tt0118929/
tt0949731,The Happening,2008,91,"Adventure,Drama,Sci-Fi",5.0,227635,https://www.imdb.com/title/tt0949731/
tt0091064,The Fly,1986,96,"Drama,Horror,Sci-Fi",7.6,226366,https://www.imdb.com/title/tt0091064/
tt0114898,Waterworld,1995,135,"Action,Adventure,Sci-Fi",6.3,226078,https://www.imdb.com/title/tt0114898/
tt10548174,28 Years Later,2025,115,"Horror,Sci-Fi,Thriller",6.6,223500,https://www.imdb.com/title/tt10548174/
tt0318627,Resident Evil: Apocalypse,2004,94,"Action,Horror,Sci-Fi",6.1,222831,https://www.imdb.com/title/tt0318627/
tt0088846,Brazil,1985,132,"Drama,Sci-Fi,Thriller",7.8,222585,https://www.imdb.com/title/tt0088846/
tt1046173,G.I. Joe: The Rise of Cobra,2009,118,"Action,Adventure,Sci-Fi",5.7,222271,https://www.imdb.com/title/tt1046173/
tt0111282,Stargate,1994,121,"Action,Adventure,Sci-Fi",7.0,220947,https://www.imdb.com/title/tt0111282/
tt2094766,Assassin's Creed,2016,115,"Action,Adventure,Sci-Fi",5.6,220425,https://www.imdb.com/title/tt2094766/
tt0387808,Idiocracy,2006,84,"Adventure,Comedy,Sci-Fi",6.5,219824,https://www.imdb.com/title/tt0387808/
tt0371724,The Hitchhiker's Guide to the Galaxy,2005,109,"Adventure,Comedy,Sci-Fi",6.7,218017,https://www.imdb.com/title/tt0371724/
tt0432021,Resident Evil: Extinction,2007,94,"Action,Horror,Sci-Fi",6.2,217213,https://www.imdb.com/title/tt0432021/
tt0119081,Event Horizon,1997,96,"Horror,Sci-Fi,Thriller",6.6,216555,https://www.imdb.com/title/tt0119081/
tt12300742,Bugonia,2025,118,"Comedy,Crime,Sci-Fi",7.4,215427,https://www.imdb.com/title/tt12300742/
tt0082694,The Road Warrior,1981,96,"Action,Adventure,Sci-Fi",7.6,214451,https://www.imdb.com/title/tt0082694/
tt0120685,Godzilla,1998,139,"Action,Sci-Fi,Thriller",5.5,214241,https://www.imdb.com/title/tt0120685/
tt6450804,Terminator: Dark Fate,2019,128,"Action,Adventure,Sci-Fi",6.2,213944,https://www.imdb.com/title/tt6450804/
tt4701182,Bumblebee,2018,114,"Action,Adventure,Sci-Fi",6.7,210686,https://www.imdb.com/title/tt4701182/
tt0106697,Demolition Man,1993,115,"Action,Sci-Fi,Thriller",6.7,210490,https://www.imdb.com/title/tt0106697/
tt1527186,Melancholia,2011,135,"Drama,Sci-Fi",7.1,209388,https://www.imdb.com/title/tt1527186/
tt0120647,Deep Impact,1998,120,"Action,Drama,Sci-Fi",6.3,206629,https://www.imdb.com/title/tt0120647/
tt0272152,K-PAX,2001,120,"Drama,Mystery,Sci-Fi",7.4,203655,https://www.imdb.com/title/tt0272152/
tt0100403,Predator 2,1990,108,"Action,Horror,Sci-Fi",6.3,203601,https://www.imdb.com/title/tt0100403/
tt2231461,Rampage,2018,107,"Action,Adventure,Sci-Fi",6.1,203588,https://www.imdb.com/title/tt2231461/
tt31036941,Jurassic World: Rebirth,2025,133,"Action,Adventure,Sci-Fi",5.8,203135,https://www.imdb.com/title/tt31036941/
tt0359013,Blade: Trinity,2004,113,"Action,Horror,Sci-Fi",5.8,202531,https://www.imdb.com/title/tt0359013/
tt1628841,Independence Day: Resurgence,2016,120,"Action,Adventure,Sci-Fi",5.2,201273,https://www.imdb.com/title/tt1628841/
tt1231587,Hot Tub Time Machine,2010,99,"Comedy,Sci-Fi",6.4,199527,https://www.imdb.com/title/tt1231587/
tt0087544,Nausicaä of the Valley of the Wind,1984,117,"Adventure,Animation,Sci-Fi",8.0,198618,https://www.imdb.com/title/tt0087544/
tt4500922,Maze Runner: The Death Cure,2018,143,"Action,Adventure,Sci-Fi",6.3,194726,https://www.imdb.com/title/tt4500922/
tt1583421,G.I. Joe: Retaliation,2013,110,"Action,Adventure,Sci-Fi",5.7,193739,https://www.imdb.com/title/tt1583421/
tt0087182,Dune,1984,137,"Action,Adventure,Sci-Fi",6.2,193622,https://www.imdb.com/title/tt0087182/
tt0177789,Galaxy Quest,1999,102,"Adventure,Comedy,Sci-Fi",7.4,192783,https://www.imdb.com/title/tt0177789/
tt0093894,The Running Man,1987,101,"Action,Sci-Fi,Thriller",6.6,192663,https://www.imdb.com/title/tt0093894/
tt1217613,Battle Los Angeles,2011,116,"Action,Adventure,Sci-Fi",5.7,191245,https://www.imdb.com/title/tt1217613/
tt1220634,Resident Evil: Afterlife,2010,96,"Action,Horror,Sci-Fi",5.8,189031,https://www.imdb.com/title/tt1220634/
tt14513804,Captain America: Brave New World,2025,118,"Action,Adventure,Sci-Fi",5.6,188349,https://www.imdb.com/title/tt14513804/
tt0970416,The Day the Earth Stood Still,2008,104,"Adventure,Drama,Sci-Fi",5.5,188238,https://www.imdb.com/title/tt0970416/
tt1411250,Riddick,2013,119,"Action,Adventure,Sci-Fi",6.4,187430,https://www.imdb.com/title/tt1411250/
tt26584495,Companion,2025,97,"Sci-Fi,Thriller",6.9,185974,https://www.imdb.com/title/tt26584495/
tt0986263,Surrogates,2009,89,"Action,Sci-Fi,Thriller",6.3,185435,https://www.imdb.com/title/tt0986263/
tt8760708,M3GAN,2022,102,"Horror,Sci-Fi,Thriller",6.3,183843,https://www.imdb.com/title/tt8760708/
tt13433802,A Quiet Place: Day One,2024,99,"Drama,Horror,Sci-Fi",6.2,180916,https://www.imdb.com/title/tt13433802/
tt2866360,Coherence,2013,89,"Mystery,Sci-Fi,Thriller",7.2,177104,https://www.imdb.com/title/tt2866360/
tt0435705,Next,2007,96,"Action,Sci-Fi,Thriller",6.2,175829,https://www.imdb.com/title/tt0435705/
tt0082340,Escape from New York,1981,99,"Action,Adventure,Sci-Fi",7.1,174559,https://www.imdb.com/title/tt0082340/
tt0120891,Wild Wild West,1999,106,"Action,Comedy,Sci-Fi",4.9,174193,https://www.imdb.com/title/tt0120891/
tt2975578,The Purge: Anarchy,2014,103,"Action,Horror,Sci-Fi",6.4,173695,https://www.imdb.com/title/tt2975578/
tt10676048,The Marvels,2023,105,"Action,Adventure,Sci-Fi",5.4,168086,https://www.imdb.com/title/tt10676048/
tt0096256,They Live,1988,94,"Action,Horror,Sci-Fi",7.2,166013,https://www.imdb.com/title/tt0096256/
tt3829266,The Predator,2018,107,"Action,Adventure,Sci-Fi",5.3,164053,https://www.imdb.com/title/tt3829266/
tt31227572,Predator: Badlands,2025,107,"Action,Adventure,Sci-Fi",7.2,163915,https://www.imdb.com/title/tt31227572/
tt0089530,Mad Max: Beyond Thunderdome,1985,107,"Action,Adventure,Sci-Fi",6.2,163112,https://www.imdb.com/title/tt0089530/
tt1855325,Resident Evil: Retribution,2012,95,"Action,Horror,Sci-Fi",5.3,159987,https://www.imdb.com/title/tt1855325/
tt0905372,The Thing,2011,103,"Horror,Mystery,Sci-Fi",6.3,155348,https://www.imdb.com/title/tt0905372/
tt0242423,"Dude, Where's My Car?",2000,83,"Comedy,Mystery,Sci-Fi",5.5,153506,https://www.imdb.com/title/tt0242423/
tt0149261,Deep Blue Sea,1999,105,"Action,Adventure,Sci-Fi",6.0,152626,https://www.imdb.com/title/tt0149261/
tt1187064,Triangle,2009,99,"Fantasy,Mystery,Sci-Fi",6.9,151020,https://www.imdb.com/title/tt1187064/
tt0133751,The Faculty,1998,104,"Horror,Mystery,Sci-Fi",6.6,148878,https://www.imdb.com/title/tt0133751/
tt0164052,Hollow Man,2000,112,"Action,Horror,Sci-Fi",5.9,148683,https://www.imdb.com/title/tt0164052/
tt0758730,Aliens vs. Predator: Requiem,2007,94,"Action,Horror,Sci-Fi",4.6,147772,https://www.imdb.com/title/tt0758730/
tt0084827,Tron,1982,96,"Action,Adventure,Sci-Fi",6.7,147086,https://www.imdb.com/title/tt0084827/
tt1034032,Gamer,2009,95,"Action,Sci-Fi,Thriller",5.7,144414,https://www.imdb.com/title/tt1034032/
tt0468492,The Host,2006,120,"Drama,Horror,Sci-Fi",7.1,144049,https://www.imdb.com/title/tt0468492/
tt0251075,Evolution,2001,101,"Comedy,Sci-Fi",6.1,142613,https://www.imdb.com/title/tt0251075/
tt0433362,Daybreakers,2009,98,"Action,Horror,Sci-Fi",6.4,141705,https://www.imdb.com/title/tt0433362/
tt1389072,Downsizing,2017,135,"Drama,Fantasy,Sci-Fi",5.8,138513,https://www.imdb.com/title/tt1389072/
tt2557478,Pacific Rim: Uprising,2018,111,"Action,Adventure,Sci-Fi",5.6,138472,https://www.imdb.com/title/tt2557478/
tt1298649,The Watch,2012,102,"Comedy,Sci-Fi",5.7,138342,https://www.imdb.com/title/tt1298649/
tt0402022,Æon Flux,2005,93,"Action,Adventure,Sci-Fi",5.4,137652,https://www.imdb.com/title/tt0402022/
tt0268695,The Time Machine,2002,96,"Action,Adventure,Sci-Fi",6.0,136566,https://www.imdb.com/title/tt0268695/
tt0084726,Star Trek II: The Wrath of Khan,1982,113,"Action,Adventure,Sci-Fi",7.7,136516,https://www.imdb.com/title/tt0084726/
tt0182789,Bicentennial Man,1999,132,"Drama,Romance,Sci-Fi",6.9,135107,https://www.imdb.com/title/tt0182789/
tt0216216,The 6th Day,2000,123,"Action,Mystery,Sci-Fi",6.0,134586,https://www.imdb.com/title/tt0216216/
tt1981128,Geostorm,2017,109,"Action,Sci-Fi,Thriller",5.4,134172,https://www.imdb.com/title/tt1981128/
tt5090568,Transformers: Rise of the Beasts,2023,127,"Action,Adventure,Sci-Fi",6.0,133009,https://www.imdb.com/title/tt5090568/
tt0113492,Judge Dredd,1995,96,"Action,Crime,Sci-Fi",5.6,132700,https://www.imdb.com/title/tt0113492/
tt1025100,Gemini Man,2019,117,"Action,Sci-Fi,Thriller",5.7,132121,https://www.imdb.com/title/tt1025100/
tt0117218,The Nutty Professor,1996,95,"Comedy,Romance,Sci-Fi",5.7,131806,https://www.imdb.com/title/tt0117218/
tt0435651,The Giver,2014,97,"Drama,Romance,Sci-Fi",6.4,131286,https://www.imdb.com/title/tt0435651/
tt2304933,The 5th Wave,2016,112,"Action,Adventure,Sci-Fi",5.2,127223,https://www.imdb.com/title/tt2304933/
tt0419706,Doom,2005,102,"Action,Horror,Sci-Fi",5.2,124715,https://www.imdb.com/title/tt0419706/
tt0081573,Superman II,1980,127,"Action,Adventure,Sci-Fi",6.8,124388,https://www.imdb.com/title/tt0081573/
tt0368008,The Manchurian Candidate,2004,129,"Drama,Mystery,Sci-Fi",6.6,123506,https://www.imdb.com/title/tt0368008/
tt0390384,Primer,2004,77,"Drama,Sci-Fi,Thriller",6.7,122668,https://www.imdb.com/title/tt0390384/
tt0086567,WarGames,1983,114,"Action,Drama,Sci-Fi",7.1,122642,https://www.imdb.com/title/tt0086567/
tt2548396,The Cloverfield Paradox,2018,102,"Horror,Sci-Fi,Thriller",5.5,122121,https://www.imdb.com/title/tt2548396/
tt0465580,Push,2009,111,"Action,Sci-Fi,Thriller",6.1,119930,https://www.imdb.com/title/tt0465580/
tt4094724,The Purge: Election Year,2016,108,"Action,Horror,Sci-Fi",6.0,119864,https://www.imdb.com/title/tt4094724/
tt14107334,The Running Man,2025,133,"Action,Adventure,Sci-Fi",6.4,119546,https://www.imdb.com/title/tt14107334/
tt0338337,Paycheck,2003,119,"Action,Mystery,Sci-Fi",6.3,119035,https://www.imdb.com/title/tt0338337/
tt9362930,Blue Beetle,2023,127,"Action,Adventure,Sci-Fi",5.9,118586,https://www.imdb.com/title/tt9362930/
tt0120184,Sphere,1998,134,"Mystery,Sci-Fi,Thriller",6.1,117927,https://www.imdb.com/title/tt0120184/
tt4530422,Overlord,2018,110,"Action,Horror,Sci-Fi",6.6,117028,https://www.imdb.com/title/tt4530422/
tt0298814,The Core,2003,135,"Action,Adventure,Sci-Fi",5.5,116770,https://www.imdb.com/title/tt0298814/
tt0209958,The Cell,2000,107,"Crime,Horror,Sci-Fi",6.4,115460,https://www.imdb.com/title/tt0209958/
tt5834426,Moonfall,2022,130,"Action,Adventure,Sci-Fi",5.2,114888,https://www.imdb.com/title/tt5834426/
tt1053424,Repo Men,2010,111,"Action,Sci-Fi,Thriller",6.3,114440,https://www.imdb.com/title/tt1053424/
tt0120907,eXistenZ,1999,97,"Horror,Mystery,Sci-Fi",6.8,114376,https://www.imdb.com/title/tt0120907/
tt0086541,Videodrome,1983,87,"Drama,Horror,Sci-Fi",7.2,113988,https://www.imdb.com/title/tt0086541/
tt3420504,Finch,2021,115,"Adventure,Drama,Sci-Fi",6.9,113043,https://www.imdb.com/title/tt3420504/
tt2592614,Resident Evil: The Final Chapter,2016,107,"Action,Horror,Sci-Fi",5.5,109541,https://www.imdb.com/title/tt2592614/
tt3072482,Hardcore Henry,2015,96,"Action,Adventure,Sci-Fi",6.7,109509,https://www.imdb.com/title/tt3072482/
tt2140379,Self/less,2015,117,"Action,Mystery,Sci-Fi",6.5,108355,https://www.imdb.com/title/tt2140379/
tt12261776,65,2023,93,"Action,Adventure,Sci-Fi",5.4,107927,https://www.imdb.com/title/tt12261776/
tt1017460,Splice,2009,104,"Horror,Sci-Fi",5.8,106974,https://www.imdb.com/title/tt1017460/
tt6292852,I Am Mother,2019,113,"Drama,Mystery,Sci-Fi",6.7,106841,https://www.imdb.com/title/tt6292852/
tt0090305,Weird Science,1985,94,"Comedy,Romance,Sci-Fi",6.6,106441,https://www.imdb.com/title/tt0090305/
tt4287320,The Circle,2017,110,"Drama,Mystery,Sci-Fi",5.4,105803,https://www.imdb.com/title/tt4287320/
tt0418819,Land of the Dead,2005,93,"Horror,Sci-Fi,Thriller",6.2,105363,https://www.imdb.com/title/tt0418819/
tt1549572,Another Earth,2011,92,"Drama,Romance,Sci-Fi",6.9,104796,https://www.imdb.com/title/tt1549572/
tt7550000,Project Power,2020,113,"Action,Crime,Sci-Fi",6.0,104240,https://www.imdb.com/title/tt7550000/
tt1592525,Lockout,2012,95,"Action,Sci-Fi,Thriller",6.1,103693,https://www.imdb.com/title/tt1592525/
tt0105698,Universal Soldier,1992,102,"Action,Sci-Fi",6.1,102351,https://www.imdb.com/title/tt0105698/
tt0285531,Dreamcatcher,2003,134,"Drama,Horror,Sci-Fi",5.6,101666,https://www.imdb.com/title/tt0285531/
tt0364970,Babylon A.D.,2008,90,"Action,Adventure,Sci-Fi",5.5,101167,https://www.imdb.com/title/tt0364970/
tt0119137,Flubber,1997,93,"Comedy,Family,Sci-Fi",5.3,100928,https://www.imdb.com/title/tt0119137/
tt0100502,RoboCop 2,1990,117,"Action,Crime,Sci-Fi",5.8,100510,https://www.imdb.com/title/tt0100502/
tt0267804,The One,2001,87,"Action,Sci-Fi,Thriller",5.9,100262,https://www.imdb.com/title/tt0267804/
tt0099582,Flatliners,1990,115,"Drama,Horror,Sci-Fi",6.6,98797,https://www.imdb.com/title/tt0099582/
tt1213644,Disaster Movie,2008,87,"Comedy,Sci-Fi",1.9,98298,https://www.imdb.com/title/tt1213644/
tt0092007,Star Trek IV: The Voyage Home,1986,119,"Adventure,Comedy,Sci-Fi",7.3,97205,https://www.imdb.com/title/tt0092007/
tt0439815,Slither,2006,96,"Comedy,Horror,Sci-Fi",6.5,95766,https://www.imdb.com/title/tt0439815/
tt10539608,The Midnight Sky,2020,118,"Adventure,Drama,Sci-Fi",5.7,95197,https://www.imdb.com/title/tt10539608/
tt1564585,Skyline,2010,92,"Action,Sci-Fi,Thriller",4.5,94542,https://www.imdb.com/title/tt1564585/
tt8368406,Vivarium,2019,97,"Horror,Mystery,Sci-Fi",5.8,94416,https://www.imdb.com/title/tt8368406/
tt0290095,The Tuxedo,2002,98,"Action,Comedy,Sci-Fi",5.4,94273,https://www.imdb.com/title/tt0290095/
tt0114508,Species,1995,108,"Action,Horror,Sci-Fi",5.9,91322,https://www.imdb.com/title/tt0114508/
tt0088170,Star Trek III: The Search for Spock,1984,105,"Action,Adventure,Sci-Fi",6.7,91183,https://www.imdb.com/title/tt0088170/
tt0087803,1984,1984,113,"Drama,Sci-Fi",7.0,88950,https://www.imdb.com/title/tt0087803/
tt2436386,Project Almanac,2015,106,"Drama,Mystery,Sci-Fi",6.4,88912,https://www.imdb.com/title/tt2436386/
tt0427392,The Invasion,2007,99,"Sci-Fi,Thriller",5.9,88906,https://www.imdb.com/title/tt0427392/
tt0253754,Star Trek: Nemesis,2002,116,"Action,Adventure,Sci-Fi",6.4,88310,https://www.imdb.com/title/tt0253754/
tt0120461,Volcano,1997,104,"Action,Drama,Sci-Fi",5.6,87629,https://www.imdb.com/title/tt0120461/
tt2649554,Midnight Special,2016,112,"Drama,Mystery,Sci-Fi",6.6,86961,https://www.imdb.com/title/tt2649554/
tt0370032,Ultraviolet,2006,88,"Action,Sci-Fi",4.4,86791,https://www.imdb.com/title/tt0370032/
tt1220198,The Fourth Kind,2009,98,"Horror,Mystery,Sci-Fi",5.9,86686,https://www.imdb.com/title/tt1220198/
tt0116225,Escape from L.A.,1996,101,"Action,Adventure,Sci-Fi",5.7,86600,https://www.imdb.com/title/tt0116225/
tt1418377,"I, Frankenstein",2014,92,"Action,Fantasy,Sci-Fi",5.1,86559,https://www.imdb.com/title/tt1418377/
tt0114558,Strange Days,1995,145,"Crime,Drama,Sci-Fi",7.2,86190,https://www.imdb.com/title/tt0114558/
tt0102975,Star Trek VI: The Undiscovered Country,1991,110,"Action,Adventure,Sci-Fi",7.3,85612,https://www.imdb.com/title/tt0102975/
tt2387433,Dark Skies,2013,97,"Horror,Sci-Fi,Thriller",6.3,85432,https://www.imdb.com/title/tt2387433/
tt0426592,Superhero Movie,2008,75,"Action,Comedy,Sci-Fi",4.8,85404,https://www.imdb.com/title/tt0426592/
tt0185183,Battlefield Earth,2000,117,"Action,Adventure,Sci-Fi",2.5,85048,https://www.imdb.com/title/tt0185183/
tt6604188,Tron: Ares,2025,119,"Action,Adventure,Sci-Fi",6.1,84615,https://www.imdb.com/title/tt6604188/
tt1082868,Quarantine,2008,89,"Horror,Sci-Fi,Thriller",6.0,84316,https://www.imdb.com/title/tt1082868/
tt0139809,The Thirteenth Floor,1999,100,"Mystery,Sci-Fi,Thriller",7.0,83637,https://www.imdb.com/title/tt0139809/
tt0120844,Star Trek: Insurrection,1998,103,"Action,Adventure,Sci-Fi",6.4,83554,https://www.imdb.com/title/tt0120844/
tt0483607,Doomsday,2008,105,"Action,Sci-Fi,Thriller",5.9,82581,https://www.imdb.com/title/tt0483607/
tt0462465,Outlander,2008,115,"Action,Adventure,Sci-Fi",6.2,81940,https://www.imdb.com/title/tt0462465/
tt0113481,Johnny Mnemonic,1995,96,"Action,Drama,Sci-Fi",5.6,81845,https://www.imdb.com/title/tt0113481/
tt14509110,No One Will Save You,2023,93,"Horror,Mystery,Sci-Fi",6.2,80847,https://www.imdb.com/title/tt14509110/
tt0183523,Mission to Mars,2000,114,"Adventure,Sci-Fi,Thriller",5.7,80020,https://www.imdb.com/title/tt0183523/
tt2051879,Europa Report,2013,90,"Drama,Mystery,Sci-Fi",6.4,79881,https://www.imdb.com/title/tt2051879/
tt0089885,Re-Animator,1985,84,"Comedy,Horror,Sci-Fi",7.1,79226,https://www.imdb.com/title/tt0089885/
tt6133466,The First Purge,2018,97,"Action,Horror,Sci-Fi",5.2,78861,https://www.imdb.com/title/tt6133466/
tt0110216,Junior,1994,109,"Comedy,Romance,Sci-Fi",4.8,78373,https://www.imdb.com/title/tt0110216/
tt0089907,The Return of the Living Dead,1985,91,"Comedy,Horror,Sci-Fi",7.3,78290,https://www.imdb.com/title/tt0089907/
tt0120738,Lost in Space,1998,130,"Action,Adventure,Sci-Fi",5.3,77990,https://www.imdb.com/title/tt0120738/
tt0414852,District B13,2004,84,"Action,Crime,Sci-Fi",7.1,77975,https://www.imdb.com/title/tt0414852/
tt12735488,Kalki 2898 AD,2024,180,"Action,Adventure,Sci-Fi",7.0,77120,https://www.imdb.com/title/tt12735488/
tt12908150,The Life of Chuck,2024,111,"Drama,Fantasy,Sci-Fi",7.3,76557,https://www.imdb.com/title/tt12908150/
tt0480669,Timecrimes,2007,92,"Horror,Mystery,Sci-Fi",7.1,76260,https://www.imdb.com/title/tt0480669/
tt0125659,Open Your Eyes,1997,119,"Drama,Mystery,Sci-Fi",7.7,76209,https://www.imdb.com/title/tt0125659/
tt1374992,Upside Down,2012,109,"Drama,Romance,Sci-Fi",6.3,76043,https://www.imdb.com/title/tt1374992/
tt0099365,Darkman,1990,96,"Action,Sci-Fi,Thriller",6.4,75336,https://www.imdb.com/title/tt0099365/
tt4687108,In the Tall Grass,2019,101,"Horror,Mystery,Sci-Fi",5.5,74645,https://www.imdb.com/title/tt4687108/
tt0088933,Cocoon,1985,117,"Comedy,Drama,Sci-Fi",6.7,73847,https://www.imdb.com/title/tt0088933/
tt2910814,The Signal,2014,97,"Drama,Mystery,Sci-Fi",6.0,73269,https://www.imdb.com/title/tt2910814/
tt6920084,Resident Evil: Welcome to Raccoon City,2021,107,"Action,Horror,Sci-Fi",5.2,72889,https://www.imdb.com/title/tt6920084/
tt0327162,The Stepford Wives,2004,93,"Comedy,Horror,Sci-Fi",5.4,72830,https://www.imdb.com/title/tt0327162/
tt0384116,G.O.R.A.,2004,127,"Adventure,Comedy,Sci-Fi",8.0,72158,https://www.imdb.com/title/tt0384116/
tt0285492,Cube²: Hypercube,2002,94,"Horror,Mystery,Sci-Fi",5.5,72095,https://www.imdb.com/title/tt0285492/
tt0356618,The Forgotten,2004,91,"Drama,Mystery,Sci-Fi",5.8,71411,https://www.imdb.com/title/tt0356618/
tt6654210,Infinite,2021,106,"Action,Sci-Fi,Thriller",5.5,71327,https://www.imdb.com/title/tt6654210/
tt3272066,Reminiscence,2021,116,"Mystery,Romance,Sci-Fi",5.9,71308,https://www.imdb.com/title/tt3272066/
tt2106651,Spectral,2016,107,"Action,Adventure,Sci-Fi",6.3,71306,https://www.imdb.com/title/tt2106651/
tt0091949,Short Circuit,1986,98,"Comedy,Family,Sci-Fi",6.6,71166,https://www.imdb.com/title/tt0091949/
tt0111438,Timecop,1994,99,"Action,Crime,Sci-Fi",6.0,70391,https://www.imdb.com/title/tt0111438/
tt0465624,My Super Ex-Girlfriend,2006,96,"Comedy,Romance,Sci-Fi",5.2,69740,https://www.imdb.com/title/tt0465624/
tt0300556,Timeline,2003,116,"Action,Adventure,Sci-Fi",5.7,69713,https://www.imdb.com/title/tt0300556/
tt0085636,Halloween III: Season of the Witch,1982,98,"Horror,Mystery,Sci-Fi",5.2,68247,https://www.imdb.com/title/tt0085636/
tt0081455,Scanners,1981,103,"Horror,Sci-Fi,Thriller",6.7,68172,https://www.imdb.com/title/tt0081455/
tt0255798,The Animal,2001,84,"Comedy,Sci-Fi",4.9,67742,https://www.imdb.com/title/tt0255798/
tt1439572,Perfect Sense,2011,92,"Drama,Romance,Sci-Fi",7.0,67518,https://www.imdb.com/title/tt1439572/
tt0211443,Jason X,2001,92,"Action,Horror,Sci-Fi",4.5,67343,https://www.imdb.com/title/tt0211443/
tt10944760,Titane,2021,108,"Drama,Horror,Sci-Fi",6.4,67236,https://www.imdb.com/title/tt10944760/
tt0080745,Flash Gordon,1980,111,"Action,Adventure,Sci-Fi",6.5,66743,https://www.imdb.com/title/tt0080745/
tt5073642,Color Out of Space,2019,111,"Horror,Mystery,Sci-Fi",6.1,65683,https://www.imdb.com/title/tt5073642/
tt0212712,2046,2004,129,"Drama,Romance,Sci-Fi",7.4,64805,https://www.imdb.com/title/tt0212712/
tt0258153,S1m0ne,2002,117,"Comedy,Drama,Sci-Fi",6.1,64448,https://www.imdb.com/title/tt0258153/
tt1976009,Victor Frankenstein,2015,110,"Drama,Horror,Sci-Fi",6.0,63981,https://www.imdb.com/title/tt1976009/
tt0199753,Red Planet,2000,106,"Action,Sci-Fi,Thriller",5.7,62669,https://www.imdb.com/title/tt0199753/
tt3201640,Extinction,2018,95,"Action,Drama,Sci-Fi",5.8,62607,https://www.imdb.com/title/tt3201640/
tt0106598,Coneheads,1993,88,"Comedy,Sci-Fi",5.5,62552,https://www.imdb.com/title/tt0106598/
tt0228333,Ghosts of Mars,2001,98,"Action,Horror,Sci-Fi",4.9,62255,https://www.imdb.com/title/tt0228333/
tt0120157,Soldier,1998,99,"Action,Drama,Sci-Fi",6.1,62100,https://www.imdb.com/title/tt0120157/
tt1971325,Automata,2014,109,"Action,Drama,Sci-Fi",6.0,62099,https://www.imdb.com/title/tt1971325/
tt0086837,2010: The Year We Make Contact,1984,116,"Adventure,Mystery,Sci-Fi",6.7,61450,https://www.imdb.com/title/tt0086837/
tt0083530,Airplane II: The Sequel,1982,85,"Comedy,Sci-Fi",6.2,61310,https://www.imdb.com/title/tt0083530/
tt8663516,Child's Play,2019,90,"Drama,Horror,Sci-Fi",5.7,60877,https://www.imdb.com/title/tt8663516/
tt5968394,Captive State,2019,109,"Sci-Fi,Thriller",6.0,60678,https://www.imdb.com/title/tt5968394/
tt1772240,Apollo 18,2011,86,"Horror,Mystery,Sci-Fi",5.2,60492,https://www.imdb.com/title/tt1772240/
tt0119675,Mimic,1997,105,"Horror,Sci-Fi",6.0,60408,https://www.imdb.com/title/tt0119675/
tt0138304,The Astronaut's Wife,1999,109,"Drama,Sci-Fi,Thriller",5.4,59248,https://www.imdb.com/title/tt0138304/
tt3922818,The Space Between Us,2017,120,"Drama,Romance,Sci-Fi",6.4,59025,https://www.imdb.com/title/tt3922818/
tt0088172,Starman,1984,115,"Romance,Sci-Fi",7.0,58978,https://www.imdb.com/title/tt0088172/
tt0115857,Chain Reaction,1996,107,"Action,Drama,Sci-Fi",5.7,58856,https://www.imdb.com/title/tt0115857/
tt0382992,Stealth,2005,121,"Action,Adventure,Sci-Fi",5.1,58717,https://www.imdb.com/title/tt0382992/
tt15552142,Caddo Lake,2024,103,"Drama,Mystery,Sci-Fi",6.8,58631,https://www.imdb.com/title/tt15552142/
tt0094074,Superman IV: The Quest for Peace,1987,90,"Action,Adventure,Sci-Fi",3.8,57907,https://www.imdb.com/title/tt0094074/
tt3986820,The Endless,2017,111,"Horror,Mystery,Sci-Fi",6.5,57801,https://www.imdb.com/title/tt3986820/
tt0107978,RoboCop 3,1993,104,"Action,Crime,Sci-Fi",4.2,57528,https://www.imdb.com/title/tt0107978/
tt9203694,Stowaway,2021,116,"Adventure,Sci-Fi,Thriller",5.7,57358,https://www.imdb.com/title/tt9203694/
tt7315484,The Silence,2019,90,"Drama,Horror,Sci-Fi",5.4,56549,https://www.imdb.com/title/tt7315484/
tt0144528,Nutty Professor II: The Klumps,2000,106,"Comedy,Romance,Sci-Fi",4.5,55893,https://www.imdb.com/title/tt0144528/
tt1727770,Absolutely Anything,2015,85,"Comedy,Sci-Fi",6.0,55139,https://www.imdb.com/title/tt1727770/
tt26342662,M3GAN 2.0,2025,120,"Action,Horror,Sci-Fi",6.0,55027,https://www.imdb.com/title/tt26342662/
tt5918982,Possessor,2020,103,"Horror,Mystery,Sci-Fi",6.5,54701,https://www.imdb.com/title/tt5918982/
tt2669336,Time Lapse,2014,104,"Mystery,Sci-Fi,Thriller",6.5,53394,https://www.imdb.com/title/tt2669336/
tt14577874,It's What's Inside,2024,103,"Comedy,Mystery,Sci-Fi",6.6,53284,https://www.imdb.com/title/tt14577874/
tt0095444,Killer Klowns from Outer Space,1988,88,"Comedy,Horror,Sci-Fi",6.2,53142,https://www.imdb.com/title/tt0095444/
tt0104291,Forever Young,1992,102,"Drama,Romance,Sci-Fi",6.4,53042,https://www.imdb.com/title/tt0104291/
tt3860916,Cargo,2017,105,"Drama,Horror,Sci-Fi",6.3,52926,https://www.imdb.com/title/tt3860916/
tt1562871,Ra.One,2011,156,"Action,Sci-Fi,Thriller",5.0,52436,https://www.imdb.com/title/tt1562871/
tt5397194,Anon,2018,100,"Crime,Mystery,Sci-Fi",6.1,52273,https://www.imdb.com/title/tt5397194/
tt0092610,Bad Taste,1987,91,"Comedy,Horror,Sci-Fi",6.4,51660,https://www.imdb.com/title/tt0092610/
tt0848557,Diary of the Dead,2007,95,"Fantasy,Horror,Sci-Fi",5.5,51287,https://www.imdb.com/title/tt0848557/
tt6803046,The Vast of Night,2019,91,"Drama,Mystery,Sci-Fi",6.7,50825,https://www.imdb.com/title/tt6803046/
tt0087597,The Last Starfighter,1984,100,"Action,Adventure,Sci-Fi",6.7,50165,https://www.imdb.com/title/tt0087597/
tt4520364,Morgan,2016,92,"Action,Horror,Sci-Fi",5.9,49990,https://www.imdb.com/title/tt4520364/
tt0094761,The Blob,1988,95,"Horror,Sci-Fi,Thriller",6.7,49604,https://www.imdb.com/title/tt0094761/
tt1160996,The Colony,2013,95,"Action,Horror,Sci-Fi",5.3,49586,https://www.imdb.com/title/tt1160996/
tt1286126,A.R.O.G,2008,127,"Comedy,Sci-Fi",7.4,49448,https://www.imdb.com/title/tt1286126/
tt1881002,Maggie,2015,95,"Drama,Horror,Sci-Fi",5.6,49040,https://www.imdb.com/title/tt1881002/
tt2918436,The Lazarus Effect,2015,83,"Horror,Mystery,Sci-Fi",5.2,49032,https://www.imdb.com/title/tt2918436/
tt6341832,Oxygen,2021,100,"Drama,Fantasy,Sci-Fi",6.5,48772,https://www.imdb.com/title/tt6341832/
tt9873892,They Cloned Tyrone,2023,122,"Comedy,Mystery,Sci-Fi",6.7,48707,https://www.imdb.com/title/tt9873892/
tt27729779,The Platform 2,2024,99,"Horror,Sci-Fi,Thriller",4.9,48370,https://www.imdb.com/title/tt27729779/
tt1714203,Piranha 3DD,2012,83,"Comedy,Horror,Sci-Fi",3.8,48226,https://www.imdb.com/title/tt1714203/
tt4255304,The Void,2016,90,"Horror,Mystery,Sci-Fi",5.9,48164,https://www.imdb.com/title/tt4255304/
tt0462335,High-Rise,2015,119,"Drama,Sci-Fi",5.5,47785,https://www.imdb.com/title/tt0462335/
tt14549466,Crimes of the Future,2022,107,"Drama,Horror,Sci-Fi",5.8,47391,https://www.imdb.com/title/tt14549466/
tt1754700,The Prototype,2022,97,"Action,Sci-Fi,Thriller",2.2,47354,https://www.imdb.com/title/tt1754700/
tt0369226,Alone in the Dark,2005,96,"Action,Horror,Sci-Fi",2.4,46288,https://www.imdb.com/title/tt0369226/
tt0118661,The Avengers,1998,89,"Action,Adventure,Sci-Fi",3.8,45920,https://www.imdb.com/title/tt0118661/
tt0087995,Repo Man,1984,92,"Comedy,Crime,Sci-Fi",6.8,45919,https://www.imdb.com/title/tt0087995/
tt4827558,High Life,2018,113,"Drama,Sci-Fi,Thriller",5.7,45759,https://www.imdb.com/title/tt4827558/
tt4154916,Replicas,2018,107,"Action,Drama,Sci-Fi",5.5,45592,https://www.imdb.com/title/tt4154916/
tt2637294,Hot Tub Time Machine 2,2015,93,"Comedy,Mystery,Sci-Fi",5.0,45458,https://www.imdb.com/title/tt2637294/
tt2467046,Left Behind,2014,110,"Action,Fantasy,Sci-Fi",3.2,44701,https://www.imdb.com/title/tt2467046/
tt4216984,Wolf Man,2025,103,"Horror,Sci-Fi",5.6,44675,https://www.imdb.com/title/tt4216984/
tt1031280,Splinter,2008,82,"Crime,Horror,Sci-Fi",6.1,44658,https://www.imdb.com/title/tt1031280/
tt5640450,ARQ,2016,88,"Action,Sci-Fi,Thriller",6.3,44427,https://www.imdb.com/title/tt5640450/
tt0402901,The Cave,2005,97,"Adventure,Horror,Sci-Fi",5.2,44383,https://www.imdb.com/title/tt0402901/
tt0779982,Black Sheep,2006,87,"Comedy,Horror,Sci-Fi",5.8,43718,https://www.imdb.com/title/tt0779982/
tt0377713,Cube Zero,2004,97,"Drama,Mystery,Sci-Fi",5.6,43640,https://www.imdb.com/title/tt0377713/
tt0086491,Twilight Zone: The Movie,1983,101,"Horror,Sci-Fi",6.5,43601,https://www.imdb.com/title/tt0086491/
tt0080360,Altered States,1980,102,"Horror,Sci-Fi,Thriller",6.9,42851,https://www.imdb.com/title/tt0080360/
tt10128846,Megalopolis,2024,138,"Drama,Fantasy,Sci-Fi",4.7,42752,https://www.imdb.com/title/tt10128846/
tt0104692,The Lawnmower Man,1992,108,"Horror,Sci-Fi",5.5,42530,https://www.imdb.com/title/tt0104692/
tt0115571,The Arrival,1996,115,"Mystery,Sci-Fi,Thriller",6.2,42124,https://www.imdb.com/title/tt0115571/
tt6697582,Arif V 216,2018,125,"Comedy,Sci-Fi",6.9,41944,https://www.imdb.com/title/tt6697582/
tt0090887,Critters,1986,86,"Comedy,Horror,Sci-Fi",6.1,41757,https://www.imdb.com/title/tt0090887/
tt0089886,Real Genius,1985,108,"Comedy,Romance,Sci-Fi",6.9,41619,https://www.imdb.com/title/tt0089886/
tt7946422,Prospect,2018,100,"Adventure,Drama,Sci-Fi",6.3,41043,https://www.imdb.com/title/tt7946422/
tt1709143,The Last Days on Mars,2013,98,"Adventure,Horror,Sci-Fi",5.5,40874,https://www.imdb.com/title/tt1709143/
tt5155780,The Discovery,2017,102,"Drama,Romance,Sci-Fi",6.2,40854,https://www.imdb.com/title/tt5155780/
tt18072316,Bade Miyan Chote Miyan,2024,163,"Action,Adventure,Sci-Fi",3.7,40837,https://www.imdb.com/title/tt18072316/
tt1535616,The Divide,2011,112,"Drama,Horror,Sci-Fi",5.7,40575,https://www.imdb.com/title/tt1535616/
tt13964390,Under Paris,2024,104,"Action,Horror,Sci-Fi",5.2,40372,https://www.imdb.com/title/tt13964390/
tt0087262,Firestarter,1984,114,"Action,Horror,Sci-Fi",6.1,39862,https://www.imdb.com/title/tt0087262/
tt1464763,Mute,2018,126,"Mystery,Sci-Fi,Thriller",5.5,39742,https://www.imdb.com/title/tt1464763/
tt7605074,The Wandering Earth,2019,125,"Action,Adventure,Sci-Fi",5.9,39736,https://www.imdb.com/title/tt7605074/
tt0119013,Double Team,1997,93,"Action,Comedy,Sci-Fi",4.8,39034,https://www.imdb.com/title/tt0119013/
tt0910554,Frequently Asked Questions About Time Travel,2009,83,"Comedy,Sci-Fi",6.9,38916,https://www.imdb.com/title/tt0910554/
tt0457297,The Butterfly Effect 2,2006,92,"Drama,Sci-Fi,Thriller",4.5,38849,https://www.imdb.com/title/tt0457297/
tt1226681,Pontypool,2008,93,"Horror,Sci-Fi",6.5,38732,https://www.imdb.com/title/tt1226681/
tt0116654,The Island of Dr. Moreau,1996,96,"Horror,Sci-Fi,Thriller",4.6,38218,https://www.imdb.com/title/tt0116654/
tt3256226,IO,2019,96,"Adventure,Drama,Sci-Fi",4.8,38173,https://www.imdb.com/title/tt3256226/
tt0114614,Tank Girl,1995,104,"Action,Comedy,Sci-Fi",5.4,38028,https://www.imdb.com/title/tt0114614/
tt4357394,Tau,2018,97,"Horror,Sci-Fi,Thriller",5.8,37627,https://www.imdb.com/title/tt4357394/
tt0117108,Multiplicity,1996,117,"Comedy,Romance,Sci-Fi",6.2,37345,https://www.imdb.com/title/tt0117108/
tt24871974,Subservience,2024,106,"Sci-Fi,Thriller",5.4,37327,https://www.imdb.com/title/tt24871974/
tt0097138,Cyborg,1989,86,"Action,Sci-Fi,Thriller",5.1,37311,https://www.imdb.com/title/tt0097138/
tt0114852,Village of the Damned,1995,98,"Horror,Sci-Fi,Thriller",5.7,37126,https://www.imdb.com/title/tt0114852/
tt2084989,Upstream Color,2013,96,"Drama,Mystery,Sci-Fi",6.5,36262,https://www.imdb.com/title/tt2084989/
tt0091083,From Beyond,1986,85,"Horror,Sci-Fi",6.6,36180,https://www.imdb.com/title/tt0091083/
tt0364343,The Final Cut,2004,95,"Drama,Sci-Fi,Thriller",6.1,36086,https://www.imdb.com/title/tt0364343/
tt0082869,Outland,1981,109,"Action,Crime,Sci-Fi",6.6,35830,https://www.imdb.com/title/tt0082869/
tt0114857,Virtuosity,1995,106,"Action,Crime,Sci-Fi",5.5,35035,https://www.imdb.com/title/tt0114857/
tt1598642,Z for Zachariah,2015,98,"Drama,Romance,Sci-Fi",6.0,34837,https://www.imdb.com/title/tt1598642/
tt0098546,UHF,1989,97,"Comedy,Sci-Fi",6.9,34596,https://www.imdb.com/title/tt0098546/
tt3289728,Equals,2015,101,"Drama,Romance,Sci-Fi",6.0,34586,https://www.imdb.com/title/tt3289728/
tt13186306,War of the Worlds,2025,91,"Action,Adventure,Sci-Fi",2.5,34337,https://www.imdb.com/title/tt13186306/
tt0120841,Species II,1998,93,"Action,Horror,Sci-Fi",4.5,34033,https://www.imdb.com/title/tt0120841/
tt9354944,Jexi,2019,84,"Comedy,Romance,Sci-Fi",6.0,33895,https://www.imdb.com/title/tt9354944/
tt1305797,Enthiran,2010,174,"Action,Sci-Fi,Thriller",7.2,33873,https://www.imdb.com/title/tt1305797/
tt1713476,The Bay,2012,85,"Horror,Sci-Fi,Thriller",5.7,33416,https://www.imdb.com/title/tt1713476/
tt0284978,Cypher,2002,95,"Mystery,Sci-Fi,Thriller",6.7,33295,https://www.imdb.com/title/tt0284978/
tt0086856,The Adventures of Buckaroo Banzai Across the 8th Dimension,1984,103,"Adventure,Comedy,Sci-Fi",6.2,33154,https://www.imdb.com/title/tt0086856/
tt2317225,The Machine,2013,91,"Action,Drama,Sci-Fi",6.0,32982,https://www.imdb.com/title/tt2317225/
tt2071550,Open Grave,2013,102,"Horror,Mystery,Sci-Fi",6.1,32926,https://www.imdb.com/title/tt2071550/
tt0120004,The Relic,1997,110,"Horror,Mystery,Sci-Fi",5.8,32754,https://www.imdb.com/title/tt0120004/
tt0454919,Pulse,2006,90,"Horror,Sci-Fi,Thriller",4.7,32382,https://www.imdb.com/title/tt0454919/
tt0106950,Fortress,1992,95,"Action,Crime,Sci-Fi",5.9,32290,https://www.imdb.com/title/tt0106950/
tt0120458,Virus,1999,99,"Action,Horror,Sci-Fi",5.1,32268,https://www.imdb.com/title/tt0120458/
tt0115624,Barb Wire,1996,98,"Action,Sci-Fi",3.6,32217,https://www.imdb.com/title/tt0115624/
tt0176269,Universal Soldier: The Return,1999,83,"Action,Sci-Fi",4.2,32178,https://www.imdb.com/title/tt0176269/
tt0270846,Superbabies: Baby Geniuses 2,2003,88,"Comedy,Family,Sci-Fi",1.5,32144,https://www.imdb.com/title/tt0270846/
tt0286751,Pulse,2001,119,"Horror,Mystery,Sci-Fi",6.6,31999,https://www.imdb.com/title/tt0286751/
tt0114367,Screamers,1995,108,"Horror,Sci-Fi,Thriller",6.3,31953,https://www.imdb.com/title/tt0114367/
tt5080556,2.0,2018,148,"Action,Fantasy,Sci-Fi",6.0,30683,https://www.imdb.com/title/tt5080556/
tt35892608,Undertone,2025,94,"Horror,Sci-Fi,Thriller",5.9,30389,https://www.imdb.com/title/tt35892608/
tt0080736,The Final Countdown,1980,103,"Action,Adventure,Sci-Fi",6.7,30262,https://www.imdb.com/title/tt0080736/
tt9664108,Voyagers,2021,108,"Adventure,Mystery,Sci-Fi",5.5,30160,https://www.imdb.com/title/tt9664108/
tt6882604,Archive,2020,109,"Drama,Mystery,Sci-Fi",6.4,30131,https://www.imdb.com/title/tt6882604/
tt0246894,Rollerball,2002,98,"Action,Sci-Fi,Sport",3.2,29913,https://www.imdb.com/title/tt0246894/
tt0085894,The Man with Two Brains,1983,93,"Comedy,Romance,Sci-Fi",6.4,29770,https://www.imdb.com/title/tt0085894/
tt0104850,Memoirs of an Invisible Man,1992,99,"Comedy,Romance,Sci-Fi",6.0,29738,https://www.imdb.com/title/tt0104850/
tt2131532,Hidden,2015,84,"Horror,Sci-Fi,Thriller",6.3,29702,https://www.imdb.com/title/tt2131532/
tt0089869,The Quiet Earth,1985,91,"Drama,Mystery,Sci-Fi",6.7,29648,https://www.imdb.com/title/tt0089869/
tt14400246,Bird Box: Barcelona,2023,112,"Horror,Mystery,Sci-Fi",5.3,29642,https://www.imdb.com/title/tt14400246/
tt0095687,My Stepmother Is an Alien,1988,105,"Comedy,Sci-Fi",5.4,29598,https://www.imdb.com/title/tt0095687/
tt0096251,Tetsuo: The Iron Man,1989,67,"Horror,Sci-Fi",6.9,29367,https://www.imdb.com/title/tt0096251/
tt0091630,Night of the Creeps,1986,88,"Comedy,Horror,Sci-Fi",6.7,29026,https://www.imdb.com/title/tt0091630/
tt1029231,Krrish 3,2013,152,"Action,Adventure,Sci-Fi",5.4,29013,https://www.imdb.com/title/tt1029231/
tt0432637,Krrish,2006,154,"Action,Sci-Fi",6.5,28689,https://www.imdb.com/title/tt0432637/
tt0963194,Repo! The Genetic Opera,2008,98,"Horror,Musical,Sci-Fi",6.4,28653,https://www.imdb.com/title/tt0963194/
tt0180052,The Adventures of Pluto Nash,2002,95,"Action,Comedy,Sci-Fi",3.9,28413,https://www.imdb.com/title/tt0180052/
tt31806049,Brick,2025,99,"Drama,Mystery,Sci-Fi",5.5,28287,https://www.imdb.com/title/tt31806049/
tt4983780,Maanaadu,2021,147,"Action,Adventure,Sci-Fi",8.1,28002,https://www.imdb.com/title/tt4983780/
tt0134619,Disturbing Behavior,1998,84,"Horror,Mystery,Sci-Fi",5.7,27882,https://www.imdb.com/title/tt0134619/
tt2309961,Afflicted,2013,85,"Horror,Mystery,Sci-Fi",6.2,27850,https://www.imdb.com/title/tt2309961/
tt1288403,Universal Soldier: Regeneration,2009,97,"Action,Adventure,Sci-Fi",5.3,27461,https://www.imdb.com/title/tt1288403/
tt20225374,Vesper,2022,114,"Adventure,Drama,Sci-Fi",6.0,27378,https://www.imdb.com/title/tt20225374/
tt0087799,Night of the Comet,1984,95,"Comedy,Horror,Sci-Fi",6.3,27240,https://www.imdb.com/title/tt0087799/
tt0116514,Hellraiser: Bloodline,1996,85,"Horror,Sci-Fi",5.1,27127,https://www.imdb.com/title/tt0116514/
tt4981966,24,2016,164,"Action,Drama,Sci-Fi",7.9,26988,https://www.imdb.com/title/tt4981966/
tt1715336,Anna,2013,99,"Drama,Mystery,Sci-Fi",6.4,26821,https://www.imdb.com/title/tt1715336/
tt8633464,After Yang,2021,96,"Drama,Sci-Fi",6.6,26590,https://www.imdb.com/title/tt8633464/
tt0097368,The Fly II,1989,105,"Drama,Horror,Sci-Fi",5.2,26550,https://www.imdb.com/title/tt0097368/
tt0360556,Fahrenheit 451,2018,100,"Drama,Sci-Fi,Thriller",5.0,26477,https://www.imdb.com/title/tt0360556/
tt21308888,Paradise,2023,117,"Action,Sci-Fi,Thriller",6.3,25940,https://www.imdb.com/title/tt21308888/
tt0093185,The Hidden,1987,97,"Crime,Horror,Sci-Fi",7.0,25898,https://www.imdb.com/title/tt0093185/
tt1798632,Firestarter,2022,94,"Drama,Horror,Sci-Fi",4.6,25769,https://www.imdb.com/title/tt1798632/
tt0160399,Impostor,2001,95,"Drama,Mystery,Sci-Fi",6.2,25510,https://www.imdb.com/title/tt0160399/
tt3171832,iBoy,2017,90,"Action,Crime,Sci-Fi",5.9,25503,https://www.imdb.com/title/tt3171832/
tt32768323,The Assessment,2024,114,"Drama,Sci-Fi",6.6,24749,https://www.imdb.com/title/tt32768323/
tt0119891,Phantoms,1998,96,"Horror,Sci-Fi,Thriller",5.5,24668,https://www.imdb.com/title/tt0119891/
tt0110678,No Escape,1994,118,"Action,Drama,Sci-Fi",6.1,24561,https://www.imdb.com/title/tt0110678/
tt2403029,The Starving Games,2013,83,"Adventure,Comedy,Sci-Fi",3.3,24393,https://www.imdb.com/title/tt2403029/
tt7451284,Batman Ninja,2018,85,"Action,Animation,Sci-Fi",5.6,24323,https://www.imdb.com/title/tt7451284/
tt27599851,Apocalypse Z: The Beginning of the End,2024,117,"Action,Horror,Sci-Fi",6.1,24156,https://www.imdb.com/title/tt27599851/
tt1748207,Sound of My Voice,2011,85,"Drama,Mystery,Sci-Fi",6.5,23927,https://www.imdb.com/title/tt1748207/
tt0469263,The Astronaut Farmer,2006,104,"Adventure,Drama,Sci-Fi",6.3,23889,https://www.imdb.com/title/tt0469263/
tt1023500,Doghouse,2009,89,"Comedy,Horror,Sci-Fi",6.0,23665,https://www.imdb.com/title/tt1023500/
tt0095990,Return of the Living Dead II,1988,89,"Comedy,Horror,Sci-Fi",5.7,23634,https://www.imdb.com/title/tt0095990/
tt14857528,Time Cut,2024,91,"Horror,Mystery,Sci-Fi",5.1,23297,https://www.imdb.com/title/tt14857528/
tt1699231,Quarantine 2: Terminal,2011,86,"Horror,Sci-Fi,Thriller",5.2,23274,https://www.imdb.com/title/tt1699231/
tt2625810,Into the Forest,2015,101,"Drama,Sci-Fi,Thriller",5.8,23157,https://www.imdb.com/title/tt2625810/
tt13029044,Mother/Android,2021,110,"Drama,Sci-Fi,Thriller",5.0,23058,https://www.imdb.com/title/tt13029044/
tt8574252,The Witch: Part 1 - The Subversion,2018,125,"Action,Mystery,Sci-Fi",7.2,23056,https://www.imdb.com/title/tt8574252/
tt0780607,The Signal,2007,103,"Horror,Sci-Fi,Thriller",6.0,22602,https://www.imdb.com/title/tt0780607/
tt0314063,Immortal,2004,103,"Drama,Sci-Fi,Thriller",5.9,22469,https://www.imdb.com/title/tt0314063/
tt0106452,Body Snatchers,1993,87,"Horror,Sci-Fi",6.0,22070,https://www.imdb.com/title/tt0106452/
tt10333426,Bliss,2021,103,"Drama,Romance,Sci-Fi",5.4,21973,https://www.imdb.com/title/tt10333426/
tt4244162,Beta Test,2016,88,"Action,Sci-Fi,Thriller",4.6,21858,https://www.imdb.com/title/tt4244162/
tt0345061,Code 46,2003,93,"Drama,Romance,Sci-Fi",6.1,21846,https://www.imdb.com/title/tt0345061/
tt0090094,The Stuff,1985,87,"Comedy,Horror,Sci-Fi",5.9,21803,https://www.imdb.com/title/tt0090094/
tt1234541,The Butterfly Effect 3: Revelations,2009,90,"Crime,Sci-Fi,Thriller",5.6,21795,https://www.imdb.com/title/tt1234541/
tt7390588,Little Monsters,2019,93,"Comedy,Horror,Sci-Fi",6.3,21681,https://www.imdb.com/title/tt7390588/
tt1483797,Redline,2009,102,"Action,Animation,Sci-Fi",7.5,21419,https://www.imdb.com/title/tt1483797/
tt0193253,Jin-Roh: The Wolf Brigade,1999,102,"Animation,Drama,Sci-Fi",7.3,21277,https://www.imdb.com/title/tt0193253/
tt0134983,Supernova,2000,90,"Horror,Sci-Fi,Thriller",4.9,21149,https://www.imdb.com/title/tt0134983/
tt27218960,Y2K,2024,91,"Comedy,Horror,Sci-Fi",4.7,21123,https://www.imdb.com/title/tt27218960/
tt9820556,Breach,2020,92,"Action,Horror,Sci-Fi",2.9,21008,https://www.imdb.com/title/tt9820556/
tt1821641,The Congress,2013,122,"Animation,Drama,Sci-Fi",6.4,20906,https://www.imdb.com/title/tt1821641/
tt1656171,Dam999,2011,108,"Adventure,Drama,Sci-Fi",3.6,20809,https://www.imdb.com/title/tt1656171/
tt0381940,Cargo,2009,112,"Drama,Mystery,Sci-Fi",6.1,20615,https://www.imdb.com/title/tt0381940/
tt2183034,Earth to Echo,2014,91,"Adventure,Family,Sci-Fi",5.7,20543,https://www.imdb.com/title/tt2183034/
tt2580382,The Survivalist,2015,104,"Drama,Sci-Fi,Thriller",6.4,20494,https://www.imdb.com/title/tt2580382/
tt2268458,These Final Hours,2013,87,"Drama,Sci-Fi,Thriller",6.6,20463,https://www.imdb.com/title/tt2268458/
tt0090837,Chopping Mall,1986,77,"Horror,Sci-Fi",5.6,20395,https://www.imdb.com/title/tt0090837/
tt0086373,Strange Brew,1983,90,"Comedy,Crime,Sci-Fi",6.6,20267,https://www.imdb.com/title/tt0086373/
tt13207508,Swan Song,2021,116,"Drama,Romance,Sci-Fi",6.8,20066,https://www.imdb.com/title/tt13207508/
tt0960890,Zombie Strippers!,2008,94,"Comedy,Horror,Sci-Fi",4.1,19697,https://www.imdb.com/title/tt0960890/
tt20112746,Sting,2024,91,"Comedy,Horror,Sci-Fi",5.7,19654,https://www.imdb.com/title/tt20112746/
tt15428940,Jules,2023,87,"Comedy,Drama,Sci-Fi",6.8,19607,https://www.imdb.com/title/tt15428940/
tt0144814,The Rage: Carrie 2,1999,104,"Drama,Horror,Sci-Fi",4.8,19536,https://www.imdb.com/title/tt0144814/
tt12298506,Black Box,2020,100,"Horror,Mystery,Sci-Fi",6.2,19535,https://www.imdb.com/title/tt12298506/
tt0099180,Bride of Re-Animator,1990,96,"Comedy,Horror,Sci-Fi",6.2,19255,https://www.imdb.com/title/tt0099180/
tt0084745,Swamp Thing,1982,91,"Horror,Sci-Fi",5.3,19075,https://www.imdb.com/title/tt0084745/
tt0104299,Freejack,1992,110,"Action,Crime,Sci-Fi",5.4,18882,https://www.imdb.com/title/tt0104299/
tt1975159,Flight 7500,2014,80,"Drama,Horror,Sci-Fi",4.8,18797,https://www.imdb.com/title/tt1975159/
tt6127004,Paradise Hills,2019,95,"Fantasy,Mystery,Sci-Fi",5.3,18784,https://www.imdb.com/title/tt6127004/
tt2331047,Rememory,2017,111,"Drama,Mystery,Sci-Fi",6.1,18677,https://www.imdb.com/title/tt2331047/
tt0892899,Outpost,2008,90,"Action,Horror,Sci-Fi",5.8,18657,https://www.imdb.com/title/tt0892899/
tt0893402,Franklyn,2008,98,"Drama,Fantasy,Sci-Fi",6.0,18644,https://www.imdb.com/title/tt0893402/
tt0080354,Alligator,1980,91,"Horror,Sci-Fi,Thriller",6.1,18634,https://www.imdb.com/title/tt0080354/
tt1534085,Beyond the Black Rainbow,2010,110,"Horror,Mystery,Sci-Fi",5.9,18577,https://www.imdb.com/title/tt1534085/
tt0094919,Critters 2: The Main Course,1988,86,"Comedy,Horror,Sci-Fi",5.6,18484,https://www.imdb.com/title/tt0094919/
tt24577462,Afraid,2024,84,"Horror,Mystery,Sci-Fi",5.2,18378,https://www.imdb.com/title/tt24577462/
tt0131646,Wing Commander,1999,100,"Action,Adventure,Sci-Fi",4.4,18255,https://www.imdb.com/title/tt0131646/
tt0095863,Phantasm II,1988,97,"Fantasy,Horror,Sci-Fi",6.4,18200,https://www.imdb.com/title/tt0095863/
tt0094631,Alien Nation,1988,91,"Action,Sci-Fi",6.3,17926,https://www.imdb.com/title/tt0094631/
tt3480796,Vice,2015,96,"Action,Sci-Fi,Thriller",4.2,17547,https://www.imdb.com/title/tt3480796/
tt5442456,24 Hours to Live,2017,93,"Action,Sci-Fi,Thriller",5.8,17490,https://www.imdb.com/title/tt5442456/
tt7529298,Attack,2022,121,"Action,Sci-Fi,Thriller",6.8,17442,https://www.imdb.com/title/tt7529298/
tt6063090,Light of My Life,2019,119,"Drama,Sci-Fi,Thriller",6.6,17230,https://www.imdb.com/title/tt6063090/
tt0099611,Frankenhooker,1990,85,"Comedy,Horror,Sci-Fi",6.2,17201,https://www.imdb.com/title/tt0099611/
tt11252440,Psycho Goreman,2020,95,"Comedy,Horror,Sci-Fi",6.3,17173,https://www.imdb.com/title/tt11252440/
tt0349047,Dreamship Surprise: Period 1,2004,87,"Comedy,Sci-Fi",5.5,17113,https://www.imdb.com/title/tt0349047/
tt0808240,Turks in Space,2006,110,"Action,Comedy,Sci-Fi",1.6,17033,https://www.imdb.com/title/tt0808240/
tt2099556,Antiviral,2012,108,"Horror,Mystery,Sci-Fi",5.7,16991,https://www.imdb.com/title/tt2099556/
tt0099740,Hardware,1990,94,"Horror,Sci-Fi,Thriller",6.0,16829,https://www.imdb.com/title/tt0099740/
tt0386741,Renaissance,2006,105,"Action,Animation,Sci-Fi",6.6,16783,https://www.imdb.com/title/tt0386741/
tt0238552,Replicant,2001,100,"Action,Sci-Fi,Thriller",5.4,16680,https://www.imdb.com/title/tt0238552/
tt0099817,I Come in Peace,1990,91,"Action,Crime,Sci-Fi",6.1,16492,https://www.imdb.com/title/tt0099817/
tt0114279,Richard III,1995,104,"Drama,Sci-Fi,War",7.3,16436,https://www.imdb.com/title/tt0114279/
tt1519461,Area 51,2015,91,"Horror,Mystery,Sci-Fi",4.3,16359,https://www.imdb.com/title/tt1519461/
tt1216520,Womb,2010,111,"Drama,Romance,Sci-Fi",6.3,16328,https://www.imdb.com/title/tt1216520/
tt2667380,Kill Command,2016,99,"Action,Horror,Sci-Fi",5.7,16274,https://www.imdb.com/title/tt2667380/
tt0103923,Captain America,1990,97,"Action,Adventure,Sci-Fi",3.3,16184,https://www.imdb.com/title/tt0103923/
tt11762434,Cosmic Sin,2021,88,"Action,Sci-Fi",2.5,16131,https://www.imdb.com/title/tt11762434/
tt0218553,Ring 2,1999,95,"Horror,Mystery,Sci-Fi",5.8,16121,https://www.imdb.com/title/tt0218553/
tt7589524,Aniara,2018,106,"Drama,Sci-Fi",6.3,16115,https://www.imdb.com/title/tt7589524/
tt8615822,Occupation: Rainfall,2020,128,"Action,Sci-Fi",4.7,16048,https://www.imdb.com/title/tt8615822/
tt6774786,Occupation,2018,119,"Action,Drama,Sci-Fi",4.5,15932,https://www.imdb.com/title/tt6774786/
tt0088083,Sexmission,1984,122,"Adventure,Comedy,Sci-Fi",7.5,15887,https://www.imdb.com/title/tt0088083/
tt3327624,Infini,2015,110,"Horror,Sci-Fi,Thriller",5.3,15811,https://www.imdb.com/title/tt3327624/
tt0400426,Far Cry,2008,95,"Action,Adventure,Sci-Fi",3.2,15782,https://www.imdb.com/title/tt0400426/
tt0091993,SpaceCamp,1986,107,"Adventure,Family,Sci-Fi",5.8,15616,https://www.imdb.com/title/tt0091993/
tt0087015,C.H.U.D.,1984,88,"Horror,Sci-Fi",5.6,15565,https://www.imdb.com/title/tt0087015/
tt13655120,I.S.S.,2023,95,"Sci-Fi,Thriller",5.3,15551,https://www.imdb.com/title/tt13655120/
tt0088979,D.A.R.Y.L.,1985,99,"Family,Sci-Fi",6.3,15528,https://www.imdb.com/title/tt0088979/
tt0091341,Kin-dza-dza!,1986,135,"Comedy,Drama,Sci-Fi",7.8,15499,https://www.imdb.com/title/tt0091341/
tt2414766,Frequencies,2013,109,"Mystery,Romance,Sci-Fi",6.7,15320,https://www.imdb.com/title/tt2414766/
tt1631707,Enter Nowhere,2011,90,"Mystery,Sci-Fi,Thriller",6.4,15245,https://www.imdb.com/title/tt1631707/
tt0120764,My Favorite Martian,1999,94,"Comedy,Family,Sci-Fi",5.1,15220,https://www.imdb.com/title/tt0120764/
tt1231277,S. Darko,2009,103,"Drama,Mystery,Sci-Fi",3.6,15060,https://www.imdb.com/title/tt1231277/
tt7042862,The Man Who Killed Hitler and Then the Bigfoot,2018,98,"Adventure,Drama,Sci-Fi",5.7,15018,https://www.imdb.com/title/tt7042862/
tt0097179,DeepStar Six,1989,99,"Action,Horror,Sci-Fi",5.4,14939,https://www.imdb.com/title/tt0097179/
tt0094793,Brain Damage,1988,84,"Comedy,Horror,Sci-Fi",6.5,14915,https://www.imdb.com/title/tt0094793/
tt0458367,Right at Your Door,2006,96,"Drama,Sci-Fi,Thriller",6.0,14912,https://www.imdb.com/title/tt0458367/
tt14145426,Beavis and Butt-Head Do the Universe,2022,87,"Animation,Comedy,Sci-Fi",7.0,14888,https://www.imdb.com/title/tt14145426/
tt1725795,7 Aum Arivu,2011,168,"Action,Sci-Fi,Thriller",6.7,14852,https://www.imdb.com/title/tt1725795/
tt0480239,Atlas Shrugged: Part I,2011,97,"Drama,Mystery,Sci-Fi",5.6,14851,https://www.imdb.com/title/tt0480239/
tt9005184,Dual,2022,94,"Comedy,Drama,Sci-Fi",5.8,14842,https://www.imdb.com/title/tt9005184/
tt0095652,Monkey Shines,1988,113,"Drama,Horror,Sci-Fi",6.2,14803,https://www.imdb.com/title/tt0095652/
tt1817771,Freaks of Nature,2015,92,"Comedy,Horror,Sci-Fi",5.9,14756,https://www.imdb.com/title/tt1817771/
tt6169694,I Think We're Alone Now,2018,99,"Drama,Mystery,Sci-Fi",5.8,14706,https://www.imdb.com/title/tt6169694/
tt1161418,Gentlemen Broncos,2009,90,"Comedy,Fantasy,Sci-Fi",6.2,14587,https://www.imdb.com/title/tt1161418/
tt12335692,Last Man Down,2021,87,"Action,Sci-Fi",3.5,14586,https://www.imdb.com/title/tt12335692/
tt0085271,Brainstorm,1983,106,"Sci-Fi,Thriller",6.4,14508,https://www.imdb.com/title/tt0085271/
tt0101627,Critters 3,1991,86,"Comedy,Horror,Sci-Fi",4.5,14505,https://www.imdb.com/title/tt0101627/
tt6506264,The Colony,2021,104,"Action,Adventure,Sci-Fi",5.4,14398,https://www.imdb.com/title/tt6506264/
tt0109327,Brainscan,1994,96,"Horror,Sci-Fi",6.0,14343,https://www.imdb.com/title/tt0109327/
tt18083578,57 Seconds,2023,99,"Adventure,Sci-Fi,Thriller",5.4,14320,https://www.imdb.com/title/tt18083578/
tt1235448,The Thaw,2009,94,"Horror,Sci-Fi",5.2,14256,https://www.imdb.com/title/tt1235448/
tt0157262,2001: A Space Travesty,2000,99,"Comedy,Sci-Fi",3.5,14174,https://www.imdb.com/title/tt0157262/
tt0222812,Beyond Re-Animator,2003,96,"Comedy,Horror,Sci-Fi",5.7,14060,https://www.imdb.com/title/tt0222812/
tt2358592,Lucia,2013,135,"Drama,Sci-Fi,Thriller",8.3,13922,https://www.imdb.com/title/tt2358592/
tt0142236,Dragon Ball Z: Fusion Reborn,1995,51,"Action,Animation,Sci-Fi",7.6,13787,https://www.imdb.com/title/tt0142236/
tt8258502,Foe,2023,110,"Drama,Romance,Sci-Fi",5.4,13673,https://www.imdb.com/title/tt8258502/
tt20859464,The Artifice Girl,2022,93,"Mystery,Sci-Fi,Thriller",6.6,13441,https://www.imdb.com/title/tt20859464/
tt2781832,Final Prayer,2013,89,"Horror,Sci-Fi,Thriller",5.8,13422,https://www.imdb.com/title/tt2781832/
tt7026488,Come True,2020,105,"Horror,Sci-Fi",5.9,13336,https://www.imdb.com/title/tt7026488/
tt6290798,UFO,2018,88,"Drama,Mystery,Sci-Fi",6.2,13195,https://www.imdb.com/title/tt6290798/
tt1918734,2067,2020,114,"Mystery,Sci-Fi",4.9,13083,https://www.imdb.com/title/tt1918734/
tt2091478,Air,2015,95,"Drama,Sci-Fi,Thriller",5.1,13051,https://www.imdb.com/title/tt2091478/
tt6675244,Transit,2018,101,"Drama,Sci-Fi",6.9,12947,https://www.imdb.com/title/tt6675244/
tt8399288,Memoria,2021,136,"Drama,Mystery,Sci-Fi",6.4,12926,https://www.imdb.com/title/tt8399288/
tt12592252,Songbird,2020,84,"Drama,Sci-Fi,Thriller",4.8,12875,https://www.imdb.com/title/tt12592252/
tt3839880,Infinity Chamber,2016,103,"Sci-Fi,Thriller",6.2,12867,https://www.imdb.com/title/tt3839880/
tt1757746,Extracted,2012,89,"Drama,Sci-Fi",6.4,12840,https://www.imdb.com/title/tt1757746/
tt0089280,Hobgoblins,1988,88,"Comedy,Horror,Sci-Fi",2.3,12791,https://www.imdb.com/title/tt0089280/
tt5591666,The Domestics,2018,95,"Action,Horror,Sci-Fi",5.7,12772,https://www.imdb.com/title/tt5591666/
tt1643222,Hell,2011,89,"Horror,Sci-Fi,Thriller",5.8,12761,https://www.imdb.com/title/tt1643222/
tt0101458,Until the End of the World,1991,158,"Action,Drama,Sci-Fi",6.8,12692,https://www.imdb.com/title/tt0101458/
tt0080904,Humanoids from the Deep,1980,80,"Horror,Sci-Fi",5.7,12602,https://www.imdb.com/title/tt0080904/
tt12616480,Slingshot,2024,108,"Mystery,Sci-Fi,Thriller",5.7,12593,https://www.imdb.com/title/tt12616480/
tt0119809,Nowhere,1997,82,"Comedy,Drama,Sci-Fi",6.6,12528,https://www.imdb.com/title/tt0119809/
tt15710136,Yashoda,2022,135,"Action,Crime,Sci-Fi",6.5,12502,https://www.imdb.com/title/tt15710136/
tt14407336,The Beast,2023,146,"Drama,Romance,Sci-Fi",6.4,12486,https://www.imdb.com/title/tt14407336/
tt8664988,The Blackout,2019,127,"Action,Sci-Fi,Thriller",6.0,12458,https://www.imdb.com/title/tt8664988/
tt0099731,The Handmaid's Tale,1990,108,"Drama,Romance,Sci-Fi",6.0,12445,https://www.imdb.com/title/tt0099731/
tt6143568,The Humanity Bureau,2017,95,"Action,Sci-Fi,Thriller",4.5,12359,https://www.imdb.com/title/tt6143568/
tt0093793,Project X,1987,108,"Comedy,Drama,Sci-Fi",6.2,12316,https://www.imdb.com/title/tt0093793/
tt3832096,Cabin Fever,2016,99,"Horror,Sci-Fi,Thriller",3.8,12307,https://www.imdb.com/title/tt3832096/
tt32880932,V/H/S/Beyond,2024,114,"Horror,Sci-Fi,Thriller",5.8,12291,https://www.imdb.com/title/tt32880932/
tt2011276,Banshee Chapter,2013,87,"Horror,Mystery,Sci-Fi",5.4,12235,https://www.imdb.com/title/tt2011276/
tt0103003,Suburban Commando,1991,90,"Action,Comedy,Sci-Fi",4.7,12225,https://www.imdb.com/title/tt0103003/
tt0200469,Bats,1999,91,"Horror,Sci-Fi,Thriller",4.1,12184,https://www.imdb.com/title/tt0200469/
tt7851428,First Signal,2021,102,"Drama,Sci-Fi",3.3,12170,https://www.imdb.com/title/tt7851428/
tt0091276,Invaders from Mars,1986,100,"Horror,Sci-Fi",5.6,12161,https://www.imdb.com/title/tt0091276/
tt0092546,Amazon Women on the Moon,1987,85,"Comedy,Sci-Fi",6.2,12155,https://www.imdb.com/title/tt0092546/
tt5813366,Bleeding Steel,2017,109,"Action,Sci-Fi,Thriller",5.2,12153,https://www.imdb.com/title/tt5813366/
tt0339579,Returner,2002,116,"Action,Adventure,Sci-Fi",6.4,11901,https://www.imdb.com/title/tt0339579/
tt0325596,The I Inside,2004,90,"Mystery,Sci-Fi,Thriller",6.0,11832,https://www.imdb.com/title/tt0325596/
tt5770864,The Man from Earth: Holocene,2017,98,"Drama,Fantasy,Sci-Fi",5.2,11830,https://www.imdb.com/title/tt5770864/
tt0079285,Saturn 3,1980,88,"Adventure,Horror,Sci-Fi",5.1,11768,https://www.imdb.com/title/tt0079285/
tt1935302,Monsters: Dark Continent,2014,119,"Action,Drama,Sci-Fi",4.3,11762,https://www.imdb.com/title/tt1935302/
tt12800524,Encounter,2021,108,"Drama,Sci-Fi,Thriller",5.9,11722,https://www.imdb.com/title/tt12800524/
tt3774790,400 Days,2015,91,"Mystery,Sci-Fi,Thriller",4.4,11715,https://www.imdb.com/title/tt3774790/
tt2967286,Steins;Gate: The Movie - Load Region of Déjà Vu,2013,90,"Animation,Mystery,Sci-Fi",7.8,11686,https://www.imdb.com/title/tt2967286/
tt0080421,Battle Beyond the Stars,1980,102,"Action,Adventure,Sci-Fi",5.5,11678,https://www.imdb.com/title/tt0080421/
tt13964560,The Astronaut,2025,90,"Horror,Sci-Fi,Thriller",4.8,11624,https://www.imdb.com/title/tt13964560/
tt11541872,Big Bug,2022,111,"Comedy,Sci-Fi",5.5,11567,https://www.imdb.com/title/tt11541872/
tt9624766,Jiu Jitsu,2020,102,"Action,Sci-Fi,Thriller",2.9,11458,https://www.imdb.com/title/tt9624766/
tt0457275,Altered,2006,88,"Horror,Sci-Fi,Thriller",5.6,11386,https://www.imdb.com/title/tt0457275/
tt6560164,Sweetheart,2019,82,"Adventure,Horror,Sci-Fi",5.8,11380,https://www.imdb.com/title/tt6560164/
tt9023964,Silent Zone,2025,119,"Action,Horror,Sci-Fi",5.7,11365,https://www.imdb.com/title/tt9023964/
tt2597892,Viral,2016,85,"Drama,Horror,Sci-Fi",5.5,11352,https://www.imdb.com/title/tt2597892/
tt0120029,RocketMan,1997,95,"Comedy,Family,Sci-Fi",5.9,11251,https://www.imdb.com/title/tt0120029/
tt12474056,New Order,2020,86,"Crime,Drama,Sci-Fi",6.5,11236,https://www.imdb.com/title/tt12474056/
tt14500584,Beyond the Infinite Two Minutes,2020,70,"Comedy,Sci-Fi",7.2,11199,https://www.imdb.com/title/tt14500584/
tt0102181,Kafka,1991,98,"Drama,Mystery,Sci-Fi",6.8,11162,https://www.imdb.com/title/tt0102181/
tt35217961,Baida,2025,109,"Adventure,Sci-Fi,Thriller",4.8,11050,https://www.imdb.com/title/tt35217961/
tt6010628,Zoe,2018,104,"Drama,Romance,Sci-Fi",6.1,11031,https://www.imdb.com/title/tt6010628/
tt0082910,Piranha II: The Spawning,1982,94,"Horror,Sci-Fi,Thriller",3.8,11025,https://www.imdb.com/title/tt0082910/
tt0142243,Dragon Ball Z: Wrath of the Dragon,1995,52,"Action,Animation,Sci-Fi",7.4,11025,https://www.imdb.com/title/tt0142243/
tt1407049,Altitude,2010,90,"Horror,Mystery,Sci-Fi",4.8,10993,https://www.imdb.com/title/tt1407049/
tt5215088,A.I. Rising,2018,85,"Drama,Romance,Sci-Fi",4.9,10952,https://www.imdb.com/title/tt5215088/
tt3722614,Revolt,2017,87,"Action,Adventure,Sci-Fi",5.3,10943,https://www.imdb.com/title/tt3722614/
tt35522483,Nirvanna the Band the Show the Movie,2025,100,"Adventure,Comedy,Sci-Fi",7.8,10835,https://www.imdb.com/title/tt35522483/
tt13334578,Ganapath,2023,133,"Action,Drama,Sci-Fi",2.6,10799,https://www.imdb.com/title/tt13334578/
tt0116839,Lawnmower Man 2: Beyond Cyberspace,1995,93,"Action,Sci-Fi,Thriller",2.6,10785,https://www.imdb.com/title/tt0116839/
tt13968674,Fingernails,2023,113,"Drama,Romance,Sci-Fi",5.8,10768,https://www.imdb.com/title/tt13968674/
tt8747160,The Block Island Sound,2020,99,"Horror,Mystery,Sci-Fi",5.4,10744,https://www.imdb.com/title/tt8747160/
tt0083109,The Cabbage Soup,1981,102,"Comedy,Sci-Fi",6.5,10730,https://www.imdb.com/title/tt0083109/
tt0090849,Class of Nuke 'Em High,1986,85,"Comedy,Horror,Sci-Fi",5.6,10606,https://www.imdb.com/title/tt0090849/
tt6852872,Elizabeth Harvest,2018,108,"Horror,Sci-Fi,Thriller",5.8,10577,https://www.imdb.com/title/tt6852872/
tt0111003,The Puppet Masters,1994,109,"Horror,Sci-Fi,Thriller",5.9,10518,https://www.imdb.com/title/tt0111003/
tt5979874,Godzilla: Planet of the Monsters,2017,89,"Action,Animation,Sci-Fi",6.0,10500,https://www.imdb.com/title/tt5979874/
tt5636228,Lumina,2024,113,"Adventure,Horror,Sci-Fi",2.7,10466,https://www.imdb.com/title/tt5636228/
tt1918886,Joker,2012,104,"Comedy,Family,Sci-Fi",2.7,10429,https://www.imdb.com/title/tt1918886/
tt13270424,Brian and Charles,2022,90,"Comedy,Drama,Sci-Fi",6.7,10413,https://www.imdb.com/title/tt13270424/
tt4971408,Await Further Instructions,2018,91,"Horror,Mystery,Sci-Fi",4.9,10386,https://www.imdb.com/title/tt4971408/
tt3463106,The Cured,2017,95,"Drama,Horror,Sci-Fi",5.6,10379,https://www.imdb.com/title/tt3463106/
tt9387250,Skylines,2020,113,"Action,Adventure,Sci-Fi",4.8,10373,https://www.imdb.com/title/tt9387250/
tt15041836,Werewolves,2024,93,"Action,Horror,Sci-Fi",4.4,10237,https://www.imdb.com/title/tt15041836/
tt3923662,The Rezort,2015,91,"Horror,Sci-Fi,Thriller",5.3,10145,https://www.imdb.com/title/tt3923662/
tt0181151,What Planet Are You From?,2000,105,"Comedy,Sci-Fi",5.7,10137,https://www.imdb.com/title/tt0181151/
tt12108622,Infinitum: Subject Unknown,2021,86,"Mystery,Sci-Fi",4.0,10087,https://www.imdb.com/title/tt12108622/
tt4575328,2036 Origin Unknown,2018,94,"Action,Sci-Fi,Thriller",4.3,10086,https://www.imdb.com/title/tt4575328/
tt0780583,Flight of the Living Dead,2007,89,"Horror,Sci-Fi",5.1,10042,https://www.imdb.com/title/tt0780583/
tt0099277,Class of 1999,1990,99,"Action,Horror,Sci-Fi",5.9,9993,https://www.imdb.com/title/tt0099277/
tt7374926,Proxima,2019,107,"Adventure,Drama,Sci-Fi",6.3,9959,https://www.imdb.com/title/tt7374926/
tt0090917,Deadly Friend,1986,91,"Drama,Horror,Sci-Fi",5.6,9935,https://www.imdb.com/title/tt0090917/
tt0120199,Space Truckers,1996,95,"Adventure,Comedy,Sci-Fi",5.4,9841,https://www.imdb.com/title/tt0120199/
tt3354222,As the Gods Will,2014,117,"Adventure,Horror,Sci-Fi",6.3,9817,https://www.imdb.com/title/tt3354222/
tt5227746,The Unthinkable,2018,129,"Action,Romance,Sci-Fi",5.9,9764,https://www.imdb.com/title/tt5227746/
tt3864024,Lazer Team,2015,102,"Action,Comedy,Sci-Fi",5.5,9701,https://www.imdb.com/title/tt3864024/
tt1125254,Dragon Ball Z: Cooler's Revenge,1991,47,"Action,Animation,Sci-Fi",7.0,9673,https://www.imdb.com/title/tt1125254/
tt1935914,The Last Days,2013,100,"Horror,Sci-Fi,Thriller",6.1,9638,https://www.imdb.com/title/tt1935914/
tt4573516,Sleight,2016,89,"Crime,Drama,Sci-Fi",5.9,9547,https://www.imdb.com/title/tt4573516/
tt20212786,The Shrouds,2024,120,"Drama,Horror,Sci-Fi",5.7,9544,https://www.imdb.com/title/tt20212786/
tt0996979,Alien Raiders,2008,85,"Action,Horror,Sci-Fi",5.6,9523,https://www.imdb.com/title/tt0996979/
tt0109838,Freaked,1993,80,"Comedy,Sci-Fi",6.4,9520,https://www.imdb.com/title/tt0109838/
tt1368440,Branded,2012,106,"Drama,Fantasy,Sci-Fi",4.6,9492,https://www.imdb.com/title/tt1368440/
tt2674430,Approaching the Unknown,2016,90,"Drama,Sci-Fi,Thriller",4.9,9444,https://www.imdb.com/title/tt2674430/
tt9735470,Little Fish,2020,101,"Drama,Romance,Sci-Fi",7.0,9435,https://www.imdb.com/title/tt9735470/
tt7873348,Save Yourselves!,2020,93,"Adventure,Comedy,Sci-Fi",5.8,9416,https://www.imdb.com/title/tt7873348/
tt6456326,Monsters of Man,2020,131,"Action,Sci-Fi,Thriller",5.4,9353,https://www.imdb.com/title/tt6456326/
tt4058012,96 Souls,2016,112,"Drama,Mystery,Sci-Fi",5.9,9317,https://www.imdb.com/title/tt4058012/
tt4157728,The Last Boy,2019,87,"Fantasy,Mystery,Sci-Fi",4.7,9285,https://www.imdb.com/title/tt4157728/
tt0086610,Xtro,1982,84,"Horror,Sci-Fi",5.6,9247,https://www.imdb.com/title/tt0086610/
tt27440937,Weapon,2024,120,"Action,Sci-Fi,Thriller",5.6,9244,https://www.imdb.com/title/tt27440937/
tt0101628,Critters 4,1992,87,"Horror,Sci-Fi",4.1,9231,https://www.imdb.com/title/tt0101628/
tt9264728,What Lies Below,2020,87,"Drama,Horror,Sci-Fi",4.4,9224,https://www.imdb.com/title/tt9264728/
tt0138703,Phantasm IV: Oblivion,1998,90,"Fantasy,Horror,Sci-Fi",5.5,9220,https://www.imdb.com/title/tt0138703/
tt5864904,The Capture,2017,78,"Sci-Fi,Thriller",5.4,9218,https://www.imdb.com/title/tt5864904/
tt2102496,Cabin Fever 3: Patient Zero,2014,91,"Horror,Sci-Fi",4.4,9174,https://www.imdb.com/title/tt2102496/
tt1541874,Love,2011,84,"Drama,Music,Sci-Fi",5.4,9154,https://www.imdb.com/title/tt1541874/
tt0090192,Trancers,1984,76,"Action,Sci-Fi",6.0,9103,https://www.imdb.com/title/tt0090192/
tt0142241,Dragon Ball Z: Super Android 13!,1992,46,"Action,Animation,Sci-Fi",6.9,8975,https://www.imdb.com/title/tt0142241/
tt5464234,Kill Switch,2017,91,"Action,Sci-Fi,Thriller",4.7,8964,https://www.imdb.com/title/tt5464234/
tt2369317,Space Station 76,2014,93,"Comedy,Drama,Sci-Fi",4.9,8940,https://www.imdb.com/title/tt2369317/
tt3469798,Órbita 9,2017,95,"Drama,Sci-Fi,Thriller",5.9,8921,https://www.imdb.com/title/tt3469798/
tt12579470,Robots,2023,93,"Comedy,Romance,Sci-Fi",5.6,8902,https://www.imdb.com/title/tt12579470/
tt0093405,Leonard Part 6,1987,85,"Action,Comedy,Sci-Fi",2.2,8872,https://www.imdb.com/title/tt0093405/
tt0962711,The Objective,2008,90,"Horror,Sci-Fi,Thriller",5.4,8818,https://www.imdb.com/title/tt0962711/
tt2395385,+1,2013,96,"Horror,Sci-Fi,Thriller",5.5,8802,https://www.imdb.com/title/tt2395385/
tt3774802,Pandemic,2016,91,"Action,Horror,Sci-Fi",4.4,8795,https://www.imdb.com/title/tt3774802/
tt0273689,It's All About Love,2003,106,"Drama,Romance,Sci-Fi",5.3,8791,https://www.imdb.com/title/tt0273689/
tt0084945,Zapped!,1982,98,"Comedy,Fantasy,Sci-Fi",5.0,8768,https://www.imdb.com/title/tt0084945/
tt0093171,Hell Comes to Frogtown,1988,86,"Action,Comedy,Sci-Fi",5.5,8753,https://www.imdb.com/title/tt0093171/
tt1210027,Afterburn,2025,105,"Action,Comedy,Sci-Fi",4.6,8750,https://www.imdb.com/title/tt1210027/
tt15220066,Marshmallow,2025,93,"Horror,Sci-Fi",5.6,8722,https://www.imdb.com/title/tt15220066/
tt0087622,The Lift,1983,95,"Horror,Mystery,Sci-Fi",6.1,8720,https://www.imdb.com/title/tt0087622/
tt4578118,Rupture,2016,102,"Horror,Sci-Fi,Thriller",4.9,8719,https://www.imdb.com/title/tt4578118/
tt2048770,I'll Follow You Down,2013,89,"Drama,Mystery,Sci-Fi",6.1,8649,https://www.imdb.com/title/tt2048770/
tt0092074,TerrorVision,1986,85,"Comedy,Horror,Sci-Fi",5.6,8629,https://www.imdb.com/title/tt0092074/
tt11540468,Breathe,2024,93,"Action,Sci-Fi,Thriller",4.3,8610,https://www.imdb.com/title/tt11540468/
tt1196334,After Last Season,2009,93,"Drama,Sci-Fi,Thriller",1.6,8587,https://www.imdb.com/title/tt1196334/
tt0446719,Isolation,2005,95,"Horror,Sci-Fi,Thriller",5.6,8585,https://www.imdb.com/title/tt0446719/
tt4814760,Here Alone,2016,98,"Drama,Horror,Sci-Fi",5.6,8555,https://www.imdb.com/title/tt4814760/
tt0182060,The Man Who Saved the World,1982,91,"Action,Adventure,Sci-Fi",4.3,8439,https://www.imdb.com/title/tt0182060/
tt7375466,Warriors of Future,2022,112,"Action,Adventure,Sci-Fi",5.6,8434,https://www.imdb.com/title/tt7375466/
tt0094764,The Blood of Heroes,1989,104,"Action,Sci-Fi,Sport",6.3,8356,https://www.imdb.com/title/tt0094764/
tt0095989,Return of the Killer Tomatoes!,1988,98,"Comedy,Horror,Sci-Fi",5.3,8290,https://www.imdb.com/title/tt0095989/
tt3722062,Bokeh,2017,92,"Drama,Sci-Fi",5.0,8286,https://www.imdb.com/title/tt3722062/
tt5197544,Baar Baar Dekho,2016,141,"Drama,Romance,Sci-Fi",5.4,8245,https://www.imdb.com/title/tt5197544/
tt0102800,Robot Jox,1989,85,"Action,Sci-Fi,Thriller",5.5,8184,https://www.imdb.com/title/tt0102800/
tt0086429,Testament,1983,90,"Drama,Sci-Fi",6.9,8162,https://www.imdb.com/title/tt0086429/
tt17677434,Rich Flu,2024,106,"Sci-Fi,Thriller",4.9,8121,https://www.imdb.com/title/tt17677434/
tt1396208,Action Replayy,2010,129,"Comedy,Romance,Sci-Fi",4.4,8087,https://www.imdb.com/title/tt1396208/
tt8718300,Proximity,2020,119,"Drama,Sci-Fi",4.8,8020,https://www.imdb.com/title/tt8718300/
tt1745686,The Wall,2012,108,"Drama,Mystery,Sci-Fi",6.7,8019,https://www.imdb.com/title/tt1745686/
tt1985017,Atlas Shrugged II: The Strike,2012,111,"Drama,Mystery,Sci-Fi",5.3,8004,https://www.imdb.com/title/tt1985017/
tt0970472,Vexille,2007,109,"Action,Animation,Sci-Fi",6.7,7999,https://www.imdb.com/title/tt0970472/
tt2145829,Robot Overlords,2014,90,"Action,Adventure,Sci-Fi",4.6,7930,https://www.imdb.com/title/tt2145829/
tt0466664,Alien Autopsy,2006,95,"Biography,Comedy,Sci-Fi",5.9,7922,https://www.imdb.com/title/tt0466664/
tt2962726,The Anomaly,2014,97,"Action,Mystery,Sci-Fi",4.7,7903,https://www.imdb.com/title/tt2962726/
tt26258634,7:11 PM,2023,142,"Action,Sci-Fi,Thriller",5.5,7866,https://www.imdb.com/title/tt26258634/
tt6574272,Phoenix Forgotten,2017,87,"Horror,Mystery,Sci-Fi",5.4,7845,https://www.imdb.com/title/tt6574272/
tt0107668,Nemesis,1992,96,"Action,Drama,Sci-Fi",5.4,7826,https://www.imdb.com/title/tt0107668/
tt5017936,Prodigy,2017,80,"Drama,Sci-Fi,Thriller",5.9,7808,https://www.imdb.com/title/tt5017936/
tt2369396,Bounty Killer,2013,92,"Action,Comedy,Sci-Fi",5.5,7798,https://www.imdb.com/title/tt2369396/
tt2246837,Maattrraan,2012,165,"Action,Sci-Fi,Thriller",6.3,7744,https://www.imdb.com/title/tt2246837/
tt1986953,Storage 24,2012,87,"Horror,Sci-Fi",4.5,7734,https://www.imdb.com/title/tt1986953/
tt0179183,Fortress 2: Re-Entry,2000,92,"Action,Sci-Fi",4.5,7691,https://www.imdb.com/title/tt0179183/
tt0083959,Forbidden World,1982,77,"Horror,Sci-Fi",5.1,7683,https://www.imdb.com/title/tt0083959/
tt3397918,Harbinger Down,2015,82,"Horror,Sci-Fi,Thriller",4.6,7664,https://www.imdb.com/title/tt3397918/
tt0097883,Millennium,1989,108,"Drama,Sci-Fi,Thriller",5.8,7661,https://www.imdb.com/title/tt0097883/
tt9526826,Android Kunjappan Ver 5.25,2019,140,"Comedy,Drama,Sci-Fi",8.0,7660,https://www.imdb.com/title/tt9526826/
tt0084315,The Time Masters,1982,78,"Adventure,Animation,Sci-Fi",7.3,7659,https://www.imdb.com/title/tt0084315/
tt0085852,Liquid Sky,1982,112,"Sci-Fi,Thriller",6.0,7579,https://www.imdb.com/title/tt0085852/
tt4477292,Cosmos,2019,128,"Adventure,Mystery,Sci-Fi",6.0,7579,https://www.imdb.com/title/tt4477292/
tt0091472,The Manhattan Project,1986,117,"Sci-Fi,Thriller",6.1,7559,https://www.imdb.com/title/tt0091472/
tt4354756,The Wave,2019,87,"Sci-Fi,Thriller",6.2,7559,https://www.imdb.com/title/tt4354756/
tt15768848,The Pod Generation,2023,110,"Comedy,Romance,Sci-Fi",5.6,7548,https://www.imdb.com/title/tt15768848/
tt0119794,Nirvana,1997,113,"Action,Drama,Sci-Fi",6.1,7547,https://www.imdb.com/title/tt0119794/
tt5628902,Rabid,2019,107,"Horror,Sci-Fi",5.2,7544,https://www.imdb.com/title/tt5628902/
tt6418778,Fast Color,2018,100,"Drama,Sci-Fi,Thriller",6.1,7544,https://www.imdb.com/title/tt6418778/
tt12875782,Freaks: You're One of Us,2020,92,"Drama,Fantasy,Sci-Fi",5.4,7526,https://www.imdb.com/title/tt12875782/
tt6040012,MSG the Warrior: Lion Heart,2016,120,"Adventure,Fantasy,Sci-Fi",7.1,7501,https://www.imdb.com/title/tt6040012/
tt5737536,Future World,2018,88,"Action,Adventure,Sci-Fi",3.3,7468,https://www.imdb.com/title/tt5737536/
tt4610748,Devil's Gate,2017,94,"Horror,Sci-Fi,Thriller",5.2,7417,https://www.imdb.com/title/tt4610748/
tt0080931,Nightmare City,1980,88,"Horror,Sci-Fi,Thriller",5.6,7413,https://www.imdb.com/title/tt0080931/
tt0086346,Spacehunter: Adventures in the Forbidden Zone,1983,90,"Action,Adventure,Sci-Fi",5.5,7360,https://www.imdb.com/title/tt0086346/
tt0087344,Godzilla 1985,1985,87,"Action,Drama,Sci-Fi",6.1,7351,https://www.imdb.com/title/tt0087344/
tt11285908,Ashfall,2019,130,"Action,Sci-Fi,Thriller",6.2,7345,https://www.imdb.com/title/tt11285908/
tt4978710,Marjorie Prime,2017,99,"Drama,Romance,Sci-Fi",6.3,7283,https://www.imdb.com/title/tt4978710/
tt13265876,Apex,2021,93,"Action,Drama,Sci-Fi",3.0,7271,https://www.imdb.com/title/tt13265876/
tt0133122,New Rose Hotel,1998,93,"Drama,Mystery,Sci-Fi",5.2,7221,https://www.imdb.com/title/tt0133122/
tt3007132,Daylight's End,2016,105,"Action,Horror,Sci-Fi",5.4,7171,https://www.imdb.com/title/tt3007132/
tt0085426,The Last Battle,1983,92,Sci-Fi,6.7,7109,https://www.imdb.com/title/tt0085426/
tt0087004,The Brother from Another Planet,1984,108,"Comedy,Sci-Fi",6.8,7098,https://www.imdb.com/title/tt0087004/
tt5723416,The Beyond,2017,103,"Drama,Sci-Fi",4.9,7095,https://www.imdb.com/title/tt5723416/
tt2328813,Hard to Be a God,2013,177,"Drama,Sci-Fi",6.5,7072,https://www.imdb.com/title/tt2328813/
tt8060328,Attraction 2: Invasion,2020,134,"Action,Sci-Fi",5.6,7068,https://www.imdb.com/title/tt8060328/
tt9883398,Long Distance,2024,86,"Comedy,Drama,Sci-Fi",5.7,7049,https://www.imdb.com/title/tt9883398/
tt5639446,Jonathan,2018,100,"Drama,Mystery,Sci-Fi",5.9,7042,https://www.imdb.com/title/tt5639446/
tt0082677,Looker,1981,93,"Drama,Sci-Fi,Thriller",6.1,7035,https://www.imdb.com/title/tt0082677/
tt1223934,The Door,2009,103,"Drama,Mystery,Sci-Fi",6.6,7019,https://www.imdb.com/title/tt1223934/
tt3399484,The Sand,2015,84,"Comedy,Horror,Sci-Fi",3.8,7000,https://www.imdb.com/title/tt3399484/
tt9373688,Settlers,2021,103,"Drama,Sci-Fi,Thriller",4.8,6986,https://www.imdb.com/title/tt9373688/
tt13468602,The Lair,2022,97,"Action,Horror,Sci-Fi",4.6,6979,https://www.imdb.com/title/tt13468602/
tt0367677,Dracula 3000,2004,86,"Horror,Sci-Fi",2.1,6898,https://www.imdb.com/title/tt0367677/
tt4144350,Cold Ground,2017,86,"Horror,Mystery,Sci-Fi",5.0,6882,https://www.imdb.com/title/tt4144350/
tt0142234,Dragon Ball Z: Bio-Broly,1994,47,"Action,Animation,Sci-Fi",5.8,6878,https://www.imdb.com/title/tt0142234/
tt12585076,Moonshot,2022,104,"Comedy,Romance,Sci-Fi",5.6,6871,https://www.imdb.com/title/tt12585076/
tt11815960,The Superdeep,2020,115,"Horror,Mystery,Sci-Fi",4.9,6838,https://www.imdb.com/title/tt11815960/
tt5238904,Assimilate,2019,93,"Horror,Sci-Fi,Thriller",5.3,6831,https://www.imdb.com/title/tt5238904/
tt13392012,Demonic,2021,104,"Drama,Horror,Sci-Fi",4.3,6826,https://www.imdb.com/title/tt13392012/
tt0804529,Sleep Dealer,2008,90,"Drama,Romance,Sci-Fi",6.0,6823,https://www.imdb.com/title/tt0804529/
tt8804580,Attack of the Unknown,2020,103,"Action,Horror,Sci-Fi",3.2,6799,https://www.imdb.com/title/tt8804580/
tt0111361,Tammy and the T-Rex,1994,82,"Comedy,Sci-Fi",5.4,6795,https://www.imdb.com/title/tt0111361/
tt2474972,Alien Outpost,2014,92,"Action,Sci-Fi,Thriller",4.7,6721,https://www.imdb.com/title/tt2474972/
tt3108244,Capsule,2015,91,"Drama,History,Sci-Fi",5.4,6721,https://www.imdb.com/title/tt3108244/
tt0108339,Ticks,1993,85,"Horror,Sci-Fi",5.5,6712,https://www.imdb.com/title/tt0108339/
tt0165874,The Mating Habits of the Earthbound Human,1999,88,"Comedy,Sci-Fi",6.3,6695,https://www.imdb.com/title/tt0165874/
tt1438534,Primal,2010,80,"Adventure,Horror,Sci-Fi",4.8,6675,https://www.imdb.com/title/tt1438534/
tt0082559,Hell of the Living Dead,1980,99,"Horror,Sci-Fi,Thriller",4.8,6640,https://www.imdb.com/title/tt0082559/
tt0473514,Mulberry St,2006,84,"Horror,Sci-Fi,Thriller",5.5,6630,https://www.imdb.com/title/tt0473514/
tt0415908,Kaal,2005,126,"Horror,Mystery,Sci-Fi",4.8,6610,https://www.imdb.com/title/tt0415908/
tt0969653,White Wall,2010,91,"Action,Mystery,Sci-Fi",3.1,6602,https://www.imdb.com/title/tt0969653/
tt19406606,The Shift,2023,115,"Action,Romance,Sci-Fi",5.6,6597,https://www.imdb.com/title/tt19406606/
tt15471560,Smoking Causes Coughing,2022,77,"Comedy,Horror,Sci-Fi",6.4,6592,https://www.imdb.com/title/tt15471560/
tt0087452,Iceman,1984,100,"Drama,Sci-Fi",6.2,6570,https://www.imdb.com/title/tt0087452/
tt6613878,Clara,2018,105,"Drama,Sci-Fi",6.7,6560,https://www.imdb.com/title/tt6613878/
tt0109916,Godzilla vs. SpaceGodzilla,1994,106,"Action,Adventure,Sci-Fi",5.8,6559,https://www.imdb.com/title/tt0109916/
tt8956324,Warning,2021,86,"Drama,Sci-Fi,Thriller",4.6,6555,https://www.imdb.com/title/tt8956324/
tt0833557,Visioneers,2008,94,"Comedy,Drama,Sci-Fi",5.9,6543,https://www.imdb.com/title/tt0833557/
tt0099173,Brain Dead,1990,85,"Horror,Mystery,Sci-Fi",5.8,6502,https://www.imdb.com/title/tt0099173/
tt4881364,Anti Matter,2016,109,"Horror,Mystery,Sci-Fi",5.7,6482,https://www.imdb.com/title/tt4881364/
tt0118040,Unforgettable,1996,117,"Drama,Mystery,Sci-Fi",6.0,6467,https://www.imdb.com/title/tt0118040/
tt3399896,Terminus,2015,94,"Drama,Sci-Fi",5.3,6464,https://www.imdb.com/title/tt3399896/
tt0283054,Thunderpants,2002,87,"Comedy,Family,Sci-Fi",3.8,6423,https://www.imdb.com/title/tt0283054/
tt15978956,Wifelike,2022,105,"Crime,Mystery,Sci-Fi",4.9,6406,https://www.imdb.com/title/tt15978956/
tt0104352,Godzilla and Mothra: The Battle for Earth,1992,100,"Adventure,Fantasy,Sci-Fi",6.2,6385,https://www.imdb.com/title/tt0104352/
tt1270291,Hunter Prey,2010,88,"Sci-Fi,Thriller",5.8,6375,https://www.imdb.com/title/tt1270291/
tt9465600,3022,2019,91,Sci-Fi,4.5,6358,https://www.imdb.com/title/tt9465600/
tt0097910,Moon 44,1990,98,"Action,Sci-Fi,Thriller",5.1,6353,https://www.imdb.com/title/tt0097910/
tt0106215,Mutant Action,1993,93,"Comedy,Fantasy,Sci-Fi",6.4,6343,https://www.imdb.com/title/tt0106215/
tt14967618,Margaux,2022,104,"Horror,Sci-Fi,Thriller",4.5,6324,https://www.imdb.com/title/tt14967618/
tt8015080,Godzilla: City on the Edge of Battle,2018,101,"Action,Animation,Sci-Fi",5.8,6324,https://www.imdb.com/title/tt8015080/
tt0093207,Royal Space Force: The Wings of Honneamise,1987,121,"Animation,Drama,Sci-Fi",7.2,6312,https://www.imdb.com/title/tt0093207/
tt0314111,Godzilla Against Mechagodzilla,2002,88,"Action,Sci-Fi,Thriller",6.6,6306,https://www.imdb.com/title/tt0314111/
tt0115650,The Green Planet,1996,99,"Comedy,Sci-Fi",7.1,6292,https://www.imdb.com/title/tt0115650/
tt2321502,Uncanny,2015,85,"Drama,Horror,Sci-Fi",6.2,6291,https://www.imdb.com/title/tt2321502/
tt0383353,Evil Aliens,2005,93,"Comedy,Horror,Sci-Fi",5.2,6282,https://www.imdb.com/title/tt0383353/
tt3081268,Reaper,2014,90,"Crime,Horror,Sci-Fi",4.4,6268,https://www.imdb.com/title/tt3081268/
tt5735280,It Stains the Sands Red,2016,92,"Drama,Horror,Sci-Fi",5.5,6261,https://www.imdb.com/title/tt5735280/
tt0082763,Modern Problems,1981,93,"Comedy,Fantasy,Sci-Fi",5.0,6247,https://www.imdb.com/title/tt0082763/
tt4922674,Parallel,2018,104,"Drama,Mystery,Sci-Fi",5.9,6239,https://www.imdb.com/title/tt4922674/
tt10110614,Apples,2020,91,"Comedy,Drama,Sci-Fi",6.8,6218,https://www.imdb.com/title/tt10110614/
tt1056437,The Sky Crawlers,2008,122,"Animation,Drama,Sci-Fi",6.7,6211,https://www.imdb.com/title/tt1056437/
tt3090670,Advantageous,2015,90,"Drama,Family,Sci-Fi",6.0,6206,https://www.imdb.com/title/tt3090670/
tt3967878,Illang: The Wolf Brigade,2018,139,"Action,Drama,Sci-Fi",6.0,6124,https://www.imdb.com/title/tt3967878/
tt0972558,Dark Planet,2008,115,"Action,Adventure,Sci-Fi",5.1,6099,https://www.imdb.com/title/tt0972558/
tt0487928,Dante 01,2008,82,"Adventure,Drama,Sci-Fi",4.8,6095,https://www.imdb.com/title/tt0487928/
tt0418778,Infection,2004,98,"Drama,Horror,Sci-Fi",6.0,6055,https://www.imdb.com/title/tt0418778/
tt0479162,Special,2006,81,"Comedy,Drama,Sci-Fi",6.7,6048,https://www.imdb.com/title/tt0479162/
tt0096511,Zombie 3,1988,84,"Action,Horror,Sci-Fi",4.9,6047,https://www.imdb.com/title/tt0096511/
tt1707391,4:44 Last Day on Earth,2011,82,"Drama,Fantasy,Sci-Fi",4.7,6046,https://www.imdb.com/title/tt1707391/
tt0087998,The Deadly Spawn,1983,81,"Horror,Sci-Fi",5.9,6039,https://www.imdb.com/title/tt0087998/
tt23875550,UI,2024,135,"Action,Sci-Fi",6.5,6039,https://www.imdb.com/title/tt23875550/
tt0094033,Steel Dawn,1987,100,"Action,Adventure,Sci-Fi",5.1,6032,https://www.imdb.com/title/tt0094033/
tt3603808,The Diabolical,2015,86,"Horror,Sci-Fi",4.7,6030,https://www.imdb.com/title/tt3603808/
tt1418712,Outpost: Black Sun,2012,101,"Action,Horror,Sci-Fi",4.9,6006,https://www.imdb.com/title/tt1418712/
tt2234429,Sparks,2013,90,"Action,Sci-Fi,Thriller",4.7,5944,https://www.imdb.com/title/tt2234429/
tt0082000,Contamination,1980,95,"Horror,Sci-Fi",5.1,5916,https://www.imdb.com/title/tt0082000/
tt0365478,Man with the Screaming Brain,2005,90,"Comedy,Fantasy,Sci-Fi",5.4,5907,https://www.imdb.com/title/tt0365478/
tt7288408,Radioflash,2019,103,"Drama,Sci-Fi,Thriller",4.8,5901,https://www.imdb.com/title/tt7288408/
tt6544220,The Mandela Effect,2019,79,"Drama,Horror,Sci-Fi",5.8,5846,https://www.imdb.com/title/tt6544220/
tt1569364,Black Lightning,2009,102,"Action,Sci-Fi,Thriller",5.6,5818,https://www.imdb.com/title/tt1569364/
tt1640218,Evidence,2012,78,"Horror,Sci-Fi",5.0,5814,https://www.imdb.com/title/tt1640218/
tt22769820,Legion of Super-Heroes,2023,83,"Action,Animation,Sci-Fi",5.9,5805,https://www.imdb.com/title/tt22769820/
tt1153040,Tidal Wave,2009,120,"Action,Drama,Sci-Fi",5.5,5802,https://www.imdb.com/title/tt1153040/
tt0357585,Decoys,2004,95,"Horror,Sci-Fi",4.7,5757,https://www.imdb.com/title/tt0357585/
tt4074928,Realive,2016,112,"Drama,Sci-Fi",5.9,5742,https://www.imdb.com/title/tt4074928/
tt0081764,Without Warning,1980,89,"Horror,Sci-Fi,Thriller",5.1,5737,https://www.imdb.com/title/tt0081764/
tt28766949,Uranus 2324,2024,130,"Drama,Romance,Sci-Fi",6.3,5690,https://www.imdb.com/title/tt28766949/
tt0096425,Watchers,1988,91,"Action,Horror,Sci-Fi",5.4,5667,https://www.imdb.com/title/tt0096425/
tt9472532,The Intergalactic Adventures of Max Cloud,2020,88,"Action,Comedy,Sci-Fi",4.7,5643,https://www.imdb.com/title/tt9472532/
tt3655682,Let's Be Evil,2016,82,"Horror,Sci-Fi,Thriller",3.7,5632,https://www.imdb.com/title/tt3655682/
tt0327409,Alien Hunter,2003,92,"Action,Adventure,Sci-Fi",5.2,5622,https://www.imdb.com/title/tt0327409/
tt4806232,Indru Netru Naalai,2015,146,"Comedy,Sci-Fi,Thriller",8.0,5620,https://www.imdb.com/title/tt4806232/
tt0101492,Body Parts,1991,88,"Horror,Sci-Fi,Thriller",5.7,5615,https://www.imdb.com/title/tt0101492/
tt0260320,Repli-Kate,2002,96,"Comedy,Sci-Fi",5.7,5546,https://www.imdb.com/title/tt0260320/
tt13259610,The Outwaters,2022,110,"Horror,Sci-Fi,Thriller",3.8,5542,https://www.imdb.com/title/tt13259610/
tt0082558,The Incredible Shrinking Woman,1981,88,"Comedy,Sci-Fi",5.5,5539,https://www.imdb.com/title/tt0082558/
tt31179712,Osiris,2025,108,"Action,Horror,Sci-Fi",4.8,5501,https://www.imdb.com/title/tt31179712/
tt0109575,Death Machine,1994,99,"Action,Horror,Sci-Fi",5.6,5493,https://www.imdb.com/title/tt0109575/
tt7946836,Animal World,2018,132,"Action,Fantasy,Sci-Fi",6.4,5487,https://www.imdb.com/title/tt7946836/
tt1528813,The Penitent Man,2010,92,"Drama,Sci-Fi",5.7,5472,https://www.imdb.com/title/tt1528813/
tt1135095,Tell Tale,2009,93,"Drama,Horror,Sci-Fi",5.3,5429,https://www.imdb.com/title/tt1135095/
tt0093828,Real Men,1987,85,"Action,Comedy,Sci-Fi",5.9,5421,https://www.imdb.com/title/tt0093828/
tt0255198,Godzilla vs. Megaguirus,2000,105,"Action,Sci-Fi,Thriller",6.0,5418,https://www.imdb.com/title/tt0255198/
tt0402743,Abominable,2006,94,"Horror,Sci-Fi,Thriller",5.2,5405,https://www.imdb.com/title/tt0402743/
tt3665498,Beyond the Sky,2018,82,"Mystery,Sci-Fi,Thriller",5.0,5356,https://www.imdb.com/title/tt3665498/
tt0307109,The Lost Skeleton of Cadavra,2001,90,"Comedy,Horror,Sci-Fi",6.8,5338,https://www.imdb.com/title/tt0307109/
tt2396721,The Scribbler,2014,88,"Drama,Mystery,Sci-Fi",5.3,5333,https://www.imdb.com/title/tt2396721/
tt0088961,Creature,1985,95,"Horror,Sci-Fi",4.5,5328,https://www.imdb.com/title/tt0088961/
tt3692652,Eloise,2016,89,"Horror,Mystery,Sci-Fi",4.6,5319,https://www.imdb.com/title/tt3692652/
tt2881698,Skinwalker Ranch,2013,86,"Horror,Mystery,Sci-Fi",5.1,5314,https://www.imdb.com/title/tt2881698/
tt2325518,Beneath,2013,90,"Horror,Sci-Fi,Thriller",3.5,5304,https://www.imdb.com/title/tt2325518/
tt0107504,Man's Best Friend,1993,87,"Comedy,Horror,Sci-Fi",5.3,5266,https://www.imdb.com/title/tt0107504/
tt6547786,Life Like,2019,95,"Drama,Sci-Fi,Thriller",5.4,5265,https://www.imdb.com/title/tt6547786/
tt9663168,The Devil Conspiracy,2022,111,"Horror,Sci-Fi,Thriller",4.6,5263,https://www.imdb.com/title/tt9663168/
tt6179746,The Gateway,2018,90,Sci-Fi,5.4,5261,https://www.imdb.com/title/tt6179746/
tt0254199,CQ,2001,88,"Comedy,Drama,Sci-Fi",6.2,5211,https://www.imdb.com/title/tt0254199/
tt3528756,The Incident,2014,100,"Sci-Fi,Thriller",6.3,5185,https://www.imdb.com/title/tt3528756/
tt29002950,Resurrection,2025,160,"Drama,Sci-Fi",7.3,5175,https://www.imdb.com/title/tt29002950/
tt13829262,Rubikon,2022,110,"Drama,Sci-Fi,Thriller",5.0,5153,https://www.imdb.com/title/tt13829262/
tt0411806,Return of the Living Dead: Rave to the Grave,2005,86,"Comedy,Horror,Sci-Fi",3.3,5096,https://www.imdb.com/title/tt0411806/
tt8015444,Last and First Men,2020,70,"Fantasy,Mystery,Sci-Fi",6.7,5088,https://www.imdb.com/title/tt8015444/
tt8269120,Dark Encounter,2019,97,"Mystery,Sci-Fi,Thriller",5.4,5073,https://www.imdb.com/title/tt8269120/
tt35669009,Ziam,2025,95,"Action,Horror,Sci-Fi",4.9,5069,https://www.imdb.com/title/tt35669009/
tt0091214,Man Facing Southeast,1986,105,"Drama,Mystery,Sci-Fi",7.6,5034,https://www.imdb.com/title/tt0091214/
tt4765240,Astral,2018,83,"Drama,Horror,Sci-Fi",4.6,5012,https://www.imdb.com/title/tt4765240/
tt0084090,Inseminoid,1981,93,"Horror,Sci-Fi",4.0,5005,https://www.imdb.com/title/tt0084090/
tt8906844,One and the Same,2021,110,"Drama,Sci-Fi",3.9,4993,https://www.imdb.com/title/tt8906844/
tt0454065,The Aerial,2007,99,"Drama,Fantasy,Sci-Fi",7.3,4965,https://www.imdb.com/title/tt0454065/
tt5656994,Project 'Gemini',2022,98,"Adventure,Sci-Fi,Thriller",3.5,4963,https://www.imdb.com/title/tt5656994/
tt5453522,Alien Code,2018,101,"Mystery,Sci-Fi,Thriller",5.7,4957,https://www.imdb.com/title/tt5453522/
tt15116506,Samara,2023,118,"Action,Adventure,Sci-Fi",4.5,4955,https://www.imdb.com/title/tt15116506/
tt0876294,Zombie Diaries,2006,85,"Horror,Sci-Fi",4.0,4953,https://www.imdb.com/title/tt0876294/
tt12680508,Minor Premise,2020,95,"Drama,Sci-Fi,Thriller",5.1,4948,https://www.imdb.com/title/tt12680508/
tt22042346,2073,2024,85,"Documentary,Sci-Fi,Thriller",5.1,4923,https://www.imdb.com/title/tt22042346/
tt9786896,Implanted,2021,93,"Sci-Fi,Thriller",4.5,4912,https://www.imdb.com/title/tt9786896/
tt5994166,At First Light,2018,90,"Drama,Sci-Fi,Thriller",5.6,4903,https://www.imdb.com/title/tt5994166/
tt4211312,The White King,2016,89,"Drama,Sci-Fi",5.5,4862,https://www.imdb.com/title/tt4211312/
tt2753778,The Death of Superman Lives: What Happened?,2015,104,"Documentary,Sci-Fi",7.1,4854,https://www.imdb.com/title/tt2753778/
tt5372466,Irumugan,2016,154,"Action,Sci-Fi,Thriller",6.3,4807,https://www.imdb.com/title/tt5372466/
tt13316722,Seobok,2021,114,"Action,Drama,Sci-Fi",6.1,4803,https://www.imdb.com/title/tt13316722/
tt1038685,The King of Fighters,2009,93,"Action,Sci-Fi,Thriller",3.1,4779,https://www.imdb.com/title/tt1038685/
tt5264838,Crater,2023,105,"Adventure,Drama,Sci-Fi",5.4,4766,https://www.imdb.com/title/tt5264838/
tt0106521,Carnosaur,1993,83,"Horror,Sci-Fi",3.7,4747,https://www.imdb.com/title/tt0106521/
tt0459748,Generation P,2011,112,"Comedy,Drama,Sci-Fi",6.7,4745,https://www.imdb.com/title/tt0459748/
tt0092532,Alien from L.A.,1988,87,"Adventure,Comedy,Sci-Fi",3.4,4734,https://www.imdb.com/title/tt0092532/
tt0117688,Solo,1996,94,"Action,Sci-Fi,Thriller",4.1,4733,https://www.imdb.com/title/tt0117688/
tt2636124,Ghost in the Shell: Arise - Border 1: Ghost Pain,2013,58,"Action,Animation,Sci-Fi",7.0,4718,https://www.imdb.com/title/tt2636124/
tt0378428,Natural City,2003,114,"Action,Drama,Sci-Fi",5.7,4709,https://www.imdb.com/title/tt0378428/
tt4216902,Ares,2016,80,"Drama,Sci-Fi,Thriller",6.2,4705,https://www.imdb.com/title/tt4216902/
tt1795369,National Theatre Live: Frankenstein,2011,130,"Drama,Horror,Sci-Fi",8.5,4700,https://www.imdb.com/title/tt1795369/
tt8130518,Dark Cloud,2022,81,"Horror,Sci-Fi,Thriller",3.8,4696,https://www.imdb.com/title/tt8130518/
tt0800022,Electroma,2006,74,"Adventure,Drama,Sci-Fi",6.7,4684,https://www.imdb.com/title/tt0800022/
tt1405412,Hardwired,2009,94,"Action,Sci-Fi",4.7,4665,https://www.imdb.com/title/tt1405412/
tt0091759,Dead Man's Letters,1986,87,"Drama,Sci-Fi",7.5,4660,https://www.imdb.com/title/tt0091759/
tt21988182,T.I.M.,2023,101,"Horror,Sci-Fi,Thriller",5.5,4639,https://www.imdb.com/title/tt21988182/
tt0084316,Megaforce,1982,99,"Action,Sci-Fi",3.7,4628,https://www.imdb.com/title/tt0084316/
tt3949658,The Similars,2015,89,"Horror,Mystery,Sci-Fi",5.8,4616,https://www.imdb.com/title/tt3949658/
tt0455584,The Kovak Box,2006,102,"Mystery,Sci-Fi,Thriller",5.8,4609,https://www.imdb.com/title/tt0455584/
tt0092809,The Curse,1987,92,"Horror,Sci-Fi",5.1,4607,https://www.imdb.com/title/tt0092809/
tt1122836,Alien Trespass,2009,90,"Comedy,Horror,Sci-Fi",5.8,4595,https://www.imdb.com/title/tt1122836/
tt0151572,The Miracle of P. Tinto,1998,106,"Comedy,Fantasy,Sci-Fi",7.1,4589,https://www.imdb.com/title/tt0151572/
tt4110388,Superlopez,2018,108,"Action,Comedy,Sci-Fi",5.4,4582,https://www.imdb.com/title/tt4110388/
tt7221634,Maayavan,2017,127,"Mystery,Sci-Fi,Thriller",7.2,4574,https://www.imdb.com/title/tt7221634/
tt0099612,Frankenstein Unbound,1990,85,"Drama,Horror,Sci-Fi",5.4,4573,https://www.imdb.com/title/tt0099612/
tt0085124,1990: The Bronx Warriors,1982,89,"Action,Sci-Fi,Thriller",5.2,4558,https://www.imdb.com/title/tt0085124/
tt7645334,Landscape with Invisible Hand,2023,105,"Comedy,Drama,Sci-Fi",5.9,4542,https://www.imdb.com/title/tt7645334/
tt6830780,Lucid Dream,2017,101,"Sci-Fi,Thriller",6.1,4541,https://www.imdb.com/title/tt6830780/
tt7892066,Ayalaan,2024,155,"Action,Adventure,Sci-Fi",5.9,4497,https://www.imdb.com/title/tt7892066/
tt13483866,Linoleum,2022,101,"Drama,Sci-Fi",6.5,4492,https://www.imdb.com/title/tt13483866/
tt8955940,Agent Revelation,2021,86,"Action,Sci-Fi,Thriller",3.5,4484,https://www.imdb.com/title/tt8955940/
tt1134674,ZMD: Zombies of Mass Destruction,2009,89,"Comedy,Horror,Sci-Fi",5.0,4479,https://www.imdb.com/title/tt1134674/
tt21572042,Aftermath,2024,78,"Drama,Mystery,Sci-Fi",5.0,4474,https://www.imdb.com/title/tt21572042/
tt0107009,Ghost in the Machine,1993,95,"Horror,Sci-Fi,Thriller",4.7,4457,https://www.imdb.com/title/tt0107009/
tt0106450,Body Melt,1993,81,"Comedy,Horror,Sci-Fi",5.3,4455,https://www.imdb.com/title/tt0106450/
tt25808194,Project Silence,2023,101,"Action,Horror,Sci-Fi",5.4,4454,https://www.imdb.com/title/tt25808194/
tt4337072,Ghost in the Shell: The New Movie,2015,100,"Action,Animation,Sci-Fi",6.6,4451,https://www.imdb.com/title/tt4337072/
tt7642500,Parallel Minds,2020,86,"Horror,Sci-Fi,Thriller",3.6,4441,https://www.imdb.com/title/tt7642500/
tt2299206,Blood Glacier,2013,98,"Horror,Mystery,Sci-Fi",5.4,4440,https://www.imdb.com/title/tt2299206/
tt2268573,Stranded,2013,84,"Horror,Sci-Fi",3.6,4438,https://www.imdb.com/title/tt2268573/
tt0097001,C.H.U.D. II: Bud the Chud,1989,84,"Comedy,Horror,Sci-Fi",4.2,4423,https://www.imdb.com/title/tt0097001/
tt1146320,Mutants,2009,95,"Drama,Horror,Sci-Fi",5.5,4412,https://www.imdb.com/title/tt1146320/
tt6197070,Blood Machines,2019,50,"Adventure,Music,Sci-Fi",6.1,4407,https://www.imdb.com/title/tt6197070/
tt0812352,9 Miles Down,2009,86,"Horror,Mystery,Sci-Fi",5.2,4392,https://www.imdb.com/title/tt0812352/
tt0252562,Japon Isi,1987,89,"Comedy,Romance,Sci-Fi",6.1,4330,https://www.imdb.com/title/tt0252562/
tt3923388,The Call Up,2016,90,"Action,Horror,Sci-Fi",4.9,4311,https://www.imdb.com/title/tt3923388/
tt0097911,Moontrap,1988,92,"Horror,Sci-Fi",4.8,4285,https://www.imdb.com/title/tt0097911/
tt19773302,Jonah,2023,89,"Mystery,Sci-Fi,Thriller",5.6,4285,https://www.imdb.com/title/tt19773302/
tt0102848,Scanners II: The New Order,1991,104,"Action,Horror,Sci-Fi",5.3,4275,https://www.imdb.com/title/tt0102848/
tt0100666,Spaced Invaders,1990,100,"Adventure,Comedy,Sci-Fi",5.3,4265,https://www.imdb.com/title/tt0100666/
tt35340614,The Blue Trail,2025,85,"Drama,Sci-Fi",7.0,4243,https://www.imdb.com/title/tt35340614/
tt14264694,Worldbreaker,2025,95,"Action,Drama,Sci-Fi",4.3,4240,https://www.imdb.com/title/tt14264694/
tt1680133,Extraterrestrial,2011,95,"Comedy,Drama,Sci-Fi",5.8,4240,https://www.imdb.com/title/tt1680133/
tt26569323,The Mill,2023,106,"Drama,Mystery,Sci-Fi",5.4,4217,https://www.imdb.com/title/tt26569323/
tt2800038,Atlas Shrugged: Who Is John Galt?,2014,99,"Drama,Mystery,Sci-Fi",4.3,4214,https://www.imdb.com/title/tt2800038/
tt0094794,The Brain,1988,94,"Horror,Sci-Fi",5.2,4199,https://www.imdb.com/title/tt0094794/
tt2062661,Area 407,2012,90,"Horror,Sci-Fi,Thriller",3.6,4195,https://www.imdb.com/title/tt2062661/
tt0109965,Guyver: Dark Hero,1994,127,"Action,Horror,Sci-Fi",5.8,4167,https://www.imdb.com/title/tt0109965/
tt0997147,Big Man Japan,2007,113,"Action,Comedy,Sci-Fi",6.2,4164,https://www.imdb.com/title/tt0997147/
tt2558318,The Last Survivors,2014,95,"Action,Sci-Fi,Thriller",5.3,4145,https://www.imdb.com/title/tt2558318/
tt0086014,Nightmares,1983,99,"Horror,Sci-Fi",5.7,4141,https://www.imdb.com/title/tt0086014/
tt0475417,Unearthed,2007,93,"Horror,Mystery,Sci-Fi",4.0,4141,https://www.imdb.com/title/tt0475417/
tt10247678,Sensation,2021,99,"Mystery,Sci-Fi,Thriller",3.2,4141,https://www.imdb.com/title/tt10247678/
tt3984356,Only,2019,98,"Drama,Romance,Sci-Fi",5.1,4136,https://www.imdb.com/title/tt3984356/
tt0312358,Anatomy 2,2003,101,"Horror,Sci-Fi,Thriller",5.1,4134,https://www.imdb.com/title/tt0312358/
tt0443693,The Wild Blue Yonder,2005,80,Sci-Fi,6.1,4132,https://www.imdb.com/title/tt0443693/
tt1318523,The Unhealer,2020,94,"Fantasy,Horror,Sci-Fi",5.3,4126,https://www.imdb.com/title/tt1318523/
tt1498878,The Whisperer in Darkness,2011,103,"Horror,Mystery,Sci-Fi",6.5,4115,https://www.imdb.com/title/tt1498878/
tt21375602,Love Me,2024,92,"Drama,Romance,Sci-Fi",5.1,4089,https://www.imdb.com/title/tt21375602/
tt11143400,Dikkiloona,2021,144,"Comedy,Romance,Sci-Fi",7.1,4082,https://www.imdb.com/title/tt11143400/
tt3333980,Flytrap,2015,81,"Comedy,Drama,Sci-Fi",5.2,4081,https://www.imdb.com/title/tt3333980/
tt0098156,R.O.T.O.R.,1987,90,"Action,Sci-Fi,Thriller",2.7,4078,https://www.imdb.com/title/tt0098156/
tt0086374,Strange Invaders,1983,94,"Horror,Mystery,Sci-Fi",5.4,4035,https://www.imdb.com/title/tt0086374/
tt7867360,Abduction,2019,98,"Action,Horror,Sci-Fi",4.6,4034,https://www.imdb.com/title/tt7867360/
tt4205718,Intersect,2020,119,"Horror,Sci-Fi,Thriller",3.5,4028,https://www.imdb.com/title/tt4205718/
tt28150132,Omni Loop,2024,112,"Drama,Sci-Fi",5.6,4017,https://www.imdb.com/title/tt28150132/
tt5700182,Starfish,2018,101,"Drama,Horror,Sci-Fi",5.2,4004,https://www.imdb.com/title/tt5700182/
tt0115471,Adrenalin: Fear the Rush,1996,77,"Action,Sci-Fi,Thriller",3.9,4000,https://www.imdb.com/title/tt0115471/
tt0172669,Komodo,1999,90,"Adventure,Horror,Sci-Fi",4.2,3988,https://www.imdb.com/title/tt0172669/
tt2046090,The End,2012,88,"Drama,Horror,Sci-Fi",5.0,3957,https://www.imdb.com/title/tt2046090/
tt11366674,Lola,2022,79,"Sci-Fi,War",6.4,3946,https://www.imdb.com/title/tt11366674/
tt3541080,Pod,2015,78,"Horror,Mystery,Sci-Fi",4.4,3944,https://www.imdb.com/title/tt3541080/
tt2854394,Hot Bot,2016,86,"Comedy,Sci-Fi",3.4,3923,https://www.imdb.com/title/tt2854394/
tt13209832,G - Zombie,2021,116,"Action,Horror,Sci-Fi",3.4,3918,https://www.imdb.com/title/tt13209832/
tt3561236,Containment,2015,77,"Horror,Sci-Fi,Thriller",4.9,3917,https://www.imdb.com/title/tt3561236/
tt0081182,Death Watch,1980,117,"Drama,Sci-Fi,Thriller",6.5,3914,https://www.imdb.com/title/tt0081182/
tt2040578,Alien Uprising,2012,101,"Comedy,Horror,Sci-Fi",3.0,3910,https://www.imdb.com/title/tt2040578/
tt0101309,Alligator II: The Mutation,1991,94,"Horror,Sci-Fi",4.1,3893,https://www.imdb.com/title/tt0101309/
tt3584354,Man Vs.,2015,84,"Horror,Sci-Fi,Thriller",5.6,3872,https://www.imdb.com/title/tt3584354/
tt0388556,Zebraman,2004,115,"Comedy,Sci-Fi",6.5,3857,https://www.imdb.com/title/tt0388556/
tt15296186,Mira,2022,116,"Adventure,Drama,Sci-Fi",5.8,3857,https://www.imdb.com/title/tt15296186/
tt10009030,Snatchers,2019,96,"Comedy,Horror,Sci-Fi",5.9,3844,https://www.imdb.com/title/tt10009030/
tt12483708,Doors,2021,84,Sci-Fi,3.6,3825,https://www.imdb.com/title/tt12483708/
tt0090729,Biggles: Adventures in Time,1986,108,"Adventure,Family,Sci-Fi",5.6,3809,https://www.imdb.com/title/tt0090729/
tt0113074,Fist of the North Star,1995,103,"Action,Fantasy,Sci-Fi",3.9,3809,https://www.imdb.com/title/tt0113074/
tt18556326,Awareness,2023,112,"Mystery,Sci-Fi,Thriller",5.4,3801,https://www.imdb.com/title/tt18556326/
tt4433646,Terra Formars,2016,108,"Action,Horror,Sci-Fi",4.7,3801,https://www.imdb.com/title/tt4433646/
tt13650540,If You Were the Last,2023,92,"Comedy,Romance,Sci-Fi",6.4,3800,https://www.imdb.com/title/tt13650540/
tt2772092,Antisocial,2013,90,"Horror,Sci-Fi,Thriller",4.5,3797,https://www.imdb.com/title/tt2772092/
tt0086176,Rats: Night of Terror,1984,97,"Horror,Sci-Fi",4.7,3777,https://www.imdb.com/title/tt0086176/
tt2245195,The History of Future Folk,2012,86,"Comedy,Music,Sci-Fi",7.1,3767,https://www.imdb.com/title/tt2245195/
tt4940336,Risen,2021,109,"Drama,Sci-Fi,Thriller",3.6,3761,https://www.imdb.com/title/tt4940336/
tt0088760,Baby: Secret of the Lost Legend,1985,95,"Adventure,Family,Sci-Fi",5.1,3742,https://www.imdb.com/title/tt0088760/
tt0080771,Galaxina,1980,84,"Comedy,Sci-Fi",3.7,3733,https://www.imdb.com/title/tt0080771/
tt9562694,Alien Warfare,2019,88,"Action,Mystery,Sci-Fi",2.6,3733,https://www.imdb.com/title/tt9562694/
tt6730898,Lazer Team 2,2017,86,"Action,Comedy,Sci-Fi",6.3,3687,https://www.imdb.com/title/tt6730898/
tt0101366,Arena,1989,115,"Action,Adventure,Sci-Fi",5.4,3685,https://www.imdb.com/title/tt0101366/
tt12519802,War of the Worlds: The Attack,2023,85,"Horror,Sci-Fi,Thriller",3.2,3680,https://www.imdb.com/title/tt12519802/
tt3475504,Zaman Makinesi 1973,2014,105,"Comedy,Sci-Fi",6.4,3676,https://www.imdb.com/title/tt3475504/
tt5702566,Stasis,2017,90,"Adventure,Sci-Fi",3.0,3671,https://www.imdb.com/title/tt5702566/
tt0088960,Creator,1985,107,"Comedy,Romance,Sci-Fi",6.1,3670,https://www.imdb.com/title/tt0088960/
tt0082094,The Boogens,1981,95,"Horror,Sci-Fi,Thriller",5.5,3667,https://www.imdb.com/title/tt0082094/
tt10380900,Petrov's Flu,2021,145,"Drama,Sci-Fi",6.6,3667,https://www.imdb.com/title/tt10380900/
tt1300159,Growth,2010,90,"Horror,Sci-Fi",4.4,3665,https://www.imdb.com/title/tt1300159/
tt0486480,Silk,2006,108,"Horror,Mystery,Sci-Fi",6.4,3664,https://www.imdb.com/title/tt0486480/
tt5059782,The Northlander,2016,98,"Drama,Fantasy,Sci-Fi",3.4,3664,https://www.imdb.com/title/tt5059782/
tt0095719,The Nest,1987,89,"Horror,Sci-Fi",5.3,3663,https://www.imdb.com/title/tt0095719/
tt14132588,Arena Wars,2024,96,"Action,Comedy,Sci-Fi",4.8,3663,https://www.imdb.com/title/tt14132588/
tt0145529,Time Chasers,1994,89,Sci-Fi,2.5,3657,https://www.imdb.com/title/tt0145529/
tt0104362,Grand Tour: Disaster in Time,1991,99,"Mystery,Sci-Fi",6.4,3638,https://www.imdb.com/title/tt0104362/
tt5068650,The Dark Tapes,2016,98,"Horror,Mystery,Sci-Fi",4.6,3636,https://www.imdb.com/title/tt5068650/
tt0381601,Slipstream,2005,89,"Action,Sci-Fi,Thriller",4.5,3632,https://www.imdb.com/title/tt0381601/
tt9005662,Excursion,2018,85,"Mystery,Sci-Fi,Thriller",4.7,3626,https://www.imdb.com/title/tt9005662/
tt27491225,Things Will Be Different,2024,102,"Horror,Sci-Fi,Thriller",5.2,3622,https://www.imdb.com/title/tt27491225/
tt2325517,Almost Human,2013,80,"Horror,Sci-Fi,Thriller",4.7,3615,https://www.imdb.com/title/tt2325517/
tt0092795,Creepozoids,1987,72,"Horror,Sci-Fi",4.1,3607,https://www.imdb.com/title/tt0092795/
tt10284944,The Fix,2024,98,"Action,Sci-Fi",4.9,3602,https://www.imdb.com/title/tt10284944/
tt0085125,2019: After the Fall of New York,1983,96,"Action,Sci-Fi",5.5,3599,https://www.imdb.com/title/tt0085125/
tt0089060,The Dungeonmaster,1984,73,"Fantasy,Horror,Sci-Fi",4.6,3594,https://www.imdb.com/title/tt0089060/
tt1372301,Technotise: Edit & I,2009,100,"Animation,Drama,Sci-Fi",7.3,3587,https://www.imdb.com/title/tt1372301/
tt9362492,Restore Point,2023,115,"Crime,Drama,Sci-Fi",6.1,3587,https://www.imdb.com/title/tt9362492/
tt2646378,The Frankenstein Theory,2013,87,"Horror,Sci-Fi",4.3,3578,https://www.imdb.com/title/tt2646378/
tt2936390,Battle Drone,2018,93,"Action,Sci-Fi",4.9,3578,https://www.imdb.com/title/tt2936390/
tt2948078,Lake Eerie,2016,104,"Horror,Sci-Fi,Thriller",3.8,3562,https://www.imdb.com/title/tt2948078/
tt9102084,Fried Barry,2020,99,"Comedy,Horror,Sci-Fi",5.6,3552,https://www.imdb.com/title/tt9102084/
tt7280786,Tik Tik Tik,2018,130,"Action,Adventure,Sci-Fi",5.8,3550,https://www.imdb.com/title/tt7280786/
tt0080836,Hangar 18,1980,97,Sci-Fi,5.4,3548,https://www.imdb.com/title/tt0080836/
tt0087796,Mutant,1984,99,"Horror,Sci-Fi,Thriller",5.1,3545,https://www.imdb.com/title/tt0087796/
tt0225009,964 Pinocchio,1991,97,"Horror,Sci-Fi",5.6,3532,https://www.imdb.com/title/tt0225009/
tt1920846,Another World,2014,99,"Action,Horror,Sci-Fi",3.5,3527,https://www.imdb.com/title/tt1920846/
tt14989778,Oke Oka Jeevitham,2022,160,"Drama,Sci-Fi,Thriller",7.8,3522,https://www.imdb.com/title/tt14989778/
tt3017864,Ghost in the Shell: Arise - Border 2: Ghost Whispers,2013,57,"Action,Animation,Sci-Fi",7.1,3514,https://www.imdb.com/title/tt3017864/
tt0278259,.com for Murder,2001,96,"Horror,Sci-Fi,Thriller",2.8,3513,https://www.imdb.com/title/tt0278259/
tt0300902,Absolon,2003,96,"Action,Sci-Fi,Thriller",4.2,3511,https://www.imdb.com/title/tt0300902/
tt0098375,Spontaneous Combustion,1989,97,"Horror,Sci-Fi,Thriller",4.9,3505,https://www.imdb.com/title/tt0098375/
tt4471388,Survival Game,2016,91,"Action,Sci-Fi,Thriller",4.2,3495,https://www.imdb.com/title/tt4471388/
tt0098350,Slipstream,1989,102,"Adventure,Sci-Fi",4.7,3490,https://www.imdb.com/title/tt0098350/
tt0294252,2009: Lost Memories,2002,136,"Action,Drama,Sci-Fi",6.1,3488,https://www.imdb.com/title/tt0294252/
tt1568816,Phase 7,2010,97,"Comedy,Sci-Fi,Thriller",5.9,3470,https://www.imdb.com/title/tt1568816/
tt0203940,Spiders,2000,94,"Horror,Sci-Fi,Thriller",4.0,3468,https://www.imdb.com/title/tt0203940/
tt0117238,Omega Doom,1996,84,"Drama,Sci-Fi,Thriller",4.0,3466,https://www.imdb.com/title/tt0117238/
tt0480083,The Cloud,2006,105,"Drama,Sci-Fi,Thriller",6.3,3464,https://www.imdb.com/title/tt0480083/
tt4341532,The Phoenix Incident,2015,82,"Mystery,Sci-Fi,Thriller",4.9,3452,https://www.imdb.com/title/tt4341532/
tt0084472,Parasite,1982,85,"Horror,Sci-Fi",4.1,3442,https://www.imdb.com/title/tt0084472/
tt27695005,River,2023,86,"Comedy,Fantasy,Sci-Fi",6.8,3428,https://www.imdb.com/title/tt27695005/
tt0084424,Warriors of the Wasteland,1983,91,"Action,Sci-Fi,Thriller",4.6,3427,https://www.imdb.com/title/tt0084424/
tt0093477,Making Mr. Right,1987,98,"Comedy,Romance,Sci-Fi",5.6,3424,https://www.imdb.com/title/tt0093477/
tt6710826,The Jurassic Games,2018,86,"Action,Horror,Sci-Fi",3.9,3423,https://www.imdb.com/title/tt6710826/
tt1191971,Zone of the Dead,2009,101,"Action,Horror,Sci-Fi",3.8,3421,https://www.imdb.com/title/tt1191971/
tt2492344,Division 19,2017,93,"Action,Sci-Fi,Thriller",3.5,3420,https://www.imdb.com/title/tt2492344/
tt0122961,Arrival II,1998,105,"Horror,Mystery,Sci-Fi",3.9,3414,https://www.imdb.com/title/tt0122961/
tt6134274,Solis,2018,92,"Action,Adventure,Sci-Fi",4.4,3414,https://www.imdb.com/title/tt6134274/
tt0120478,Star Kid,1997,101,"Adventure,Family,Sci-Fi",5.3,3410,https://www.imdb.com/title/tt0120478/
tt20201212,Alienoid: The Return to the Future,2024,122,"Action,Fantasy,Sci-Fi",6.5,3408,https://www.imdb.com/title/tt20201212/
tt0113858,Mosquito,1994,92,"Horror,Sci-Fi",4.9,3406,https://www.imdb.com/title/tt0113858/
tt4540434,Paradox,2016,90,"Action,Drama,Sci-Fi",4.6,3400,https://www.imdb.com/title/tt4540434/
tt0089104,Escape from the Bronx,1983,89,"Action,Sci-Fi,Thriller",4.7,3379,https://www.imdb.com/title/tt0089104/
tt0127045,Neon Maniacs,1986,91,"Horror,Sci-Fi,Thriller",5.0,3378,https://www.imdb.com/title/tt0127045/
tt0080527,The Children,1980,93,"Horror,Sci-Fi",5.4,3377,https://www.imdb.com/title/tt0080527/
tt4720596,Curvature,2017,90,"Mystery,Sci-Fi,Thriller",4.7,3375,https://www.imdb.com/title/tt4720596/
tt0115985,Crossworlds,1996,91,"Action,Comedy,Sci-Fi",5.3,3370,https://www.imdb.com/title/tt0115985/
tt1705134,State of Emergency,2011,90,"Horror,Sci-Fi,Thriller",5.2,3364,https://www.imdb.com/title/tt1705134/
tt2924392,Higher Power,2018,93,"Action,Adventure,Sci-Fi",4.5,3362,https://www.imdb.com/title/tt2924392/
tt0460883,Night Skies,2007,85,"Horror,Sci-Fi,Thriller",4.5,3356,https://www.imdb.com/title/tt0460883/
tt0295725,Time Changer,2002,95,"Drama,Fantasy,Sci-Fi",5.4,3354,https://www.imdb.com/title/tt0295725/
tt0243759,The American Astronaut,2001,91,"Comedy,Musical,Sci-Fi",6.9,3350,https://www.imdb.com/title/tt0243759/
tt8651780,Project Dorothy,2024,80,"Horror,Sci-Fi,Thriller",3.9,3344,https://www.imdb.com/title/tt8651780/
tt3153582,Listening,2014,98,"Drama,Sci-Fi,Thriller",5.6,3338,https://www.imdb.com/title/tt3153582/
tt23146644,Latency,2024,94,"Action,Horror,Sci-Fi",4.2,3331,https://www.imdb.com/title/tt23146644/
tt9558468,iSmart Shankar,2019,140,"Action,Sci-Fi",5.4,3330,https://www.imdb.com/title/tt9558468/
tt4073890,Andron,2015,100,"Action,Sci-Fi",2.7,3329,https://www.imdb.com/title/tt4073890/
tt4086032,Frankenstein,2015,89,"Horror,Sci-Fi,Thriller",5.1,3322,https://www.imdb.com/title/tt4086032/
tt9135260,Dark Light,2019,90,"Horror,Mystery,Sci-Fi",4.5,3315,https://www.imdb.com/title/tt9135260/
tt0112446,Sixty Million Dollar Man,1995,92,"Comedy,Fantasy,Sci-Fi",6.2,3311,https://www.imdb.com/title/tt0112446/
tt33298502,Black,2024,115,"Horror,Mystery,Sci-Fi",7.1,3309,https://www.imdb.com/title/tt33298502/
tt0095924,Pulse,1988,91,"Horror,Sci-Fi",5.5,3307,https://www.imdb.com/title/tt0095924/
tt1650042,Dead Season,2012,85,"Horror,Sci-Fi",4.6,3299,https://www.imdb.com/title/tt1650042/
tt0091166,Hands of Steel,1986,94,"Action,Drama,Sci-Fi",5.3,3296,https://www.imdb.com/title/tt0091166/
tt0091544,Monster in the Closet,1986,90,"Comedy,Horror,Sci-Fi",5.0,3292,https://www.imdb.com/title/tt0091544/
tt13975458,Cube,2021,108,"Horror,Mystery,Sci-Fi",4.5,3291,https://www.imdb.com/title/tt13975458/
tt0100152,Mindwarp,1991,96,"Horror,Sci-Fi,Thriller",5.2,3275,https://www.imdb.com/title/tt0100152/
tt1946421,The Captains,2011,97,"Biography,Documentary,Sci-Fi",6.8,3247,https://www.imdb.com/title/tt1946421/
tt21154574,Year 10,2024,96,"Horror,Sci-Fi",5.4,3241,https://www.imdb.com/title/tt21154574/
tt31254554,Wonderland,2024,113,"Drama,Sci-Fi",6.2,3237,https://www.imdb.com/title/tt31254554/
tt35630700,Our Times,2025,90,"Drama,Sci-Fi",5.4,3235,https://www.imdb.com/title/tt35630700/
tt0082083,Blood Beach,1980,85,"Comedy,Horror,Sci-Fi",4.5,3234,https://www.imdb.com/title/tt0082083/
tt13904644,Spider-Man: Lotus,2023,120,"Drama,Sci-Fi",3.1,3220,https://www.imdb.com/title/tt13904644/
tt3579524,Ghost in the Shell: Arise - Border 3: Ghost Tears,2014,55,"Action,Animation,Sci-Fi",7.1,3219,https://www.imdb.com/title/tt3579524/
tt8992946,Cargo,2019,119,"Drama,Fantasy,Sci-Fi",5.6,3215,https://www.imdb.com/title/tt8992946/
tt7230422,The Occupant,2025,104,"Drama,Mystery,Sci-Fi",4.7,3213,https://www.imdb.com/title/tt7230422/
tt0091343,The Kindred,1987,93,"Horror,Sci-Fi,Thriller",5.7,3202,https://www.imdb.com/title/tt0091343/
tt33255286,Dog 51,2025,100,"Crime,Sci-Fi,Thriller",5.8,3192,https://www.imdb.com/title/tt33255286/
tt2769184,Debug,2014,86,"Horror,Sci-Fi",4.3,3188,https://www.imdb.com/title/tt2769184/
tt0112895,Dr. Jekyll and Ms. Hyde,1995,90,"Comedy,Romance,Sci-Fi",4.6,3176,https://www.imdb.com/title/tt0112895/
tt17569526,Acid,2023,99,"Drama,Sci-Fi",5.1,3174,https://www.imdb.com/title/tt17569526/
tt5999530,Before We Vanish,2017,129,"Drama,Horror,Sci-Fi",6.2,3174,https://www.imdb.com/title/tt5999530/
tt0090293,Warning Sign,1985,99,"Drama,Sci-Fi,Thriller",6.1,3171,https://www.imdb.com/title/tt0090293/
tt0083694,Britannia Hospital,1982,111,"Comedy,Sci-Fi",6.2,3166,https://www.imdb.com/title/tt0083694/
tt37671707,Not All Movies Are the Same: Dual,2025,97,"Horror,Mystery,Sci-Fi",5.4,3161,https://www.imdb.com/title/tt37671707/
tt0091464,Malcolm,1986,85,"Comedy,Crime,Sci-Fi",7.1,3159,https://www.imdb.com/title/tt0091464/
tt1038072,Pulse 2: Afterlife,2008,89,"Drama,Horror,Sci-Fi",3.4,3143,https://www.imdb.com/title/tt1038072/
tt0080380,The Apple,1980,90,"Music,Musical,Sci-Fi",4.3,3142,https://www.imdb.com/title/tt0080380/
tt0088380,Warrior of the Lost World,1983,92,"Action,Sci-Fi,Thriller",2.7,3142,https://www.imdb.com/title/tt0088380/
tt0310149,The Princess Blade,2001,93,"Action,Sci-Fi",5.6,3140,https://www.imdb.com/title/tt0310149/
tt0194722,Bridge of Dragons,1999,92,"Action,Romance,Sci-Fi",4.7,3136,https://www.imdb.com/title/tt0194722/
tt19719904,Plan 75,2022,113,"Drama,Sci-Fi",6.6,3136,https://www.imdb.com/title/tt19719904/
tt8814500,Cryo,2022,118,"Mystery,Sci-Fi,Thriller",4.1,3135,https://www.imdb.com/title/tt8814500/
tt1172060,It's Alive,2009,80,"Horror,Sci-Fi",3.5,3125,https://www.imdb.com/title/tt1172060/
tt0099856,The Invisible Maniac,1990,86,"Comedy,Horror,Sci-Fi",4.3,3119,https://www.imdb.com/title/tt0099856/
tt0265104,The Breed,2001,91,"Action,Horror,Sci-Fi",4.8,3116,https://www.imdb.com/title/tt0265104/
tt1185264,Red Mist,2008,82,"Fantasy,Horror,Sci-Fi",4.9,3116,https://www.imdb.com/title/tt1185264/
tt0343449,The Bone Snatcher,2003,89,"Horror,Mystery,Sci-Fi",4.4,3085,https://www.imdb.com/title/tt0343449/
tt7282370,Who,2018,153,"Mystery,Sci-Fi",5.0,3078,https://www.imdb.com/title/tt7282370/
tt1912982,A Little Bit Zombie,2012,87,"Comedy,Horror,Sci-Fi",5.3,3075,https://www.imdb.com/title/tt1912982/
tt3104304,Ice Soldiers,2013,95,"Action,Sci-Fi,Thriller",4.4,3074,https://www.imdb.com/title/tt3104304/
tt8548792,The Dawnseeker,2018,81,"Action,Fantasy,Sci-Fi",2.9,3054,https://www.imdb.com/title/tt8548792/
tt0884335,Chrysalis,2007,94,"Crime,Drama,Sci-Fi",5.4,3048,https://www.imdb.com/title/tt0884335/
tt4464394,The Gracefield Incident,2017,89,"Horror,Mystery,Sci-Fi",4.2,3041,https://www.imdb.com/title/tt4464394/
tt0283015,Stranded,2001,99,"Drama,Sci-Fi",5.3,3027,https://www.imdb.com/title/tt0283015/
tt11540272,Lapsis,2020,108,"Drama,Mystery,Sci-Fi",6.2,3026,https://www.imdb.com/title/tt11540272/
tt0095756,Not of This Earth,1988,81,"Comedy,Horror,Sci-Fi",5.0,3022,https://www.imdb.com/title/tt0095756/
tt9765144,Zombie for Sale,2019,112,"Comedy,Horror,Sci-Fi",6.7,3015,https://www.imdb.com/title/tt9765144/
tt1399952,Dark Planet: Rebellion,2009,105,"Action,Adventure,Sci-Fi",5.0,2989,https://www.imdb.com/title/tt1399952/
tt0276935,"Electric Dragon 80,000V",2001,55,"Action,Fantasy,Sci-Fi",6.8,2975,https://www.imdb.com/title/tt0276935/
tt0438052,The Gene Generation,2007,96,"Action,Sci-Fi",4.2,2967,https://www.imdb.com/title/tt0438052/
tt1934381,Sector 7,2011,101,"Action,Horror,Sci-Fi",4.7,2966,https://www.imdb.com/title/tt1934381/
tt1867101,Roman Bath,2012,108,"Comedy,Fantasy,Sci-Fi",6.4,2964,https://www.imdb.com/title/tt1867101/
tt5258074,Crossbreed,2019,86,"Action,Comedy,Sci-Fi",3.1,2949,https://www.imdb.com/title/tt5258074/
tt13788842,2025 - The World enslaved by a Virus,2021,92,"Adventure,Sci-Fi",1.0,2948,https://www.imdb.com/title/tt13788842/
tt1602617,The Corridor,2010,98,"Drama,Horror,Sci-Fi",4.8,2947,https://www.imdb.com/title/tt1602617/
tt8196068,Twisted Pair,2018,89,"Action,Drama,Sci-Fi",4.7,2945,https://www.imdb.com/title/tt8196068/
tt10273738,The Abandon,2022,97,"Horror,Sci-Fi,Thriller",4.3,2941,https://www.imdb.com/title/tt10273738/
tt7476524,The Drone,2019,82,"Comedy,Horror,Sci-Fi",4.0,2940,https://www.imdb.com/title/tt7476524/
tt0100589,Shakma,1990,100,"Horror,Sci-Fi,Thriller",5.0,2939,https://www.imdb.com/title/tt0100589/
tt0090771,Breeders,1986,77,"Horror,Sci-Fi",3.8,2937,https://www.imdb.com/title/tt0090771/
tt0277605,Bio-Zombie,1998,94,"Comedy,Horror,Sci-Fi",6.4,2937,https://www.imdb.com/title/tt0277605/
tt4937114,Rogue Warrior: Robot Fighter,2016,101,"Action,Sci-Fi",3.1,2935,https://www.imdb.com/title/tt4937114/
tt8215480,Greatland,2020,104,"Fantasy,Sci-Fi",4.5,2932,https://www.imdb.com/title/tt8215480/
tt2208216,Vanishing Waves,2012,124,"Romance,Sci-Fi,Thriller",5.9,2931,https://www.imdb.com/title/tt2208216/
tt0105322,Scanners III: The Takeover,1991,101,"Action,Horror,Sci-Fi",4.5,2918,https://www.imdb.com/title/tt0105322/
tt6628322,Shanghai Fortress,2019,107,"Action,Sci-Fi",4.4,2918,https://www.imdb.com/title/tt6628322/
tt9126944,Override,2020,95,"Crime,Sci-Fi,Thriller",3.9,2881,https://www.imdb.com/title/tt9126944/
tt2536436,App,2013,75,"Sci-Fi,Thriller",5.4,2868,https://www.imdb.com/title/tt2536436/
tt2319739,41,2012,80,"Drama,Sci-Fi",6.2,2863,https://www.imdb.com/title/tt2319739/
tt7176054,Cosmoball,2020,118,"Action,Sci-Fi,Sport",4.7,2858,https://www.imdb.com/title/tt7176054/
tt0082243,Strange Behavior,1981,87,"Horror,Mystery,Sci-Fi",5.6,2855,https://www.imdb.com/title/tt0082243/
tt0101831,Eve of Destruction,1991,99,"Action,Fantasy,Sci-Fi",5.0,2851,https://www.imdb.com/title/tt0101831/
tt3949586,Plague,2014,89,"Drama,Horror,Sci-Fi",4.4,2850,https://www.imdb.com/title/tt3949586/
tt12449586,The Seed,2021,91,"Comedy,Horror,Sci-Fi",4.8,2840,https://www.imdb.com/title/tt12449586/
tt1773389,Einstein's God Model,2016,89,"Drama,Sci-Fi,Thriller",5.2,2837,https://www.imdb.com/title/tt1773389/
tt0491005,Kaw,2006,85,"Horror,Sci-Fi,Thriller",4.3,2823,https://www.imdb.com/title/tt0491005/
tt1381512,RoboGeisha,2009,102,"Action,Comedy,Sci-Fi",5.3,2815,https://www.imdb.com/title/tt1381512/
tt0242150,Xchange,2000,110,"Sci-Fi,Thriller",5.5,2812,https://www.imdb.com/title/tt0242150/
tt6684976,Black Garden,2019,90,Sci-Fi,3.4,2805,https://www.imdb.com/title/tt6684976/
tt14866710,Blasted,2022,114,"Action,Comedy,Sci-Fi",4.8,2804,https://www.imdb.com/title/tt14866710/
tt8511466,Aporia,2023,104,"Drama,Sci-Fi",5.6,2789,https://www.imdb.com/title/tt8511466/
tt0085267,Born in Flames,1983,79,"Drama,Sci-Fi",6.6,2788,https://www.imdb.com/title/tt0085267/
tt0086013,Nightbeast,1982,81,"Horror,Sci-Fi",4.3,2786,https://www.imdb.com/title/tt0086013/
tt3274690,Nathan's Kingdom,2020,93,"Adventure,Drama,Sci-Fi",4.7,2784,https://www.imdb.com/title/tt3274690/
tt0083557,Android,1982,80,Sci-Fi,5.8,2769,https://www.imdb.com/title/tt0083557/
tt0096246,The Terror Within,1989,88,"Horror,Sci-Fi",4.7,2765,https://www.imdb.com/title/tt0096246/
tt2518926,Age of Dinosaurs,2013,88,"Action,Adventure,Sci-Fi",2.9,2733,https://www.imdb.com/title/tt2518926/
tt10395866,Executive Order,2020,103,"Drama,Sci-Fi",6.6,2726,https://www.imdb.com/title/tt10395866/
tt2507628,War of the Worlds the True Story,2012,102,"Action,Horror,Sci-Fi",6.1,2718,https://www.imdb.com/title/tt2507628/
tt4118932,Loop,2016,95,"Crime,Sci-Fi,Thriller",6.4,2702,https://www.imdb.com/title/tt4118932/
tt8439934,Black Ops,2019,102,"Action,Horror,Sci-Fi",3.9,2696,https://www.imdb.com/title/tt8439934/
tt0988043,One-Eyed Monster,2008,84,"Comedy,Horror,Sci-Fi",4.1,2694,https://www.imdb.com/title/tt0988043/
tt21377766,Frogman,2023,81,"Horror,Sci-Fi",5.1,2690,https://www.imdb.com/title/tt21377766/
tt2241403,Outpost: Rise of the Spetsnaz,2013,87,"Action,Horror,Sci-Fi",5.0,2684,https://www.imdb.com/title/tt2241403/
tt2439946,40 Days and Nights,2012,86,"Action,Adventure,Sci-Fi",2.4,2681,https://www.imdb.com/title/tt2439946/
tt0993841,Dead Air,2009,90,"Horror,Sci-Fi,Thriller",5.2,2673,https://www.imdb.com/title/tt0993841/
tt8896632,Max Winslow and the House of Secrets,2019,98,"Family,Sci-Fi,Thriller",5.1,2660,https://www.imdb.com/title/tt8896632/
tt8980128,Deus,2022,90,"Adventure,Mystery,Sci-Fi",4.4,2659,https://www.imdb.com/title/tt8980128/
tt0086135,Atlantis Interceptors,1983,98,"Action,Sci-Fi",4.8,2656,https://www.imdb.com/title/tt0086135/
tt8180482,9,2019,149,"Fantasy,Horror,Sci-Fi",6.7,2656,https://www.imdb.com/title/tt8180482/
tt12774526,After the Pandemic,2022,84,Sci-Fi,3.5,2650,https://www.imdb.com/title/tt12774526/
tt0101264,"Abraxas, Guardian of the Universe",1990,87,"Action,Drama,Sci-Fi",2.9,2645,https://www.imdb.com/title/tt0101264/
tt0084658,The Sender,1982,91,"Drama,Horror,Sci-Fi",6.0,2631,https://www.imdb.com/title/tt0084658/
tt2369041,Legendary,2013,92,"Action,Adventure,Sci-Fi",3.8,2624,https://www.imdb.com/title/tt2369041/
tt6332276,What We Left Behind: Looking Back at Star Trek: Deep Space Nine,2018,116,"Documentary,Sci-Fi",8.2,2614,https://www.imdb.com/title/tt6332276/
tt4016942,Ghost in the Shell Arise - Border 4: Ghost Stands Alone,2014,59,"Action,Animation,Sci-Fi",7.1,2612,https://www.imdb.com/title/tt4016942/
tt0089714,"O-Bi, O-Ba: The End of Civilization",1985,88,"Drama,Mystery,Sci-Fi",7.2,2608,https://www.imdb.com/title/tt0089714/
tt1562567,Bloodwork,2012,100,"Horror,Sci-Fi,Thriller",5.2,2603,https://www.imdb.com/title/tt1562567/
tt0362942,Post Impact,2004,95,"Action,Adventure,Sci-Fi",3.3,2591,https://www.imdb.com/title/tt0362942/
tt3355014,The Zohar Secret,2016,124,"Comedy,Drama,Sci-Fi",5.4,2587,https://www.imdb.com/title/tt3355014/
tt1733578,Zombie Diaries 2,2011,88,"Action,Horror,Sci-Fi",3.8,2585,https://www.imdb.com/title/tt1733578/
tt0357894,Silver Hawk,2004,99,"Action,Adventure,Sci-Fi",5.1,2579,https://www.imdb.com/title/tt0357894/
tt0371920,Rottweiler,2004,95,"Horror,Sci-Fi,Thriller",3.2,2577,https://www.imdb.com/title/tt0371920/
tt4616250,The Perfect Weapon,2016,88,"Action,Sci-Fi,Thriller",2.9,2572,https://www.imdb.com/title/tt4616250/
tt3848938,Mr. X,2015,133,"Action,Drama,Sci-Fi",3.7,2551,https://www.imdb.com/title/tt3848938/
tt6385952,Volition,2019,91,"Crime,Drama,Sci-Fi",5.6,2548,https://www.imdb.com/title/tt6385952/
tt0820111,Meatball Machine,2005,90,"Action,Horror,Sci-Fi",5.7,2536,https://www.imdb.com/title/tt0820111/
tt5759590,Angels Fallen,2020,86,"Horror,Sci-Fi",2.8,2534,https://www.imdb.com/title/tt5759590/
tt0114070,Mind Ripper,1995,96,"Horror,Sci-Fi",4.0,2533,https://www.imdb.com/title/tt0114070/
tt3013160,Alien Arrival,2016,98,"Action,Adventure,Sci-Fi",4.4,2532,https://www.imdb.com/title/tt3013160/
tt1822395,Dropa,2019,101,"Drama,Sci-Fi,Thriller",4.2,2520,https://www.imdb.com/title/tt1822395/
tt32263401,Reflection in a Dead Diamond,2025,87,"Action,Mystery,Sci-Fi",6.1,2520,https://www.imdb.com/title/tt32263401/
tt3743362,Earthrise,2014,90,"Drama,Sci-Fi,Thriller",3.5,2520,https://www.imdb.com/title/tt3743362/
tt3620418,Boy 7,2015,90,"Action,Sci-Fi,Thriller",5.8,2518,https://www.imdb.com/title/tt3620418/
tt2094767,August 8,2012,120,"Action,Drama,Sci-Fi",5.6,2517,https://www.imdb.com/title/tt2094767/
tt13592970,Loop Track,2023,94,"Adventure,Horror,Sci-Fi",5.8,2516,https://www.imdb.com/title/tt13592970/
tt0093286,It's Alive III: Island of the Alive,1987,95,"Horror,Sci-Fi",4.9,2515,https://www.imdb.com/title/tt0093286/
tt0217679,Naked Blood,1996,76,"Drama,Horror,Sci-Fi",6.1,2514,https://www.imdb.com/title/tt0217679/
tt15465194,Dr. 56,2022,105,"Crime,Mystery,Sci-Fi",6.7,2510,https://www.imdb.com/title/tt15465194/
tt8064418,Assassin 33 A.D.,2020,109,Sci-Fi,3.0,2503,https://www.imdb.com/title/tt8064418/
tt0087130,DEFCON-4,1985,88,"Action,Adventure,Sci-Fi",4.5,2501,https://www.imdb.com/title/tt0087130/
tt3198000,Beyond the Trek,2017,89,"Drama,Sci-Fi",4.2,2495,https://www.imdb.com/title/tt3198000/
tt3343868,The Veil,2017,93,"Action,Adventure,Sci-Fi",3.2,2495,https://www.imdb.com/title/tt3343868/
tt5152640,Shortwave,2016,85,"Sci-Fi,Thriller",3.9,2494,https://www.imdb.com/title/tt5152640/
tt2113792,The Demented,2013,92,"Horror,Sci-Fi",3.8,2490,https://www.imdb.com/title/tt2113792/
tt0084796,Time Walker,1982,83,"Horror,Sci-Fi",3.8,2485,https://www.imdb.com/title/tt0084796/
tt1462757,The Ghostmaker,2012,91,"Fantasy,Horror,Sci-Fi",4.9,2485,https://www.imdb.com/title/tt1462757/
tt1176416,Tetsuo: The Bullet Man,2009,71,"Action,Horror,Sci-Fi",5.4,2479,https://www.imdb.com/title/tt1176416/
tt3552892,Hungerford,2014,79,"Horror,Sci-Fi",3.8,2477,https://www.imdb.com/title/tt3552892/
tt0466043,Khottabych,2006,92,"Comedy,Fantasy,Sci-Fi",6.2,2470,https://www.imdb.com/title/tt0466043/
tt2449638,Atomica,2017,81,"Sci-Fi,Thriller",4.2,2468,https://www.imdb.com/title/tt2449638/
tt0984155,Before the Fall,2008,97,"Crime,Drama,Sci-Fi",5.9,2467,https://www.imdb.com/title/tt0984155/
tt1977094,Beyond White Space,2018,93,"Sci-Fi,Thriller",4.5,2458,https://www.imdb.com/title/tt1977094/
tt14637386,Parallel,2024,88,"Drama,Sci-Fi,Thriller",5.4,2456,https://www.imdb.com/title/tt14637386/
tt32123395,Altered,2025,87,"Action,Sci-Fi",3.6,2454,https://www.imdb.com/title/tt32123395/
tt8311958,Divine Love,2019,101,"Drama,Sci-Fi",6.1,2451,https://www.imdb.com/title/tt8311958/
tt1326238,Backlight,2010,90,"Drama,Mystery,Sci-Fi",6.0,2437,https://www.imdb.com/title/tt1326238/
tt0101502,The Borrower,1991,92,"Comedy,Horror,Sci-Fi",5.3,2434,https://www.imdb.com/title/tt0101502/
tt0117069,Moebius,1996,88,"Mystery,Sci-Fi,Thriller",6.8,2434,https://www.imdb.com/title/tt0117069/
tt13694706,The Survivalist,2021,91,"Action,Sci-Fi,Thriller",3.5,2424,https://www.imdb.com/title/tt13694706/
tt14915608,Captain Nova,2021,86,"Adventure,Family,Sci-Fi",5.5,2420,https://www.imdb.com/title/tt14915608/
tt10165918,The Changed,2021,78,"Horror,Sci-Fi,Thriller",3.4,2417,https://www.imdb.com/title/tt10165918/
tt7159566,Transference,2020,86,"Action,Mystery,Sci-Fi",3.9,2417,https://www.imdb.com/title/tt7159566/
tt0105597,Timebomb,1991,96,"Action,Drama,Sci-Fi",5.4,2413,https://www.imdb.com/title/tt0105597/
tt3551400,Unnatural,2015,89,"Action,Horror,Sci-Fi",4.0,2413,https://www.imdb.com/title/tt3551400/
tt0107819,Philadelphia Experiment II,1993,97,"Action,Adventure,Sci-Fi",4.5,2412,https://www.imdb.com/title/tt0107819/
tt0112634,Carnosaur 2,1995,83,"Action,Horror,Sci-Fi",3.8,2407,https://www.imdb.com/title/tt0112634/
tt1242642,Judas Kiss,2011,94,"Drama,Romance,Sci-Fi",5.4,2406,https://www.imdb.com/title/tt1242642/
tt9050310,Slash/Back,2022,86,"Adventure,Horror,Sci-Fi",5.7,2399,https://www.imdb.com/title/tt9050310/
tt4439102,Officer Downe,2016,88,"Action,Comedy,Sci-Fi",4.3,2390,https://www.imdb.com/title/tt4439102/
tt1954843,Space Milkshake,2012,85,"Comedy,Sci-Fi",5.6,2386,https://www.imdb.com/title/tt1954843/
tt3503460,Embers,2015,85,"Drama,Mystery,Sci-Fi",5.4,2376,https://www.imdb.com/title/tt3503460/
tt1559027,D'Agostino,2012,124,"Drama,Sci-Fi",4.4,2373,https://www.imdb.com/title/tt1559027/
tt27610677,Double Ismart,2024,156,"Action,Sci-Fi,Thriller",2.9,2373,https://www.imdb.com/title/tt27610677/
tt1836212,All Superheroes Must Die,2011,78,"Horror,Sci-Fi,Thriller",3.9,2372,https://www.imdb.com/title/tt1836212/
tt0270919,Ditto,2000,110,"Drama,Romance,Sci-Fi",7.0,2369,https://www.imdb.com/title/tt0270919/
tt22805590,Black Noise,2023,86,"Action,Sci-Fi",3.0,2367,https://www.imdb.com/title/tt22805590/
tt3277624,Creative Control,2015,97,"Drama,Sci-Fi",5.4,2357,https://www.imdb.com/title/tt3277624/
tt14917354,The House,2021,90,"Drama,Sci-Fi,Thriller",5.5,2347,https://www.imdb.com/title/tt14917354/
tt0445161,4,2004,126,"Drama,Mystery,Sci-Fi",6.5,2339,https://www.imdb.com/title/tt0445161/
tt4943218,The Worthy,2016,99,"Action,Sci-Fi,Thriller",5.1,2338,https://www.imdb.com/title/tt4943218/
tt36440312,Dan Da Dan: Evil Eye,2025,93,"Action,Animation,Sci-Fi",7.8,2337,https://www.imdb.com/title/tt36440312/
tt2553424,The Infinite Man,2014,85,"Comedy,Fantasy,Sci-Fi",6.2,2324,https://www.imdb.com/title/tt2553424/
tt0085224,The Being,1981,82,"Horror,Sci-Fi",4.4,2321,https://www.imdb.com/title/tt0085224/
tt5753552,Husband & Wife,2017,100,"Comedy,Sci-Fi",6.4,2319,https://www.imdb.com/title/tt5753552/
tt4397342,Cities of Last Things,2018,106,"Crime,Drama,Sci-Fi",6.3,2312,https://www.imdb.com/title/tt4397342/
tt3745906,The Hive,2014,93,"Horror,Sci-Fi,Thriller",5.1,2308,https://www.imdb.com/title/tt3745906/
tt3311020,Be Afraid,2017,99,"Horror,Sci-Fi,Thriller",4.8,2304,https://www.imdb.com/title/tt3311020/
tt0459924,Paragraph 78,2007,88,"Action,Sci-Fi,Thriller",4.9,2301,https://www.imdb.com/title/tt0459924/
tt1323946,Pulse 3,2008,91,"Horror,Sci-Fi",3.6,2296,https://www.imdb.com/title/tt1323946/
tt0100649,Solar Crisis,1990,112,"Sci-Fi,Thriller",4.1,2294,https://www.imdb.com/title/tt0100649/
tt0107333,Knights,1993,90,"Action,Adventure,Sci-Fi",4.7,2291,https://www.imdb.com/title/tt0107333/
tt3261302,Dinosaur Island,2014,82,"Adventure,Family,Sci-Fi",3.7,2282,https://www.imdb.com/title/tt3261302/
tt2495104,Parts Per Billion,2014,98,"Drama,Romance,Sci-Fi",4.3,2279,https://www.imdb.com/title/tt2495104/
tt14557302,Moon Man,2022,122,"Comedy,Sci-Fi",6.4,2271,https://www.imdb.com/title/tt14557302/
tt29279903,Happyend,2024,113,"Drama,Fantasy,Sci-Fi",6.8,2253,https://www.imdb.com/title/tt29279903/
tt1564368,Aftermath,2014,92,"Horror,Sci-Fi,Thriller",4.8,2248,https://www.imdb.com/title/tt1564368/
tt2556936,No Men Beyond This Point,2015,80,"Comedy,Drama,Sci-Fi",6.3,2245,https://www.imdb.com/title/tt2556936/
tt0428390,Severed,2005,93,"Horror,Sci-Fi,Thriller",4.5,2244,https://www.imdb.com/title/tt0428390/
tt4054004,2047: Virtual Revolution,2016,92,"Action,Crime,Sci-Fi",5.1,2242,https://www.imdb.com/title/tt4054004/
tt0409860,Cutie Honey,2004,94,"Adventure,Comedy,Sci-Fi",6.3,2237,https://www.imdb.com/title/tt0409860/
tt0098048,Gor II,1988,89,"Action,Fantasy,Sci-Fi",2.5,2223,https://www.imdb.com/title/tt0098048/
tt6470762,Mazinger Z: INFINITY,2017,95,"Action,Animation,Sci-Fi",5.9,2206,https://www.imdb.com/title/tt6470762/
tt7400998,LX 2048,2020,103,"Drama,Sci-Fi,Thriller",4.9,2205,https://www.imdb.com/title/tt7400998/
tt0115834,Carnosaur 3: Primal Species,1996,80,"Action,Horror,Sci-Fi",3.2,2199,https://www.imdb.com/title/tt0115834/
tt6017594,The Darkest Dawn,2016,76,Sci-Fi,4.1,2199,https://www.imdb.com/title/tt6017594/
tt6613952,Encounter,2018,92,"Drama,Sci-Fi",4.1,2187,https://www.imdb.com/title/tt6613952/
tt10831486,Levels,2024,93,"Action,Sci-Fi,Thriller",5.0,2181,https://www.imdb.com/title/tt10831486/
tt14623762,Death Valley,2021,91,"Action,Horror,Sci-Fi",4.1,2177,https://www.imdb.com/title/tt14623762/
tt3977848,Sky Sharks,2020,102,"Comedy,Horror,Sci-Fi",3.6,2174,https://www.imdb.com/title/tt3977848/
tt12782448,Pichaikkaran 2,2023,148,"Action,Drama,Sci-Fi",5.6,2170,https://www.imdb.com/title/tt12782448/
tt2375639,South of Hope Street,2024,101,Sci-Fi,5.6,2169,https://www.imdb.com/title/tt2375639/
tt0365514,Moon Child,2003,120,"Action,Drama,Sci-Fi",6.2,2167,https://www.imdb.com/title/tt0365514/
tt0484273,The Dark Hour,2006,92,"Horror,Mystery,Sci-Fi",5.7,2159,https://www.imdb.com/title/tt0484273/
tt6678874,Incoming,2018,89,"Action,Sci-Fi,Thriller",3.4,2157,https://www.imdb.com/title/tt6678874/
tt32341602,Darshini,2024,120,"Comedy,Sci-Fi,Thriller",8.1,2149,https://www.imdb.com/title/tt32341602/
tt4567486,The Mind's Eye,2015,87,"Action,Horror,Sci-Fi",4.8,2146,https://www.imdb.com/title/tt4567486/
tt0097007,The Caller,1987,97,"Mystery,Sci-Fi,Thriller",6.0,2141,https://www.imdb.com/title/tt0097007/
tt1152827,Super Hybrid,2010,94,"Horror,Sci-Fi,Thriller",4.1,2138,https://www.imdb.com/title/tt1152827/
tt0163375,Vicious Lips,1986,84,"Horror,Music,Sci-Fi",4.4,2133,https://www.imdb.com/title/tt0163375/
tt0417745,Headspace,2005,89,"Horror,Mystery,Sci-Fi",4.6,2133,https://www.imdb.com/title/tt0417745/
tt1278180,Kenny Begins,2009,87,"Action,Comedy,Sci-Fi",5.7,2128,https://www.imdb.com/title/tt1278180/
tt3831344,Amelia 2.0,2017,89,"Drama,Romance,Sci-Fi",5.4,2128,https://www.imdb.com/title/tt3831344/
tt9568230,Night Raiders,2021,101,"Action,Sci-Fi,Thriller",5.3,2120,https://www.imdb.com/title/tt9568230/
tt6270596,A Rough Draft,2018,116,Sci-Fi,4.5,2114,https://www.imdb.com/title/tt6270596/
tt1520496,Circle of Eight,2009,83,"Horror,Mystery,Sci-Fi",3.7,2113,https://www.imdb.com/title/tt1520496/
tt28364592,Kraken,2025,134,"Action,Mystery,Sci-Fi",5.3,2113,https://www.imdb.com/title/tt28364592/
tt20784426,Maro Prapancham,2023,109,"Drama,Sci-Fi,Thriller",7.4,2111,https://www.imdb.com/title/tt20784426/
tt14880258,Deep,2021,101,"Drama,Mystery,Sci-Fi",5.0,2110,https://www.imdb.com/title/tt14880258/
tt1043800,For the Good of Others,2010,107,"Drama,Sci-Fi,Thriller",6.2,2089,https://www.imdb.com/title/tt1043800/
tt5044656,The Shadow Effect,2017,93,"Mystery,Sci-Fi,Thriller",4.2,2077,https://www.imdb.com/title/tt5044656/
tt12989912,Ultrasound,2021,103,"Drama,Mystery,Sci-Fi",5.8,2070,https://www.imdb.com/title/tt12989912/
tt2798456,The Hybrid,2014,94,"Horror,Sci-Fi",4.7,2069,https://www.imdb.com/title/tt2798456/
tt0113926,Naked Souls,1996,91,"Sci-Fi,Thriller",3.4,2067,https://www.imdb.com/title/tt0113926/
tt0264429,Black Mask 2: City of Masks,2002,102,"Action,Drama,Sci-Fi",3.7,2062,https://www.imdb.com/title/tt0264429/
tt1391579,The Dark Lurking,2009,97,"Action,Horror,Sci-Fi",3.2,2058,https://www.imdb.com/title/tt1391579/
tt32642156,The Shrinking Man,2025,99,"Adventure,Sci-Fi",5.8,2057,https://www.imdb.com/title/tt32642156/
tt1532382,Hooked,2009,90,"Action,Drama,Sci-Fi",5.6,2052,https://www.imdb.com/title/tt1532382/
tt4642970,Llamageddon,2015,69,"Comedy,Sci-Fi",3.9,2052,https://www.imdb.com/title/tt4642970/
tt0089109,Evils of the Night,1985,85,"Horror,Sci-Fi",3.7,2046,https://www.imdb.com/title/tt0089109/
tt2544074,Identicals,2015,100,"Sci-Fi,Thriller",3.8,2046,https://www.imdb.com/title/tt2544074/
tt2081438,Zombie Massacre,2013,90,"Action,Horror,Sci-Fi",2.4,2037,https://www.imdb.com/title/tt2081438/
tt5273720,All the Creatures Were Stirring,2018,80,"Horror,Sci-Fi",4.9,2036,https://www.imdb.com/title/tt5273720/
tt5564336,Lucid,2018,86,"Sci-Fi,Thriller",4.5,2031,https://www.imdb.com/title/tt5564336/
tt0272425,Reptilian,1999,99,"Action,Fantasy,Sci-Fi",2.7,2029,https://www.imdb.com/title/tt0272425/
tt0758762,The Last Sentinel,2007,93,"Action,Sci-Fi,Thriller",3.6,2019,https://www.imdb.com/title/tt0758762/
tt5810122,Let Her Out,2016,89,"Horror,Mystery,Sci-Fi",4.6,2017,https://www.imdb.com/title/tt5810122/
tt0097228,Dr. Caligari,1989,80,"Comedy,Horror,Sci-Fi",6.0,2015,https://www.imdb.com/title/tt0097228/
tt4888982,The Control,2018,94,"Mystery,Sci-Fi,Thriller",3.5,2014,https://www.imdb.com/title/tt4888982/
tt1129396,Radio Free Albemuth,2010,111,"Drama,Sci-Fi",5.6,2012,https://www.imdb.com/title/tt1129396/
tt1513835,Nightbeasts,2010,80,"Horror,Sci-Fi",4.9,2012,https://www.imdb.com/title/tt1513835/
tt0085627,Warriors of the Year 2072,1984,90,"Action,Sci-Fi,Thriller",4.8,2011,https://www.imdb.com/title/tt0085627/
tt0087464,Impulse,1984,91,"Horror,Mystery,Sci-Fi",5.8,2009,https://www.imdb.com/title/tt0087464/
tt0102279,Late for Dinner,1991,99,"Drama,Sci-Fi",6.5,2008,https://www.imdb.com/title/tt0102279/
tt1900891,Haunters,2010,119,"Action,Horror,Sci-Fi",6.1,2008,https://www.imdb.com/title/tt1900891/
tt0102709,Primal Rage,1988,91,"Horror,Sci-Fi,Thriller",5.4,2003,https://www.imdb.com/title/tt0102709/
tt3899262,Cyborg X,2016,90,"Action,Horror,Sci-Fi",3.5,2001,https://www.imdb.com/title/tt3899262/
tt12820524,Helsreach: The Movie,2019,150,Sci-Fi,8.6,1996,https://www.imdb.com/title/tt12820524/
tt0847825,The Speed of Thought,2011,93,"Sci-Fi,Thriller",4.8,1994,https://www.imdb.com/title/tt0847825/
tt14555174,Assassin,2023,88,"Action,Crime,Sci-Fi",3.3,1991,https://www.imdb.com/title/tt14555174/
tt15340206,Resurrected,2023,97,"Horror,Sci-Fi",5.3,1990,https://www.imdb.com/title/tt15340206/
tt3165632,5th Passenger,2017,89,"Sci-Fi,Thriller",3.3,1988,https://www.imdb.com/title/tt3165632/
tt0250613,Boa,2001,96,"Action,Horror,Sci-Fi",3.4,1985,https://www.imdb.com/title/tt0250613/
tt6317762,Space Oddity,2022,92,"Comedy,Romance,Sci-Fi",5.5,1985,https://www.imdb.com/title/tt6317762/
tt5944812,Dead Sunrise,2017,80,"Adventure,Horror,Sci-Fi",3.5,1982,https://www.imdb.com/title/tt5944812/
tt0109442,Class of 1999 II: The Substitute,1994,87,"Action,Horror,Sci-Fi",4.4,1978,https://www.imdb.com/title/tt0109442/
tt6360398,The Final Phase,2020,79,"Drama,Mystery,Sci-Fi",2.4,1978,https://www.imdb.com/title/tt6360398/
tt7560964,Herbert West: Re-Animator,2017,83,"Horror,Sci-Fi",4.6,1973,https://www.imdb.com/title/tt7560964/
tt21862626,Kids vs. Aliens,2022,75,"Horror,Sci-Fi",5.0,1969,https://www.imdb.com/title/tt21862626/
tt0086345,Space Raiders,1983,84,"Action,Adventure,Sci-Fi",4.5,1967,https://www.imdb.com/title/tt0086345/
tt0078749,Alien 2: On Earth,1980,92,"Adventure,Horror,Sci-Fi",3.7,1960,https://www.imdb.com/title/tt0078749/
tt1286147,Ghost Machine,2009,93,"Action,Sci-Fi,Thriller",4.7,1953,https://www.imdb.com/title/tt1286147/
tt1541123,Astronaut: The Last Push,2012,90,"Drama,Sci-Fi",5.3,1942,https://www.imdb.com/title/tt1541123/
tt1957938,Narcopolis,2015,96,"Mystery,Sci-Fi,Thriller",4.4,1936,https://www.imdb.com/title/tt1957938/
tt11266868,Solitary,2020,89,"Drama,Sci-Fi,Thriller",3.5,1932,https://www.imdb.com/title/tt11266868/
tt0143338,Killer Crocodile,1989,90,"Adventure,Horror,Sci-Fi",4.7,1931,https://www.imdb.com/title/tt0143338/
tt0498567,Summer Time Machine Blues,2005,107,"Comedy,Sci-Fi",7.0,1931,https://www.imdb.com/title/tt0498567/
tt0096402,Voyage of the Rock Aliens,1984,97,"Comedy,Musical,Sci-Fi",5.2,1920,https://www.imdb.com/title/tt0096402/
tt0101675,Dead Space,1991,72,"Horror,Sci-Fi",3.6,1916,https://www.imdb.com/title/tt0101675/
tt4255196,Before the Fire,2020,90,"Drama,Sci-Fi,Thriller",4.3,1912,https://www.imdb.com/title/tt4255196/
tt4776564,WEAPONiZED,2016,91,"Action,Sci-Fi,Thriller",3.5,1910,https://www.imdb.com/title/tt4776564/
tt14994064,Adbhutham,2021,141,"Romance,Sci-Fi",7.5,1908,https://www.imdb.com/title/tt14994064/
tt6876854,Edge of Extinction,2020,141,"Action,Sci-Fi,Thriller",5.0,1905,https://www.imdb.com/title/tt6876854/
tt9812258,G-Loc,2020,92,Sci-Fi,4.5,1905,https://www.imdb.com/title/tt9812258/
tt6143798,Axcellerator,2020,91,"Action,Sci-Fi",4.0,1903,https://www.imdb.com/title/tt6143798/
tt6490930,Project Ithaca,2019,85,"Horror,Sci-Fi,Thriller",4.2,1897,https://www.imdb.com/title/tt6490930/
tt1653913,Helldriver,2010,117,"Horror,Sci-Fi",5.3,1893,https://www.imdb.com/title/tt1653913/
tt0108606,Heroic Trio 2: Executioners,1993,101,"Action,Sci-Fi,Thriller",5.8,1889,https://www.imdb.com/title/tt0108606/
tt14325028,Box: Metaphor,2023,78,"Sci-Fi,Thriller",3.1,1888,https://www.imdb.com/title/tt14325028/
tt27406675,Il migliore dei mondi,2023,102,"Comedy,Drama,Sci-Fi",6.2,1883,https://www.imdb.com/title/tt27406675/
tt32150119,The Thinking Game,2024,84,"Animation,Documentary,Sci-Fi",7.6,1883,https://www.imdb.com/title/tt32150119/
tt0107979,Robot Wars,1993,72,"Action,Sci-Fi",4.0,1882,https://www.imdb.com/title/tt0107979/
tt16427902,Bionic,2024,110,"Action,Adventure,Sci-Fi",4.3,1882,https://www.imdb.com/title/tt16427902/
tt4279116,Alien Invasion: S.U.M.1,2017,92,"Horror,Sci-Fi,Thriller",4.3,1877,https://www.imdb.com/title/tt4279116/
tt0108277,TC 2000,1993,95,"Action,Sci-Fi",4.6,1876,https://www.imdb.com/title/tt0108277/
tt0385990,Retrograde,2004,93,"Action,Sci-Fi",3.2,1876,https://www.imdb.com/title/tt0385990/
tt3619854,Creature,2014,134,"Action,Horror,Sci-Fi",3.3,1873,https://www.imdb.com/title/tt3619854/
tt1351177,Last of the Living,2009,88,"Comedy,Horror,Sci-Fi",4.7,1871,https://www.imdb.com/title/tt1351177/
tt2645188,The Quiet Hour,2014,85,"Drama,Sci-Fi,Thriller",4.6,1865,https://www.imdb.com/title/tt2645188/
tt12678146,The Passenger,2021,90,"Comedy,Horror,Sci-Fi",5.2,1862,https://www.imdb.com/title/tt12678146/
tt0282179,Spiders II: Breeding Ground,2001,96,"Action,Horror,Sci-Fi",3.3,1857,https://www.imdb.com/title/tt0282179/
tt0084540,The Prize of Peril,1983,98,"Action,Sci-Fi,Thriller",6.7,1855,https://www.imdb.com/title/tt0084540/
tt0103157,The Unborn,1991,83,"Drama,Horror,Sci-Fi",4.8,1854,https://www.imdb.com/title/tt0103157/
tt10554196,Pungo: A Witch's Tale,2020,102,"Fantasy,Horror,Sci-Fi",4.2,1846,https://www.imdb.com/title/tt10554196/
tt5674368,Agent,2017,80,"Action,Sci-Fi,Thriller",3.5,1846,https://www.imdb.com/title/tt5674368/
tt0466103,Pyl,2005,107,"Comedy,Drama,Sci-Fi",7.1,1844,https://www.imdb.com/title/tt0466103/
tt3727120,The History of Time Travel,2014,72,"Drama,Sci-Fi",6.9,1843,https://www.imdb.com/title/tt3727120/
tt3312748,Extraordinary: The Stan Romanek Story,2013,105,"Documentary,Drama,Sci-Fi",3.9,1838,https://www.imdb.com/title/tt3312748/
tt3113498,Confinement,2016,77,Sci-Fi,5.3,1837,https://www.imdb.com/title/tt3113498/
tt0080715,The Falls,1980,195,"Comedy,Sci-Fi",7.1,1836,https://www.imdb.com/title/tt0080715/
tt0082507,Heartbeeps,1981,78,"Comedy,Sci-Fi",4.3,1835,https://www.imdb.com/title/tt0082507/
tt1614408,Time Traveller: The Girl Who Leapt Through Time,2010,121,"Adventure,Drama,Sci-Fi",6.5,1833,https://www.imdb.com/title/tt1614408/
tt0100586,Shadowzone,1990,88,"Horror,Sci-Fi",5.0,1832,https://www.imdb.com/title/tt0100586/
tt12159766,Trigger Points,2020,95,"Drama,Sci-Fi",2.5,1831,https://www.imdb.com/title/tt12159766/
tt0083801,Deadly Eyes,1982,87,"Horror,Sci-Fi,Thriller",5.0,1828,https://www.imdb.com/title/tt0083801/
tt1416336,Extinction: The G.M.O. Chronicles,2011,110,"Drama,Horror,Sci-Fi",4.5,1828,https://www.imdb.com/title/tt1416336/
tt0084887,Battletruck,1982,91,"Action,Adventure,Sci-Fi",5.0,1826,https://www.imdb.com/title/tt0084887/
tt0167350,Progeny,1998,98,"Horror,Sci-Fi,Thriller",4.9,1825,https://www.imdb.com/title/tt0167350/
tt6660238,Crazy Alien,2019,116,"Comedy,Sci-Fi",5.8,1825,https://www.imdb.com/title/tt6660238/
tt0106620,The Crawlers,1990,91,"Horror,Sci-Fi,Thriller",3.0,1824,https://www.imdb.com/title/tt0106620/
tt2379080,Cruel & Unusual,2014,95,"Sci-Fi,Thriller",6.6,1823,https://www.imdb.com/title/tt2379080/
tt4694518,Domain,2016,97,"Drama,Sci-Fi,Thriller",5.6,1822,https://www.imdb.com/title/tt4694518/
tt9664732,Disco Raja,2020,141,"Action,Sci-Fi,Thriller",6.1,1822,https://www.imdb.com/title/tt9664732/
tt1489946,The Blackout,2009,80,"Horror,Sci-Fi,Thriller",3.3,1812,https://www.imdb.com/title/tt1489946/
tt0097365,Flesh Gordon Meets the Cosmic Cheerleaders,1990,98,"Comedy,Sci-Fi",3.8,1809,https://www.imdb.com/title/tt0097365/
tt1982882,True Bloodthirst,2012,86,"Action,Horror,Sci-Fi",4.1,1809,https://www.imdb.com/title/tt1982882/
tt8953768,Multiverse,2019,90,"Drama,Mystery,Sci-Fi",4.8,1807,https://www.imdb.com/title/tt8953768/
tt8043434,Undergods,2020,92,"Drama,Sci-Fi,Thriller",5.4,1805,https://www.imdb.com/title/tt8043434/
tt6435934,Last Journey of Paul W.R.,2020,87,"Adventure,Drama,Sci-Fi",5.1,1804,https://www.imdb.com/title/tt6435934/
tt0106545,Future Cops,1993,95,"Action,Comedy,Sci-Fi",6.0,1799,https://www.imdb.com/title/tt0106545/
tt0092677,Blue Monkey,1987,96,"Horror,Sci-Fi",4.9,1795,https://www.imdb.com/title/tt0092677/
tt0346811,The Curse of the Komodo,2004,92,"Adventure,Horror,Sci-Fi",3.0,1792,https://www.imdb.com/title/tt0346811/
tt0109098,American Cyborg: Steel Warrior,1993,94,"Action,Sci-Fi",4.4,1788,https://www.imdb.com/title/tt0109098/
tt0439581,The Ugly Swans,2006,105,"Drama,Mystery,Sci-Fi",6.9,1787,https://www.imdb.com/title/tt0439581/
tt1854506,Aliens vs. Avatars,2011,80,"Horror,Sci-Fi",1.5,1787,https://www.imdb.com/title/tt1854506/
tt19874970,Blink,2024,136,"Sci-Fi,Thriller",6.9,1787,https://www.imdb.com/title/tt19874970/
tt0189916,Maybe,1999,109,"Comedy,Drama,Sci-Fi",5.8,1784,https://www.imdb.com/title/tt0189916/
tt4073682,Grain,2017,128,"Drama,Sci-Fi",6.0,1782,https://www.imdb.com/title/tt4073682/
tt4261326,2307: Winter's Dream,2016,101,Sci-Fi,3.7,1777,https://www.imdb.com/title/tt4261326/
tt8290476,Blank,2022,94,"Drama,Sci-Fi,Thriller",4.7,1777,https://www.imdb.com/title/tt8290476/
tt3847642,Kill Order,2017,77,"Action,Sci-Fi",4.1,1773,https://www.imdb.com/title/tt3847642/
tt0093349,King Lear,1987,90,"Comedy,Drama,Sci-Fi",5.5,1768,https://www.imdb.com/title/tt0093349/
tt4363250,Lost in the Pacific,2016,89,"Adventure,Horror,Sci-Fi",3.2,1768,https://www.imdb.com/title/tt4363250/
tt0173024,Visitor of a Museum,1989,136,"Drama,Horror,Sci-Fi",7.2,1765,https://www.imdb.com/title/tt0173024/
tt1540005,Cloned: The Recreator Chronicles,2012,90,"Drama,Sci-Fi,Thriller",4.4,1762,https://www.imdb.com/title/tt1540005/
tt0214871,The Last Patrol,2000,95,"Action,Drama,Sci-Fi",3.6,1761,https://www.imdb.com/title/tt0214871/
tt3608654,The Coed and the Zombie Stoner,2014,91,"Comedy,Horror,Sci-Fi",3.6,1760,https://www.imdb.com/title/tt3608654/
tt14061002,City Rush 3,2023,55,"Action,Crime,Sci-Fi",4.4,1749,https://www.imdb.com/title/tt14061002/
tt5338644,Mrs. Hyde,2017,95,"Comedy,Drama,Sci-Fi",5.1,1746,https://www.imdb.com/title/tt5338644/
tt3245656,Hangar 10,2014,87,"Horror,Sci-Fi,Thriller",3.7,1745,https://www.imdb.com/title/tt3245656/
tt15137342,Kaadumale,2025,109,"Drama,Sci-Fi",6.2,1742,https://www.imdb.com/title/tt15137342/
tt5300154,Assassinaut,2019,83,"Adventure,Horror,Sci-Fi",3.3,1738,https://www.imdb.com/title/tt5300154/
tt7339862,The Friendship Game,2022,87,"Horror,Sci-Fi",3.3,1732,https://www.imdb.com/title/tt7339862/
tt11835714,Dune Drifter,2020,98,"Action,Drama,Sci-Fi",3.6,1726,https://www.imdb.com/title/tt11835714/
tt12723616,BomBhaat,2020,136,"Action,Comedy,Sci-Fi",4.6,1723,https://www.imdb.com/title/tt12723616/
tt0082272,The Strange Case of Dr. Jekyll and Miss Osbourne,1981,91,"Horror,Sci-Fi",6.1,1720,https://www.imdb.com/title/tt0082272/
tt1056416,Sexy Killer: You'll Die for Her,2008,100,"Comedy,Horror,Sci-Fi",5.7,1719,https://www.imdb.com/title/tt1056416/
tt1198333,Autumn,2009,110,"Horror,Sci-Fi,Thriller",3.2,1708,https://www.imdb.com/title/tt1198333/
tt3074952,Welcome to Willits,2016,84,"Horror,Sci-Fi",4.1,1707,https://www.imdb.com/title/tt3074952/
tt0113982,Night of the Scarecrow,1995,85,"Horror,Sci-Fi",5.4,1706,https://www.imdb.com/title/tt0113982/
tt0344777,Six: The Mark Unleashed,2004,107,"Action,Drama,Sci-Fi",4.1,1704,https://www.imdb.com/title/tt0344777/
tt0095047,Doin' Time on Planet Earth,1988,85,"Comedy,Sci-Fi",4.7,1702,https://www.imdb.com/title/tt0095047/
tt10069166,Destination Marfa,2021,97,Sci-Fi,3.8,1700,https://www.imdb.com/title/tt10069166/
tt0100261,Nightmare at Noon,1988,96,"Action,Horror,Sci-Fi",5.1,1699,https://www.imdb.com/title/tt0100261/
tt2076372,Toad Road,2012,76,"Drama,Horror,Sci-Fi",5.0,1699,https://www.imdb.com/title/tt2076372/
tt8948208,Foxtrot Six,2019,114,"Action,Drama,Sci-Fi",5.4,1695,https://www.imdb.com/title/tt8948208/
tt33249097,Affection,2025,90,"Horror,Sci-Fi,Thriller",5.4,1694,https://www.imdb.com/title/tt33249097/
tt11708140,Asylum: Twisted Horror and Fantasy Tales,2020,117,"Comedy,Horror,Sci-Fi",4.8,1693,https://www.imdb.com/title/tt11708140/
tt0089091,Endgame - Bronx lotta finale,1983,98,"Action,Sci-Fi,Thriller",5.1,1692,https://www.imdb.com/title/tt0089091/
tt0109515,Cyber Tracker,1994,91,"Action,Sci-Fi",3.8,1691,https://www.imdb.com/title/tt0109515/
tt6888938,White Chamber,2018,89,"Drama,Horror,Sci-Fi",4.4,1691,https://www.imdb.com/title/tt6888938/
tt1023347,Universal Soldiers,2007,85,"Action,Adventure,Sci-Fi",1.6,1689,https://www.imdb.com/title/tt1023347/
tt13786042,"Relax, I'm from the Future",2022,94,"Comedy,Sci-Fi",5.4,1689,https://www.imdb.com/title/tt13786042/
tt2573372,Becoming,2020,98,"Horror,Sci-Fi,Thriller",4.8,1688,https://www.imdb.com/title/tt2573372/
tt0110022,The Hidden II,1993,93,"Crime,Horror,Sci-Fi",3.2,1683,https://www.imdb.com/title/tt0110022/
tt0088925,City Limits,1984,86,"Action,Adventure,Sci-Fi",2.6,1676,https://www.imdb.com/title/tt0088925/
tt4920098,Somnium,2024,92,"Drama,Horror,Sci-Fi",4.9,1670,https://www.imdb.com/title/tt4920098/
tt0121694,Robo Vampire,1988,90,"Action,Horror,Sci-Fi",3.4,1668,https://www.imdb.com/title/tt0121694/
tt16235342,Space Wars: Quest for the Deepstar,2022,90,"Action,Adventure,Sci-Fi",4.3,1666,https://www.imdb.com/title/tt16235342/
tt3458760,The Lucky Man,2017,98,"Action,Drama,Sci-Fi",4.7,1664,https://www.imdb.com/title/tt3458760/
tt10960102,On Our Watch,2021,108,"Comedy,Drama,Sci-Fi",6.4,1659,https://www.imdb.com/title/tt10960102/
tt0097982,Nightwish,1989,92,"Horror,Mystery,Sci-Fi",4.8,1652,https://www.imdb.com/title/tt0097982/
tt0105347,Seedpeople,1992,81,"Horror,Sci-Fi",4.5,1649,https://www.imdb.com/title/tt0105347/
tt10397854,Robo,2019,90,"Adventure,Family,Sci-Fi",5.9,1647,https://www.imdb.com/title/tt10397854/
tt1806975,Never Open the Door,2014,64,"Horror,Mystery,Sci-Fi",4.8,1646,https://www.imdb.com/title/tt1806975/
tt0126237,To the Stars by Hard Ways,1981,148,Sci-Fi,6.0,1643,https://www.imdb.com/title/tt0126237/
tt7682204,Out of Time,2021,92,"Action,Drama,Sci-Fi",5.6,1641,https://www.imdb.com/title/tt7682204/
tt10590458,Don't Speak,2020,83,"Horror,Sci-Fi,Thriller",3.1,1640,https://www.imdb.com/title/tt10590458/
tt3439114,Disaster L.A.,2014,82,"Action,Horror,Sci-Fi",3.5,1639,https://www.imdb.com/title/tt3439114/
tt0825279,20 Years After,2008,95,"Drama,Fantasy,Sci-Fi",3.2,1634,https://www.imdb.com/title/tt0825279/
tt1980185,Memory Lane,2012,70,"Crime,Sci-Fi,Thriller",4.9,1632,https://www.imdb.com/title/tt1980185/
tt5050634,Space/Time,2025,89,"Crime,Sci-Fi,Thriller",4.9,1631,https://www.imdb.com/title/tt5050634/
tt5342650,Reset,2017,105,"Action,Crime,Sci-Fi",5.3,1630,https://www.imdb.com/title/tt5342650/
tt4123650,Alterscape,2018,90,"Action,Sci-Fi,Thriller",4.3,1629,https://www.imdb.com/title/tt4123650/
tt0115006,Xtro 3: Watch the Skies,1995,97,"Horror,Sci-Fi",3.6,1628,https://www.imdb.com/title/tt0115006/
tt0098276,Second Sight,1989,83,"Comedy,Mystery,Sci-Fi",4.4,1622,https://www.imdb.com/title/tt0098276/
tt4558042,Elstree 1976,2015,101,"Documentary,Sci-Fi",5.9,1616,https://www.imdb.com/title/tt4558042/
tt0473064,Sinking of Japan,2006,135,"Adventure,Drama,Sci-Fi",5.6,1610,https://www.imdb.com/title/tt0473064/
tt3481210,2047: Sights of Death,2014,89,"Action,Sci-Fi,Thriller",2.5,1610,https://www.imdb.com/title/tt3481210/
tt0097781,Lords of the Deep,1989,77,"Sci-Fi,Thriller",2.7,1608,https://www.imdb.com/title/tt0097781/
tt26626085,City Rush 4,2025,45,"Action,Crime,Sci-Fi",5.4,1606,https://www.imdb.com/title/tt26626085/
tt4235644,The Empire of Corpses,2015,120,"Animation,Horror,Sci-Fi",6.0,1604,https://www.imdb.com/title/tt4235644/
tt0084171,Jekyll and Hyde... Together Again,1982,87,"Comedy,Music,Sci-Fi",6.0,1602,https://www.imdb.com/title/tt0084171/
tt1590125,My iz budushchego 2,2010,98,"Action,Adventure,Sci-Fi",5.0,1600,https://www.imdb.com/title/tt1590125/
tt4509840,The Rift: Dark Side of the Moon,2016,95,"Horror,Sci-Fi,Thriller",3.4,1597,https://www.imdb.com/title/tt4509840/
tt0977669,The Vanguard,2008,89,"Action,Horror,Sci-Fi",3.2,1594,https://www.imdb.com/title/tt0977669/
tt0915463,Jackboots on Whitehall,2010,91,"Animation,Comedy,Sci-Fi",5.3,1582,https://www.imdb.com/title/tt0915463/
tt28152455,Rewind,2023,112,"Drama,Romance,Sci-Fi",6.6,1581,https://www.imdb.com/title/tt28152455/
tt0097630,Journey to the Center of the Earth,1988,100,"Adventure,Sci-Fi",2.6,1580,https://www.imdb.com/title/tt0097630/
tt0116770,Killer Tongue,1996,98,"Comedy,Horror,Sci-Fi",4.5,1579,https://www.imdb.com/title/tt0116770/
tt9220966,The Trouble with Being Born,2020,94,"Drama,Mystery,Sci-Fi",5.4,1576,https://www.imdb.com/title/tt9220966/
tt0100904,Watchers II,1990,101,"Horror,Sci-Fi",4.6,1575,https://www.imdb.com/title/tt0100904/
tt0112993,Evolver,1995,91,"Action,Horror,Sci-Fi",5.5,1574,https://www.imdb.com/title/tt0112993/
tt27430218,Attack of the Corn Zombies,2023,77,"Horror,Sci-Fi,Thriller",6.5,1574,https://www.imdb.com/title/tt27430218/
tt5662550,Dead Trigger,2017,91,"Action,Horror,Sci-Fi",3.2,1568,https://www.imdb.com/title/tt5662550/
tt3105350,The Calculator,2014,82,"Action,Sci-Fi,Thriller",4.4,1566,https://www.imdb.com/title/tt3105350/
tt0087945,The Adventures of Taura: Prison Ship Star Slammer,1986,86,"Action,Comedy,Sci-Fi",3.7,1565,https://www.imdb.com/title/tt0087945/
tt0086978,Blind Date,1984,103,"Horror,Sci-Fi,Thriller",4.9,1563,https://www.imdb.com/title/tt0086978/
tt15444046,Divinity,2023,88,"Sci-Fi,Thriller",5.2,1562,https://www.imdb.com/title/tt15444046/
tt21399082,The Lake,2022,104,"Horror,Sci-Fi,Thriller",3.8,1560,https://www.imdb.com/title/tt21399082/
tt7321356,Some Time Later,2018,99,"Comedy,Sci-Fi",5.7,1558,https://www.imdb.com/title/tt7321356/
tt0463935,Candy Stripers,2006,89,"Horror,Sci-Fi",3.4,1556,https://www.imdb.com/title/tt0463935/
tt5563862,Replace,2017,101,"Horror,Sci-Fi,Thriller",4.7,1556,https://www.imdb.com/title/tt5563862/
tt2176722,Ejecta,2014,82,"Horror,Sci-Fi",3.7,1548,https://www.imdb.com/title/tt2176722/
tt0124349,Redline,1997,97,"Action,Sci-Fi,Thriller",4.7,1547,https://www.imdb.com/title/tt0124349/
tt15404268,"Snow, Tea and Love",2021,115,"Comedy,Sci-Fi",5.8,1544,https://www.imdb.com/title/tt15404268/
tt0426396,Alien Abduction,2005,96,"Horror,Sci-Fi,Thriller",2.6,1539,https://www.imdb.com/title/tt0426396/
tt0089002,Death Warmed Up,1984,82,"Horror,Sci-Fi",4.6,1538,https://www.imdb.com/title/tt0089002/
tt0162211,Deadly Instincts,1997,90,"Horror,Sci-Fi",3.2,1538,https://www.imdb.com/title/tt0162211/
tt0096921,Beyond the Stars,1989,91,"Drama,Sci-Fi",5.2,1537,https://www.imdb.com/title/tt0096921/
tt0093626,Nightflyers,1987,89,"Horror,Mystery,Sci-Fi",4.3,1536,https://www.imdb.com/title/tt0093626/
tt0097371,Food of the Gods II,1989,91,"Horror,Sci-Fi",4.2,1536,https://www.imdb.com/title/tt0097371/
tt13162334,Glacier,2021,88,"Drama,Sci-Fi",4.4,1522,https://www.imdb.com/title/tt13162334/
tt1815746,Humans vs Zombies,2011,93,"Comedy,Horror,Sci-Fi",3.8,1522,https://www.imdb.com/title/tt1815746/
tt0092530,Alien Predator,1986,90,"Drama,Horror,Sci-Fi",3.9,1520,https://www.imdb.com/title/tt0092530/
tt1982759,Le Sequel,2016,90,"Comedy,Horror,Sci-Fi",6.9,1519,https://www.imdb.com/title/tt1982759/
tt11385066,The App,2019,78,"Drama,Sci-Fi,Thriller",2.8,1517,https://www.imdb.com/title/tt11385066/
tt13074322,The Gulf of Silence,2020,85,"Documentary,Sci-Fi",4.5,1517,https://www.imdb.com/title/tt13074322/
tt0085514,The Exterminators of the Year 3000,1983,103,"Action,Sci-Fi",5.1,1516,https://www.imdb.com/title/tt0085514/
tt9352178,The Primevals,2023,91,"Adventure,Sci-Fi",5.8,1512,https://www.imdb.com/title/tt9352178/
tt13265204,Metamorphosis,2022,82,"Drama,Horror,Sci-Fi",5.1,1508,https://www.imdb.com/title/tt13265204/
tt0109517,Cyborg Cop,1993,95,"Action,Sci-Fi",4.3,1506,https://www.imdb.com/title/tt0109517/
tt0080806,Golem,1980,92,Sci-Fi,6.6,1502,https://www.imdb.com/title/tt0080806/
tt2106675,ThanksKilling 3,2012,99,"Comedy,Horror,Sci-Fi",2.7,1501,https://www.imdb.com/title/tt2106675/
tt2504640,Garm Wars: The Last Druid,2014,92,"Action,Fantasy,Sci-Fi",4.8,1498,https://www.imdb.com/title/tt2504640/
tt23789874,Guest from the Future,2024,141,"Adventure,Family,Sci-Fi",6.0,1490,https://www.imdb.com/title/tt23789874/
tt0104759,The Lost World,1992,99,"Adventure,Fantasy,Sci-Fi",5.4,1487,https://www.imdb.com/title/tt0104759/
tt4368098,The Creature Below,2016,83,"Horror,Sci-Fi",3.7,1485,https://www.imdb.com/title/tt4368098/
tt0104981,Neon City,1991,99,"Action,Adventure,Sci-Fi",5.3,1478,https://www.imdb.com/title/tt0104981/
tt4957538,The Whispering Star,2015,100,Sci-Fi,6.5,1478,https://www.imdb.com/title/tt4957538/
tt0095060,Dr. Alien,1989,90,"Comedy,Sci-Fi",4.9,1476,https://www.imdb.com/title/tt0095060/
tt36148135,All You Need Is Kill,2025,86,"Action,Animation,Sci-Fi",6.5,1476,https://www.imdb.com/title/tt36148135/
tt6268812,In My Room,2018,119,"Drama,Sci-Fi",6.2,1473,https://www.imdb.com/title/tt6268812/
tt14122288,I'm Totally Fine,2022,83,"Comedy,Drama,Sci-Fi",6.0,1472,https://www.imdb.com/title/tt14122288/
tt0093731,Phoenix the Warrior,1988,89,"Action,Sci-Fi",3.7,1470,https://www.imdb.com/title/tt0093731/
tt0870112,Future by Design,2005,86,"Documentary,Sci-Fi",7.8,1470,https://www.imdb.com/title/tt0870112/
tt1667150,What Women Want,2011,116,"Comedy,Romance,Sci-Fi",5.5,1470,https://www.imdb.com/title/tt1667150/
tt15684550,The History of Mankind: Slightly Abridged,2022,96,"Comedy,History,Sci-Fi",4.6,1467,https://www.imdb.com/title/tt15684550/
tt0083335,The War of the Worlds: Next Century,1981,96,"Drama,Sci-Fi,Thriller",6.9,1465,https://www.imdb.com/title/tt0083335/
tt0091631,Nightmare Weekend,1986,85,"Horror,Sci-Fi",3.6,1465,https://www.imdb.com/title/tt0091631/
tt0080513,The Chain Reaction,1980,92,"Action,Drama,Sci-Fi",5.3,1464,https://www.imdb.com/title/tt0080513/
tt0112843,The Demolitionist,1995,93,"Action,Horror,Sci-Fi",4.3,1462,https://www.imdb.com/title/tt0112843/
tt3615160,Genocidal Organ,2017,115,"Action,Animation,Sci-Fi",6.4,1461,https://www.imdb.com/title/tt3615160/
tt0277909,Mutant Aliens,2001,81,"Animation,Comedy,Sci-Fi",6.6,1460,https://www.imdb.com/title/tt0277909/
tt0301777,Robot Stories,2003,85,"Drama,Romance,Sci-Fi",6.0,1459,https://www.imdb.com/title/tt0301777/
tt0424958,Disaster!,2005,83,"Animation,Comedy,Sci-Fi",5.0,1457,https://www.imdb.com/title/tt0424958/
tt27510455,Mondays: See You 'This' Week!,2022,82,"Comedy,Sci-Fi",6.5,1457,https://www.imdb.com/title/tt27510455/
tt13757540,The Door Into Summer,2021,118,"Drama,Mystery,Sci-Fi",6.4,1453,https://www.imdb.com/title/tt13757540/
tt0114193,Project: Metalbeast,1995,92,"Horror,Sci-Fi",4.5,1444,https://www.imdb.com/title/tt0114193/
tt0090233,Underworld,1985,103,"Action,Horror,Sci-Fi",4.0,1443,https://www.imdb.com/title/tt0090233/
tt14672882,The Tomorrow Job,2023,105,"Action,Sci-Fi",4.5,1442,https://www.imdb.com/title/tt14672882/
tt0888496,Fascisti su Marte,2006,100,"Comedy,Sci-Fi",6.8,1441,https://www.imdb.com/title/tt0888496/
tt14736734,Brightwood,2022,84,"Horror,Sci-Fi,Thriller",5.2,1439,https://www.imdb.com/title/tt14736734/
tt25947954,Gray Matter,2023,87,"Drama,Sci-Fi,Thriller",5.0,1439,https://www.imdb.com/title/tt25947954/
tt0082410,Frankenstein Island,1981,97,"Horror,Sci-Fi",2.1,1436,https://www.imdb.com/title/tt0082410/
tt2328745,Space Warriors,2013,93,"Adventure,Family,Sci-Fi",4.5,1435,https://www.imdb.com/title/tt2328745/
tt0106366,Beach Babes from Beyond,1993,75,"Comedy,Sci-Fi",3.7,1431,https://www.imdb.com/title/tt0106366/
tt6656262,Tora Tora,2017,118,"Comedy,Family,Sci-Fi",7.0,1431,https://www.imdb.com/title/tt6656262/
tt0081457,Scared to Death,1980,96,"Horror,Sci-Fi",4.3,1430,https://www.imdb.com/title/tt0081457/
tt3980310,Alterverse,2015,81,"Horror,Sci-Fi,Thriller",5.0,1429,https://www.imdb.com/title/tt3980310/
tt0080346,The Alien Dead,1980,74,"Comedy,Horror,Sci-Fi",2.8,1427,https://www.imdb.com/title/tt0080346/
tt5742568,Day of Reckoning,2016,85,"Action,Horror,Sci-Fi",3.5,1427,https://www.imdb.com/title/tt5742568/
tt0093843,Remote Control,1988,88,"Comedy,Romance,Sci-Fi",5.6,1424,https://www.imdb.com/title/tt0093843/
tt7130698,Warriors of the Wasteland,2024,148,"Action,Adventure,Sci-Fi",7.1,1424,https://www.imdb.com/title/tt7130698/
tt34967068,Touch Me,2025,100,"Comedy,Horror,Sci-Fi",4.9,1423,https://www.imdb.com/title/tt34967068/
tt5502946,Barbie: Star Light Adventure,2016,79,"Animation,Family,Sci-Fi",5.8,1423,https://www.imdb.com/title/tt5502946/
tt0222817,Entrails of a Virgin,1986,72,"Horror,Sci-Fi",4.3,1416,https://www.imdb.com/title/tt0222817/
tt0113278,Heatseeker,1995,91,"Action,Drama,Sci-Fi",4.2,1415,https://www.imdb.com/title/tt0113278/
tt0473348,Dead Men Walking,2005,82,"Action,Horror,Sci-Fi",4.0,1415,https://www.imdb.com/title/tt0473348/
tt2728784,After Darkness,2014,98,"Drama,Sci-Fi,Thriller",3.8,1414,https://www.imdb.com/title/tt2728784/
tt0133104,Rebirth of Mothra II,1997,97,"Action,Fantasy,Sci-Fi",5.1,1409,https://www.imdb.com/title/tt0133104/
tt1801123,Travelling Salesman,2012,80,"Drama,Mystery,Sci-Fi",5.8,1409,https://www.imdb.com/title/tt1801123/
tt27618123,Adiyae,2023,139,"Comedy,Romance,Sci-Fi",6.3,1408,https://www.imdb.com/title/tt27618123/
tt0097292,Hard to Be a God,1989,119,"Adventure,Drama,Sci-Fi",6.4,1403,https://www.imdb.com/title/tt0097292/
tt0177886,The Killer Eye,1999,72,"Comedy,Horror,Sci-Fi",2.9,1398,https://www.imdb.com/title/tt0177886/
tt3557406,Don't Grow Up,2015,81,"Drama,Horror,Sci-Fi",4.6,1398,https://www.imdb.com/title/tt3557406/
tt11341742,In Search of Tomorrow,2022,305,"Documentary,History,Sci-Fi",7.7,1395,https://www.imdb.com/title/tt11341742/
tt10327842,Portals,2019,85,"Horror,Mystery,Sci-Fi",3.2,1394,https://www.imdb.com/title/tt10327842/
tt1458902,2050,2018,106,"Drama,Fantasy,Sci-Fi",3.9,1393,https://www.imdb.com/title/tt1458902/
tt18561466,Gajab Thai Gayo !,2022,131,"Comedy,Family,Sci-Fi",6.6,1393,https://www.imdb.com/title/tt18561466/
tt6289224,Mondo Hollywoodland,2019,104,"Comedy,Sci-Fi",4.1,1392,https://www.imdb.com/title/tt6289224/
tt36164099,Beyond the Drumlins,2025,95,"Horror,Mystery,Sci-Fi",6.3,1390,https://www.imdb.com/title/tt36164099/
tt0243465,The Unknown,2000,91,"Horror,Mystery,Sci-Fi",5.5,1389,https://www.imdb.com/title/tt0243465/
tt0277705,Final,2001,111,"Drama,Sci-Fi,Thriller",5.8,1387,https://www.imdb.com/title/tt0277705/
tt1478800,Assault Girls,2009,65,"Action,Sci-Fi",3.8,1380,https://www.imdb.com/title/tt1478800/
tt6964562,Black Site,2018,91,"Action,Horror,Sci-Fi",3.8,1380,https://www.imdb.com/title/tt6964562/
tt0092006,Star Crystal,1986,91,"Drama,Horror,Sci-Fi",3.5,1378,https://www.imdb.com/title/tt0092006/
tt3593120,The Device,2014,90,"Sci-Fi,Thriller",3.2,1378,https://www.imdb.com/title/tt3593120/
tt13316770,Gods of the Deep,2023,78,"Horror,Sci-Fi,Thriller",3.2,1373,https://www.imdb.com/title/tt13316770/
tt7174134,Nr. 10,2021,100,"Drama,Mystery,Sci-Fi",6.5,1373,https://www.imdb.com/title/tt7174134/
tt12706382,Siren Head,2020,52,"Horror,Sci-Fi,Thriller",4.8,1371,https://www.imdb.com/title/tt12706382/
tt1754438,Robotropolis,2011,85,"Action,Adventure,Sci-Fi",3.1,1371,https://www.imdb.com/title/tt1754438/
tt0444519,A Ticket to Space,2006,90,"Comedy,Sci-Fi",5.3,1368,https://www.imdb.com/title/tt0444519/
tt0114196,Proteus,1995,97,"Horror,Sci-Fi,Thriller",4.1,1367,https://www.imdb.com/title/tt0114196/
tt5931338,Horror Hotel: The Movie,2016,103,"Comedy,Horror,Sci-Fi",4.2,1367,https://www.imdb.com/title/tt5931338/
tt1363468,Zenith,2010,93,"Sci-Fi,Thriller",5.4,1366,https://www.imdb.com/title/tt1363468/
tt6222286,Perfect,2018,88,"Horror,Mystery,Sci-Fi",3.9,1362,https://www.imdb.com/title/tt6222286/
tt0086349,Spasms,1983,90,"Horror,Sci-Fi",4.4,1361,https://www.imdb.com/title/tt0086349/
tt21247132,Meanwhile on Earth,2024,89,"Adventure,Drama,Sci-Fi",5.8,1359,https://www.imdb.com/title/tt21247132/
tt0127276,The Shadow Men,1997,95,"Action,Sci-Fi,Thriller",4.6,1358,https://www.imdb.com/title/tt0127276/
tt9320184,"Blind Willow, Sleeping Woman",2022,108,"Animation,Drama,Sci-Fi",7.1,1352,https://www.imdb.com/title/tt9320184/
tt11433874,Psycho-Pass 3: First Inspector,2020,135,"Animation,Sci-Fi",7.3,1351,https://www.imdb.com/title/tt11433874/
tt0094152,The Time Guardian,1987,87,"Action,Romance,Sci-Fi",4.3,1345,https://www.imdb.com/title/tt0094152/
tt0099624,Future Force,1989,84,"Action,Crime,Sci-Fi",3.4,1345,https://www.imdb.com/title/tt0099624/
tt2709764,The Gifted Hands,2013,107,"Drama,Mystery,Sci-Fi",6.4,1344,https://www.imdb.com/title/tt2709764/
tt7853292,Antariksham 9000 kmph,2018,140,"Adventure,Sci-Fi",5.9,1344,https://www.imdb.com/title/tt7853292/
tt15331462,Planet Dune,2021,86,"Adventure,Horror,Sci-Fi",2.5,1343,https://www.imdb.com/title/tt15331462/
tt1545985,The Coming Days,2010,125,"Drama,Sci-Fi",6.4,1342,https://www.imdb.com/title/tt1545985/
tt27434554,Hostile Dimensions,2023,80,"Horror,Sci-Fi",5.0,1341,https://www.imdb.com/title/tt27434554/
tt4209174,Chimera Strain,2018,80,"Drama,Sci-Fi,Thriller",4.2,1341,https://www.imdb.com/title/tt4209174/
tt21426434,Shark Side of the Moon,2022,88,"Action,Horror,Sci-Fi",2.8,1340,https://www.imdb.com/title/tt21426434/
tt9849644,Mind Thief,2022,108,"Comedy,Mystery,Sci-Fi",6.0,1340,https://www.imdb.com/title/tt9849644/
tt0202314,Deep Core,2000,80,"Action,Sci-Fi,Thriller",3.2,1338,https://www.imdb.com/title/tt0202314/
tt4290974,Taking Earth,2017,100,Sci-Fi,2.7,1338,https://www.imdb.com/title/tt4290974/
tt28419896,Street Trash,2024,85,"Comedy,Horror,Sci-Fi",4.5,1337,https://www.imdb.com/title/tt28419896/
tt0081675,Gamera: Super Monster,1980,92,"Family,Sci-Fi",3.6,1336,https://www.imdb.com/title/tt0081675/
tt13841874,The Sacred Spirit,2021,97,"Comedy,Drama,Sci-Fi",6.5,1332,https://www.imdb.com/title/tt13841874/
tt10570206,Stalker: The Curse of the Zone,2019,173,"Drama,Mystery,Sci-Fi",5.7,1331,https://www.imdb.com/title/tt10570206/
tt16148654,Captain,2022,120,"Action,Drama,Sci-Fi",4.4,1330,https://www.imdb.com/title/tt16148654/
tt11786386,Light,2024,93,Sci-Fi,2.6,1328,https://www.imdb.com/title/tt11786386/
tt32991468,Kadaisi Ulaga Por,2024,140,Sci-Fi,6.1,1328,https://www.imdb.com/title/tt32991468/
tt5636668,Battle of Memories,2017,119,"Fantasy,Mystery,Sci-Fi",6.4,1323,https://www.imdb.com/title/tt5636668/
tt0082642,The Last Chase,1981,101,"Action,Adventure,Sci-Fi",4.5,1320,https://www.imdb.com/title/tt0082642/
tt0183072,Feeders,1996,69,"Drama,Horror,Sci-Fi",2.6,1318,https://www.imdb.com/title/tt0183072/
tt2283017,The Land of Hope,2012,133,"Drama,Sci-Fi",6.6,1318,https://www.imdb.com/title/tt2283017/
tt5034276,The Phone,2015,115,"Action,Mystery,Sci-Fi",6.5,1317,https://www.imdb.com/title/tt5034276/
tt0092863,Deep Space,1988,90,"Horror,Sci-Fi",4.5,1316,https://www.imdb.com/title/tt0092863/
tt0107561,Metamorphosis: The Alien Factor,1990,98,"Horror,Sci-Fi,Thriller",5.1,1315,https://www.imdb.com/title/tt0107561/
tt0100688,Steel and Lace,1990,92,"Action,Horror,Sci-Fi",5.3,1312,https://www.imdb.com/title/tt0100688/
tt3625516,MindGamers,2015,97,"Action,Sci-Fi,Thriller",3.6,1304,https://www.imdb.com/title/tt3625516/
tt0087129,Decoder,1984,87,"Horror,Mystery,Sci-Fi",6.3,1302,https://www.imdb.com/title/tt0087129/
tt0095930,Purple People Eater,1988,90,"Comedy,Family,Sci-Fi",4.6,1302,https://www.imdb.com/title/tt0095930/
tt0109144,A.P.E.X.,1994,98,"Action,Sci-Fi",4.4,1296,https://www.imdb.com/title/tt0109144/
tt26749648,Another End,2024,119,"Drama,Romance,Sci-Fi",6.3,1293,https://www.imdb.com/title/tt26749648/
tt1927012,Dead Shadows,2012,75,"Horror,Sci-Fi",3.8,1292,https://www.imdb.com/title/tt1927012/
tt0277986,Killer Rats,2003,92,"Horror,Sci-Fi,Thriller",3.5,1291,https://www.imdb.com/title/tt0277986/
tt0086967,Biohazard,1985,84,"Horror,Sci-Fi",3.7,1289,https://www.imdb.com/title/tt0086967/
tt10243676,After Blue,2021,129,"Fantasy,Sci-Fi",5.4,1289,https://www.imdb.com/title/tt10243676/
tt1772262,Dragon Day,2013,95,"Drama,Sci-Fi,Thriller",3.9,1289,https://www.imdb.com/title/tt1772262/
tt4523530,Valley of the Gods,2019,126,"Adventure,Drama,Sci-Fi",4.6,1289,https://www.imdb.com/title/tt4523530/
tt0088393,Wheels of Fire,1985,81,"Action,Adventure,Sci-Fi",4.8,1288,https://www.imdb.com/title/tt0088393/
tt6146590,F.R.E.D.I.,2018,90,"Adventure,Family,Sci-Fi",5.1,1286,https://www.imdb.com/title/tt6146590/
tt1910498,Alien Armageddon,2011,95,Sci-Fi,2.1,1284,https://www.imdb.com/title/tt1910498/
tt0227408,Rubber's Lover,1996,91,"Horror,Sci-Fi",6.3,1282,https://www.imdb.com/title/tt0227408/
tt15437820,Gaganachari,2024,115,"Comedy,Sci-Fi",6.9,1282,https://www.imdb.com/title/tt15437820/
tt11182810,AI Love You,2022,95,"Drama,Romance,Sci-Fi",4.5,1281,https://www.imdb.com/title/tt11182810/
tt0092812,Cyclone,1987,89,"Action,Drama,Sci-Fi",4.5,1280,https://www.imdb.com/title/tt0092812/
tt11430948,Bloodthirst,2023,88,"Action,Horror,Sci-Fi",3.5,1280,https://www.imdb.com/title/tt11430948/
tt0320736,Vikram,1986,136,"Action,Adventure,Sci-Fi",7.3,1279,https://www.imdb.com/title/tt0320736/
tt2660332,LFO,2013,94,"Drama,Sci-Fi",6.6,1277,https://www.imdb.com/title/tt2660332/
tt6191390,Gremlin,2017,88,"Horror,Sci-Fi,Thriller",3.8,1277,https://www.imdb.com/title/tt6191390/
tt2901962,Kummeli V,2014,102,"Adventure,Comedy,Sci-Fi",4.8,1274,https://www.imdb.com/title/tt2901962/
tt0439615,Horrors of War,2006,99,"Action,Horror,Sci-Fi",3.0,1272,https://www.imdb.com/title/tt0439615/
tt3194622,Magnetic,2015,80,"Adventure,Fantasy,Sci-Fi",3.9,1272,https://www.imdb.com/title/tt3194622/
tt3605266,Everything Beautiful Is Far Away,2017,91,"Fantasy,Sci-Fi",5.8,1272,https://www.imdb.com/title/tt3605266/
tt0108342,Time Runner,1993,90,"Action,Adventure,Sci-Fi",4.1,1270,https://www.imdb.com/title/tt0108342/
tt7507924,Alpha Code,2020,97,"Mystery,Sci-Fi,Thriller",3.6,1270,https://www.imdb.com/title/tt7507924/
tt1709173,Unaware,2010,81,"Horror,Sci-Fi,Thriller",4.4,1268,https://www.imdb.com/title/tt1709173/
tt0113140,Galaxis,1995,91,"Action,Sci-Fi,Thriller",3.7,1267,https://www.imdb.com/title/tt0113140/
tt33523851,Lookout,2025,80,"Horror,Sci-Fi,Thriller",3.8,1267,https://www.imdb.com/title/tt33523851/
tt8550514,Jesus Shows You the Way to the Highway,2019,83,"Action,Comedy,Sci-Fi",5.7,1267,https://www.imdb.com/title/tt8550514/
tt21426456,Molli and Max in the Future,2023,93,"Comedy,Romance,Sci-Fi",6.3,1263,https://www.imdb.com/title/tt21426456/
tt0083526,The Aftermath,1982,95,"Action,Horror,Sci-Fi",4.4,1261,https://www.imdb.com/title/tt0083526/
tt1993396,Toxin,2015,77,"Drama,Horror,Sci-Fi",2.7,1261,https://www.imdb.com/title/tt1993396/
tt0097874,Metamorphosis,1990,96,"Horror,Sci-Fi",4.0,1260,https://www.imdb.com/title/tt0097874/
tt14134070,Alien Conquest,2021,87,"Action,Sci-Fi",2.8,1260,https://www.imdb.com/title/tt14134070/
tt18559720,The OctoGames,2022,88,"Action,Horror,Sci-Fi",3.3,1260,https://www.imdb.com/title/tt18559720/
tt6739796,James vs. His Future Self,2019,94,"Comedy,Drama,Sci-Fi",5.9,1257,https://www.imdb.com/title/tt6739796/
tt1622991,Infected,2013,95,"Action,Horror,Sci-Fi",2.8,1256,https://www.imdb.com/title/tt1622991/
tt6945500,Impact Event,2018,102,Sci-Fi,2.8,1256,https://www.imdb.com/title/tt6945500/
tt27989255,The Last Spark of Hope,2023,88,"Drama,Sci-Fi",5.6,1254,https://www.imdb.com/title/tt27989255/
tt33383283,Alien: Rubicon,2024,86,"Action,Sci-Fi,Thriller",2.4,1254,https://www.imdb.com/title/tt33383283/
tt0096465,World Gone Wild,1987,95,"Action,Sci-Fi",5.1,1252,https://www.imdb.com/title/tt0096465/
tt0402904,Cemetery Gates,2006,92,"Action,Horror,Sci-Fi",3.5,1252,https://www.imdb.com/title/tt0402904/
tt0422370,Hellevator: The Bottled Fools,2004,96,"Horror,Sci-Fi",5.9,1251,https://www.imdb.com/title/tt0422370/
tt6516590,Cold Zone,2017,85,"Action,Sci-Fi",3.7,1250,https://www.imdb.com/title/tt6516590/
tt0086911,The Noah's Ark Principle,1984,100,"Drama,Sci-Fi",4.9,1247,https://www.imdb.com/title/tt0086911/
tt0327169,Resurrection of the Little Match Girl,2002,123,"Action,Comedy,Sci-Fi",5.5,1245,https://www.imdb.com/title/tt0327169/
tt1137477,Scourge,2008,92,"Horror,Mystery,Sci-Fi",4.2,1245,https://www.imdb.com/title/tt1137477/
tt2306836,Taeter City,2012,72,"Action,Horror,Sci-Fi",4.9,1244,https://www.imdb.com/title/tt2306836/
tt0091096,Ga-ga: Glory to the Heroes,1986,84,"Comedy,Horror,Sci-Fi",6.9,1239,https://www.imdb.com/title/tt0091096/
tt0135165,Bug Buster,1998,93,"Comedy,Horror,Sci-Fi",4.0,1239,https://www.imdb.com/title/tt0135165/
tt14036276,Control,2022,90,"Mystery,Sci-Fi,Thriller",4.3,1238,https://www.imdb.com/title/tt14036276/
tt0385635,Dans une galaxie près de chez vous - Le film,2004,109,"Adventure,Comedy,Sci-Fi",6.9,1237,https://www.imdb.com/title/tt0385635/
tt0093791,Morning Patrol,1987,108,"Drama,Sci-Fi",7.0,1236,https://www.imdb.com/title/tt0093791/
tt4085502,Sum of Histories,2015,86,"Drama,Romance,Sci-Fi",6.8,1235,https://www.imdb.com/title/tt4085502/
tt0094998,Demonwarp,1988,91,"Horror,Mystery,Sci-Fi",4.8,1233,https://www.imdb.com/title/tt0094998/
tt1867091,The Reconstruction of William Zero,2014,98,"Drama,Mystery,Sci-Fi",5.4,1233,https://www.imdb.com/title/tt1867091/
tt3163224,The Carrier,2015,90,"Action,Horror,Sci-Fi",3.9,1232,https://www.imdb.com/title/tt3163224/
tt3544008,Boy 7,2015,108,"Drama,Mystery,Sci-Fi",5.7,1231,https://www.imdb.com/title/tt3544008/
tt10611992,Cyst,2020,73,"Comedy,Horror,Sci-Fi",4.3,1230,https://www.imdb.com/title/tt10611992/
tt18161082,Turn Me On,2024,99,"Comedy,Romance,Sci-Fi",5.7,1228,https://www.imdb.com/title/tt18161082/
tt12838276,Asteroid,2021,84,"Comedy,Drama,Sci-Fi",4.1,1226,https://www.imdb.com/title/tt12838276/
tt3397948,Zombie Ninjas vs Black Ops,2015,94,"Action,Adventure,Sci-Fi",3.2,1226,https://www.imdb.com/title/tt3397948/
tt0388973,The Girl from Monday,2005,84,"Action,Comedy,Sci-Fi",5.3,1218,https://www.imdb.com/title/tt0388973/
tt2564978,Lost Time,2014,93,"Horror,Sci-Fi,Thriller",2.9,1218,https://www.imdb.com/title/tt2564978/
tt0097410,Gunhed,1989,100,"Action,Drama,Sci-Fi",5.3,1213,https://www.imdb.com/title/tt0097410/
tt3457486,Closer to God,2014,81,"Horror,Sci-Fi,Thriller",4.6,1206,https://www.imdb.com/title/tt3457486/
tt1390405,Happy End,2009,130,"Comedy,Drama,Sci-Fi",6.1,1200,https://www.imdb.com/title/tt1390405/
tt0088134,Slapstick of Another Kind,1982,82,"Comedy,Fantasy,Sci-Fi",2.5,1197,https://www.imdb.com/title/tt0088134/
tt0305556,Evil Alien Conquerors,2003,89,"Comedy,Sci-Fi",4.8,1195,https://www.imdb.com/title/tt0305556/
tt0287320,The Attack of the Giant Mousaka,1999,99,"Comedy,Sci-Fi",4.7,1194,https://www.imdb.com/title/tt0287320/
tt9275006,Jack N Jill,2022,125,"Comedy,Sci-Fi,Thriller",1.5,1194,https://www.imdb.com/title/tt9275006/
tt1620549,Hooked 2: Next Level,2010,86,"Action,Sci-Fi",5.1,1192,https://www.imdb.com/title/tt1620549/
tt5458406,Instant Dreams,2017,91,"Documentary,Drama,Sci-Fi",6.4,1192,https://www.imdb.com/title/tt5458406/
tt0095040,Days of Eclipse,1988,139,"Drama,Sci-Fi",6.9,1190,https://www.imdb.com/title/tt0095040/
tt1097014,Paragraf 78 - Film vtoroy,2007,90,"Action,Sci-Fi,Thriller",4.8,1188,https://www.imdb.com/title/tt1097014/
tt0116294,Femalien,1996,89,"Romance,Sci-Fi",4.6,1184,https://www.imdb.com/title/tt0116294/
tt1734122,The Collapsed,2011,82,"Drama,Horror,Sci-Fi",3.5,1184,https://www.imdb.com/title/tt1734122/
tt2280964,Real,2013,127,"Drama,Sci-Fi",5.8,1178,https://www.imdb.com/title/tt2280964/
tt1584943,Dark Space,2013,91,Sci-Fi,3.7,1177,https://www.imdb.com/title/tt1584943/
tt6727598,2020,2017,90,"Action,Adventure,Sci-Fi",3.6,1177,https://www.imdb.com/title/tt6727598/
tt2377414,Beyond,2014,89,"Drama,Romance,Sci-Fi",4.0,1172,https://www.imdb.com/title/tt2377414/
tt7881558,Mercury,2018,106,"Horror,Sci-Fi,Thriller",6.0,1172,https://www.imdb.com/title/tt7881558/
tt1194661,Ikigami,2008,133,"Drama,Sci-Fi",7.0,1171,https://www.imdb.com/title/tt1194661/
tt7277942,The Honeymoon Phase,2019,89,"Drama,Horror,Sci-Fi",4.6,1169,https://www.imdb.com/title/tt7277942/
tt7543784,All the Gods in the Sky,2018,110,"Drama,Horror,Sci-Fi",6.1,1167,https://www.imdb.com/title/tt7543784/
tt1666187,Jurassic Predator: Xtinction,2010,90,"Action,Horror,Sci-Fi",3.0,1163,https://www.imdb.com/title/tt1666187/
tt5897108,Project Ghazi,2017,100,"Action,Sci-Fi,Thriller",4.5,1162,https://www.imdb.com/title/tt5897108/
tt0105796,The Cat,1991,89,"Action,Horror,Sci-Fi",6.5,1161,https://www.imdb.com/title/tt0105796/
tt0081518,Simon,1980,101,"Comedy,Sci-Fi",6.3,1157,https://www.imdb.com/title/tt0081518/
tt0136535,Webmaster,1998,102,"Sci-Fi,Thriller",4.8,1156,https://www.imdb.com/title/tt0136535/
tt0161942,Revelation,1999,98,"Action,Drama,Sci-Fi",4.8,1155,https://www.imdb.com/title/tt0161942/
tt0081314,Patrick Still Lives,1980,92,"Crime,Horror,Sci-Fi",5.5,1154,https://www.imdb.com/title/tt0081314/
tt14516188,Ape vs. Monster,2021,88,"Action,Adventure,Sci-Fi",2.2,1153,https://www.imdb.com/title/tt14516188/
tt11009596,The Land of the Sons,2021,120,"Drama,Sci-Fi",6.3,1151,https://www.imdb.com/title/tt11009596/
tt0478365,Hvordan vi slipper af med de andre,2007,94,"Comedy,Drama,Sci-Fi",6.0,1149,https://www.imdb.com/title/tt0478365/
tt1564369,Scavengers,2013,94,"Action,Sci-Fi,Thriller",2.9,1149,https://www.imdb.com/title/tt1564369/
tt3615204,Harmony,2015,119,"Animation,Sci-Fi,Thriller",6.1,1147,https://www.imdb.com/title/tt3615204/
tt7759320,Okka Kshanam,2017,150,"Romance,Sci-Fi,Thriller",6.9,1146,https://www.imdb.com/title/tt7759320/
tt1824904,95ers: Echoes,2013,96,"Sci-Fi,Thriller",4.3,1144,https://www.imdb.com/title/tt1824904/
tt6522982,Molly,2017,95,"Action,Sci-Fi",4.2,1144,https://www.imdb.com/title/tt6522982/
tt9458062,Enhanced,2019,99,"Action,Sci-Fi",4.8,1144,https://www.imdb.com/title/tt9458062/
tt0115446,A spasso nel tempo,1996,94,"Adventure,Comedy,Sci-Fi",4.3,1142,https://www.imdb.com/title/tt0115446/
tt0123371,Aberration,1997,93,"Horror,Sci-Fi",4.7,1142,https://www.imdb.com/title/tt0123371/
tt0391095,Dreamland,2007,77,"Horror,Mystery,Sci-Fi",3.6,1142,https://www.imdb.com/title/tt0391095/
tt26899693,Attack of the Meth Gator,2023,89,"Horror,Sci-Fi,Thriller",3.4,1141,https://www.imdb.com/title/tt26899693/
tt8343642,Janelle Monáe: Dirty Computer,2018,49,"Music,Sci-Fi",7.5,1140,https://www.imdb.com/title/tt8343642/
tt0099271,Circuitry Man,1990,93,"Action,Comedy,Sci-Fi",4.7,1137,https://www.imdb.com/title/tt0099271/
tt0166069,The Adventure of Denchu-Kozo,1987,47,"Comedy,Horror,Sci-Fi",6.5,1135,https://www.imdb.com/title/tt0166069/
tt0251094,Gen-Y Cops,2000,120,"Action,Sci-Fi",4.6,1134,https://www.imdb.com/title/tt0251094/
tt1056467,Dying God,2008,85,"Horror,Sci-Fi,Thriller",2.9,1134,https://www.imdb.com/title/tt1056467/
tt6421398,Bullets of Justice,2019,79,"Action,Comedy,Sci-Fi",4.5,1134,https://www.imdb.com/title/tt6421398/
tt7512574,Addio fottuti musi verdi,2017,93,"Action,Comedy,Sci-Fi",5.5,1134,https://www.imdb.com/title/tt7512574/
tt2048804,Mardock Scramble: The Second Combustion,2011,64,"Action,Animation,Sci-Fi",6.3,1132,https://www.imdb.com/title/tt2048804/
tt7209350,Jessica Forever,2018,97,"Drama,Fantasy,Sci-Fi",4.8,1132,https://www.imdb.com/title/tt7209350/
tt1337686,The Prometheus Project,2010,87,"Horror,Sci-Fi",4.7,1131,https://www.imdb.com/title/tt1337686/
tt9055630,H0us3,2018,105,"Horror,Sci-Fi,Thriller",5.5,1130,https://www.imdb.com/title/tt9055630/
tt31830814,Forgive Us All,2025,93,"Drama,Horror,Sci-Fi",4.5,1124,https://www.imdb.com/title/tt31830814/
tt0269356,Ice Planet,2001,83,"Action,Adventure,Sci-Fi",3.9,1123,https://www.imdb.com/title/tt0269356/
tt1105742,Swamp Devil,2008,90,"Action,Horror,Sci-Fi",4.0,1123,https://www.imdb.com/title/tt1105742/
tt3982482,Press 1 for Tamil,2015,141,"Comedy,Sci-Fi,Thriller",7.0,1122,https://www.imdb.com/title/tt3982482/
tt1464606,You're So Cupid!,2010,93,"Drama,Family,Sci-Fi",5.3,1118,https://www.imdb.com/title/tt1464606/
tt17006040,Animalia,2023,90,"Drama,Mystery,Sci-Fi",5.9,1114,https://www.imdb.com/title/tt17006040/
tt2659374,Ku! Kin-dza-dza,2013,96,"Animation,Comedy,Sci-Fi",6.0,1114,https://www.imdb.com/title/tt2659374/
tt0918554,Plaguers,2008,86,"Horror,Sci-Fi",2.9,1112,https://www.imdb.com/title/tt0918554/
tt0843878,UKM: The Ultimate Killing Machine,2006,85,"Horror,Sci-Fi",3.1,1110,https://www.imdb.com/title/tt0843878/
tt2119404,Code Red,2013,91,"Action,Horror,Sci-Fi",4.2,1109,https://www.imdb.com/title/tt2119404/
tt0082701,Malevil,1981,120,"Drama,Sci-Fi",6.5,1108,https://www.imdb.com/title/tt0082701/
tt0108154,Skeeter,1993,95,"Action,Horror,Sci-Fi",3.4,1108,https://www.imdb.com/title/tt0108154/
tt0164192,Boltneck,2000,92,"Comedy,Horror,Sci-Fi",4.9,1106,https://www.imdb.com/title/tt0164192/
tt7963218,Atlantic Rim: Resurrection,2018,86,"Action,Adventure,Sci-Fi",1.9,1106,https://www.imdb.com/title/tt7963218/
tt11548850,The Deep Ones,2020,83,"Horror,Sci-Fi",4.1,1103,https://www.imdb.com/title/tt11548850/
tt4206228,Prisoner X,2016,88,"Sci-Fi,Thriller",5.1,1101,https://www.imdb.com/title/tt4206228/
tt0112942,Electra,1996,87,"Action,Sci-Fi,Thriller",3.4,1100,https://www.imdb.com/title/tt0112942/
tt4469518,Genesis,2018,114,Sci-Fi,3.4,1100,https://www.imdb.com/title/tt4469518/
tt1743375,Storm War,2011,85,"Drama,Sci-Fi,Thriller",3.2,1098,https://www.imdb.com/title/tt1743375/
tt20518312,Static Codes,2023,88,"Action,Sci-Fi,Thriller",4.3,1096,https://www.imdb.com/title/tt20518312/
tt0232098,Battle Queen 2020,2001,95,"Action,Sci-Fi",3.2,1093,https://www.imdb.com/title/tt0232098/
tt13932844,Apocalypse Clown,2023,102,"Comedy,Sci-Fi",5.4,1093,https://www.imdb.com/title/tt13932844/
tt0758754,Illegal Aliens,2007,96,"Comedy,Sci-Fi",2.7,1090,https://www.imdb.com/title/tt0758754/
tt0282496,Flying Virus,2001,100,"Action,Horror,Sci-Fi",3.4,1086,https://www.imdb.com/title/tt0282496/
tt2180583,Unbelievable!!!!!,2020,105,"Comedy,Sci-Fi",3.0,1086,https://www.imdb.com/title/tt2180583/
tt9578746,The Adventure of A.R.I.: My Robot Friend,2020,89,"Family,Sci-Fi",4.4,1084,https://www.imdb.com/title/tt9578746/
tt0107597,Monolith,1993,95,"Action,Sci-Fi",4.5,1081,https://www.imdb.com/title/tt0107597/
tt0109518,Cyborg Cop II,1994,97,"Action,Sci-Fi,Thriller",3.7,1080,https://www.imdb.com/title/tt0109518/
tt0159797,Top of the Food Chain,1999,99,"Comedy,Horror,Sci-Fi",6.1,1080,https://www.imdb.com/title/tt0159797/
tt35338387,Kayikci,2025,110,"Drama,Mystery,Sci-Fi",4.4,1079,https://www.imdb.com/title/tt35338387/
tt15295912,Megalodon Rising,2021,83,"Action,Horror,Sci-Fi",2.1,1077,https://www.imdb.com/title/tt15295912/
tt2357423,The Prey: Legend of Karnoctus,2022,93,"Action,Sci-Fi,Thriller",3.6,1075,https://www.imdb.com/title/tt2357423/
tt14371426,Flashback,2021,94,"Comedy,Sci-Fi",6.2,1073,https://www.imdb.com/title/tt14371426/
tt2443022,Dark Mountain,2013,82,"Horror,Sci-Fi,Thriller",4.4,1071,https://www.imdb.com/title/tt2443022/
tt20426646,It Came from the Water,2022,120,"Comedy,Horror,Sci-Fi",5.2,1067,https://www.imdb.com/title/tt20426646/
tt0081421,The Return,1980,91,"Mystery,Sci-Fi,Thriller",3.8,1065,https://www.imdb.com/title/tt0081421/
tt0096994,Bunker palace hôtel,1989,95,Sci-Fi,6.3,1065,https://www.imdb.com/title/tt0096994/
tt4401704,Everything Before Us,2015,99,"Drama,Romance,Sci-Fi",6.8,1064,https://www.imdb.com/title/tt4401704/
tt0081203,Murder by Phone,1982,89,"Horror,Mystery,Sci-Fi",5.4,1063,https://www.imdb.com/title/tt0081203/
tt5242684,Dance to Death,2017,90,"Action,Drama,Sci-Fi",2.9,1063,https://www.imdb.com/title/tt5242684/
tt2058710,The Mark,2012,95,"Action,Fantasy,Sci-Fi",3.6,1062,https://www.imdb.com/title/tt2058710/
tt3548874,The Pink Cloud,2021,105,"Drama,Sci-Fi",5.9,1061,https://www.imdb.com/title/tt3548874/
tt22090684,The Invisible Raptor,2023,115,"Comedy,Horror,Sci-Fi",5.5,1057,https://www.imdb.com/title/tt22090684/
tt13298500,Monsters of California,2023,110,"Adventure,Sci-Fi",4.7,1056,https://www.imdb.com/title/tt13298500/
tt1229236,World's End,2010,101,"Action,Sci-Fi",3.6,1055,https://www.imdb.com/title/tt1229236/
tt1691832,City Under Siege,2010,110,"Action,Sci-Fi,Thriller",4.7,1052,https://www.imdb.com/title/tt1691832/
tt25504014,Cora,2024,104,"Horror,Sci-Fi,Thriller",4.5,1051,https://www.imdb.com/title/tt25504014/
tt0119243,Habitat,1997,120,Sci-Fi,4.7,1049,https://www.imdb.com/title/tt0119243/
tt4882964,Erased,2016,120,"Drama,Mystery,Sci-Fi",6.4,1049,https://www.imdb.com/title/tt4882964/
tt0112906,Droid Gunner,1995,90,"Action,Sci-Fi",4.2,1048,https://www.imdb.com/title/tt0112906/
tt0202236,Tribulation,2000,95,"Drama,Sci-Fi,Thriller",4.7,1046,https://www.imdb.com/title/tt0202236/
tt0075035,Panic,1982,90,"Horror,Sci-Fi",3.6,1043,https://www.imdb.com/title/tt0075035/
tt13598996,Trapped Inn,2024,115,"Sci-Fi,Thriller",2.7,1041,https://www.imdb.com/title/tt13598996/
tt2836260,Chrysalis,2014,100,"Drama,Horror,Sci-Fi",4.7,1039,https://www.imdb.com/title/tt2836260/
tt2819130,Robot Awakening,2015,75,"Action,Comedy,Sci-Fi",5.2,1033,https://www.imdb.com/title/tt2819130/
tt8429394,The Return,2020,90,"Horror,Mystery,Sci-Fi",4.5,1033,https://www.imdb.com/title/tt8429394/
tt1337055,Future X-Cops,2010,99,"Action,Sci-Fi",3.5,1032,https://www.imdb.com/title/tt1337055/
tt11230050,Solar Impact,2019,86,"Horror,Sci-Fi",3.5,1030,https://www.imdb.com/title/tt11230050/
tt7424290,Max Reload and the Nether Blasters,2020,100,"Adventure,Comedy,Sci-Fi",4.9,1030,https://www.imdb.com/title/tt7424290/
tt19757912,Acidman,2022,87,"Drama,Sci-Fi",5.5,1029,https://www.imdb.com/title/tt19757912/
tt27117828,Ari: My Name Is Nobody,2025,138,"Sci-Fi,Thriller",6.0,1029,https://www.imdb.com/title/tt27117828/
tt2205589,Rise of the Black Bat,2012,80,"Action,Sci-Fi",1.4,1027,https://www.imdb.com/title/tt2205589/
tt2328841,Call of the Undead,2012,83,"Horror,Sci-Fi",3.3,1026,https://www.imdb.com/title/tt2328841/
tt3304756,Strange Blood,2015,80,"Horror,Sci-Fi",3.1,1025,https://www.imdb.com/title/tt3304756/
tt10370042,Rising Wolf,2021,102,"Fantasy,Mystery,Sci-Fi",3.6,1024,https://www.imdb.com/title/tt10370042/
tt0854667,Showdown at Area 51,2007,96,"Action,Sci-Fi,Thriller",3.3,1023,https://www.imdb.com/title/tt0854667/
tt0086571,Wavelength,1983,87,"Sci-Fi,Thriller",5.6,1022,https://www.imdb.com/title/tt0086571/
tt0486665,Trail of the Screaming Forehead,2007,88,"Comedy,Sci-Fi",5.9,1021,https://www.imdb.com/title/tt0486665/
tt4737600,The Rocket List,2015,83,"Adventure,Drama,Sci-Fi",4.4,1021,https://www.imdb.com/title/tt4737600/
tt0091110,Ghost Warrior,1984,81,"Action,Sci-Fi",5.2,1020,https://www.imdb.com/title/tt0091110/
tt5257554,Puppet Master: Axis Termination,2017,75,"Fantasy,Horror,Sci-Fi",3.7,1020,https://www.imdb.com/title/tt5257554/
tt0167215,Interceptor Force,1999,97,"Action,Drama,Sci-Fi",3.8,1016,https://www.imdb.com/title/tt0167215/
tt22884216,Tim Travers and the Time Traveler's Paradox,2024,95,"Comedy,Fantasy,Sci-Fi",5.4,1014,https://www.imdb.com/title/tt22884216/
tt32792395,Dalloway,2025,110,"Drama,Sci-Fi,Thriller",5.8,1014,https://www.imdb.com/title/tt32792395/
tt0096785,Alien from the Deep,1989,91,"Horror,Sci-Fi",4.3,1013,https://www.imdb.com/title/tt0096785/
tt0872314,Bottom Feeder,2007,86,"Horror,Sci-Fi,Thriller",4.2,1011,https://www.imdb.com/title/tt0872314/
tt1372681,Aa Dekhen Zara,2009,117,"Action,Mystery,Sci-Fi",5.2,1009,https://www.imdb.com/title/tt1372681/
tt11760236,Claw,2021,81,"Comedy,Horror,Sci-Fi",4.1,1006,https://www.imdb.com/title/tt11760236/
tt0109551,The Dark,1993,87,"Horror,Sci-Fi",4.7,1003,https://www.imdb.com/title/tt0109551/
tt2574666,Septic Man,2013,87,"Horror,Sci-Fi",4.1,1003,https://www.imdb.com/title/tt2574666/
tt12698678,Alien Planet,2023,82,Sci-Fi,3.6,998,https://www.imdb.com/title/tt12698678/
tt0138581,The Lost World,1998,97,"Adventure,Sci-Fi",3.9,997,https://www.imdb.com/title/tt0138581/
tt13036930,Apocalypse of Ice,2020,89,"Adventure,Sci-Fi",2.5,996,https://www.imdb.com/title/tt13036930/
tt0138089,The Sender,1998,98,"Action,Sci-Fi,Thriller",3.8,995,https://www.imdb.com/title/tt0138089/
tt21081126,Time Addicts,2023,92,"Sci-Fi,Thriller",5.4,994,https://www.imdb.com/title/tt21081126/
tt0083565,2020 Texas Gladiators,1983,91,"Action,Sci-Fi,Thriller",4.6,986,https://www.imdb.com/title/tt0083565/
tt0326441,Yesterday,2002,121,"Action,Crime,Sci-Fi",4.9,986,https://www.imdb.com/title/tt0326441/
tt0079573,Monstroid,1980,78,"Horror,Sci-Fi",2.7,985,https://www.imdb.com/title/tt0079573/
tt1016024,Battle Planet,2008,85,Sci-Fi,3.8,985,https://www.imdb.com/title/tt1016024/
tt0100765,The Terror Within II,1991,85,"Horror,Sci-Fi",4.2,984,https://www.imdb.com/title/tt0100765/
tt0084191,Kamikaze 89,1982,106,"Sci-Fi,Thriller",5.8,979,https://www.imdb.com/title/tt0084191/
tt0848554,The Sighting,2016,98,"Horror,Mystery,Sci-Fi",3.7,979,https://www.imdb.com/title/tt0848554/
tt26743864,Agent Recon,2024,85,"Action,Sci-Fi",2.4,977,https://www.imdb.com/title/tt26743864/
tt8783146,Jurassic Galaxy,2018,74,"Action,Adventure,Sci-Fi",2.5,973,https://www.imdb.com/title/tt8783146/
tt0120435,Velocity Trap,1999,86,"Action,Sci-Fi",4.6,969,https://www.imdb.com/title/tt0120435/
tt1303782,Phasma Ex Machina,2010,86,"Horror,Sci-Fi",5.5,968,https://www.imdb.com/title/tt1303782/
tt12969958,Trump vs the Illuminati,2020,70,"Animation,Sci-Fi",2.1,967,https://www.imdb.com/title/tt12969958/
tt4974254,Zombies Have Fallen,2017,75,"Action,Fantasy,Sci-Fi",2.4,967,https://www.imdb.com/title/tt4974254/
tt10818092,The (UN)perfect Guy,2020,92,"Comedy,Romance,Sci-Fi",3.2,965,https://www.imdb.com/title/tt10818092/
tt13724054,Glasshouse,2021,97,"Drama,Sci-Fi,Thriller",5.5,964,https://www.imdb.com/title/tt13724054/
tt30579910,Night of the Skinwalkers,2024,94,Sci-Fi,2.9,963,https://www.imdb.com/title/tt30579910/
tt21440560,Viking,2022,104,"Comedy,Drama,Sci-Fi",6.8,958,https://www.imdb.com/title/tt21440560/
tt4292554,Journey to Space,2015,45,"Adventure,Documentary,Sci-Fi",6.5,956,https://www.imdb.com/title/tt4292554/
tt0088870,Star Knight,1985,90,"Adventure,Fantasy,Sci-Fi",4.1,955,https://www.imdb.com/title/tt0088870/
tt0095608,Meet the Hollowheads,1989,86,"Comedy,Horror,Sci-Fi",5.3,954,https://www.imdb.com/title/tt0095608/
tt3833682,Tinker',2017,97,"Drama,Family,Sci-Fi",5.2,953,https://www.imdb.com/title/tt3833682/
tt0102187,Karate Cop,1991,90,"Action,Sci-Fi",2.9,952,https://www.imdb.com/title/tt0102187/
tt0109178,Automatic,1995,90,"Action,Sci-Fi,Thriller",5.3,952,https://www.imdb.com/title/tt0109178/
tt1743711,Red Eagle,2010,130,"Action,Sci-Fi,Thriller",5.2,952,https://www.imdb.com/title/tt1743711/
tt3354302,Code Geass: Akito the Exiled 3 - The Brightness Falls,2015,60,"Action,Animation,Sci-Fi",6.5,948,https://www.imdb.com/title/tt3354302/
tt0086381,Stryker,1983,84,"Action,Sci-Fi",4.4,947,https://www.imdb.com/title/tt0086381/
tt2095742,Paranormal Incident,2011,82,"Horror,Sci-Fi",3.0,946,https://www.imdb.com/title/tt2095742/
tt0925245,Heatstroke,2008,83,"Action,Horror,Sci-Fi",3.0,945,https://www.imdb.com/title/tt0925245/
tt0112867,Digital Man,1995,95,"Action,Sci-Fi,Thriller",4.6,943,https://www.imdb.com/title/tt0112867/
tt0826593,Pandemic,2009,91,"Drama,Sci-Fi,Thriller",3.4,942,https://www.imdb.com/title/tt0826593/
tt1791500,Evil Bong 3: The Wrath of Bong,2011,87,"Comedy,Horror,Sci-Fi",3.7,942,https://www.imdb.com/title/tt1791500/
tt6188002,Galaxy of Horrors,2017,105,"Drama,Horror,Sci-Fi",4.7,941,https://www.imdb.com/title/tt6188002/
tt23924182,Battle for Pandora,2022,85,"Action,Horror,Sci-Fi",2.8,940,https://www.imdb.com/title/tt23924182/
tt18396866,Dead Zone,2022,83,"Action,Horror,Sci-Fi",3.6,939,https://www.imdb.com/title/tt18396866/
tt2324928,Alienate,2016,86,"Drama,Horror,Sci-Fi",2.7,939,https://www.imdb.com/title/tt2324928/
tt0923653,The Dead Undead,2010,90,"Action,Horror,Sci-Fi",3.0,938,https://www.imdb.com/title/tt0923653/
tt2275499,Alien Dawn,2012,86,"Action,Sci-Fi,Thriller",2.3,937,https://www.imdb.com/title/tt2275499/
tt0100670,The Spirit of '76,1990,82,"Comedy,Sci-Fi",5.8,932,https://www.imdb.com/title/tt0100670/
tt0106915,Firepower,1993,95,"Action,Crime,Sci-Fi",5.1,930,https://www.imdb.com/title/tt0106915/
tt4285198,Under Electric Clouds,2015,138,"Drama,Sci-Fi",6.1,929,https://www.imdb.com/title/tt4285198/
tt17081498,In Vitro,2024,89,"Sci-Fi,Thriller",5.5,928,https://www.imdb.com/title/tt17081498/
tt3321470,Diverge,2016,85,"Drama,Sci-Fi,Thriller",4.7,928,https://www.imdb.com/title/tt3321470/
tt0272557,Contagion,2002,95,"Drama,Sci-Fi",4.2,926,https://www.imdb.com/title/tt0272557/
tt29544916,Obex,2025,90,"Fantasy,Horror,Sci-Fi",5.6,925,https://www.imdb.com/title/tt29544916/
tt3530690,"10,000 Days",2014,91,Sci-Fi,2.8,924,https://www.imdb.com/title/tt3530690/
tt0321473,Blueprint,2003,108,"Drama,Sci-Fi",5.6,923,https://www.imdb.com/title/tt0321473/
tt0893367,Robodoc,2009,96,"Comedy,Sci-Fi",4.1,923,https://www.imdb.com/title/tt0893367/
tt2547942,Starship: Rising,2014,91,"Action,Sci-Fi",2.3,922,https://www.imdb.com/title/tt2547942/
tt8100900,Code Geass: Lelouch of the Rebellion I - Initiation,2017,135,"Action,Animation,Sci-Fi",7.3,922,https://www.imdb.com/title/tt8100900/
tt12942958,Monster Hunters,2020,88,"Action,Sci-Fi,Thriller",2.3,920,https://www.imdb.com/title/tt12942958/
tt0100728,Syngenor,1990,98,"Horror,Sci-Fi",4.3,917,https://www.imdb.com/title/tt0100728/
tt4421344,Game Therapy,2015,97,"Action,Comedy,Sci-Fi",2.3,917,https://www.imdb.com/title/tt4421344/
tt5080046,The Tangle,2019,99,"Mystery,Sci-Fi",4.3,917,https://www.imdb.com/title/tt5080046/
tt2736254,Absence,2013,84,"Horror,Sci-Fi,Thriller",4.0,916,https://www.imdb.com/title/tt2736254/
tt1764355,Helix,2015,98,"Action,Mystery,Sci-Fi",3.9,915,https://www.imdb.com/title/tt1764355/
tt8492848,Three Mirrors Creature's Flashes of Flesh,2023,442,"Drama,Horror,Sci-Fi",7.6,915,https://www.imdb.com/title/tt8492848/
tt8741558,Blasted Heath,2018,72,"Comedy,Horror,Sci-Fi",4.7,915,https://www.imdb.com/title/tt8741558/
tt0084099,Human Highway,1982,88,"Comedy,Drama,Sci-Fi",5.9,914,https://www.imdb.com/title/tt0084099/
tt0338470,Sumuru,2003,94,"Adventure,Fantasy,Sci-Fi",3.6,913,https://www.imdb.com/title/tt0338470/
tt4530832,Road Wars,2015,90,"Action,Horror,Sci-Fi",2.8,912,https://www.imdb.com/title/tt4530832/
tt0111672,Watchers III,1994,84,"Horror,Sci-Fi",3.8,911,https://www.imdb.com/title/tt0111672/
tt0091012,Equalizer 2000,1987,85,"Action,Adventure,Sci-Fi",4.2,910,https://www.imdb.com/title/tt0091012/
tt0098373,Spirits of the Air: Gremlins of the Clouds,1987,96,"Adventure,Sci-Fi",6.4,908,https://www.imdb.com/title/tt0098373/
tt0095456,Curse of Snakes Valley,1988,99,"Adventure,Horror,Sci-Fi",5.4,906,https://www.imdb.com/title/tt0095456/
tt1638277,Mars and April,2012,90,"Drama,Fantasy,Sci-Fi",5.8,906,https://www.imdb.com/title/tt1638277/
tt3430042,The Phoenix Project,2015,92,"Drama,Sci-Fi",4.2,906,https://www.imdb.com/title/tt3430042/
tt0190520,Land of Doom,1986,87,"Action,Adventure,Sci-Fi",3.7,905,https://www.imdb.com/title/tt0190520/
tt2664264,Thermae Romae II,2014,112,"Comedy,Fantasy,Sci-Fi",6.2,905,https://www.imdb.com/title/tt2664264/
tt1534568,Zebraman 2: Attack on Zebra City,2010,106,"Action,Sci-Fi",6.0,904,https://www.imdb.com/title/tt1534568/
tt6644286,Space Babes from Outer Space,2017,81,"Comedy,Sci-Fi",4.3,901,https://www.imdb.com/title/tt6644286/
tt16231344,Sentinel,2024,90,Sci-Fi,2.5,899,https://www.imdb.com/title/tt16231344/
tt33029871,Baby Invasion,2024,80,"Action,Horror,Sci-Fi",4.7,898,https://www.imdb.com/title/tt33029871/
tt0112998,Expect No Mercy,1995,91,"Action,Sci-Fi",4.7,897,https://www.imdb.com/title/tt0112998/
tt3354306,Code Geass: Akito the Exiled 4 - From the Memories of Hatred,2015,60,"Action,Animation,Sci-Fi",6.5,897,https://www.imdb.com/title/tt3354306/
tt0096114,The Sisterhood,1988,75,"Action,Adventure,Sci-Fi",3.8,896,https://www.imdb.com/title/tt0096114/
tt10533804,Let Us In,2021,84,"Horror,Sci-Fi",4.5,895,https://www.imdb.com/title/tt10533804/
tt0105680,Ultra Warrior,1990,81,"Action,Adventure,Sci-Fi",2.0,894,https://www.imdb.com/title/tt0105680/
tt16090596,She Is Conann,2023,105,"Action,Fantasy,Sci-Fi",5.8,894,https://www.imdb.com/title/tt16090596/
tt0490240,Warriors of Terra,2006,89,"Horror,Sci-Fi",3.1,893,https://www.imdb.com/title/tt0490240/
tt7008310,Nemesis 5: The New Model,2017,71,"Action,Sci-Fi",2.1,893,https://www.imdb.com/title/tt7008310/
tt0460800,Frankenstein Reborn,2005,84,"Horror,Sci-Fi,Thriller",3.2,892,https://www.imdb.com/title/tt0460800/
tt1330216,"Silent Night, Zombie Night",2009,83,"Horror,Sci-Fi",4.0,892,https://www.imdb.com/title/tt1330216/
tt6041362,Man Divided,2017,87,"Drama,Sci-Fi",5.5,892,https://www.imdb.com/title/tt6041362/
tt0223154,Dogra Magra,1988,109,"Horror,Mystery,Sci-Fi",6.6,886,https://www.imdb.com/title/tt0223154/
tt1245736,Interceptor,2009,90,"Action,Sci-Fi,Thriller",3.6,883,https://www.imdb.com/title/tt1245736/
tt12348910,Share?,2023,80,"Sci-Fi,Thriller",5.4,882,https://www.imdb.com/title/tt12348910/
tt1270120,Transfer,2010,93,"Drama,Sci-Fi",6.8,882,https://www.imdb.com/title/tt1270120/
tt13293604,Last Night on Earth,2024,86,"Drama,Sci-Fi,Thriller",4.7,882,https://www.imdb.com/title/tt13293604/
tt0092992,Evil Spawn,1987,70,"Horror,Sci-Fi",3.9,881,https://www.imdb.com/title/tt0092992/
tt0113318,Hologram Man,1995,101,"Action,Sci-Fi,Thriller",4.3,880,https://www.imdb.com/title/tt0113318/
tt13986278,The Ordinaries,2022,120,"Comedy,Drama,Sci-Fi",6.5,880,https://www.imdb.com/title/tt13986278/
tt0118003,Tykho Moon,1996,102,Sci-Fi,5.9,879,https://www.imdb.com/title/tt0118003/
tt0095971,The Rejuvenator,1988,90,"Horror,Sci-Fi",5.4,878,https://www.imdb.com/title/tt0095971/
tt3552592,Cabaret of the Dead,2017,71,"Comedy,Horror,Sci-Fi",2.4,877,https://www.imdb.com/title/tt3552592/
tt33305815,Kombucha,2025,93,"Comedy,Horror,Sci-Fi",5.0,876,https://www.imdb.com/title/tt33305815/
tt0092070,Terminus,1987,84,"Action,Sci-Fi",3.5,875,https://www.imdb.com/title/tt0092070/
tt13113298,Mondocane,2021,116,"Action,Drama,Sci-Fi",6.1,875,https://www.imdb.com/title/tt13113298/
tt13296032,Dinosaur Hotel,2021,77,"Horror,Mystery,Sci-Fi",2.1,875,https://www.imdb.com/title/tt13296032/
tt0092030,The Supernaturals,1986,91,"Horror,Mystery,Sci-Fi",4.1,871,https://www.imdb.com/title/tt0092030/
tt0119423,The Journey: Absolution,1997,94,Sci-Fi,2.5,871,https://www.imdb.com/title/tt0119423/
tt5920384,Code Geass: Akito the Exiled Final - To Beloved Ones,2016,60,"Action,Animation,Sci-Fi",6.4,869,https://www.imdb.com/title/tt5920384/
tt0100116,Martians Go Home,1989,89,"Comedy,Sci-Fi",3.2,866,https://www.imdb.com/title/tt0100116/
tt11378876,The Blazing World,2021,101,"Horror,Sci-Fi,Thriller",4.4,865,https://www.imdb.com/title/tt11378876/
tt0129568,Watchers Reborn,1998,90,"Horror,Sci-Fi",3.8,864,https://www.imdb.com/title/tt0129568/
tt11086254,The Alpha Test,2020,87,"Horror,Sci-Fi,Thriller",3.6,864,https://www.imdb.com/title/tt11086254/
tt0116030,Dark Planet,1997,99,"Mystery,Sci-Fi",3.4,862,https://www.imdb.com/title/tt0116030/
tt1712502,The Arrival of Wang,2011,80,"Mystery,Sci-Fi,Thriller",5.9,862,https://www.imdb.com/title/tt1712502/
tt0090968,Dr. Otto and the Riddle of the Gloom Beam,1985,97,"Comedy,Sci-Fi",4.9,861,https://www.imdb.com/title/tt0090968/
tt4485806,Caught,2017,86,"Horror,Sci-Fi",4.3,861,https://www.imdb.com/title/tt4485806/
tt3796006,Roar: Tigers of the Sundarbans,2014,123,"Action,Adventure,Sci-Fi",5.6,860,https://www.imdb.com/title/tt3796006/
tt0450367,Puzzlehead,2005,81,"Drama,Sci-Fi",5.6,858,https://www.imdb.com/title/tt0450367/
tt6049106,Riot Girls,2019,81,"Action,Sci-Fi",4.7,857,https://www.imdb.com/title/tt6049106/
tt0384055,Dragon Head,2003,122,"Drama,Mystery,Sci-Fi",5.6,856,https://www.imdb.com/title/tt0384055/
tt3312936,LA Apocalypse,2015,80,"Action,Sci-Fi,Thriller",2.8,856,https://www.imdb.com/title/tt3312936/
tt35636950,Kaiju No. 8: Mission Recon,2025,97,"Action,Animation,Sci-Fi",6.8,856,https://www.imdb.com/title/tt35636950/
tt0091322,Kamikaze,1986,90,"Crime,Sci-Fi,Thriller",5.9,855,https://www.imdb.com/title/tt0091322/
tt2039380,Star Raiders: The Adventures of Saber Raine,2017,83,"Adventure,Sci-Fi",3.1,854,https://www.imdb.com/title/tt2039380/
tt0086980,Blood Suckers from Outer Space,1984,79,"Comedy,Horror,Sci-Fi",4.7,853,https://www.imdb.com/title/tt0086980/
tt16118262,Restart the Earth,2021,89,"Action,Sci-Fi,Thriller",4.2,853,https://www.imdb.com/title/tt16118262/
tt2175947,The Cure,2014,90,"Action,Sci-Fi,Thriller",3.5,852,https://www.imdb.com/title/tt2175947/
tt0093050,Friendship's Death,1987,78,"Drama,Sci-Fi",6.4,851,https://www.imdb.com/title/tt0093050/
tt0459929,First on the Moon,2005,75,"Mystery,Sci-Fi",6.7,850,https://www.imdb.com/title/tt0459929/
tt11518196,Battle Star Wars,2020,86,"Action,Sci-Fi",2.1,850,https://www.imdb.com/title/tt11518196/
tt13942896,Chariot,2022,94,"Comedy,Drama,Sci-Fi",3.6,847,https://www.imdb.com/title/tt13942896/
tt0116026,Dark Breed,1996,104,"Action,Horror,Sci-Fi",4.3,846,https://www.imdb.com/title/tt0116026/
tt0414036,Game Box 1.0,2004,83,"Fantasy,Sci-Fi",4.3,846,https://www.imdb.com/title/tt0414036/
tt3963674,Insight,2021,80,"Crime,Sci-Fi,Thriller",4.5,846,https://www.imdb.com/title/tt3963674/
tt6035470,Mobile Suit Gundam Thunderbolt: December Sky,2016,70,"Animation,Sci-Fi,War",7.3,844,https://www.imdb.com/title/tt6035470/
tt0282483,Fangs,2002,94,"Comedy,Horror,Sci-Fi",3.4,843,https://www.imdb.com/title/tt0282483/
tt0363240,Christmas on Mars,2008,83,"Music,Sci-Fi",5.3,843,https://www.imdb.com/title/tt0363240/
tt1629747,The Cosmonaut,2013,99,"Drama,Romance,Sci-Fi",4.0,843,https://www.imdb.com/title/tt1629747/
tt5798432,Sequence Break,2017,80,"Horror,Romance,Sci-Fi",4.6,842,https://www.imdb.com/title/tt5798432/
tt1355599,Stingray Sam,2009,61,"Comedy,Musical,Sci-Fi",7.3,841,https://www.imdb.com/title/tt1355599/
tt33372496,Jimmy and Stiggs,2024,79,"Horror,Sci-Fi",5.4,839,https://www.imdb.com/title/tt33372496/
tt0095738,Nightfall,1988,83,"Mystery,Sci-Fi",2.7,836,https://www.imdb.com/title/tt0095738/
tt0117223,Oblivion 2: Backlash,1996,83,"Adventure,Comedy,Sci-Fi",4.8,836,https://www.imdb.com/title/tt0117223/
tt5106390,Twenty Twenty-Four,2016,88,"Horror,Mystery,Sci-Fi",3.9,836,https://www.imdb.com/title/tt5106390/
tt0299712,They Crawl,2001,93,"Horror,Sci-Fi,Thriller",3.4,835,https://www.imdb.com/title/tt0299712/
tt13179918,Meteor Moon,2020,88,"Action,Sci-Fi",2.4,835,https://www.imdb.com/title/tt13179918/
tt0323629,Phoenix Point,2005,79,Sci-Fi,4.7,834,https://www.imdb.com/title/tt0323629/
tt9844256,Code Geass: Lelouch of the Rebellion - Emperor,2018,141,"Action,Animation,Sci-Fi",7.5,831,https://www.imdb.com/title/tt9844256/
tt0094371,Mirror for a Hero,1987,139,"Drama,Fantasy,Sci-Fi",7.4,830,https://www.imdb.com/title/tt0094371/
tt2044863,Starship,2011,172,"Fantasy,Musical,Sci-Fi",8.1,829,https://www.imdb.com/title/tt2044863/
tt0475970,Creature of Darkness,2009,81,"Horror,Sci-Fi",2.5,828,https://www.imdb.com/title/tt0475970/
tt2516966,1974: The Possession of Altair,2016,82,"Horror,Mystery,Sci-Fi",5.6,827,https://www.imdb.com/title/tt2516966/
tt0265787,The Source,2001,100,"Horror,Mystery,Sci-Fi",4.0,826,https://www.imdb.com/title/tt0265787/
tt0270393,Groom Lake,2002,92,"Horror,Sci-Fi",2.9,824,https://www.imdb.com/title/tt0270393/
tt1199494,The Lost Skeleton Returns Again,2008,92,"Comedy,Horror,Sci-Fi",6.8,824,https://www.imdb.com/title/tt1199494/
tt12780384,Holidays on Mars,2020,94,"Comedy,Sci-Fi",2.6,819,https://www.imdb.com/title/tt12780384/
tt23739442,Justicia artificial,2024,98,"Sci-Fi,Thriller",5.7,819,https://www.imdb.com/title/tt23739442/
tt26909097,The Dugout,2024,114,"Sci-Fi,War",5.3,813,https://www.imdb.com/title/tt26909097/
tt12973010,The Electric Man,2022,90,Sci-Fi,3.1,812,https://www.imdb.com/title/tt12973010/
tt14604564,Robot Apocalypse,2021,87,"Action,Sci-Fi",2.6,809,https://www.imdb.com/title/tt14604564/
tt2715556,Everywhen,2013,64,"Action,Sci-Fi,Thriller",3.1,809,https://www.imdb.com/title/tt2715556/
tt0481509,Displaced,2006,99,"Action,Adventure,Sci-Fi",2.7,807,https://www.imdb.com/title/tt0481509/
tt0082815,Night of the Zombies,1981,88,"Horror,Sci-Fi",2.7,806,https://www.imdb.com/title/tt0082815/
tt3973814,Star Leaf,2015,77,"Horror,Sci-Fi,Thriller",3.4,806,https://www.imdb.com/title/tt3973814/
tt5087564,Flashout,2019,90,Sci-Fi,2.6,804,https://www.imdb.com/title/tt5087564/
tt0910868,Nightmare City 2035,2007,90,"Action,Sci-Fi",3.3,802,https://www.imdb.com/title/tt0910868/
tt8778584,The Diabolical Schemes of Thadeus Jackson,2021,93,"Action,Sci-Fi",5.5,802,https://www.imdb.com/title/tt8778584/
tt2078549,Seal Patrol,2014,80,"Action,Sci-Fi,Thriller",3.6,801,https://www.imdb.com/title/tt2078549/
tt2246907,Biohazard: Patient Zero,2012,68,"Action,Sci-Fi,Thriller",3.9,801,https://www.imdb.com/title/tt2246907/
tt1887676,"Battle: New York, Day 2",2011,94,"Action,Sci-Fi,Thriller",1.9,799,https://www.imdb.com/title/tt1887676/
tt0358551,Julie and Jack,2003,90,"Drama,Romance,Sci-Fi",1.7,798,https://www.imdb.com/title/tt0358551/
tt17624610,I'll Be Watching,2023,90,"Sci-Fi,Thriller",3.9,798,https://www.imdb.com/title/tt17624610/
tt8069980,Solum,2019,95,"Action,Adventure,Sci-Fi",3.8,798,https://www.imdb.com/title/tt8069980/
tt0171319,Femalien 2,1998,92,"Romance,Sci-Fi",3.7,796,https://www.imdb.com/title/tt0171319/
tt2043887,Insectula!,2015,101,"Comedy,Horror,Sci-Fi",3.9,796,https://www.imdb.com/title/tt2043887/
tt3310896,The Lotus,2015,85,"Action,Horror,Sci-Fi",3.0,796,https://www.imdb.com/title/tt3310896/
tt0097176,Deceit,1990,90,"Action,Comedy,Sci-Fi",4.7,795,https://www.imdb.com/title/tt0097176/
tt31272547,Myth of Man,2025,117,"Adventure,Fantasy,Sci-Fi",6.2,795,https://www.imdb.com/title/tt31272547/
tt21615474,Clone Cops,2024,96,"Action,Comedy,Sci-Fi",5.3,794,https://www.imdb.com/title/tt21615474/
tt26676914,Daniela Forever,2024,113,"Drama,Romance,Sci-Fi",5.4,794,https://www.imdb.com/title/tt26676914/
tt3501492,Rz-9,2015,92,"Action,Sci-Fi",2.6,794,https://www.imdb.com/title/tt3501492/
tt16345046,Hypersleep,2022,103,"Sci-Fi,Thriller",5.4,793,https://www.imdb.com/title/tt16345046/
tt6987760,Snake Outta Compton,2018,89,"Comedy,Horror,Sci-Fi",3.1,792,https://www.imdb.com/title/tt6987760/
tt0406941,Lorelei,2005,128,"Action,Drama,Sci-Fi",5.2,790,https://www.imdb.com/title/tt0406941/
tt3769594,Jack's Apocalypse,2015,80,"Fantasy,Sci-Fi,Thriller",6.0,788,https://www.imdb.com/title/tt3769594/
tt5160954,The 5th Kind,2017,72,"Horror,Mystery,Sci-Fi",3.5,788,https://www.imdb.com/title/tt5160954/
tt0257408,Judgment,2001,105,"Drama,Sci-Fi,Thriller",4.9,787,https://www.imdb.com/title/tt0257408/
tt0110425,La machine,1994,96,"Horror,Sci-Fi,Thriller",5.4,786,https://www.imdb.com/title/tt0110425/
tt0088269,I Love Maria,1988,96,"Action,Comedy,Sci-Fi",6.1,785,https://www.imdb.com/title/tt0088269/
tt0097768,Lobster Man from Mars,1989,82,"Comedy,Horror,Sci-Fi",5.3,785,https://www.imdb.com/title/tt0097768/
tt1762358,The Millennium Bug,2011,88,"Fantasy,Horror,Sci-Fi",4.3,783,https://www.imdb.com/title/tt1762358/
tt3550078,Aimy in a Cage,2015,79,"Drama,Fantasy,Sci-Fi",3.9,783,https://www.imdb.com/title/tt3550078/
tt1916763,Zombex,2013,90,"Horror,Sci-Fi,Thriller",2.2,781,https://www.imdb.com/title/tt1916763/
tt7143598,The Arbors,2020,119,"Sci-Fi,Thriller",4.2,781,https://www.imdb.com/title/tt7143598/
tt13073374,The Calm Beyond,2020,95,"Drama,Sci-Fi,Thriller",5.4,780,https://www.imdb.com/title/tt13073374/
tt30425001,The Last Ronin,2024,115,"Action,Adventure,Sci-Fi",4.9,779,https://www.imdb.com/title/tt30425001/
tt31248599,S.T.A.L.K.E.R.: Shadow of the Zone,2024,71,"Action,Sci-Fi,Thriller",4.7,779,https://www.imdb.com/title/tt31248599/
tt0247993,Beyond,2000,91,"Adventure,Family,Sci-Fi",5.4,778,https://www.imdb.com/title/tt0247993/
tt0311866,Storm Watch,2002,100,"Action,Sci-Fi",4.8,778,https://www.imdb.com/title/tt0311866/
tt34493926,Rob1n,2025,90,"Drama,Horror,Sci-Fi",3.6,778,https://www.imdb.com/title/tt34493926/
tt6475250,Assassination Classroom: 365 Days,2016,92,"Animation,Comedy,Sci-Fi",5.5,778,https://www.imdb.com/title/tt6475250/
tt0404325,Phil the Alien,2004,82,"Comedy,Sci-Fi",5.5,777,https://www.imdb.com/title/tt0404325/
tt5176832,The Doll,2017,81,"Fantasy,Horror,Sci-Fi",2.3,777,https://www.imdb.com/title/tt5176832/
tt28363850,Postcard from Earth,2023,55,"Documentary,Sci-Fi",7.5,776,https://www.imdb.com/title/tt28363850/
tt0460975,Unidentified,2006,85,Sci-Fi,3.5,774,https://www.imdb.com/title/tt0460975/
tt10278542,Site,2025,110,"Horror,Sci-Fi,Thriller",4.2,774,https://www.imdb.com/title/tt10278542/
tt9598270,Code Geass: Lelouch of the Rebellion II - Transgression,2018,132,"Action,Animation,Sci-Fi",7.0,774,https://www.imdb.com/title/tt9598270/
tt0104516,Interceptor,1992,92,"Action,Sci-Fi",4.8,772,https://www.imdb.com/title/tt0104516/
tt22855966,Miracle Mirrors,2024,103,"Comedy,Drama,Sci-Fi",5.4,772,https://www.imdb.com/title/tt22855966/
tt3171176,Painkillers,2015,104,"Action,Sci-Fi,Thriller",4.1,772,https://www.imdb.com/title/tt3171176/
tt5612564,Imitation Girl,2017,84,"Drama,Sci-Fi",4.9,772,https://www.imdb.com/title/tt5612564/
tt0207631,Nostradamus,2000,88,"Action,Adventure,Sci-Fi",4.5,770,https://www.imdb.com/title/tt0207631/
tt0181549,Furia,1999,90,"Drama,Romance,Sci-Fi",5.3,767,https://www.imdb.com/title/tt0181549/
tt13846352,The Crusade,2021,67,"Comedy,Sci-Fi",5.5,767,https://www.imdb.com/title/tt13846352/
tt1789724,Cell Count,2012,96,"Horror,Sci-Fi,Thriller",3.7,767,https://www.imdb.com/title/tt1789724/
tt0097905,Monster High,1989,84,"Comedy,Horror,Sci-Fi",3.5,766,https://www.imdb.com/title/tt0097905/
tt0238463,Timequest,2000,92,Sci-Fi,5.3,766,https://www.imdb.com/title/tt0238463/
tt0283337,Ever Since the World Ended,2001,78,"Drama,Mystery,Sci-Fi",5.0,766,https://www.imdb.com/title/tt0283337/
tt21068514,Woken,2023,90,"Adventure,Horror,Sci-Fi",5.4,766,https://www.imdb.com/title/tt21068514/
tt0390463,Sci-Fighter,2004,90,"Action,Sci-Fi",2.8,765,https://www.imdb.com/title/tt0390463/
tt21615958,Isleen Pines,2024,84,"Comedy,Horror,Sci-Fi",4.9,764,https://www.imdb.com/title/tt21615958/
tt0105249,Return to the Lost World,1992,94,"Adventure,Sci-Fi",5.1,763,https://www.imdb.com/title/tt0105249/
tt0116646,Lifeform,1996,90,"Sci-Fi,Thriller",4.8,763,https://www.imdb.com/title/tt0116646/
tt1398999,Earthling,2010,111,Sci-Fi,4.2,763,https://www.imdb.com/title/tt1398999/
tt2006781,The Last Man on Earth,2011,100,"Drama,Sci-Fi",6.1,763,https://www.imdb.com/title/tt2006781/
tt5782146,The Man with the Magic Box,2017,103,"Drama,Romance,Sci-Fi",5.6,763,https://www.imdb.com/title/tt5782146/
tt0167832,Cold Harvest,1999,89,"Action,Sci-Fi",5.4,762,https://www.imdb.com/title/tt0167832/
tt0240732,The Moment After,1999,89,"Action,Drama,Sci-Fi",4.5,761,https://www.imdb.com/title/tt0240732/
tt0112763,Virtual Assassin,1995,99,"Action,Sci-Fi",4.3,760,https://www.imdb.com/title/tt0112763/
tt1894616,Awaken,2012,95,"Drama,Romance,Sci-Fi",6.2,756,https://www.imdb.com/title/tt1894616/
tt8458534,Time Loop,2019,83,"Adventure,Sci-Fi",3.9,756,https://www.imdb.com/title/tt8458534/
tt1664662,Madonna's Pig,2011,109,"Fantasy,Romance,Sci-Fi",6.0,755,https://www.imdb.com/title/tt1664662/
tt0103336,Zombie '90: Extreme Pestilence,1991,75,"Horror,Sci-Fi",3.4,753,https://www.imdb.com/title/tt0103336/
tt0080933,Island Claws,1980,82,"Horror,Sci-Fi",4.4,752,https://www.imdb.com/title/tt0080933/
tt6603378,Dragon Kingdom,2018,85,"Action,Adventure,Sci-Fi",3.1,752,https://www.imdb.com/title/tt6603378/
tt6437228,2099: The Soldier Protocol,2019,85,"Action,Sci-Fi",3.8,749,https://www.imdb.com/title/tt6437228/
tt0260136,The Avenging Fist,2001,92,"Action,Fantasy,Sci-Fi",4.3,748,https://www.imdb.com/title/tt0260136/
tt0111345,T-Force,1994,105,"Action,Sci-Fi",4.8,747,https://www.imdb.com/title/tt0111345/
tt3626436,Mutant World,2014,82,Sci-Fi,2.8,746,https://www.imdb.com/title/tt3626436/
tt5246928,The Mildew from Planet Xonader,2015,85,"Action,Horror,Sci-Fi",5.3,746,https://www.imdb.com/title/tt5246928/
tt1826956,Operation Ragnarok,2018,103,"Action,Drama,Sci-Fi",3.1,745,https://www.imdb.com/title/tt1826956/
tt26941512,Maid Droid,2023,91,"Horror,Sci-Fi,Thriller",3.7,745,https://www.imdb.com/title/tt26941512/
tt5311054,Browncoats: Independence War,2015,98,"Action,Sci-Fi,War",1.1,745,https://www.imdb.com/title/tt5311054/
tt0105183,Prototype,1992,98,"Action,Sci-Fi",3.0,744,https://www.imdb.com/title/tt0105183/
tt5095208,Dickshark,2016,200,"Comedy,Horror,Sci-Fi",2.3,744,https://www.imdb.com/title/tt5095208/
tt5775194,Kung Fu Traveler,2017,98,"Action,Sci-Fi,Thriller",4.5,744,https://www.imdb.com/title/tt5775194/
tt8041916,Time Jumpers,2018,79,Sci-Fi,3.4,744,https://www.imdb.com/title/tt8041916/
tt10418680,The Time Capsule,2022,105,"Drama,Romance,Sci-Fi",5.5,743,https://www.imdb.com/title/tt10418680/
tt10545298,Bony,2021,116,Sci-Fi,4.3,743,https://www.imdb.com/title/tt10545298/
tt4836736,Nowhere Boys: The Book of Shadows,2016,80,"Drama,Fantasy,Sci-Fi",5.1,743,https://www.imdb.com/title/tt4836736/
tt0081019,Crazy Thunder Road,1980,97,"Action,Drama,Sci-Fi",6.4,742,https://www.imdb.com/title/tt0081019/
tt10476718,Deathwell,2020,79,"Crime,Drama,Sci-Fi",3.7,741,https://www.imdb.com/title/tt10476718/
tt0100291,Omega Cop,1990,87,"Action,Sci-Fi",2.9,740,https://www.imdb.com/title/tt0100291/
tt4065066,Beaster Day: Here Comes Peter Cottonhell,2014,87,"Comedy,Horror,Sci-Fi",3.1,740,https://www.imdb.com/title/tt4065066/
tt0101931,Future Kick,1991,80,"Action,Sci-Fi",4.2,739,https://www.imdb.com/title/tt0101931/
tt1772980,Target,2011,158,"Drama,Sci-Fi",5.6,738,https://www.imdb.com/title/tt1772980/
tt18482470,Blood and Snow,2023,114,"Horror,Mystery,Sci-Fi",3.6,738,https://www.imdb.com/title/tt18482470/
tt2620490,Army of Frankensteins,2013,108,"Adventure,Horror,Sci-Fi",3.0,736,https://www.imdb.com/title/tt2620490/
tt5110386,One Under the Sun,2017,101,"Drama,Mystery,Sci-Fi",3.2,736,https://www.imdb.com/title/tt5110386/
tt4287610,"White Out, Black In",2014,90,"Drama,Sci-Fi",6.3,735,https://www.imdb.com/title/tt4287610/
tt14872806,The Invisibles,2024,111,"Fantasy,Sci-Fi",5.9,734,https://www.imdb.com/title/tt14872806/
tt1704201,Parasitic,2012,79,"Horror,Sci-Fi",2.1,733,https://www.imdb.com/title/tt1704201/
tt1798148,Empty,2011,82,"Drama,Horror,Sci-Fi",3.6,733,https://www.imdb.com/title/tt1798148/
tt1699140,People in the Sun,2011,78,"Comedy,Sci-Fi",5.6,732,https://www.imdb.com/title/tt1699140/
tt0274509,From Venus,2005,88,"Horror,Sci-Fi",4.6,731,https://www.imdb.com/title/tt0274509/
tt0115506,Alien Species,1998,92,Sci-Fi,2.6,730,https://www.imdb.com/title/tt0115506/
tt5165936,Daemonium: Soldier of the Underworld,2015,120,"Action,Fantasy,Sci-Fi",4.1,730,https://www.imdb.com/title/tt5165936/
tt0114537,Steel Frontier,1995,105,"Action,Sci-Fi",4.9,729,https://www.imdb.com/title/tt0114537/
tt0112320,Alien Terminator,1995,80,"Horror,Sci-Fi",2.9,728,https://www.imdb.com/title/tt0112320/
tt0190229,Alien Outlaw,1985,90,"Drama,Horror,Sci-Fi",3.1,727,https://www.imdb.com/title/tt0190229/
tt0457342,Evil Behind You,2006,90,"Action,Comedy,Sci-Fi",1.9,727,https://www.imdb.com/title/tt0457342/
tt3343350,One Shot,2014,91,"Action,Sci-Fi",3.6,727,https://www.imdb.com/title/tt3343350/
tt1313130,The Clone Returns Home,2008,110,"Drama,Fantasy,Sci-Fi",6.5,726,https://www.imdb.com/title/tt1313130/
tt1543283,MGS: Philanthropy,2009,69,"Action,Adventure,Sci-Fi",6.3,726,https://www.imdb.com/title/tt1543283/
tt8305690,Alien Expedition,2018,93,Sci-Fi,2.7,726,https://www.imdb.com/title/tt8305690/
tt12055088,The Area 51 Incident,2022,81,"Horror,Sci-Fi",3.7,724,https://www.imdb.com/title/tt12055088/
tt7685962,El Ascensor,2021,70,Sci-Fi,4.7,724,https://www.imdb.com/title/tt7685962/
tt9474736,Final Voyage,2019,113,"Drama,Mystery,Sci-Fi",4.9,724,https://www.imdb.com/title/tt9474736/
tt0192669,Teenage Space Vampires,1999,83,"Action,Sci-Fi",2.8,723,https://www.imdb.com/title/tt0192669/
tt11969576,Memory of Water,2022,101,"Drama,Sci-Fi,Thriller",5.1,722,https://www.imdb.com/title/tt11969576/
tt7596220,Auggie,2019,81,"Drama,Sci-Fi",5.6,722,https://www.imdb.com/title/tt7596220/
tt1401631,Slime City Massacre,2010,85,"Action,Horror,Sci-Fi",4.1,721,https://www.imdb.com/title/tt1401631/
tt14204244,Breaking Infinity,2023,86,"Sci-Fi,Thriller",4.9,721,https://www.imdb.com/title/tt14204244/
tt3854562,Star Trek: Horizon,2016,102,"Action,Adventure,Sci-Fi",5.7,721,https://www.imdb.com/title/tt3854562/
tt2142987,Can't Take It Back,2017,88,"Horror,Sci-Fi,Thriller",4.1,720,https://www.imdb.com/title/tt2142987/
tt0097986,Moon Child,1989,118,"Fantasy,Sci-Fi",6.0,719,https://www.imdb.com/title/tt0097986/
tt0110024,The High Crusade,1994,100,"Adventure,Comedy,Sci-Fi",5.2,719,https://www.imdb.com/title/tt0110024/
tt15701872,Birdemic 3: Sea Eagle,2022,83,"Horror,Romance,Sci-Fi",1.5,719,https://www.imdb.com/title/tt15701872/
tt1584730,III Slices of Life,2010,107,"Horror,Sci-Fi,Thriller",3.3,718,https://www.imdb.com/title/tt1584730/
tt24070610,First Contact,2023,89,"Drama,Horror,Sci-Fi",4.0,718,https://www.imdb.com/title/tt24070610/
tt9281138,A Million Days,2023,83,Sci-Fi,4.3,718,https://www.imdb.com/title/tt9281138/
tt1884378,7 Splinters in Time,2018,75,"Mystery,Sci-Fi,Thriller",3.5,717,https://www.imdb.com/title/tt1884378/
tt28055078,We're All Gonna Die,2024,110,"Comedy,Romance,Sci-Fi",5.8,714,https://www.imdb.com/title/tt28055078/
tt12060172,The Mutation,2021,87,"Horror,Sci-Fi,Thriller",2.8,713,https://www.imdb.com/title/tt12060172/
tt12874840,Simulation Theory Film,2020,90,"Music,Sci-Fi",7.1,711,https://www.imdb.com/title/tt12874840/
tt16149652,UmroAyyar - A New Beginning,2024,135,"Action,Fantasy,Sci-Fi",6.9,711,https://www.imdb.com/title/tt16149652/
tt5207004,Battalion,2018,94,"Action,Drama,Sci-Fi",2.1,711,https://www.imdb.com/title/tt5207004/
tt7837402,Red 11,2019,86,"Horror,Mystery,Sci-Fi",5.0,710,https://www.imdb.com/title/tt7837402/
tt0443678,Unholy,2007,90,"Horror,Sci-Fi,Thriller",3.4,709,https://www.imdb.com/title/tt0443678/
tt8210516,Hover,2018,86,Sci-Fi,3.7,709,https://www.imdb.com/title/tt8210516/
tt0100343,Peacemaker,1990,100,"Action,Romance,Sci-Fi",5.2,707,https://www.imdb.com/title/tt0100343/
tt0127640,Laserhawk,1997,99,"Action,Adventure,Sci-Fi",4.0,707,https://www.imdb.com/title/tt0127640/
tt10887344,Blade: The Iron Cross,2020,70,"Fantasy,Horror,Sci-Fi",4.2,707,https://www.imdb.com/title/tt10887344/
tt0095381,The Invisible Kid,1988,95,"Comedy,Sci-Fi",4.9,706,https://www.imdb.com/title/tt0095381/
tt0255623,Subterano,2003,96,"Horror,Sci-Fi",3.9,705,https://www.imdb.com/title/tt0255623/
tt1262414,Pig,2011,90,"Drama,Mystery,Sci-Fi",5.7,705,https://www.imdb.com/title/tt1262414/
tt27720531,Critical Zone,2023,99,"Drama,Sci-Fi",6.0,705,https://www.imdb.com/title/tt27720531/
tt2882854,Dead Still,2014,94,"Horror,Sci-Fi,Thriller",3.4,705,https://www.imdb.com/title/tt2882854/
tt0161644,Mechanical Violator Hakaider,1995,51,"Action,Sci-Fi",6.2,704,https://www.imdb.com/title/tt0161644/
tt16611138,War of the Worlds: Annihilation,2021,113,"Action,Sci-Fi,Thriller",2.5,704,https://www.imdb.com/title/tt16611138/
tt12885770,Project Legion,2022,90,"Horror,Sci-Fi,Thriller",2.0,703,https://www.imdb.com/title/tt12885770/
tt13094586,Cosmic Dawn,2022,98,"Sci-Fi,Thriller",4.2,703,https://www.imdb.com/title/tt13094586/
tt0112974,Alien Visitor,1996,92,"Drama,Sci-Fi",5.7,702,https://www.imdb.com/title/tt0112974/
tt1236440,Lucky Fritz,2009,86,"Comedy,Sci-Fi",4.5,702,https://www.imdb.com/title/tt1236440/
tt6409856,Alien Outbreak,2020,84,Sci-Fi,3.5,702,https://www.imdb.com/title/tt6409856/
tt3648510,Plastic Galaxy: The Story of Star Wars Toys,2014,67,"Documentary,History,Sci-Fi",6.5,701,https://www.imdb.com/title/tt3648510/
tt28636876,Planet B,2024,118,Sci-Fi,4.8,700,https://www.imdb.com/title/tt28636876/
tt20918378,The Stratum,2023,98,"Drama,Sci-Fi,Thriller",3.8,698,https://www.imdb.com/title/tt20918378/
tt2700194,Forsaken,2018,95,"Adventure,Drama,Sci-Fi",3.2,698,https://www.imdb.com/title/tt2700194/
tt0107505,Mandroid,1993,81,"Action,Sci-Fi",4.3,696,https://www.imdb.com/title/tt0107505/
tt0117912,Time Under Fire,1997,92,"Action,Sci-Fi",3.7,696,https://www.imdb.com/title/tt0117912/
tt0270841,Cyber Wars,2004,103,"Action,Drama,Sci-Fi",4.4,696,https://www.imdb.com/title/tt0270841/
tt0461769,"My God, My God, Why Hast Thou Forsaken Me?",2005,107,"Drama,Music,Sci-Fi",6.6,696,https://www.imdb.com/title/tt0461769/
tt2399537,Psychic School Wars,2012,107,"Animation,Romance,Sci-Fi",5.9,696,https://www.imdb.com/title/tt2399537/
tt0073604,Rana: The Legend of Shadow Lake,1980,96,"Adventure,Horror,Sci-Fi",3.1,693,https://www.imdb.com/title/tt0073604/
tt0251005,Carnivore,2000,80,"Horror,Sci-Fi",2.3,693,https://www.imdb.com/title/tt0251005/
tt10364272,Alienated,2021,99,"Romance,Sci-Fi",5.2,692,https://www.imdb.com/title/tt10364272/
tt6317236,"Empathy, Inc.",2018,97,"Drama,Horror,Sci-Fi",5.7,691,https://www.imdb.com/title/tt6317236/
tt10183616,All About Yves,2019,107,"Comedy,Sci-Fi",5.5,689,https://www.imdb.com/title/tt10183616/
tt0127503,Death House,1988,90,"Action,Horror,Sci-Fi",4.2,688,https://www.imdb.com/title/tt0127503/
tt0302531,Endangered Species,2002,94,"Horror,Sci-Fi,Thriller",4.2,686,https://www.imdb.com/title/tt0302531/
tt0101368,Severed Ties,1991,92,"Comedy,Horror,Sci-Fi",4.5,684,https://www.imdb.com/title/tt0101368/
tt6574700,Alien Domicile,2017,88,"Horror,Mystery,Sci-Fi",2.6,684,https://www.imdb.com/title/tt6574700/
tt0117373,Precious Find,1996,90,"Adventure,Sci-Fi,Western",3.7,683,https://www.imdb.com/title/tt0117373/
tt0125434,School in the Crosshairs,1981,90,"Fantasy,Sci-Fi",6.4,683,https://www.imdb.com/title/tt0125434/
tt0091964,Sky Pirates,1986,89,"Adventure,Sci-Fi",4.3,682,https://www.imdb.com/title/tt0091964/
tt0094632,Transformations,1988,84,"Horror,Sci-Fi",3.9,682,https://www.imdb.com/title/tt0094632/
tt0265198,Gangland,2001,90,"Action,Sci-Fi",2.9,682,https://www.imdb.com/title/tt0265198/
tt20601506,Alien Invasion,2022,73,"Horror,Sci-Fi",1.9,680,https://www.imdb.com/title/tt20601506/
tt2638048,Dominion,2015,83,"Action,Sci-Fi,Thriller",3.7,680,https://www.imdb.com/title/tt2638048/
tt0155463,A spasso nel tempo - L'avventura continua,1997,95,"Adventure,Comedy,Sci-Fi",4.2,678,https://www.imdb.com/title/tt0155463/
tt16897732,Maria,2023,81,"Horror,Sci-Fi,Thriller",3.6,678,https://www.imdb.com/title/tt16897732/
tt5034212,Incontrol,2017,82,"Drama,Sci-Fi,Thriller",4.3,678,https://www.imdb.com/title/tt5034212/
tt0133228,Temmink: The Ultimate Fight,1998,90,"Action,Sci-Fi",6.5,677,https://www.imdb.com/title/tt0133228/
tt0412412,Animal,2005,103,"Sci-Fi,Thriller",4.8,670,https://www.imdb.com/title/tt0412412/
tt4694366,Mail Order Monster,2018,89,"Drama,Family,Sci-Fi",4.7,670,https://www.imdb.com/title/tt4694366/
tt11879280,The Washing Machine,2020,110,"Comedy,Fantasy,Sci-Fi",4.1,669,https://www.imdb.com/title/tt11879280/
tt2673388,The Scopia Effect,2014,130,"Horror,Sci-Fi,Thriller",3.8,669,https://www.imdb.com/title/tt2673388/
tt2639514,Campus Code,2015,86,"Action,Sci-Fi",2.6,668,https://www.imdb.com/title/tt2639514/
tt0188925,Murdercycle,1999,90,"Action,Sci-Fi",3.4,667,https://www.imdb.com/title/tt0188925/
tt17425022,Moon Crash,2022,89,"Adventure,Sci-Fi",2.5,667,https://www.imdb.com/title/tt17425022/
tt0470711,Heaven's Soldiers,2005,106,"Action,Comedy,Sci-Fi",5.9,666,https://www.imdb.com/title/tt0470711/
tt1131742,Mutants,2008,83,"Action,Horror,Sci-Fi",2.3,666,https://www.imdb.com/title/tt1131742/
tt1165276,In a Galaxy Near You 2,2008,100,"Comedy,Sci-Fi",6.5,666,https://www.imdb.com/title/tt1165276/
tt2078523,009 Re: Cyborg,2012,103,"Action,Animation,Sci-Fi",5.8,666,https://www.imdb.com/title/tt2078523/
tt0081989,The Agency,1980,94,"Drama,Sci-Fi,Thriller",4.8,664,https://www.imdb.com/title/tt0081989/
tt0459443,Lies Inc.,2004,67,Sci-Fi,3.3,664,https://www.imdb.com/title/tt0459443/
tt2536086,Quarantine L.A.,2013,75,"Horror,Sci-Fi",2.4,664,https://www.imdb.com/title/tt2536086/
tt5821728,Lazarus,2021,105,"Action,Sci-Fi",3.5,664,https://www.imdb.com/title/tt5821728/
tt11076026,Beyond the Wasteland,2023,99,"Adventure,Drama,Sci-Fi",5.8,662,https://www.imdb.com/title/tt11076026/
tt6156656,Astro,2018,105,"Action,Mystery,Sci-Fi",2.2,662,https://www.imdb.com/title/tt6156656/
tt0365262,GhostWatcher,2002,94,"Horror,Mystery,Sci-Fi",4.1,661,https://www.imdb.com/title/tt0365262/
tt0132662,Stargames,1997,90,"Adventure,Family,Sci-Fi",1.7,660,https://www.imdb.com/title/tt0132662/
tt14442328,Jurassic Hunt,2021,84,"Adventure,Sci-Fi,Thriller",2.6,660,https://www.imdb.com/title/tt14442328/
tt19496260,Eternal,2023,103,"Drama,Sci-Fi",5.0,660,https://www.imdb.com/title/tt19496260/
tt0201721,The Ugliest Woman in the World,1999,108,"Comedy,Crime,Sci-Fi",5.0,659,https://www.imdb.com/title/tt0201721/
tt0758442,Black Night,2005,90,"Drama,Mystery,Sci-Fi",6.5,659,https://www.imdb.com/title/tt0758442/
tt10663608,Between Waves,2020,100,"Drama,Romance,Sci-Fi",4.2,659,https://www.imdb.com/title/tt10663608/
tt0099474,Dune Warriors,1991,80,"Action,Adventure,Sci-Fi",4.1,658,https://www.imdb.com/title/tt0099474/
tt0345777,The Eavesdropper,2004,97,"Drama,Sci-Fi,Thriller",5.5,658,https://www.imdb.com/title/tt0345777/
tt0466375,Hinokio,2005,111,"Drama,Sci-Fi",6.4,658,https://www.imdb.com/title/tt0466375/
tt0089930,Roller Blade,1986,88,"Action,Comedy,Sci-Fi",3.4,655,https://www.imdb.com/title/tt0089930/
tt1436571,Beacon77,2009,95,"Horror,Sci-Fi,Thriller",4.4,654,https://www.imdb.com/title/tt1436571/
tt28208443,Detroit: Become Human,2023,\N,Sci-Fi,9.1,654,https://www.imdb.com/title/tt28208443/
tt0081674,UFOria,1984,93,"Comedy,Sci-Fi",6.0,653,https://www.imdb.com/title/tt0081674/
tt0117651,The Silencers,1996,103,"Action,Sci-Fi",4.8,653,https://www.imdb.com/title/tt0117651/
tt0289213,Guardian,2001,89,"Action,Sci-Fi,Thriller",4.0,653,https://www.imdb.com/title/tt0289213/
tt3233972,Mark of the Witch,2014,80,"Fantasy,Horror,Sci-Fi",2.6,653,https://www.imdb.com/title/tt3233972/
tt12235234,Fairy,2020,152,"Drama,Sci-Fi,Thriller",5.8,652,https://www.imdb.com/title/tt12235234/
tt15392166,Ghost in the Shell: SAC_2045 - Sustainable War,2021,119,"Action,Animation,Sci-Fi",5.9,652,https://www.imdb.com/title/tt15392166/
tt1360833,Star Quest: The Odyssey,2009,81,Sci-Fi,1.6,651,https://www.imdb.com/title/tt1360833/
tt0307343,À ton image,2004,94,"Drama,Sci-Fi,Thriller",4.7,649,https://www.imdb.com/title/tt0307343/
tt5419398,Theta States,2017,95,"Horror,Sci-Fi,Thriller",5.1,649,https://www.imdb.com/title/tt5419398/
tt24074470,Cocktail,2023,130,"Fantasy,Sci-Fi,Thriller",8.1,647,https://www.imdb.com/title/tt24074470/
tt4499572,We've Forgotten More Than We Ever Knew,2016,88,"Drama,Sci-Fi",5.0,647,https://www.imdb.com/title/tt4499572/
tt2317127,Sync,2012,103,"Action,Sci-Fi",7.3,646,https://www.imdb.com/title/tt2317127/
tt10581102,Return to Horror Hotel,2019,83,"Horror,Sci-Fi",3.8,645,https://www.imdb.com/title/tt10581102/
tt1343740,Paradox,2010,83,"Sci-Fi,Thriller",4.6,645,https://www.imdb.com/title/tt1343740/
tt0114648,Terminal Justice,1996,94,"Action,Sci-Fi,Thriller",4.5,644,https://www.imdb.com/title/tt0114648/
tt0283542,Terminal Error,2002,90,"Sci-Fi,Thriller",4.2,644,https://www.imdb.com/title/tt0283542/
tt7909204,Reign of Chaos,2022,77,"Action,Sci-Fi",2.0,644,https://www.imdb.com/title/tt7909204/
tt13678976,You Might Get Lost,2021,94,"Drama,Horror,Sci-Fi",4.6,643,https://www.imdb.com/title/tt13678976/
tt14096132,Sharkula,2022,71,"Action,Horror,Sci-Fi",2.0,643,https://www.imdb.com/title/tt14096132/
tt2321471,I Wake Up Yesterday,2012,120,"Comedy,Sci-Fi",6.2,642,https://www.imdb.com/title/tt2321471/
tt8235966,Alien Siege,2018,85,"Action,Adventure,Sci-Fi",2.3,642,https://www.imdb.com/title/tt8235966/
tt1509125,Virus X,2010,85,"Horror,Sci-Fi",2.9,641,https://www.imdb.com/title/tt1509125/
tt0117497,Robo Warriors,1996,93,"Action,Adventure,Sci-Fi",4.9,638,https://www.imdb.com/title/tt0117497/
tt1265294,Dire Wolf,2009,86,"Action,Horror,Sci-Fi",3.7,638,https://www.imdb.com/title/tt1265294/
tt1877707,The Black Hole,2016,111,"Sci-Fi,Thriller",3.1,638,https://www.imdb.com/title/tt1877707/
tt2571362,Disaster Wars: Earthquake vs. Tsunami,2013,85,"Action,Drama,Sci-Fi",1.9,638,https://www.imdb.com/title/tt2571362/
tt2387413,Captain Battle: Legacy War,2013,90,"Action,Sci-Fi,War",1.3,637,https://www.imdb.com/title/tt2387413/
tt8618718,Lake Artifact,2019,96,"Comedy,Horror,Sci-Fi",4.4,636,https://www.imdb.com/title/tt8618718/
tt0938284,Bane,2008,120,"Horror,Sci-Fi",3.3,635,https://www.imdb.com/title/tt0938284/
tt1382727,Second Origin,2015,106,"Adventure,Horror,Sci-Fi",4.5,635,https://www.imdb.com/title/tt1382727/
tt0117330,Petticoat Planet,1996,78,"Comedy,Romance,Sci-Fi",3.0,634,https://www.imdb.com/title/tt0117330/
tt1669604,Yakuza Weapon,2011,105,"Action,Sci-Fi",5.2,634,https://www.imdb.com/title/tt1669604/
tt5069086,Altered Hours,2016,101,"Sci-Fi,Thriller",4.7,634,https://www.imdb.com/title/tt5069086/
tt0453396,Samurai Commando: Mission 1549,2005,119,"Action,Sci-Fi",5.1,633,https://www.imdb.com/title/tt0453396/
tt2385001,Android Insurrection,2012,78,"Action,Sci-Fi",1.8,633,https://www.imdb.com/title/tt2385001/
tt37506041,Predator: Wastelands,2025,89,"Action,Adventure,Sci-Fi",1.7,632,https://www.imdb.com/title/tt37506041/
tt0093790,Programmed to Kill,1987,91,"Action,Sci-Fi",4.0,631,https://www.imdb.com/title/tt0093790/
tt14118090,Kingdom of the Dinosaurs,2022,80,"Adventure,Sci-Fi",3.4,631,https://www.imdb.com/title/tt14118090/
tt0267024,Thru the Moebius Strip,2005,87,"Adventure,Animation,Sci-Fi",5.1,629,https://www.imdb.com/title/tt0267024/
tt0095098,Incident at Raven's Gate,1988,94,"Drama,Mystery,Sci-Fi",5.4,628,https://www.imdb.com/title/tt0095098/
tt0110818,Pet Shop,1994,87,"Comedy,Family,Sci-Fi",4.4,628,https://www.imdb.com/title/tt0110818/
tt2321269,Heaven's Door,2012,98,"Drama,Family,Sci-Fi",5.4,628,https://www.imdb.com/title/tt2321269/
tt0093617,Nice Girls Don't Explode,1987,92,"Comedy,Romance,Sci-Fi",5.5,626,https://www.imdb.com/title/tt0093617/
tt3829874,Black Road,2016,80,"Sci-Fi,Thriller",4.0,626,https://www.imdb.com/title/tt3829874/
tt1488601,The Show Must Go On,2010,80,"Drama,Sci-Fi,Thriller",6.7,625,https://www.imdb.com/title/tt1488601/
tt1703231,Dimensions,2011,101,"Drama,Sci-Fi",5.8,623,https://www.imdb.com/title/tt1703231/
tt4443922,Native,2016,86,"Drama,Sci-Fi",4.3,621,https://www.imdb.com/title/tt4443922/
tt0235245,Brain Twisters,1991,91,"Drama,Horror,Sci-Fi",3.5,620,https://www.imdb.com/title/tt0235245/
tt33246492,Taklee Genesis x Worlds Collide,2024,146,"Action,Adventure,Sci-Fi",5.2,619,https://www.imdb.com/title/tt33246492/
tt0114339,Savage,1996,99,"Action,Sci-Fi,Thriller",4.1,618,https://www.imdb.com/title/tt0114339/
tt22059348,Jump!,2023,85,"Comedy,Family,Sci-Fi",6.4,618,https://www.imdb.com/title/tt22059348/
tt4526372,Defective,2017,101,"Action,Sci-Fi,Thriller",3.7,618,https://www.imdb.com/title/tt4526372/
tt9551424,Await the Dawn,2020,90,"Horror,Sci-Fi",3.6,616,https://www.imdb.com/title/tt9551424/
tt1190556,Demon Warriors,2007,103,"Action,Fantasy,Sci-Fi",4.2,615,https://www.imdb.com/title/tt1190556/
tt14063158,Deborah,2022,88,"Comedy,Drama,Sci-Fi",4.7,615,https://www.imdb.com/title/tt14063158/
tt3118442,The Gateway,2015,74,"Horror,Mystery,Sci-Fi",4.8,615,https://www.imdb.com/title/tt3118442/
tt0097404,Future Hunters,1988,96,"Action,Adventure,Sci-Fi",4.4,613,https://www.imdb.com/title/tt0097404/
tt14668044,Discontinued,2022,91,"Comedy,Sci-Fi",5.4,613,https://www.imdb.com/title/tt14668044/
tt29259841,Arctic Armageddon,2023,86,"Adventure,Sci-Fi",2.6,613,https://www.imdb.com/title/tt29259841/
tt6891976,Alien: Reign of Man,2017,84,"Fantasy,Sci-Fi",2.1,612,https://www.imdb.com/title/tt6891976/
tt0096514,Lovable Zanies II,1988,94,"Comedy,Romance,Sci-Fi",4.4,611,https://www.imdb.com/title/tt0096514/
tt0130089,Lolita 2000,1998,83,Sci-Fi,4.0,611,https://www.imdb.com/title/tt0130089/
tt11296054,Beach Road Chetan,2019,137,"Action,Drama,Sci-Fi",9.1,611,https://www.imdb.com/title/tt11296054/
tt8365426,Kill Mode,2020,97,"Action,Sci-Fi",3.0,611,https://www.imdb.com/title/tt8365426/
tt0106983,Future Shock,1994,98,"Horror,Sci-Fi",4.2,610,https://www.imdb.com/title/tt0106983/
tt0215757,L'extraterrestre,2000,93,"Comedy,Romance,Sci-Fi",3.5,610,https://www.imdb.com/title/tt0215757/
tt16478146,We Are Not Alone,2022,91,"Comedy,Sci-Fi",6.1,609,https://www.imdb.com/title/tt16478146/
tt4083740,Robot World,2015,82,"Sci-Fi,Thriller",3.9,609,https://www.imdb.com/title/tt4083740/
tt2512236,Rumors of Wars,2014,89,"Drama,Sci-Fi,Thriller",4.4,608,https://www.imdb.com/title/tt2512236/
tt3476464,"End of Days, Inc.",2015,83,"Comedy,Sci-Fi",5.0,608,https://www.imdb.com/title/tt3476464/
tt13153584,Renner,2025,90,"Sci-Fi,Thriller",4.6,607,https://www.imdb.com/title/tt13153584/
tt2413338,Abducted,2013,96,"Horror,Sci-Fi,Thriller",4.5,607,https://www.imdb.com/title/tt2413338/
tt4795062,His Master's Voice,2018,108,"Drama,Sci-Fi",5.7,607,https://www.imdb.com/title/tt4795062/
tt11067160,The Glitch,2019,75,"Drama,Sci-Fi,Thriller",5.3,606,https://www.imdb.com/title/tt11067160/
tt10267266,A.E.S.O.P.,2019,92,"Romance,Sci-Fi",6.1,605,https://www.imdb.com/title/tt10267266/
tt13830348,The Phantom Warrior,2024,119,"Adventure,Fantasy,Sci-Fi",2.3,603,https://www.imdb.com/title/tt13830348/
tt6973360,Sin fin,2018,96,"Drama,Romance,Sci-Fi",6.7,602,https://www.imdb.com/title/tt6973360/
tt3449588,Crystal's Shadow,2016,87,"Mystery,Sci-Fi,Thriller",3.6,601,https://www.imdb.com/title/tt3449588/
tt10657684,Dedo,2021,96,"Comedy,Sci-Fi",4.2,599,https://www.imdb.com/title/tt10657684/
tt1470846,Area Q.,2011,114,"Sci-Fi,Thriller",4.5,598,https://www.imdb.com/title/tt1470846/
tt0084468,Paradis pour tous,1982,110,"Comedy,Drama,Sci-Fi",6.4,597,https://www.imdb.com/title/tt0084468/
tt0137094,Mars,1997,91,"Action,Sci-Fi",3.8,597,https://www.imdb.com/title/tt0137094/
tt0146233,Repligator,1996,86,"Action,Comedy,Sci-Fi",3.1,597,https://www.imdb.com/title/tt0146233/
tt1027874,InAlienable,2007,106,Sci-Fi,3.5,597,https://www.imdb.com/title/tt1027874/
tt6385680,I Am Mortal,2021,83,"Drama,Sci-Fi",3.3,597,https://www.imdb.com/title/tt6385680/
tt14453496,Stolen Time,2025,84,"Drama,Sci-Fi,Western",6.9,596,https://www.imdb.com/title/tt14453496/
tt2282917,Platinum Data,2013,133,"Mystery,Sci-Fi",5.7,596,https://www.imdb.com/title/tt2282917/
tt0448001,Alien Incursion,2006,86,"Comedy,Horror,Sci-Fi",2.5,594,https://www.imdb.com/title/tt0448001/
tt8345918,Time Travel Is Dangerous,2024,99,"Comedy,Sci-Fi",4.9,594,https://www.imdb.com/title/tt8345918/
tt1634022,The Sylvian Experiments,2010,94,"Horror,Sci-Fi",4.7,593,https://www.imdb.com/title/tt1634022/
tt5011848,Mad Genius,2017,90,Sci-Fi,3.3,592,https://www.imdb.com/title/tt5011848/
tt0275287,Virtual Weapon,1997,90,"Comedy,Crime,Sci-Fi",4.4,591,https://www.imdb.com/title/tt0275287/
tt22486756,Ghost Project,2023,77,"Fantasy,Horror,Sci-Fi",3.7,591,https://www.imdb.com/title/tt22486756/
tt23035872,Into the Abyss,2022,104,"Drama,Horror,Sci-Fi",4.4,590,https://www.imdb.com/title/tt23035872/
tt0088940,Light Blast,1985,86,"Action,Sci-Fi,Thriller",5.0,589,https://www.imdb.com/title/tt0088940/
tt11096628,Vampire Zombies... From Space!,2024,98,"Comedy,Horror,Sci-Fi",5.7,589,https://www.imdb.com/title/tt11096628/
tt12497296,Balestra,2024,145,"Drama,Fantasy,Sci-Fi",5.1,589,https://www.imdb.com/title/tt12497296/
tt5790218,Archons,2018,88,"Horror,Sci-Fi,Thriller",4.1,589,https://www.imdb.com/title/tt5790218/
tt0096287,Top Line,1988,94,"Action,Adventure,Sci-Fi",4.7,588,https://www.imdb.com/title/tt0096287/
tt0110215,Jungleground,1994,90,"Action,Sci-Fi,Thriller",5.4,587,https://www.imdb.com/title/tt0110215/
tt0119984,Ravager,1997,92,"Horror,Sci-Fi",4.3,585,https://www.imdb.com/title/tt0119984/
tt2254131,Shelter,2015,97,"Drama,Sci-Fi,Thriller",4.8,585,https://www.imdb.com/title/tt2254131/
tt0117915,Timelock,2000,96,"Action,Sci-Fi",3.3,583,https://www.imdb.com/title/tt0117915/
tt1645048,Karate-Robo Zaborgar,2011,114,"Action,Sci-Fi",6.3,582,https://www.imdb.com/title/tt1645048/
tt3666210,H.,2014,93,"Drama,Sci-Fi,Thriller",5.9,582,https://www.imdb.com/title/tt3666210/
tt5908294,Seat 25,2017,84,"Drama,Sci-Fi",5.3,582,https://www.imdb.com/title/tt5908294/
tt0114533,Terminal Voyage,1995,79,"Mystery,Sci-Fi",4.1,581,https://www.imdb.com/title/tt0114533/
tt1565069,A Thousand Kisses Deep,2011,84,"Romance,Sci-Fi,Thriller",5.1,581,https://www.imdb.com/title/tt1565069/
tt2262487,Of Starlight,2011,66,"Drama,Fantasy,Sci-Fi",3.8,581,https://www.imdb.com/title/tt2262487/
tt0116032,Darkdrive,1997,88,"Action,Sci-Fi",3.3,579,https://www.imdb.com/title/tt0116032/
tt0083197,Threshold,1981,97,"Drama,Sci-Fi",5.9,577,https://www.imdb.com/title/tt0083197/
tt0083690,BrainWaves,1982,77,"Horror,Sci-Fi,Thriller",4.7,577,https://www.imdb.com/title/tt0083690/
tt14598536,The Bunker,2024,92,"Horror,Sci-Fi",4.2,576,https://www.imdb.com/title/tt14598536/
tt0099577,Firehead,1991,88,"Action,Sci-Fi,Thriller",2.6,575,https://www.imdb.com/title/tt0099577/
tt2224383,Ombis: Alien Invasion,2013,85,"Action,Horror,Sci-Fi",3.3,575,https://www.imdb.com/title/tt2224383/
tt0251951,Pretty Cool,2002,92,"Comedy,Sci-Fi",4.1,574,https://www.imdb.com/title/tt0251951/
tt6022174,Dystopia,2018,97,Sci-Fi,2.5,574,https://www.imdb.com/title/tt6022174/
tt1429382,Alien Opponent,2010,92,"Action,Comedy,Sci-Fi",4.5,573,https://www.imdb.com/title/tt1429382/
tt5756188,A Mãe é que Sabe,2016,88,"Comedy,Drama,Sci-Fi",6.9,573,https://www.imdb.com/title/tt5756188/
tt0189184,Veronica 2030,1999,70,"Romance,Sci-Fi",3.9,572,https://www.imdb.com/title/tt0189184/
tt1230538,Homeworld,2008,104,Sci-Fi,4.0,572,https://www.imdb.com/title/tt1230538/
tt12805730,Them,2021,84,"Sci-Fi,Thriller",3.3,572,https://www.imdb.com/title/tt12805730/
tt27652287,The A-Frame,2024,82,"Horror,Sci-Fi,Thriller",5.0,572,https://www.imdb.com/title/tt27652287/
tt3281394,11 A.M.,2013,99,"Mystery,Sci-Fi,Thriller",5.6,572,https://www.imdb.com/title/tt3281394/
tt0322651,Dream Warrior,2003,95,"Action,Sci-Fi",3.6,571,https://www.imdb.com/title/tt0322651/
tt13357564,Tethered,2021,87,"Drama,Mystery,Sci-Fi",3.8,571,https://www.imdb.com/title/tt13357564/
tt33296382,Previously Saved Version,2024,117,"Romance,Sci-Fi,Thriller",5.4,571,https://www.imdb.com/title/tt33296382/
tt0117710,Specimen,1996,85,Sci-Fi,4.2,570,https://www.imdb.com/title/tt0117710/
tt1823684,Eternity,2012,78,"Mystery,Sci-Fi",4.9,570,https://www.imdb.com/title/tt1823684/
tt6085412,Alien Invasion,2018,82,"Horror,Sci-Fi",2.8,570,https://www.imdb.com/title/tt6085412/
tt14034868,The Resonator: Miskatonic U,2021,68,"Fantasy,Horror,Sci-Fi",4.8,569,https://www.imdb.com/title/tt14034868/
tt22000724,Fight Another Day,2024,97,"Action,Sci-Fi",4.6,569,https://www.imdb.com/title/tt22000724/
tt21305808,Cerebrum,2022,97,"Drama,Horror,Sci-Fi",4.3,568,https://www.imdb.com/title/tt21305808/
tt0120356,Total Reality,1997,100,"Action,Sci-Fi",4.4,567,https://www.imdb.com/title/tt0120356/
tt5252440,Hot Wheels Acceleracers the Ultimate Race,2005,60,"Action,Animation,Sci-Fi",8.0,566,https://www.imdb.com/title/tt5252440/
tt11220408,The Deal,2022,95,"Drama,Sci-Fi",4.7,565,https://www.imdb.com/title/tt11220408/
tt0118882,Conceiving Ada,1997,85,"Drama,Fantasy,Sci-Fi",5.0,563,https://www.imdb.com/title/tt0118882/
tt3024404,Monsterz,2014,112,"Drama,Sci-Fi",5.4,563,https://www.imdb.com/title/tt3024404/
tt39050792,Afterlight,2025,72,"Drama,Horror,Sci-Fi",3.6,563,https://www.imdb.com/title/tt39050792/
tt0408060,1,2009,91,"Sci-Fi,Thriller",5.9,560,https://www.imdb.com/title/tt0408060/
tt11563364,Repeat,2021,95,"Drama,Mystery,Sci-Fi",5.4,560,https://www.imdb.com/title/tt11563364/
tt3133718,Pink Zone,2014,90,"Drama,Romance,Sci-Fi",1.9,560,https://www.imdb.com/title/tt3133718/
tt0092648,Beyond the Rising Moon,1987,84,"Adventure,Sci-Fi,Thriller",4.8,559,https://www.imdb.com/title/tt0092648/
tt3836480,RWD,2015,80,"Horror,Sci-Fi,Thriller",4.4,559,https://www.imdb.com/title/tt3836480/
tt0091853,The American Way,1986,92,"Comedy,Sci-Fi",5.8,558,https://www.imdb.com/title/tt0091853/
tt2413516,The Forbidden Dimensions,2013,86,"Horror,Sci-Fi,Thriller",1.8,558,https://www.imdb.com/title/tt2413516/
tt2275656,Star Wars: Threads of Destiny,2014,110,"Action,Adventure,Sci-Fi",3.9,557,https://www.imdb.com/title/tt2275656/
tt0113719,Lunarcop,1995,88,"Action,Drama,Sci-Fi",4.5,555,https://www.imdb.com/title/tt0113719/
tt0159752,Shepherd,1998,86,"Action,Sci-Fi",2.9,554,https://www.imdb.com/title/tt0159752/
tt1386583,Infection: The Invasion Begins,2011,95,"Horror,Sci-Fi,Thriller",2.5,554,https://www.imdb.com/title/tt1386583/
tt0103192,Vegas in Space,1991,85,"Comedy,Sci-Fi",4.8,553,https://www.imdb.com/title/tt0103192/
tt27534073,Terminator: Skynet Rising,2024,88,"Action,Horror,Sci-Fi",4.0,551,https://www.imdb.com/title/tt27534073/
tt4351916,After the End,2017,90,"Adventure,Drama,Sci-Fi",5.2,551,https://www.imdb.com/title/tt4351916/
tt9568318,Chest,2022,95,"Crime,Horror,Sci-Fi",4.5,551,https://www.imdb.com/title/tt9568318/
tt7106686,Forgotten Experiment,2023,105,"Adventure,Drama,Sci-Fi",3.7,550,https://www.imdb.com/title/tt7106686/
tt3746700,The Encounter,2015,85,"Horror,Sci-Fi",3.3,549,https://www.imdb.com/title/tt3746700/
tt1678042,Cold Fusion,2011,84,"Action,Sci-Fi,Thriller",3.3,548,https://www.imdb.com/title/tt1678042/
tt28239875,The Silent Planet,2024,95,"Sci-Fi,Thriller",4.8,548,https://www.imdb.com/title/tt28239875/
tt2825854,Labyrinthus,2014,99,"Adventure,Family,Sci-Fi",6.0,548,https://www.imdb.com/title/tt2825854/
tt3132614,Dr. Jekyll and Mr. Hyde,2017,83,"Horror,Sci-Fi",5.5,548,https://www.imdb.com/title/tt3132614/
tt0102804,The Roller Blade Seven,1991,96,"Action,Sci-Fi",2.3,547,https://www.imdb.com/title/tt0102804/
tt3646592,Blood Hunters,2016,90,"Horror,Sci-Fi,Thriller",4.3,547,https://www.imdb.com/title/tt3646592/
tt0105791,"Wax, or the Discovery of Television Among the Bees",1991,85,"Drama,Sci-Fi",6.9,546,https://www.imdb.com/title/tt0105791/
tt0321626,Centipede!,2004,93,"Adventure,Horror,Sci-Fi",3.1,546,https://www.imdb.com/title/tt0321626/
tt23027522,Agent of Death,2023,100,"Action,Sci-Fi,Thriller",4.8,546,https://www.imdb.com/title/tt23027522/
tt32330904,The Strange Dark,2024,84,"Sci-Fi,Thriller",5.4,546,https://www.imdb.com/title/tt32330904/
tt4124980,Creators: The Past,2019,97,"Fantasy,Sci-Fi",2.9,546,https://www.imdb.com/title/tt4124980/
tt0791142,Recon 2022: The Mezzo Incident,2007,90,"Action,Sci-Fi",2.3,545,https://www.imdb.com/title/tt0791142/
tt27505513,America Is Sinking,2023,83,"Action,Adventure,Sci-Fi",2.5,545,https://www.imdb.com/title/tt27505513/
tt33504617,Anunnakiler,2024,76,"Action,Comedy,Sci-Fi",2.4,545,https://www.imdb.com/title/tt33504617/
tt0114676,Timemaster,1995,100,"Adventure,Sci-Fi,Western",3.5,544,https://www.imdb.com/title/tt0114676/
tt16429986,Pussy Cake,2021,88,"Horror,Sci-Fi",4.7,544,https://www.imdb.com/title/tt16429986/
tt0102272,The Last Island,1990,101,"Adventure,Drama,Sci-Fi",6.0,543,https://www.imdb.com/title/tt0102272/
tt2397521,Moon Man,2012,95,"Animation,Sci-Fi",6.5,543,https://www.imdb.com/title/tt2397521/
tt1869653,Rock Jocks,2012,91,"Comedy,Sci-Fi",5.2,542,https://www.imdb.com/title/tt1869653/
tt6853580,Alien Domicile 2: Lot 24,2018,73,"Horror,Sci-Fi",2.2,542,https://www.imdb.com/title/tt6853580/
tt0118631,The Apocalypse,1997,96,"Action,Sci-Fi",3.1,541,https://www.imdb.com/title/tt0118631/
tt15481986,The Loch Ness Horror,2023,79,"Action,Horror,Sci-Fi",2.2,541,https://www.imdb.com/title/tt15481986/
tt13399406,Triassic Hunt,2021,86,"Action,Horror,Sci-Fi",2.5,540,https://www.imdb.com/title/tt13399406/
tt0283476,Mercano the Martian,2002,87,"Animation,Comedy,Sci-Fi",6.6,539,https://www.imdb.com/title/tt0283476/
tt16381608,Transient,2024,96,"Drama,Sci-Fi,Thriller",5.1,539,https://www.imdb.com/title/tt16381608/
tt3621288,To Talk of the Devil,2014,82,"Comedy,Sci-Fi",4.8,539,https://www.imdb.com/title/tt3621288/
tt0168922,The Killings at Outpost Zeta,1980,92,"Horror,Mystery,Sci-Fi",3.9,538,https://www.imdb.com/title/tt0168922/
tt16550638,Madelines,2022,80,"Comedy,Horror,Sci-Fi",3.9,537,https://www.imdb.com/title/tt16550638/
tt0085167,Angel of H.E.A.T.,1983,93,"Action,Comedy,Sci-Fi",4.0,536,https://www.imdb.com/title/tt0085167/
tt0292429,Altered Species,2001,91,"Horror,Sci-Fi,Thriller",2.6,536,https://www.imdb.com/title/tt0292429/
tt0216312,Invasion: UFO,1980,97,"Action,Drama,Sci-Fi",5.7,534,https://www.imdb.com/title/tt0216312/
tt0428620,Half-Life,2008,106,"Drama,Sci-Fi",5.3,534,https://www.imdb.com/title/tt0428620/
tt7399124,Illusions,2017,92,"Mystery,Sci-Fi,Thriller",3.9,534,https://www.imdb.com/title/tt7399124/
tt0271451,Dark Descent,2002,96,"Action,Adventure,Sci-Fi",3.5,533,https://www.imdb.com/title/tt0271451/
tt0783511,Dr. Plonk,2007,85,"Action,Comedy,Sci-Fi",6.6,531,https://www.imdb.com/title/tt0783511/
tt2128694,Solid State,2012,90,"Action,Horror,Sci-Fi",2.1,530,https://www.imdb.com/title/tt2128694/
tt0093268,Interzone,1989,97,"Action,Comedy,Sci-Fi",3.9,529,https://www.imdb.com/title/tt0093268/
tt0094050,Stranded,1987,80,"Drama,Sci-Fi",5.2,529,https://www.imdb.com/title/tt0094050/
tt2172055,Sick: Survive the Night,2012,95,"Horror,Sci-Fi",3.0,529,https://www.imdb.com/title/tt2172055/
tt7677228,Little Tito and the Aliens,2017,93,"Comedy,Sci-Fi",5.7,529,https://www.imdb.com/title/tt7677228/
tt15215662,Antarjal,2023,155,"Action,Sci-Fi,Thriller",5.6,528,https://www.imdb.com/title/tt15215662/
tt13298656,Asteroid-a-Geddon,2020,87,"Action,Sci-Fi",2.5,527,https://www.imdb.com/title/tt13298656/
tt0208676,Sex Files: Alien Erotica,1998,101,Sci-Fi,5.3,526,https://www.imdb.com/title/tt0208676/
tt1652415,Condition,2011,70,"Drama,Mystery,Sci-Fi",7.1,526,https://www.imdb.com/title/tt1652415/
tt0119380,The Invader,1997,93,"Action,Sci-Fi,Thriller",4.2,525,https://www.imdb.com/title/tt0119380/
tt1084733,Necessary Evil,2008,87,"Horror,Sci-Fi",3.0,525,https://www.imdb.com/title/tt1084733/
tt12550060,The Complex: Lockdown,2020,78,"Sci-Fi,Thriller",4.2,525,https://www.imdb.com/title/tt12550060/
tt15321508,Forever Young,2023,100,"Romance,Sci-Fi,Thriller",5.7,525,https://www.imdb.com/title/tt15321508/
tt2077828,Rapture,2019,85,"Action,Sci-Fi,Thriller",3.4,525,https://www.imdb.com/title/tt2077828/
tt35719293,Run,2025,95,"Sci-Fi,Thriller",2.5,524,https://www.imdb.com/title/tt35719293/
tt1578259,Atlantis Down,2010,95,"Action,Sci-Fi",3.0,523,https://www.imdb.com/title/tt1578259/
tt4047752,Encounters,2014,95,"Horror,Mystery,Sci-Fi",4.5,523,https://www.imdb.com/title/tt4047752/
tt2712758,Displacement,2016,112,"Sci-Fi,Thriller",4.3,522,https://www.imdb.com/title/tt2712758/
tt5239972,Drone Wars,2016,79,"Action,Sci-Fi,Thriller",2.9,522,https://www.imdb.com/title/tt5239972/
tt1893415,Infected,2013,116,"Action,Horror,Sci-Fi",3.8,521,https://www.imdb.com/title/tt1893415/
tt4230078,Tangent Room,2017,64,"Mystery,Sci-Fi,Thriller",4.6,521,https://www.imdb.com/title/tt4230078/
tt0466899,The Moment After: The Awakening,2006,93,"Drama,Sci-Fi,Thriller",4.6,519,https://www.imdb.com/title/tt0466899/
tt5776252,Taeter Burger,2023,75,"Action,Horror,Sci-Fi",5.0,519,https://www.imdb.com/title/tt5776252/
tt0100466,Red Blooded American Girl,1990,89,"Comedy,Horror,Sci-Fi",3.9,518,https://www.imdb.com/title/tt0100466/
tt0110851,Plughead Rewired: Circuitry Man II,1994,98,Sci-Fi,3.5,518,https://www.imdb.com/title/tt0110851/
tt0112466,Beach Babes 2: Cave Girl Island,1995,80,"Comedy,Sci-Fi",3.3,518,https://www.imdb.com/title/tt0112466/
tt0133246,Twister's Revenge!,1988,90,"Action,Comedy,Sci-Fi",2.8,518,https://www.imdb.com/title/tt0133246/
tt3891834,After We Leave,2019,82,"Drama,Sci-Fi",4.3,518,https://www.imdb.com/title/tt3891834/
tt1616203,One Day,2010,93,"Drama,Romance,Sci-Fi",6.6,517,https://www.imdb.com/title/tt1616203/
tt2181310,Malignant,2013,85,"Horror,Sci-Fi,Thriller",4.4,517,https://www.imdb.com/title/tt2181310/
tt3953186,The Tribe,2016,97,"Drama,Sci-Fi,Thriller",4.5,517,https://www.imdb.com/title/tt3953186/
tt6690176,When Margaux Meets Margaux,2018,95,"Comedy,Drama,Sci-Fi",5.5,517,https://www.imdb.com/title/tt6690176/
tt14356188,Refl3ct,2021,65,Sci-Fi,6.0,516,https://www.imdb.com/title/tt14356188/
tt22408766,Attack on Titan,2022,91,"Action,Adventure,Sci-Fi",2.6,515,https://www.imdb.com/title/tt22408766/
tt14450964,Never Blink,2025,113,"Horror,Sci-Fi,Thriller",2.9,514,https://www.imdb.com/title/tt14450964/
tt14883936,Project Skyquake,2022,72,"Drama,Mystery,Sci-Fi",4.0,513,https://www.imdb.com/title/tt14883936/
tt3237826,Medusa,2015,109,"Horror,Sci-Fi,Thriller",2.9,512,https://www.imdb.com/title/tt3237826/
tt1843309,Thunderstorm: The Return of Thor,2011,90,"Action,Fantasy,Sci-Fi",1.4,511,https://www.imdb.com/title/tt1843309/
tt2063804,The 13th Unit,2014,79,"Horror,Sci-Fi,Thriller",2.8,511,https://www.imdb.com/title/tt2063804/
tt0367193,Utopía,2003,106,"Fantasy,Sci-Fi,Thriller",5.2,510,https://www.imdb.com/title/tt0367193/
tt9542116,A Feral World,2020,104,"Drama,Sci-Fi",4.0,510,https://www.imdb.com/title/tt9542116/
tt0092531,Alien Private Eye,1989,95,"Action,Sci-Fi",4.3,509,https://www.imdb.com/title/tt0092531/
tt2917484,Cute Little Buggers,2017,108,"Comedy,Horror,Sci-Fi",3.4,509,https://www.imdb.com/title/tt2917484/
tt3975556,Jackrabbit,2015,100,"Drama,Sci-Fi,Thriller",4.5,509,https://www.imdb.com/title/tt3975556/
tt12295244,White Sky,2021,104,"Action,Sci-Fi",3.0,508,https://www.imdb.com/title/tt12295244/
tt1468324,"Hard Revenge, Milly: Bloody Battle",2009,72,"Action,Drama,Sci-Fi",6.0,508,https://www.imdb.com/title/tt1468324/
tt2554786,Sink Hole,2013,90,"Drama,Sci-Fi",3.0,508,https://www.imdb.com/title/tt2554786/
tt0127302,The Sticky Fingers of Time,1997,81,Sci-Fi,6.1,507,https://www.imdb.com/title/tt0127302/
tt0417844,Kampfansage - Der letzte Schüler,2005,102,"Action,Sci-Fi",5.1,507,https://www.imdb.com/title/tt0417844/
tt0159508,Mobile Suit Gundam 0083: The Afterglow of Zeon,1992,120,"Action,Animation,Sci-Fi",7.2,506,https://www.imdb.com/title/tt0159508/
tt0380165,Acquaria,2003,103,"Adventure,Drama,Sci-Fi",3.4,506,https://www.imdb.com/title/tt0380165/
tt1245111,Psychic Experiment,2010,93,"Horror,Sci-Fi",2.8,505,https://www.imdb.com/title/tt1245111/
tt3924144,OzLand,2014,105,"Drama,Fantasy,Sci-Fi",4.7,505,https://www.imdb.com/title/tt3924144/
tt1662534,Megaman,2010,93,"Action,Drama,Sci-Fi",3.6,504,https://www.imdb.com/title/tt1662534/
tt0106970,Frogtown II,1992,90,"Action,Sci-Fi",3.4,503,https://www.imdb.com/title/tt0106970/
tt0113881,Mutant Species,1994,100,"Horror,Sci-Fi",3.6,503,https://www.imdb.com/title/tt0113881/
tt0111547,The Unborn II,1994,83,"Horror,Sci-Fi",4.2,502,https://www.imdb.com/title/tt0111547/
tt5584906,Black Eyed Susan,2024,85,"Sci-Fi,Thriller",5.1,502,https://www.imdb.com/title/tt5584906/
tt0350061,Ripper 2: Letter from Within,2004,89,"Horror,Sci-Fi,Thriller",3.4,501,https://www.imdb.com/title/tt0350061/
tt13063800,Phi 1.618,2022,91,"Adventure,Sci-Fi",4.9,501,https://www.imdb.com/title/tt13063800/
tt19846330,The Antares Paradox,2022,97,"Drama,Sci-Fi",6.2,501,https://www.imdb.com/title/tt19846330/
tt4656810,The Broken Key,2017,125,"History,Sci-Fi,Thriller",2.4,499,https://www.imdb.com/title/tt4656810/
tt0155815,Kraa! The Sea Monster,1998,69,Sci-Fi,3.5,498,https://www.imdb.com/title/tt0155815/
tt0118537,2103: The Deadly Wake,1997,100,"Drama,Sci-Fi,Thriller",3.2,497,https://www.imdb.com/title/tt0118537/
tt2144008,Bigfoot's Wild Weekend,2012,85,"Comedy,Sci-Fi",2.8,497,https://www.imdb.com/title/tt2144008/
tt32485455,I 20,2024,114,"Romance,Sci-Fi",8.7,497,https://www.imdb.com/title/tt32485455/
tt5271906,We Are the Tide,2016,84,"Mystery,Sci-Fi",5.7,497,https://www.imdb.com/title/tt5271906/
tt9600274,Colonials,2023,80,"Action,Adventure,Sci-Fi",2.3,497,https://www.imdb.com/title/tt9600274/
tt0312305,Quantum Quest: A Cassini Space Odyssey,2010,50,"Adventure,Animation,Sci-Fi",5.0,496,https://www.imdb.com/title/tt0312305/
tt22184760,Warden,2025,90,"Mystery,Sci-Fi,Thriller",4.5,496,https://www.imdb.com/title/tt22184760/
tt3823672,A.R.C.H.I.E.,2016,88,"Family,Sci-Fi",4.9,496,https://www.imdb.com/title/tt3823672/
tt3078932,Somnus,2017,83,"Adventure,Sci-Fi,Thriller",3.0,495,https://www.imdb.com/title/tt3078932/
tt3446330,Violentia,2018,85,"Drama,Sci-Fi",4.4,494,https://www.imdb.com/title/tt3446330/
tt1571235,The Lady Shogun and Her Men,2010,116,"Drama,Sci-Fi",6.2,493,https://www.imdb.com/title/tt1571235/
tt0860462,Mercury Man,2006,106,"Action,Adventure,Sci-Fi",4.2,492,https://www.imdb.com/title/tt0860462/
tt1311087,The Scientist,2010,88,"Drama,Sci-Fi",3.4,492,https://www.imdb.com/title/tt1311087/
tt0095173,Frankenstein General Hospital,1988,90,"Comedy,Horror,Sci-Fi",3.7,491,https://www.imdb.com/title/tt0095173/
tt0140614,They Bite,1992,98,"Comedy,Horror,Sci-Fi",4.5,491,https://www.imdb.com/title/tt0140614/
tt0324518,The Wesley's Mysterious File,2002,88,"Action,Romance,Sci-Fi",4.1,491,https://www.imdb.com/title/tt0324518/
tt1384961,Godkiller: Walk Among Us,2010,75,"Animation,Sci-Fi",5.2,491,https://www.imdb.com/title/tt1384961/
tt1737796,Alien Rising,2013,93,"Action,Sci-Fi,Thriller",3.0,491,https://www.imdb.com/title/tt1737796/
tt36958316,The Dam,2025,100,"Action,Horror,Sci-Fi",5.0,491,https://www.imdb.com/title/tt36958316/
tt0137452,Cybernator,1991,85,"Action,Sci-Fi",2.9,490,https://www.imdb.com/title/tt0137452/
tt1328910,Chrome Angels,2009,93,"Action,Sci-Fi",3.4,490,https://www.imdb.com/title/tt1328910/
tt0090302,The Legend of Wisely,1987,90,"Action,Adventure,Sci-Fi",6.0,488,https://www.imdb.com/title/tt0090302/
tt0472254,11:59,2005,102,"Mystery,Sci-Fi,Thriller",5.7,488,https://www.imdb.com/title/tt0472254/
tt4875378,Skinjacker,2024,96,"Horror,Sci-Fi",4.4,488,https://www.imdb.com/title/tt4875378/
tt0118214,Zarkorr! The Invader,1996,80,Sci-Fi,3.7,487,https://www.imdb.com/title/tt0118214/
tt13785940,Virus Shark,2021,74,"Horror,Sci-Fi",1.8,487,https://www.imdb.com/title/tt13785940/
tt1869509,Kaydara,2011,55,"Action,Sci-Fi",4.4,487,https://www.imdb.com/title/tt1869509/
tt5088528,Quanta,2019,83,"Drama,Sci-Fi",4.7,487,https://www.imdb.com/title/tt5088528/
tt0210200,Barren Illusion,1999,95,"Drama,Romance,Sci-Fi",6.3,486,https://www.imdb.com/title/tt0210200/
tt3399078,Bangkok Rush,2016,85,"Action,Mystery,Sci-Fi",3.2,486,https://www.imdb.com/title/tt3399078/
tt0388349,Power Corps.,2004,92,Sci-Fi,2.3,485,https://www.imdb.com/title/tt0388349/
tt0150500,Fallout,1999,90,"Action,Sci-Fi",3.6,484,https://www.imdb.com/title/tt0150500/
tt10974674,Danger! Danger!,2021,76,"Action,Adventure,Sci-Fi",3.0,484,https://www.imdb.com/title/tt10974674/
tt15095160,Forest monster,2021,70,"Comedy,Horror,Sci-Fi",6.7,484,https://www.imdb.com/title/tt15095160/
tt15484488,A World Without,2021,107,"Drama,Mystery,Sci-Fi",3.9,484,https://www.imdb.com/title/tt15484488/
tt17592600,Coyote,2023,101,Sci-Fi,3.7,484,https://www.imdb.com/title/tt17592600/
tt0111822,Zeiram 2,1994,107,"Action,Comedy,Sci-Fi",6.4,483,https://www.imdb.com/title/tt0111822/
tt2181953,Frost,2012,79,"Horror,Sci-Fi,Thriller",3.4,483,https://www.imdb.com/title/tt2181953/
tt0090169,Thunder Run,1986,90,"Action,Sci-Fi,Thriller",5.0,482,https://www.imdb.com/title/tt0090169/
tt33365660,By Design,2025,92,"Comedy,Drama,Sci-Fi",4.9,482,https://www.imdb.com/title/tt33365660/
tt5131914,Pandorica,2016,82,Sci-Fi,3.5,482,https://www.imdb.com/title/tt5131914/
tt12416066,Robot Riot,2020,88,"Action,Sci-Fi",3.3,480,https://www.imdb.com/title/tt12416066/
tt1841504,Ambuli,2012,139,"Action,Drama,Sci-Fi",6.0,480,https://www.imdb.com/title/tt1841504/
tt1692193,Final Flesh,2009,71,"Comedy,Horror,Sci-Fi",5.2,479,https://www.imdb.com/title/tt1692193/
tt0120187,Spoiler,1998,90,"Action,Sci-Fi",4.1,478,https://www.imdb.com/title/tt0120187/
tt23159982,Blue Hour: The Disappearance of Nick Brandreth,2023,100,"Drama,Horror,Sci-Fi",5.4,478,https://www.imdb.com/title/tt23159982/
tt0080915,Image of the Beast,1981,93,"Sci-Fi,Thriller",4.5,477,https://www.imdb.com/title/tt0080915/
tt1240540,D4,2011,98,"Action,Horror,Sci-Fi",3.3,477,https://www.imdb.com/title/tt1240540/
tt2193151,Mantera,2012,117,"Action,Sci-Fi",2.8,476,https://www.imdb.com/title/tt2193151/
tt5083736,Interstellar Wars,2016,83,Sci-Fi,1.7,476,https://www.imdb.com/title/tt5083736/
tt0112766,Cyborg Cop III,1995,94,"Action,Sci-Fi,Thriller",3.6,474,https://www.imdb.com/title/tt0112766/
tt0111681,Welcome II the Terrordome,1994,95,"Drama,Sci-Fi",5.7,473,https://www.imdb.com/title/tt0111681/
tt0113030,Body Switch,1995,88,"Drama,Sci-Fi,Thriller",5.6,473,https://www.imdb.com/title/tt0113030/
tt2289098,The Fitzroy,2017,93,"Comedy,Sci-Fi",4.6,472,https://www.imdb.com/title/tt2289098/
tt4538294,Collider,2018,84,"Action,Sci-Fi",3.7,472,https://www.imdb.com/title/tt4538294/
tt0098996,Aftershock,1990,91,"Action,Sci-Fi",4.2,469,https://www.imdb.com/title/tt0098996/
tt3484204,Norman,2019,105,"Adventure,Sci-Fi,Thriller",3.7,469,https://www.imdb.com/title/tt3484204/
tt2084885,The 33D Invader,2011,82,"Comedy,Sci-Fi",4.0,468,https://www.imdb.com/title/tt2084885/
tt4716958,The Cannibal in the Jungle,2015,84,"Crime,Horror,Sci-Fi",6.0,466,https://www.imdb.com/title/tt4716958/
tt0377061,I'll Believe You,2006,82,"Comedy,Sci-Fi",5.4,465,https://www.imdb.com/title/tt0377061/
tt1089677,God's Puzzle,2008,134,"Comedy,Mystery,Sci-Fi",5.8,465,https://www.imdb.com/title/tt1089677/
tt7390222,Transference,2017,\N,"Sci-Fi,Thriller",5.8,465,https://www.imdb.com/title/tt7390222/
tt10366896,All people disappeared forever,2019,61,"Sci-Fi,Thriller",7.5,464,https://www.imdb.com/title/tt10366896/
tt1561479,Eyes in the Dark,2010,77,"Horror,Sci-Fi,Thriller",4.5,464,https://www.imdb.com/title/tt1561479/
tt5430020,Wonderland,2016,80,"Comedy,Sci-Fi",4.1,464,https://www.imdb.com/title/tt5430020/
tt4173306,The Rizen,2017,105,"Action,Horror,Sci-Fi",3.4,463,https://www.imdb.com/title/tt4173306/
tt5024728,Like Cattle Towards Glow,2015,93,"Drama,Sci-Fi",4.3,463,https://www.imdb.com/title/tt5024728/
tt0117706,Space Marines,1996,95,"Action,Sci-Fi",3.6,462,https://www.imdb.com/title/tt0117706/
tt0083563,Human Animals,1983,97,"Adventure,Drama,Sci-Fi",5.0,460,https://www.imdb.com/title/tt0083563/
tt29712033,Portal in the Pines,2025,92,"Horror,Sci-Fi",4.2,460,https://www.imdb.com/title/tt29712033/
tt32096648,Black to the Future,2025,83,"Comedy,Sci-Fi",3.9,460,https://www.imdb.com/title/tt32096648/
tt0345636,Maximum Velocity,2003,93,"Action,Adventure,Sci-Fi",3.3,459,https://www.imdb.com/title/tt0345636/
tt5028702,Alien Addiction,2018,98,"Comedy,Sci-Fi",4.6,459,https://www.imdb.com/title/tt5028702/
tt8413040,Tin Can,2020,104,Sci-Fi,4.1,459,https://www.imdb.com/title/tt8413040/
tt0906564,Bubble Fiction: Boom or Bust,2007,116,"Comedy,Sci-Fi",6.7,458,https://www.imdb.com/title/tt0906564/
tt21853410,Recollection,2025,119,"Action,Sci-Fi,Thriller",5.3,458,https://www.imdb.com/title/tt21853410/
tt3377798,The Library,2013,70,Sci-Fi,2.8,458,https://www.imdb.com/title/tt3377798/
tt10737358,Outsiders,2021,85,"Mystery,Sci-Fi,Thriller",3.8,457,https://www.imdb.com/title/tt10737358/
tt1954688,New Order,2012,80,"Fantasy,Sci-Fi,Thriller",3.3,457,https://www.imdb.com/title/tt1954688/
tt21205440,Imaginur,2022,90,"Drama,Romance,Sci-Fi",7.6,457,https://www.imdb.com/title/tt21205440/
tt0338754,Baberellas,2003,80,"Comedy,Sci-Fi",3.3,456,https://www.imdb.com/title/tt0338754/
tt0117396,Orion's Key,1996,99,"Action,Sci-Fi",3.6,455,https://www.imdb.com/title/tt0117396/
tt12374774,Attack of the Giant Blurry Finger,2021,60,"Comedy,Horror,Sci-Fi",3.3,455,https://www.imdb.com/title/tt12374774/
tt2214897,Channeling,2013,106,"Action,Mystery,Sci-Fi",4.8,455,https://www.imdb.com/title/tt2214897/
tt0095834,Obsession: A Taste for Fear,1987,93,"Horror,Mystery,Sci-Fi",5.0,454,https://www.imdb.com/title/tt0095834/
tt0119700,Moonbase,1997,89,"Action,Sci-Fi",3.8,454,https://www.imdb.com/title/tt0119700/
tt15204842,Sky Monster,2023,74,"Horror,Mystery,Sci-Fi",2.5,454,https://www.imdb.com/title/tt15204842/
tt4231502,Broken Darkness,2017,118,"Action,Drama,Sci-Fi",4.6,454,https://www.imdb.com/title/tt4231502/
tt6273924,Future '38,2017,75,"Comedy,Romance,Sci-Fi",5.8,454,https://www.imdb.com/title/tt6273924/
tt0423783,11 Minutes Ago,2007,83,"Romance,Sci-Fi",6.3,453,https://www.imdb.com/title/tt0423783/
tt30008419,Yesterday After Tomorrow,2024,113,"Comedy,Drama,Sci-Fi",5.1,453,https://www.imdb.com/title/tt30008419/
tt2411516,Prometheus Trap,2012,89,Sci-Fi,2.9,452,https://www.imdb.com/title/tt2411516/
tt1349646,Defcon 2012,2010,92,Sci-Fi,1.6,451,https://www.imdb.com/title/tt1349646/
tt0422429,Homoti,1987,81,Sci-Fi,3.3,450,https://www.imdb.com/title/tt0422429/
tt0087788,The Next One,1984,105,"Drama,Fantasy,Sci-Fi",4.8,449,https://www.imdb.com/title/tt0087788/
tt0099059,The Arrival,1991,103,"Horror,Sci-Fi",4.6,449,https://www.imdb.com/title/tt0099059/
tt0110901,Project Shadowchaser II,1994,94,"Action,Sci-Fi",4.3,449,https://www.imdb.com/title/tt0110901/
tt13648286,Jango,2021,146,"Sci-Fi,Thriller",5.5,449,https://www.imdb.com/title/tt13648286/
tt1109488,Mars,2010,90,"Animation,Comedy,Sci-Fi",5.9,448,https://www.imdb.com/title/tt1109488/
tt1345449,The Black Knight Returns,2009,87,"Action,Adventure,Sci-Fi",1.6,448,https://www.imdb.com/title/tt1345449/
tt0872335,Serum,2006,89,"Horror,Sci-Fi",3.1,447,https://www.imdb.com/title/tt0872335/
tt7424930,The Adventures of Jurassic Pet,2019,84,"Adventure,Family,Sci-Fi",3.7,447,https://www.imdb.com/title/tt7424930/
tt0118724,Bimbo Movie Bash,1997,80,"Comedy,Horror,Sci-Fi",3.1,446,https://www.imdb.com/title/tt0118724/
tt0334917,Badi,1984,77,"Family,Sci-Fi",3.0,446,https://www.imdb.com/title/tt0334917/
tt15909030,Andromeda,2022,79,Sci-Fi,3.1,446,https://www.imdb.com/title/tt15909030/
tt29253812,Boomerang,2024,134,"Comedy,Sci-Fi",6.9,446,https://www.imdb.com/title/tt29253812/
tt4477106,When the Sky Falls,2015,84,"Drama,Sci-Fi",2.9,446,https://www.imdb.com/title/tt4477106/
tt1648199,Fate,2016,95,"Drama,Sci-Fi,Thriller",4.2,445,https://www.imdb.com/title/tt1648199/
tt1900817,Area 51 Confidential,2011,81,"Horror,Sci-Fi,Thriller",3.5,445,https://www.imdb.com/title/tt1900817/
tt2640674,Territory 8,2013,80,"Drama,Sci-Fi,Thriller",2.6,445,https://www.imdb.com/title/tt2640674/
tt6164854,Eruption: LA,2018,86,"Action,Adventure,Sci-Fi",3.5,445,https://www.imdb.com/title/tt6164854/
tt28288396,The Missing,2023,90,"Animation,Sci-Fi",7.2,444,https://www.imdb.com/title/tt28288396/
tt29794968,Planetquake,2024,85,"Adventure,Sci-Fi",3.0,444,https://www.imdb.com/title/tt29794968/
tt0191774,Alien Blood,1999,80,"Fantasy,Horror,Sci-Fi",2.2,443,https://www.imdb.com/title/tt0191774/
tt1800307,Impulse Black,2011,52,"Drama,Sci-Fi",4.3,443,https://www.imdb.com/title/tt1800307/
tt2563562,The Mark: Redemption,2013,94,"Action,Fantasy,Sci-Fi",3.4,443,https://www.imdb.com/title/tt2563562/
tt6595902,Infoholik,2017,90,"Comedy,Romance,Sci-Fi",6.0,443,https://www.imdb.com/title/tt6595902/
tt0095643,Cyber Ninja,1988,71,"Action,Fantasy,Sci-Fi",6.3,442,https://www.imdb.com/title/tt0095643/
tt4562262,First Man on Mars,2016,77,"Comedy,Horror,Sci-Fi",4.5,442,https://www.imdb.com/title/tt4562262/
tt5575258,The KAOS Brief,2017,75,"Horror,Sci-Fi",4.6,442,https://www.imdb.com/title/tt5575258/
tt0117021,Menno's Mind,1997,95,"Sci-Fi,Thriller",4.3,441,https://www.imdb.com/title/tt0117021/
tt8375936,RoboWoman,2019,70,"Action,Sci-Fi,Thriller",1.4,441,https://www.imdb.com/title/tt8375936/
tt0090068,Lorca and the Outlaws,1984,84,Sci-Fi,3.3,440,https://www.imdb.com/title/tt0090068/
tt0158568,Crusher Joe: The Movie,1983,132,"Action,Animation,Sci-Fi",7.0,440,https://www.imdb.com/title/tt0158568/
tt2385169,Perfect: Android Rising,2013,80,"Action,Drama,Sci-Fi",1.9,440,https://www.imdb.com/title/tt2385169/
tt3700038,Projet-M,2014,98,"Drama,Sci-Fi",4.7,440,https://www.imdb.com/title/tt3700038/
tt2457504,Delta Space Mission,1984,68,"Animation,Sci-Fi",6.3,438,https://www.imdb.com/title/tt2457504/
tt5199156,"3: Alif, Lam, Mim",2015,123,"Action,Drama,Sci-Fi",7.0,438,https://www.imdb.com/title/tt5199156/
tt7931422,Foreboding,2017,140,Sci-Fi,6.0,438,https://www.imdb.com/title/tt7931422/
tt4168808,Interstelar,2014,48,"Comedy,Horror,Sci-Fi",6.8,437,https://www.imdb.com/title/tt4168808/
tt0120080,Scorpio One,1998,92,Sci-Fi,3.8,436,https://www.imdb.com/title/tt0120080/
tt1190867,The Monster X Strikes Back: Attack the G8 Summit,2008,98,"Comedy,Sci-Fi",5.2,436,https://www.imdb.com/title/tt1190867/
tt2172095,The Deposit,2015,82,"Drama,Mystery,Sci-Fi",4.5,436,https://www.imdb.com/title/tt2172095/
tt24057390,2025 Armageddon,2022,85,"Action,Sci-Fi",3.0,436,https://www.imdb.com/title/tt24057390/
tt0104702,Legend of the Roller Blade Seven,1992,90,"Action,Sci-Fi",2.1,435,https://www.imdb.com/title/tt0104702/
tt1194423,Dark Reprieve,2008,80,"Mystery,Sci-Fi,Thriller",2.7,435,https://www.imdb.com/title/tt1194423/
tt4839118,Black Wake,2018,91,"Horror,Sci-Fi,Thriller",2.1,435,https://www.imdb.com/title/tt4839118/
tt5314138,Aerials,2016,90,"Drama,Sci-Fi,Thriller",1.5,435,https://www.imdb.com/title/tt5314138/
tt7169100,Night Zero,2018,81,"Horror,Sci-Fi,Thriller",2.6,435,https://www.imdb.com/title/tt7169100/
tt0101489,Blue Tornado,1991,87,"Action,Sci-Fi,Thriller",4.2,434,https://www.imdb.com/title/tt0101489/
tt0844678,The World Sinks Except Japan,2006,98,"Comedy,Sci-Fi",4.7,434,https://www.imdb.com/title/tt0844678/
tt0082567,Io e Caterina,1980,117,"Comedy,Sci-Fi",5.5,433,https://www.imdb.com/title/tt0082567/
tt0109843,Fresh Kill,1994,80,"Drama,Sci-Fi",5.9,431,https://www.imdb.com/title/tt0109843/
tt0810082,Scrambled Beer,2007,88,"Comedy,Crime,Sci-Fi",6.2,431,https://www.imdb.com/title/tt0810082/
tt3305176,The Hollow One,2015,95,"Horror,Sci-Fi,Thriller",3.8,431,https://www.imdb.com/title/tt3305176/
tt5153588,The Shasta Triangle,2019,74,"Fantasy,Sci-Fi,Thriller",3.6,431,https://www.imdb.com/title/tt5153588/
tt7420438,In the Shadows,2020,94,"Drama,Sci-Fi",5.7,431,https://www.imdb.com/title/tt7420438/
tt8710832,Space,2020,93,"Drama,Horror,Sci-Fi",2.0,431,https://www.imdb.com/title/tt8710832/
tt0223135,Death Powder,1986,63,"Horror,Sci-Fi",5.7,430,https://www.imdb.com/title/tt0223135/
tt14587026,Polaris,2022,89,"Adventure,Drama,Sci-Fi",4.8,430,https://www.imdb.com/title/tt14587026/
tt0279809,Fatal Conflict,2000,92,"Sci-Fi,Thriller",3.8,429,https://www.imdb.com/title/tt0279809/
tt0297416,Superman,1987,123,"Action,Adventure,Sci-Fi",3.5,429,https://www.imdb.com/title/tt0297416/
tt1822394,Paradox Alice,2012,115,Sci-Fi,3.5,429,https://www.imdb.com/title/tt1822394/
tt18413900,Mutant Ghost Wargirl,2022,71,"Action,Sci-Fi",4.4,429,https://www.imdb.com/title/tt18413900/
tt4066000,Bad Blood: The Movie,2016,80,"Fantasy,Horror,Sci-Fi",4.1,429,https://www.imdb.com/title/tt4066000/
tt0810846,Driller,2006,88,"Horror,Sci-Fi",5.1,428,https://www.imdb.com/title/tt0810846/
tt4177670,Inner Ghosts,2018,90,"Horror,Mystery,Sci-Fi",3.7,428,https://www.imdb.com/title/tt4177670/
tt0472186,The Strange Case of Dr. Jekyll and Mr. Hyde,2006,89,"Horror,Sci-Fi",3.7,427,https://www.imdb.com/title/tt0472186/
tt10273384,Cyber Bride,2019,90,Sci-Fi,2.5,427,https://www.imdb.com/title/tt10273384/
tt14059620,The Thing Returns,2021,101,"Action,Horror,Sci-Fi",4.6,427,https://www.imdb.com/title/tt14059620/
tt0092841,Dead Man Walking,1988,90,"Action,Sci-Fi",5.0,426,https://www.imdb.com/title/tt0092841/
tt0305831,Mindstorm,2001,96,"Action,Sci-Fi",2.9,426,https://www.imdb.com/title/tt0305831/
tt14856598,Foil,2023,100,"Comedy,Sci-Fi",4.2,426,https://www.imdb.com/title/tt14856598/
tt2145853,RiffTrax Live: Plan 9 from Outer Space,2009,116,"Comedy,Sci-Fi",7.6,426,https://www.imdb.com/title/tt2145853/
tt2267454,Zombie Resurrection,2014,86,"Horror,Sci-Fi",2.7,426,https://www.imdb.com/title/tt2267454/
tt30790771,Reversi,2024,135,"Drama,Romance,Sci-Fi",7.0,426,https://www.imdb.com/title/tt30790771/
tt34394450,The Space Rodent,2025,80,"Comedy,Horror,Sci-Fi",4.5,426,https://www.imdb.com/title/tt34394450/
tt0090834,The Octopuses from the Second Floor,1987,92,"Comedy,Family,Sci-Fi",6.8,425,https://www.imdb.com/title/tt0090834/
tt14799508,Garbage Theory,2021,79,"Comedy,Sci-Fi",4.9,425,https://www.imdb.com/title/tt14799508/
tt0117308,Past Perfect,1996,92,"Action,Drama,Sci-Fi",4.9,424,https://www.imdb.com/title/tt0117308/
tt1652207,Monstro!,2010,75,"Action,Horror,Sci-Fi",4.6,424,https://www.imdb.com/title/tt1652207/
tt0100788,Time Barbarians,1990,96,"Fantasy,Sci-Fi",3.2,422,https://www.imdb.com/title/tt0100788/
tt11080042,A Hard Problem,2021,109,"Drama,Sci-Fi",6.0,422,https://www.imdb.com/title/tt11080042/
tt2178927,Alpha Girls,2013,90,"Action,Horror,Sci-Fi",3.1,422,https://www.imdb.com/title/tt2178927/
tt0162315,The Exotic Time Machine,1998,78,Sci-Fi,4.1,421,https://www.imdb.com/title/tt0162315/
tt11685574,Shifter,2020,85,"Horror,Sci-Fi,Thriller",3.7,421,https://www.imdb.com/title/tt11685574/
tt12443726,Last Words,2020,126,"Drama,Sci-Fi",4.6,421,https://www.imdb.com/title/tt12443726/
tt1557843,Purge,2010,80,"Drama,Sci-Fi",2.8,421,https://www.imdb.com/title/tt1557843/
tt29516588,Un monde merveilleux,2024,78,"Comedy,Sci-Fi",5.7,421,https://www.imdb.com/title/tt29516588/
tt32205160,Maid Droid Origins,2024,96,"Drama,Sci-Fi,Thriller",3.1,421,https://www.imdb.com/title/tt32205160/
tt10244756,The Halt,2019,279,"Drama,Sci-Fi",6.7,420,https://www.imdb.com/title/tt10244756/
tt1228915,2033,2009,100,"Adventure,Sci-Fi",4.1,420,https://www.imdb.com/title/tt1228915/
tt1645774,I'm Not Jesus Mommy,2010,89,"Drama,Sci-Fi,Thriller",2.7,420,https://www.imdb.com/title/tt1645774/
tt2250224,When Time Becomes a Woman,2012,73,"Drama,Mystery,Sci-Fi",6.4,420,https://www.imdb.com/title/tt2250224/
tt3004572,2101,2014,56,"Action,Adventure,Sci-Fi",2.2,420,https://www.imdb.com/title/tt3004572/
tt0125366,Lifepod,1981,90,"Sci-Fi,Thriller",4.5,419,https://www.imdb.com/title/tt0125366/
tt2533024,Unidentified,2013,90,"Comedy,Horror,Sci-Fi",4.2,419,https://www.imdb.com/title/tt2533024/
tt5161204,Diary of a Fatman,2016,95,"Comedy,Fantasy,Sci-Fi",3.3,419,https://www.imdb.com/title/tt5161204/
tt11383050,The Alternate,2021,87,"Sci-Fi,Thriller",5.3,417,https://www.imdb.com/title/tt11383050/
tt0410603,Sidekick,2005,87,"Fantasy,Sci-Fi",5.4,416,https://www.imdb.com/title/tt0410603/
tt13361358,Armageddon Tales,2021,96,"Action,Sci-Fi",3.4,416,https://www.imdb.com/title/tt13361358/
tt7297336,Nothing Really Happens,2018,101,"Comedy,Sci-Fi,Thriller",4.9,416,https://www.imdb.com/title/tt7297336/
tt0105213,Raiders of the Sun,1992,80,"Action,Adventure,Sci-Fi",4.2,415,https://www.imdb.com/title/tt0105213/
tt0110153,Invisible: The Chronicles of Benjamin Knight,1993,83,"Action,Sci-Fi",4.2,415,https://www.imdb.com/title/tt0110153/
tt10622220,Human Lost,2019,110,"Action,Animation,Sci-Fi",5.2,415,https://www.imdb.com/title/tt10622220/
tt28096092,Transmorphers: Mech Beasts,2023,85,"Action,Sci-Fi",2.2,415,https://www.imdb.com/title/tt28096092/
tt6197400,Cross: Rise of the Villains,2019,100,"Action,Fantasy,Sci-Fi",2.1,415,https://www.imdb.com/title/tt6197400/
tt11172830,Big Freaking Rat,2020,85,"Comedy,Horror,Sci-Fi",2.8,414,https://www.imdb.com/title/tt11172830/
tt1619016,Avenging Force: The Scarab,2010,85,"Action,Sci-Fi",1.6,414,https://www.imdb.com/title/tt1619016/
tt33183915,The Land That Time Forgot,2025,89,"Action,Adventure,Sci-Fi",2.5,414,https://www.imdb.com/title/tt33183915/
tt1405413,Of Silence,2014,94,"Drama,Horror,Sci-Fi",2.7,413,https://www.imdb.com/title/tt1405413/
tt1642193,Death Kappa,2010,79,"Action,Comedy,Sci-Fi",4.6,413,https://www.imdb.com/title/tt1642193/
tt5012994,Abby Sen,2015,128,"Comedy,Drama,Sci-Fi",5.9,413,https://www.imdb.com/title/tt5012994/
tt2140113,Life Tracker,2013,109,Sci-Fi,4.8,412,https://www.imdb.com/title/tt2140113/
tt3474462,The Distance,2014,83,"Mystery,Sci-Fi",6.0,412,https://www.imdb.com/title/tt3474462/
tt4815862,Time Toys,2016,87,"Family,Sci-Fi",4.8,412,https://www.imdb.com/title/tt4815862/
tt0090675,The Aurora Encounter,1986,90,"Comedy,Drama,Sci-Fi",4.4,410,https://www.imdb.com/title/tt0090675/
tt0376114,Space Patrol Orion,2003,90,Sci-Fi,5.5,409,https://www.imdb.com/title/tt0376114/
tt7658158,We Need to Talk About A.I.,2020,86,"Documentary,Sci-Fi",6.5,409,https://www.imdb.com/title/tt7658158/
tt7740204,Exodus,2021,75,Sci-Fi,2.7,409,https://www.imdb.com/title/tt7740204/
tt14342906,Reed's Point,2022,76,"Horror,Mystery,Sci-Fi",2.8,408,https://www.imdb.com/title/tt14342906/
tt2192100,Gizem Birimi,2013,95,"Comedy,Sci-Fi",3.8,408,https://www.imdb.com/title/tt2192100/
tt2220034,Australiens,2014,112,"Action,Comedy,Sci-Fi",5.3,408,https://www.imdb.com/title/tt2220034/
tt26786432,Doomsday Meteor,2023,86,"Action,Sci-Fi",2.8,408,https://www.imdb.com/title/tt26786432/
tt28492482,AIMEE: The Visitor,2023,69,"Horror,Sci-Fi,Thriller",4.7,408,https://www.imdb.com/title/tt28492482/
tt0095194,Galactic Gigolo,1987,80,"Comedy,Sci-Fi",3.4,407,https://www.imdb.com/title/tt0095194/
tt0097875,Meteo,1990,98,"Drama,Mystery,Sci-Fi",6.6,407,https://www.imdb.com/title/tt0097875/
tt0303773,Deadly Swarm,2003,90,"Action,Horror,Sci-Fi",3.4,407,https://www.imdb.com/title/tt0303773/
tt11644116,Live or Let Die,2020,96,"Horror,Sci-Fi",3.3,407,https://www.imdb.com/title/tt11644116/
tt0144018,Woundings,1998,102,"Drama,Sci-Fi",3.8,406,https://www.imdb.com/title/tt0144018/
tt0427688,Studio 666,2005,76,"Horror,Music,Sci-Fi",2.8,406,https://www.imdb.com/title/tt0427688/
tt2014225,Forever's End,2013,92,"Sci-Fi,Thriller",4.6,406,https://www.imdb.com/title/tt2014225/
tt27498099,The Last Boy on Earth,2023,97,"Adventure,Horror,Sci-Fi",3.5,406,https://www.imdb.com/title/tt27498099/
tt12832900,Sight: Extended,2023,85,Sci-Fi,5.5,405,https://www.imdb.com/title/tt12832900/
tt0105639,Tribulation 99: Alien Anomalies Under America,1992,48,"Comedy,Sci-Fi",6.2,404,https://www.imdb.com/title/tt0105639/
tt2601260,Cosmic Contact,2015,90,"Horror,Sci-Fi,Thriller",4.9,404,https://www.imdb.com/title/tt2601260/
tt5791732,The Laplace's Demon,2017,105,"Horror,Mystery,Sci-Fi",6.5,404,https://www.imdb.com/title/tt5791732/
tt14096564,Lockdown 2025,2021,93,"Sci-Fi,Thriller",2.6,403,https://www.imdb.com/title/tt14096564/
tt3591946,Robo-Dog,2015,87,"Family,Sci-Fi",4.2,403,https://www.imdb.com/title/tt3591946/
tt0090054,Space Rage,1985,77,"Action,Drama,Sci-Fi",3.8,402,https://www.imdb.com/title/tt0090054/
tt1629716,Nydenion,2010,89,Sci-Fi,3.9,400,https://www.imdb.com/title/tt1629716/
tt0082381,Firebird 2015 AD,1981,97,"Action,Romance,Sci-Fi",3.6,399,https://www.imdb.com/title/tt0082381/
tt0082733,Memoirs of a Survivor,1981,115,Sci-Fi,5.3,399,https://www.imdb.com/title/tt0082733/
tt15076688,Alien Intervention,2023,103,Sci-Fi,5.7,399,https://www.imdb.com/title/tt15076688/
tt15163838,Koogle Kuttappa,2022,127,"Comedy,Drama,Sci-Fi",6.1,399,https://www.imdb.com/title/tt15163838/
tt1780790,Catskill Park,2018,93,"Horror,Sci-Fi,Thriller",3.7,399,https://www.imdb.com/title/tt1780790/
tt25285504,Lifeforms,2023,69,"Drama,Mystery,Sci-Fi",3.4,399,https://www.imdb.com/title/tt25285504/
tt5787862,UFO: It Is Here,2016,83,"Horror,Sci-Fi",3.7,399,https://www.imdb.com/title/tt5787862/
tt0098362,Sons of Steel,1988,97,"Comedy,Musical,Sci-Fi",5.0,398,https://www.imdb.com/title/tt0098362/
tt0140471,Badlanders,1992,88,"Action,Sci-Fi",2.7,398,https://www.imdb.com/title/tt0140471/
tt0176700,Escape Velocity,1999,100,"Action,Sci-Fi,Thriller",3.7,398,https://www.imdb.com/title/tt0176700/
tt0462298,The Unknown Trilogy,2007,26,"Drama,Horror,Sci-Fi",3.1,398,https://www.imdb.com/title/tt0462298/
tt28813562,The Black-Eyed Children,2025,71,"Horror,Mystery,Sci-Fi",3.5,398,https://www.imdb.com/title/tt28813562/
tt5730248,Involution,2018,86,"Drama,Sci-Fi,Thriller",3.3,398,https://www.imdb.com/title/tt5730248/
tt9784068,Time Apart,2020,80,"Drama,Romance,Sci-Fi",4.0,398,https://www.imdb.com/title/tt9784068/
tt13236180,Night of the Undead,2020,110,"Comedy,Horror,Sci-Fi",5.4,397,https://www.imdb.com/title/tt13236180/
tt19387356,Space Sharks,2024,70,"Comedy,Horror,Sci-Fi",1.5,397,https://www.imdb.com/title/tt19387356/
tt27805465,Control Room,2025,97,"Action,Sci-Fi",4.0,397,https://www.imdb.com/title/tt27805465/
tt11044354,Femalien: Cosmic Crush,2020,99,"Fantasy,Sci-Fi",3.7,396,https://www.imdb.com/title/tt11044354/
tt38793708,Merge,2025,77,Sci-Fi,3.7,396,https://www.imdb.com/title/tt38793708/
tt4566780,Gray Matter,2018,85,Sci-Fi,3.1,396,https://www.imdb.com/title/tt4566780/
tt0116590,Hysteria,1997,103,"Drama,Sci-Fi,Thriller",5.0,395,https://www.imdb.com/title/tt0116590/
tt2265116,The Medic,2013,85,"Action,Sci-Fi,War",2.3,395,https://www.imdb.com/title/tt2265116/
tt0096353,Urusei Yatsura 5: The Final Chapter,1988,85,"Animation,Comedy,Sci-Fi",7.0,394,https://www.imdb.com/title/tt0096353/
tt1930434,Overtime,2011,81,"Comedy,Horror,Sci-Fi",5.5,393,https://www.imdb.com/title/tt1930434/
tt0496304,Freezer Burn,2007,94,"Comedy,Drama,Sci-Fi",5.4,392,https://www.imdb.com/title/tt0496304/
tt1764547,Population: 2,2012,83,"Drama,Sci-Fi",2.4,392,https://www.imdb.com/title/tt1764547/
tt0119171,Future Fear,1997,77,"Action,Sci-Fi",2.8,391,https://www.imdb.com/title/tt0119171/
tt0200940,Over-sexed Rugsuckers from Mars,1989,87,"Comedy,Sci-Fi",3.1,391,https://www.imdb.com/title/tt0200940/
tt0421983,Choker,2005,93,"Action,Horror,Sci-Fi",2.8,391,https://www.imdb.com/title/tt0421983/
tt26235048,Buddy,2024,137,"Action,Adventure,Sci-Fi",3.9,391,https://www.imdb.com/title/tt26235048/
tt2665470,The Desert,2013,98,"Drama,Sci-Fi",5.1,391,https://www.imdb.com/title/tt2665470/
tt6949498,SuperGrid,2018,80,"Action,Fantasy,Sci-Fi",4.0,391,https://www.imdb.com/title/tt6949498/
tt24546804,Ketika Berhenti di Sini,2023,102,"Drama,Romance,Sci-Fi",6.4,388,https://www.imdb.com/title/tt24546804/
tt32277918,The Protector,2025,102,"Action,Sci-Fi",4.0,388,https://www.imdb.com/title/tt32277918/
tt0088751,The Naked Monster,2005,100,"Comedy,Horror,Sci-Fi",5.3,386,https://www.imdb.com/title/tt0088751/
tt0388341,Flying Saucers,2003,99,"Comedy,Drama,Sci-Fi",6.1,386,https://www.imdb.com/title/tt0388341/
tt12850216,Unidentified Objects,2022,100,"Comedy,Drama,Sci-Fi",6.2,386,https://www.imdb.com/title/tt12850216/
tt15691488,Remnant,2024,112,"Horror,Sci-Fi,Thriller",2.6,386,https://www.imdb.com/title/tt15691488/
tt2605528,Starship: Apocalypse,2014,86,"Action,Sci-Fi",2.8,386,https://www.imdb.com/title/tt2605528/
tt29768348,LaBouche Canalla Wins Her Snack,2025,112,"Horror,Sci-Fi",6.1,386,https://www.imdb.com/title/tt29768348/
tt7314630,Atomic Apocalypse,2018,108,Sci-Fi,3.2,386,https://www.imdb.com/title/tt7314630/
tt8484370,Apocalyptic 2077,2019,64,"Action,Sci-Fi",3.0,386,https://www.imdb.com/title/tt8484370/
tt14713328,Sirona,2023,100,"Mystery,Sci-Fi",3.6,385,https://www.imdb.com/title/tt14713328/
tt2400016,Unknown Project,2013,85,"Horror,Mystery,Sci-Fi",4.6,385,https://www.imdb.com/title/tt2400016/
tt0162030,Unseen Evil,2001,93,"Horror,Sci-Fi,Thriller",3.4,384,https://www.imdb.com/title/tt0162030/
tt2166880,Implanted,2013,88,"Drama,Mystery,Sci-Fi",3.2,384,https://www.imdb.com/title/tt2166880/
tt13057076,Battle in Space: The Armada Attacks,2021,90,"Action,Sci-Fi",2.4,383,https://www.imdb.com/title/tt13057076/
tt14760886,Free Fall,2025,81,"Sci-Fi,Thriller",4.9,383,https://www.imdb.com/title/tt14760886/
tt1488032,Pickman's Muse,2010,77,"Horror,Sci-Fi,Thriller",5.5,383,https://www.imdb.com/title/tt1488032/
tt0111534,U.F.O.,1993,79,"Comedy,Fantasy,Sci-Fi",5.1,382,https://www.imdb.com/title/tt0111534/
tt12452752,An Ideal Host,2020,85,"Comedy,Horror,Sci-Fi",5.6,382,https://www.imdb.com/title/tt12452752/
tt37161637,Stargate Origins: Catherine,2018,104,"Action,History,Sci-Fi",4.5,382,https://www.imdb.com/title/tt37161637/
tt0100464,Rising Storm,1989,95,"Action,Comedy,Sci-Fi",4.8,381,https://www.imdb.com/title/tt0100464/
tt0288215,Shadow Fury,2001,89,"Action,Sci-Fi",3.8,380,https://www.imdb.com/title/tt0288215/
tt14174506,Meteor,2021,84,"Drama,Sci-Fi,Thriller",3.1,380,https://www.imdb.com/title/tt14174506/
tt26749593,Egghead Republic,2025,97,Sci-Fi,5.0,380,https://www.imdb.com/title/tt26749593/
tt0220514,"Hey, Happy!",2001,75,"Comedy,Fantasy,Sci-Fi",3.9,379,https://www.imdb.com/title/tt0220514/
tt1762248,Codependent Lesbian Space Alien Seeks Same,2011,76,"Comedy,Romance,Sci-Fi",6.2,379,https://www.imdb.com/title/tt1762248/
tt8740780,Skyman,2019,92,Sci-Fi,5.1,379,https://www.imdb.com/title/tt8740780/
tt21429366,Saranjana: Kota Ghaib,2023,98,"Adventure,Horror,Sci-Fi",4.4,378,https://www.imdb.com/title/tt21429366/
tt4994992,iGirlfriend,2016,85,"Comedy,Sci-Fi,Thriller",3.0,377,https://www.imdb.com/title/tt4994992/
tt5425144,Mission Milano,2016,103,"Action,Comedy,Sci-Fi",3.8,377,https://www.imdb.com/title/tt5425144/
tt0090836,Choke Canyon,1986,94,"Action,Sci-Fi",5.2,376,https://www.imdb.com/title/tt0090836/
tt0097171,Deadly Weapon,1989,89,"Drama,Sci-Fi,Thriller",4.4,376,https://www.imdb.com/title/tt0097171/
tt0098488,Tom and Lola,1990,97,Sci-Fi,6.2,376,https://www.imdb.com/title/tt0098488/
tt1103262,Deadlands 2: Trapped,2008,85,"Horror,Sci-Fi,Thriller",3.4,376,https://www.imdb.com/title/tt1103262/
tt1825735,Dark Metropolis,2010,97,"Fantasy,Sci-Fi",2.2,376,https://www.imdb.com/title/tt1825735/
tt2507174,Tiger & Bunny the Movie: The Beginning,2012,88,"Action,Animation,Sci-Fi",6.5,376,https://www.imdb.com/title/tt2507174/
tt7007846,Shangri-La: Near Extinction,2018,95,Sci-Fi,3.1,376,https://www.imdb.com/title/tt7007846/
tt2352722,I Am Alone,2015,88,"Drama,Horror,Sci-Fi",4.4,375,https://www.imdb.com/title/tt2352722/
tt32166167,Star People,2025,103,"Drama,Sci-Fi,Thriller",4.5,375,https://www.imdb.com/title/tt32166167/
tt1112110,Hollywood,2002,130,"Comedy,Sci-Fi",7.6,374,https://www.imdb.com/title/tt1112110/
tt8241138,Loop,2020,98,"Drama,Sci-Fi",6.4,374,https://www.imdb.com/title/tt8241138/
tt0101296,Alien Space Avenger,1989,80,"Comedy,Horror,Sci-Fi",4.9,372,https://www.imdb.com/title/tt0101296/
tt0158628,Gall Force: Eternal Story,1986,86,"Action,Animation,Sci-Fi",6.5,372,https://www.imdb.com/title/tt0158628/
tt11444698,Trip,2021,121,"Horror,Sci-Fi,Thriller",3.7,372,https://www.imdb.com/title/tt11444698/
tt12642574,Knights of Sidonia: Love Woven in the Stars,2021,110,"Action,Animation,Sci-Fi",6.9,372,https://www.imdb.com/title/tt12642574/
tt4162992,Rotor DR1,2015,98,"Family,Sci-Fi",3.5,372,https://www.imdb.com/title/tt4162992/
tt0479767,Aziris nuna,2006,91,"Adventure,Family,Sci-Fi",3.5,371,https://www.imdb.com/title/tt0479767/
tt1185654,Pandemic,2009,138,"Drama,Sci-Fi,Thriller",5.3,371,https://www.imdb.com/title/tt1185654/
tt26932649,She Loved Blossoms More,2024,88,"Comedy,Horror,Sci-Fi",5.3,371,https://www.imdb.com/title/tt26932649/
tt0158785,Mindkiller,1987,84,"Horror,Sci-Fi",4.2,370,https://www.imdb.com/title/tt0158785/
tt0934446,"Glenn, the Flying Robot",2010,85,"Drama,Sci-Fi",3.7,370,https://www.imdb.com/title/tt0934446/
tt0112613,Caged Heat 3000,1995,80,"Action,Sci-Fi",3.6,369,https://www.imdb.com/title/tt0112613/
tt0308281,Frog-g-g!,2004,80,"Comedy,Horror,Sci-Fi",4.2,369,https://www.imdb.com/title/tt0308281/
tt1948581,Erotibot,2011,72,"Horror,Sci-Fi",3.6,369,https://www.imdb.com/title/tt1948581/
tt0098211,Cyber-C.H.I.C.,1990,102,"Action,Comedy,Sci-Fi",2.5,367,https://www.imdb.com/title/tt0098211/
tt27438366,Ghost Planet,2024,85,"Action,Adventure,Sci-Fi",4.8,367,https://www.imdb.com/title/tt27438366/
tt1674769,Ashes,2010,95,"Horror,Sci-Fi,Thriller",5.0,366,https://www.imdb.com/title/tt1674769/
tt8353466,Speed of Life,2019,76,"Drama,Mystery,Sci-Fi",5.0,366,https://www.imdb.com/title/tt8353466/
tt9788828,Ill: Final Contagium,2020,80,"Fantasy,Horror,Sci-Fi",3.9,366,https://www.imdb.com/title/tt9788828/
tt0118088,Virtual Encounters,1996,84,"Drama,Sci-Fi",4.2,365,https://www.imdb.com/title/tt0118088/
tt16245968,What to Do with the Dead Kaiju?,2022,115,"Comedy,Drama,Sci-Fi",4.5,365,https://www.imdb.com/title/tt16245968/
tt2546764,Sons of Liberty,2013,94,"Action,Sci-Fi",3.6,365,https://www.imdb.com/title/tt2546764/
tt1198142,Sex Galaxy,2008,78,"Comedy,Sci-Fi",3.3,364,https://www.imdb.com/title/tt1198142/
tt1608369,The Brides of Sodom,2013,119,"Fantasy,Horror,Sci-Fi",2.4,364,https://www.imdb.com/title/tt1608369/
tt2293288,Plum,2013,120,"Fantasy,Horror,Sci-Fi",6.4,364,https://www.imdb.com/title/tt2293288/
tt8764144,A Wakefield Project,2019,88,"Horror,Sci-Fi,Thriller",2.6,364,https://www.imdb.com/title/tt8764144/
tt2251275,Cycle,2012,78,"Animation,Mystery,Sci-Fi",4.0,363,https://www.imdb.com/title/tt2251275/
tt0232622,Shadow Skill,1995,45,"Action,Animation,Sci-Fi",5.5,362,https://www.imdb.com/title/tt0232622/
tt0262429,Gamer,2001,92,"Comedy,Sci-Fi",3.1,362,https://www.imdb.com/title/tt0262429/
tt1235433,Hunting Grounds,2008,90,"Horror,Sci-Fi",2.5,362,https://www.imdb.com/title/tt1235433/
tt22752692,T Blockers,2023,74,"Horror,Sci-Fi",5.1,362,https://www.imdb.com/title/tt22752692/
tt27727400,Battlefield: Fall of the World,2022,101,"Action,Sci-Fi",3.8,362,https://www.imdb.com/title/tt27727400/
tt3647784,Juarez 2045,2017,90,"Action,Adventure,Sci-Fi",2.9,362,https://www.imdb.com/title/tt3647784/
tt6403382,BraveStorm,2017,84,"Action,Sci-Fi",4.8,362,https://www.imdb.com/title/tt6403382/
tt0092224,Wired to Kill,1986,96,"Action,Sci-Fi",3.7,361,https://www.imdb.com/title/tt0092224/
tt0363623,From Other Worlds,2004,88,"Comedy,Sci-Fi",5.0,361,https://www.imdb.com/title/tt0363623/
tt1645129,Planzet,2010,53,"Action,Animation,Sci-Fi",4.7,361,https://www.imdb.com/title/tt1645129/
tt2207778,The Underneath,2013,88,"Action,Sci-Fi,Thriller",3.1,361,https://www.imdb.com/title/tt2207778/
tt30850718,April X,2025,96,"Action,Drama,Sci-Fi",6.7,361,https://www.imdb.com/title/tt30850718/
tt0085540,The Final Executioner,1984,95,"Action,Sci-Fi",4.0,360,https://www.imdb.com/title/tt0085540/
tt0092246,Xaver,1986,90,"Comedy,Sci-Fi",6.4,360,https://www.imdb.com/title/tt0092246/
tt0109545,Dark Future,1994,82,"Action,Sci-Fi",2.6,360,https://www.imdb.com/title/tt0109545/
tt0224038,Rusted Body: Guts of a Virgin III,1987,70,"Horror,Sci-Fi",4.4,360,https://www.imdb.com/title/tt0224038/
tt0366886,Patalghar,2003,141,"Fantasy,Sci-Fi",7.7,360,https://www.imdb.com/title/tt0366886/
tt5658672,Peripheral,2018,89,"Horror,Sci-Fi",4.7,360,https://www.imdb.com/title/tt5658672/
tt0113662,Lipton Cockton in the Shadows of Sodoma,1995,83,"Mystery,Sci-Fi,Thriller",5.6,359,https://www.imdb.com/title/tt0113662/
tt1985196,Altergeist,2014,91,"Horror,Sci-Fi,Thriller",3.9,359,https://www.imdb.com/title/tt1985196/
tt2390301,"It's Me, It's Me",2013,119,"Comedy,Drama,Sci-Fi",5.9,358,https://www.imdb.com/title/tt2390301/
tt0217135,Vortex,2001,63,Sci-Fi,5.9,357,https://www.imdb.com/title/tt0217135/
tt27610971,WordLotto,2023,\N,"Comedy,Sci-Fi",8.9,357,https://www.imdb.com/title/tt27610971/
tt0471367,The Bloodettes,2005,97,"Drama,Sci-Fi,Thriller",5.7,356,https://www.imdb.com/title/tt0471367/
tt1468727,Monster Mutt,2011,89,"Comedy,Family,Sci-Fi",3.8,355,https://www.imdb.com/title/tt1468727/
tt21844572,Jurassic Triangle,2024,84,"Adventure,Horror,Sci-Fi",2.3,355,https://www.imdb.com/title/tt21844572/
tt5090636,Alistair1918,2015,86,"Drama,Sci-Fi",5.8,355,https://www.imdb.com/title/tt5090636/
tt0183979,Virtual Encounters 2,1998,83,Sci-Fi,4.2,354,https://www.imdb.com/title/tt0183979/
tt0262221,Sex Files: Alien Erotica II,2000,80,"Horror,Romance,Sci-Fi",4.1,354,https://www.imdb.com/title/tt0262221/
tt0926764,Possibility of an Island,2008,95,"Drama,Sci-Fi",3.6,354,https://www.imdb.com/title/tt0926764/
tt11742070,Walk Away,2020,91,"Sci-Fi,Thriller",4.1,354,https://www.imdb.com/title/tt11742070/
tt17222924,2121: Once Upon a Time in the Future,2022,92,"Drama,Sci-Fi",5.5,354,https://www.imdb.com/title/tt17222924/
tt1830459,Alien Exorcism,2011,145,"Mystery,Sci-Fi,Thriller",3.8,354,https://www.imdb.com/title/tt1830459/
tt3044702,The Adventures of RoboRex,2014,91,"Family,Sci-Fi",5.2,354,https://www.imdb.com/title/tt3044702/
tt0098216,Roller Blade Warriors: Taken by Force,1989,81,"Action,Adventure,Sci-Fi",3.5,353,https://www.imdb.com/title/tt0098216/
tt14593608,Sky Peals,2023,91,Sci-Fi,5.6,353,https://www.imdb.com/title/tt14593608/
tt32525522,Mummy Shark,2024,66,"Action,Horror,Sci-Fi",1.8,353,https://www.imdb.com/title/tt32525522/
tt4782322,Fighting the Sky,2018,97,"Action,Sci-Fi,Thriller",2.9,353,https://www.imdb.com/title/tt4782322/
tt6245274,Spider-Man 2: Another World,2018,90,Sci-Fi,5.1,353,https://www.imdb.com/title/tt6245274/
tt13712126,Spider in the Attic,2021,83,"Horror,Sci-Fi",2.8,352,https://www.imdb.com/title/tt13712126/
tt4377942,Arcadia,2016,90,"Action,Sci-Fi,Thriller",4.2,352,https://www.imdb.com/title/tt4377942/
tt4636064,Atop the Fourth Wall: The Movie,2015,120,"Comedy,Sci-Fi,Thriller",3.0,352,https://www.imdb.com/title/tt4636064/
tt9192492,I Am Toxic,2018,76,"Action,Horror,Sci-Fi",4.2,352,https://www.imdb.com/title/tt9192492/
tt3739130,Space Force 2911,2015,91,"Adventure,Animation,Sci-Fi",2.2,351,https://www.imdb.com/title/tt3739130/
tt0105215,Rain Without Thunder,1992,85,"Drama,Sci-Fi",5.0,350,https://www.imdb.com/title/tt0105215/
tt0108360,Tomcat: Dangerous Desires,1993,85,"Horror,Sci-Fi,Thriller",3.8,350,https://www.imdb.com/title/tt0108360/
tt19119598,Mega Lightning,2022,90,"Action,Horror,Sci-Fi",2.1,350,https://www.imdb.com/title/tt19119598/
tt5708060,Interpreters: a C & Earth Chronicle - quantum 1,2019,119,"Sci-Fi,Thriller",3.8,350,https://www.imdb.com/title/tt5708060/
tt0950753,The Last Man,2008,120,Sci-Fi,3.1,349,https://www.imdb.com/title/tt0950753/
tt1855324,Report 51,2013,100,"Sci-Fi,Thriller",3.2,349,https://www.imdb.com/title/tt1855324/
tt5005454,Bad Movie: The Movie,2016,90,"Comedy,Horror,Sci-Fi",4.2,349,https://www.imdb.com/title/tt5005454/
tt0104525,Invader,1991,95,"Action,Sci-Fi,Thriller",4.2,347,https://www.imdb.com/title/tt0104525/
tt2051872,Dust of War,2013,92,"Action,Sci-Fi",3.9,347,https://www.imdb.com/title/tt2051872/
tt0810384,Konstruktor krasnogo tsveta,1993,76,"Documentary,Horror,Sci-Fi",5.6,346,https://www.imdb.com/title/tt0810384/
tt6541090,Before I'm Dead,2021,83,"Drama,Sci-Fi,Thriller",3.7,346,https://www.imdb.com/title/tt6541090/
tt0366347,Deadly Stingers,2003,73,"Comedy,Horror,Sci-Fi",3.8,345,https://www.imdb.com/title/tt0366347/
tt12637828,Detroit Evolution,2020,75,"Romance,Sci-Fi",6.6,345,https://www.imdb.com/title/tt12637828/
tt13932976,Space Pups,2023,92,"Adventure,Family,Sci-Fi",4.8,345,https://www.imdb.com/title/tt13932976/
tt1584146,Sol Invictus,2021,83,"Action,Drama,Sci-Fi",3.2,345,https://www.imdb.com/title/tt1584146/
tt2244642,B4,2012,50,"Sci-Fi,Thriller",4.7,345,https://www.imdb.com/title/tt2244642/
tt2826126,Shree,2013,109,Sci-Fi,6.3,345,https://www.imdb.com/title/tt2826126/
tt29001749,Earthquake Underground,2024,83,"Action,Adventure,Sci-Fi",3.2,345,https://www.imdb.com/title/tt29001749/
tt0964529,MindFlesh,2008,71,"Horror,Sci-Fi,Thriller",3.4,344,https://www.imdb.com/title/tt0964529/
tt1880313,Hunting the Phantom,2014,120,"Action,Adventure,Sci-Fi",3.0,344,https://www.imdb.com/title/tt1880313/
tt0094274,The Visitants,1986,92,"Comedy,Sci-Fi",3.7,343,https://www.imdb.com/title/tt0094274/
tt0178655,Exit,2000,110,"Crime,Sci-Fi,Thriller",4.6,343,https://www.imdb.com/title/tt0178655/
tt0435370,Sex,2003,82,Sci-Fi,3.8,343,https://www.imdb.com/title/tt0435370/
tt2463524,Dark Vision,2015,86,"Horror,Mystery,Sci-Fi",3.3,343,https://www.imdb.com/title/tt2463524/
tt3602588,Allegiance of Powers,2016,83,Sci-Fi,2.4,343,https://www.imdb.com/title/tt3602588/
tt7821116,Case 347,2020,85,"Horror,Sci-Fi,Thriller",4.8,343,https://www.imdb.com/title/tt7821116/
tt0365617,The Passing,1983,96,"Drama,Horror,Sci-Fi",5.5,342,https://www.imdb.com/title/tt0365617/
tt20599230,The Fantastic Golem Affairs,2023,98,"Comedy,Sci-Fi",5.1,342,https://www.imdb.com/title/tt20599230/
tt36610602,Personhood,2025,97,Sci-Fi,4.4,342,https://www.imdb.com/title/tt36610602/
tt8773700,5 Galaxies,2019,83,"Action,Drama,Sci-Fi",3.7,342,https://www.imdb.com/title/tt8773700/
tt9035000,Notzilla,2020,78,"Comedy,Horror,Sci-Fi",4.7,342,https://www.imdb.com/title/tt9035000/
tt10650376,The Second Age of Aquarius,2021,81,"Comedy,Sci-Fi",6.2,341,https://www.imdb.com/title/tt10650376/
tt23149568,Can I Get a Witness,2024,110,Sci-Fi,5.4,341,https://www.imdb.com/title/tt23149568/
tt27054971,Daha Iyi Bir Yarin,2024,108,"Drama,Sci-Fi",4.7,341,https://www.imdb.com/title/tt27054971/
tt35742406,Red Flower,2025,122,"Action,Drama,Sci-Fi",7.1,341,https://www.imdb.com/title/tt35742406/
tt1164089,Chrysalis,2008,88,Sci-Fi,4.2,340,https://www.imdb.com/title/tt1164089/
tt1674197,The Corrupted,2010,76,"Horror,Sci-Fi,Thriller",3.0,339,https://www.imdb.com/title/tt1674197/
tt8717296,Incident at Montauk,2019,60,"Horror,Mystery,Sci-Fi",3.1,339,https://www.imdb.com/title/tt8717296/
tt0096419,Warlords,1988,87,"Action,Sci-Fi",4.2,338,https://www.imdb.com/title/tt0096419/
tt0190975,Low-Flying Aircraft,2002,80,"Drama,Sci-Fi,Thriller",6.0,338,https://www.imdb.com/title/tt0190975/
tt14257552,Alien: Battlefield Earth,2021,82,Sci-Fi,1.9,338,https://www.imdb.com/title/tt14257552/
tt7243006,Meteors,2017,84,"Drama,Mystery,Sci-Fi",7.0,338,https://www.imdb.com/title/tt7243006/
tt1049412,The Singularity Is Near,2010,79,"Documentary,Drama,Sci-Fi",6.4,337,https://www.imdb.com/title/tt1049412/
tt13156334,Prototype,2022,87,Sci-Fi,2.3,336,https://www.imdb.com/title/tt13156334/
tt2458582,Ésimésac,2012,104,"Adventure,Fantasy,Sci-Fi",6.0,336,https://www.imdb.com/title/tt2458582/
tt3324852,District C-11,2017,83,"Crime,Sci-Fi",2.2,336,https://www.imdb.com/title/tt3324852/
tt9753990,Star Trek First Frontier,2020,85,Sci-Fi,5.7,336,https://www.imdb.com/title/tt9753990/
tt0100130,Megaville,1990,95,"Mystery,Sci-Fi,Thriller",3.8,335,https://www.imdb.com/title/tt0100130/
tt0195308,Starforce,2000,93,"Action,Sci-Fi,Thriller",4.2,335,https://www.imdb.com/title/tt0195308/
tt10070730,Rise of the Machine Girls,2019,75,"Action,Fantasy,Sci-Fi",4.9,335,https://www.imdb.com/title/tt10070730/
tt0091238,Hyper Sapien: People from Another Star,1986,92,"Family,Sci-Fi",4.8,334,https://www.imdb.com/title/tt0091238/
tt0099463,Dream Trap,1990,90,"Comedy,Romance,Sci-Fi",5.4,334,https://www.imdb.com/title/tt0099463/
tt0110843,Plan 10 from Outer Space,1995,80,"Comedy,Sci-Fi",6.2,334,https://www.imdb.com/title/tt0110843/
tt10310010,Horizon,2019,93,"Adventure,Drama,Sci-Fi",3.4,334,https://www.imdb.com/title/tt10310010/
tt1288411,You Are Here,2010,79,"Drama,Fantasy,Sci-Fi",6.0,334,https://www.imdb.com/title/tt1288411/
tt1820701,The Gerber Syndrome: il contagio,2011,88,"Drama,Horror,Sci-Fi",5.4,334,https://www.imdb.com/title/tt1820701/
tt8703882,The Wrong Todd,2018,90,"Comedy,Sci-Fi",5.6,334,https://www.imdb.com/title/tt8703882/
tt0389313,Red Cockroaches,2003,82,"Drama,Sci-Fi",5.1,333,https://www.imdb.com/title/tt0389313/
tt10319676,Termination,2019,85,"Action,Horror,Sci-Fi",2.8,333,https://www.imdb.com/title/tt10319676/
tt2387455,The Cleaner,2012,95,"Drama,Sci-Fi",6.1,333,https://www.imdb.com/title/tt2387455/
tt2833580,The Girl,2016,79,"Sci-Fi,Thriller",2.7,333,https://www.imdb.com/title/tt2833580/
tt6032364,MEAD,2022,105,"Adventure,Comedy,Sci-Fi",3.3,333,https://www.imdb.com/title/tt6032364/
tt3984432,Ghost Source Zero,2017,95,Sci-Fi,2.8,332,https://www.imdb.com/title/tt3984432/
tt0206285,Sexual Chemistry,1999,84,"Comedy,Sci-Fi",4.7,331,https://www.imdb.com/title/tt0206285/
tt0361679,Guardian of the Realm,2004,111,"Horror,Sci-Fi,Thriller",4.0,331,https://www.imdb.com/title/tt0361679/
tt0870992,Cyclops,1987,52,"Horror,Sci-Fi",5.5,331,https://www.imdb.com/title/tt0870992/
tt0115775,Bugged,1996,82,"Comedy,Horror,Sci-Fi",4.2,330,https://www.imdb.com/title/tt0115775/
tt13670808,Dinosaur World,2020,78,"Action,Adventure,Sci-Fi",3.3,329,https://www.imdb.com/title/tt13670808/
tt18036574,Tropic,2022,111,Sci-Fi,5.8,329,https://www.imdb.com/title/tt18036574/
tt27698332,Mountain Shark,2024,81,"Comedy,Horror,Sci-Fi",2.3,329,https://www.imdb.com/title/tt27698332/
tt7890974,Paradox Lost,2021,93,"Comedy,Sci-Fi",5.2,329,https://www.imdb.com/title/tt7890974/
tt0088447,Zaveshchaniye professora Douelya,1984,91,"Drama,Sci-Fi",5.8,328,https://www.imdb.com/title/tt0088447/
tt0112764,Cyber Vengeance,1995,94,"Action,Sci-Fi,Thriller",3.7,328,https://www.imdb.com/title/tt0112764/
tt16766174,Sith Wars: Episode II - Legacy of the Sith,2022,106,"Action,Fantasy,Sci-Fi",7.2,328,https://www.imdb.com/title/tt16766174/
tt3836530,Counter Clockwise,2016,91,"Comedy,Sci-Fi,Thriller",4.5,328,https://www.imdb.com/title/tt3836530/
tt0984229,Slices,2008,108,"Horror,Sci-Fi",2.5,327,https://www.imdb.com/title/tt0984229/
tt13365140,A Mother of No Destination,2021,68,"Sci-Fi,Thriller",1.4,327,https://www.imdb.com/title/tt13365140/
tt2330380,Specter,2012,81,"Horror,Sci-Fi,Thriller",4.2,327,https://www.imdb.com/title/tt2330380/
tt0207358,The Bronx Executioner,1989,92,"Action,Crime,Sci-Fi",3.1,326,https://www.imdb.com/title/tt0207358/
tt0393394,Jekyll,2007,96,"Horror,Sci-Fi,Thriller",3.5,326,https://www.imdb.com/title/tt0393394/
tt18076250,Snake Hotel,2023,84,"Horror,Sci-Fi",2.4,326,https://www.imdb.com/title/tt18076250/
tt6250500,Thread,2016,94,"Drama,Sci-Fi",5.3,326,https://www.imdb.com/title/tt6250500/
tt0095043,Doctor Hackenstein,1988,88,"Comedy,Horror,Sci-Fi",3.8,325,https://www.imdb.com/title/tt0095043/
tt0293905,Pulse Pounders,1988,77,"Fantasy,Horror,Sci-Fi",6.2,325,https://www.imdb.com/title/tt0293905/
tt0815250,One Day Like Rain,2007,90,"Drama,Sci-Fi",4.4,325,https://www.imdb.com/title/tt0815250/
tt0860516,The Chasing World,2008,98,"Horror,Mystery,Sci-Fi",5.2,325,https://www.imdb.com/title/tt0860516/
tt22535196,Aliens the Awakening,2023,108,"Action,Fantasy,Sci-Fi",7.0,325,https://www.imdb.com/title/tt22535196/
tt0141843,Sorcerers,1998,100,"Animation,Sci-Fi",5.3,324,https://www.imdb.com/title/tt0141843/
tt10384534,Silent River,2021,121,"Drama,Mystery,Sci-Fi",3.6,324,https://www.imdb.com/title/tt10384534/
tt1355575,Interplanetary,2008,85,"Comedy,Horror,Sci-Fi",4.4,324,https://www.imdb.com/title/tt1355575/
tt1568798,15 Till Midnight,2010,97,"Drama,Mystery,Sci-Fi",2.8,324,https://www.imdb.com/title/tt1568798/
tt4788944,Robot Sound,2016,117,Sci-Fi,6.6,324,https://www.imdb.com/title/tt4788944/
tt0115500,Alien Abduction: Intimate Secrets,1996,90,"Horror,Sci-Fi",3.6,323,https://www.imdb.com/title/tt0115500/
tt0190008,Sixteen Tongues,1999,80,"Horror,Sci-Fi",4.3,323,https://www.imdb.com/title/tt0190008/
tt3898224,Beyond Existence,2022,88,"Sci-Fi,Thriller",4.2,323,https://www.imdb.com/title/tt3898224/
tt5520970,Cutie Honey: Tears,2016,92,"Action,Sci-Fi",4.9,323,https://www.imdb.com/title/tt5520970/
tt5038806,Infinitium,2017,112,"Action,Sci-Fi",7.8,322,https://www.imdb.com/title/tt5038806/
tt0330175,Corn,2004,97,"Drama,Sci-Fi,Thriller",4.1,321,https://www.imdb.com/title/tt0330175/
tt0352547,Mad Dogs,2002,91,"Comedy,Drama,Sci-Fi",4.0,321,https://www.imdb.com/title/tt0352547/
tt0389371,Sharkman,2001,90,"Horror,Sci-Fi",2.4,321,https://www.imdb.com/title/tt0389371/
tt15015460,Scorched Earth,2023,63,"Action,Sci-Fi,Thriller",2.6,321,https://www.imdb.com/title/tt15015460/
tt2443852,Resident Evil: Red Falls,2013,53,"Action,Horror,Sci-Fi",4.6,321,https://www.imdb.com/title/tt2443852/
tt2992096,Bigfoot Wars,2014,75,Sci-Fi,3.1,321,https://www.imdb.com/title/tt2992096/
tt31987754,Star Abyss,2024,86,"Action,Sci-Fi,Thriller",3.7,321,https://www.imdb.com/title/tt31987754/
tt36873832,Bulk,2025,90,"Action,Romance,Sci-Fi",5.6,321,https://www.imdb.com/title/tt36873832/
tt5348966,A Promise of Time Travel,2016,88,"Drama,Mystery,Sci-Fi",4.6,321,https://www.imdb.com/title/tt5348966/
tt0098127,Princess Warrior,1989,83,"Comedy,Romance,Sci-Fi",2.8,320,https://www.imdb.com/title/tt0098127/
tt5083366,Watch the Sky,2017,87,"Drama,Sci-Fi",3.8,320,https://www.imdb.com/title/tt5083366/
tt6472742,Darken,2017,86,"Fantasy,Horror,Sci-Fi",4.2,320,https://www.imdb.com/title/tt6472742/
tt0115727,Bombshell,1997,98,"Sci-Fi,Thriller",3.9,319,https://www.imdb.com/title/tt0115727/
tt0180897,Paradise Lost,2000,105,"Drama,Mystery,Sci-Fi",4.5,318,https://www.imdb.com/title/tt0180897/
tt0086145,The Prodigal Planet,1983,126,"Sci-Fi,Thriller",4.4,317,https://www.imdb.com/title/tt0086145/
tt0165400,Nautilus,2000,97,"Action,Sci-Fi",3.6,317,https://www.imdb.com/title/tt0165400/
tt0198460,Escape to Grizzly Mountain,2000,95,"Drama,Family,Sci-Fi",5.9,317,https://www.imdb.com/title/tt0198460/
tt0284260,Lethal Target,1999,92,"Action,Sci-Fi",3.6,317,https://www.imdb.com/title/tt0284260/
tt1682376,Ultraman Zero: The Revenge of Belial,2010,100,"Action,Sci-Fi",7.0,317,https://www.imdb.com/title/tt1682376/
tt3234050,Sprouting Orchids,2014,70,"Mystery,Romance,Sci-Fi",7.0,317,https://www.imdb.com/title/tt3234050/
tt3816908,Inimigo Desconhecido: Enemy Unknown,2020,95,"Action,Horror,Sci-Fi",7.3,317,https://www.imdb.com/title/tt3816908/
tt33296582,Under Ninja,2025,123,"Action,Comedy,Sci-Fi",5.5,316,https://www.imdb.com/title/tt33296582/
tt4287848,The Top Secret: Murder in Mind,2016,148,"Mystery,Sci-Fi,Thriller",5.5,316,https://www.imdb.com/title/tt4287848/
tt0346810,Dislocation,1986,89,"Comedy,Drama,Sci-Fi",7.2,315,https://www.imdb.com/title/tt0346810/
tt0086247,Bye Bye Jupiter,1984,130,"Drama,Sci-Fi",4.3,314,https://www.imdb.com/title/tt0086247/
tt0107995,Frozen Heart,1993,83,"Drama,Sci-Fi,Thriller",5.4,314,https://www.imdb.com/title/tt0107995/
tt24017670,Pterodactyl 2,2023,76,"Horror,Sci-Fi",3.5,314,https://www.imdb.com/title/tt24017670/
tt5518158,Mount Adams,2021,94,"Action,Adventure,Sci-Fi",2.6,314,https://www.imdb.com/title/tt5518158/
tt0103178,Urusei Yatsura 6: Always My Darling,1991,77,"Animation,Comedy,Sci-Fi",6.2,313,https://www.imdb.com/title/tt0103178/
tt0120554,Zone 39,1996,95,Sci-Fi,4.6,313,https://www.imdb.com/title/tt0120554/
tt0157079,The Survivor,1998,88,"Action,Horror,Sci-Fi",3.6,313,https://www.imdb.com/title/tt0157079/
tt10437216,Future Fear,2021,92,"Horror,Sci-Fi",2.0,313,https://www.imdb.com/title/tt10437216/
tt1334473,Savage,2011,86,"Horror,Sci-Fi,Thriller",4.3,313,https://www.imdb.com/title/tt1334473/
tt0141270,Hyperspace,1984,90,"Comedy,Sci-Fi",4.7,312,https://www.imdb.com/title/tt0141270/
tt0298960,The End of Eternity,1987,137,Sci-Fi,6.0,312,https://www.imdb.com/title/tt0298960/
tt1123372,Cicak-Man,2006,107,"Action,Comedy,Sci-Fi",3.7,312,https://www.imdb.com/title/tt1123372/
tt4144156,Iron Girl: Ultimate Weapon,2015,83,"Action,Sci-Fi",4.5,312,https://www.imdb.com/title/tt4144156/
tt4465438,Bodysnatch,2017,81,"Sci-Fi,Thriller",3.1,312,https://www.imdb.com/title/tt4465438/
tt0129082,Falling Fire,1997,98,Sci-Fi,4.0,311,https://www.imdb.com/title/tt0129082/
tt6395918,World War Four,2019,86,"Action,Sci-Fi,Thriller",3.0,311,https://www.imdb.com/title/tt6395918/
tt7498092,Ellipse,2019,76,Sci-Fi,2.8,311,https://www.imdb.com/title/tt7498092/
tt9062580,Alone,2019,69,"Adventure,Drama,Sci-Fi",6.5,311,https://www.imdb.com/title/tt9062580/
tt0243036,Years of the Beast,1981,98,"Horror,Sci-Fi",5.4,310,https://www.imdb.com/title/tt0243036/
tt1202044,Six Reasons Why,2008,88,"Drama,Sci-Fi,Western",3.2,310,https://www.imdb.com/title/tt1202044/
tt1822279,Rejection,2009,90,"Drama,Mystery,Sci-Fi",6.2,310,https://www.imdb.com/title/tt1822279/
tt3770750,Tomorrow Ever After,2016,95,"Comedy,Sci-Fi",6.6,310,https://www.imdb.com/title/tt3770750/
tt38991353,Prompt,2025,61,"Mystery,Sci-Fi,Thriller",4.0,310,https://www.imdb.com/title/tt38991353/
tt12980468,The Lost Vlog of Ruby Real,2020,60,"Horror,Sci-Fi,Thriller",3.7,309,https://www.imdb.com/title/tt12980468/
tt0826175,The Last Love Song on This Little Planet,2005,120,"Action,Fantasy,Sci-Fi",4.6,308,https://www.imdb.com/title/tt0826175/
tt1972636,Death Run,1987,70,"Action,Horror,Sci-Fi",4.6,307,https://www.imdb.com/title/tt1972636/
tt2848252,Nightmare Code,2014,90,"Horror,Sci-Fi,Thriller",5.0,307,https://www.imdb.com/title/tt2848252/
tt3102924,Flashes - The Director's Cut,2014,101,"Drama,Sci-Fi,Thriller",4.5,307,https://www.imdb.com/title/tt3102924/
tt4734102,Hidden Reserves,2016,96,"Drama,Mystery,Sci-Fi",5.2,307,https://www.imdb.com/title/tt4734102/
tt0093272,Invasion Earth: The Aliens Are Here,1988,82,"Comedy,Sci-Fi",3.1,306,https://www.imdb.com/title/tt0093272/
tt0123648,Centrespread,1981,82,"Drama,Sci-Fi",4.4,306,https://www.imdb.com/title/tt0123648/
tt0449590,FAQ: Frequently Asked Questions,2004,82,Sci-Fi,3.5,306,https://www.imdb.com/title/tt0449590/
tt7945270,Wellwood,2025,89,"Horror,Sci-Fi",4.0,306,https://www.imdb.com/title/tt7945270/
tt10805862,A Living Dog,2019,94,"Action,Sci-Fi",4.8,305,https://www.imdb.com/title/tt10805862/
tt15033924,The Thing Inside Us,2021,83,"Horror,Sci-Fi,Thriller",3.5,305,https://www.imdb.com/title/tt15033924/
tt15457916,Single Shankarum Smartphone Simranum,2023,128,"Comedy,Drama,Sci-Fi",4.6,305,https://www.imdb.com/title/tt15457916/
tt3877590,Being,2019,85,"Drama,Sci-Fi",3.1,305,https://www.imdb.com/title/tt3877590/
tt0097153,Dans le ventre du dragon,1989,100,"Comedy,Drama,Sci-Fi",6.2,304,https://www.imdb.com/title/tt0097153/
tt0110972,Replikator,1994,97,Sci-Fi,2.8,304,https://www.imdb.com/title/tt0110972/
tt1227927,Caller ID: Entity,2010,98,"Sci-Fi,Thriller",2.6,304,https://www.imdb.com/title/tt1227927/
tt23828902,Head in the Clouds,2023,91,"Comedy,Sci-Fi",4.6,304,https://www.imdb.com/title/tt23828902/
tt0102930,A Mere Mortal,1991,85,"Drama,Sci-Fi,Thriller",6.5,303,https://www.imdb.com/title/tt0102930/
tt0403390,Oskar & Josefine,2005,80,"Family,Fantasy,Sci-Fi",5.3,303,https://www.imdb.com/title/tt0403390/
tt11646342,Escape from Area 51,2021,76,"Comedy,Sci-Fi",2.5,303,https://www.imdb.com/title/tt11646342/
tt1367236,Mold!,2012,86,"Horror,Sci-Fi",4.7,303,https://www.imdb.com/title/tt1367236/
tt14756758,Bolt from the Blue,2023,90,"Adventure,Comedy,Sci-Fi",5.2,303,https://www.imdb.com/title/tt14756758/
tt0276167,El gran marciano,2001,111,"Comedy,Sci-Fi",2.6,302,https://www.imdb.com/title/tt0276167/
tt7091504,Intimate Enemy,2018,108,"Mystery,Sci-Fi,Thriller",5.6,301,https://www.imdb.com/title/tt7091504/
tt0114824,Vampire Vixens from Venus,1995,90,"Comedy,Horror,Sci-Fi",3.1,300,https://www.imdb.com/title/tt0114824/
tt0119499,Last Lives,1997,92,"Action,Sci-Fi,Thriller",3.8,299,https://www.imdb.com/title/tt0119499/
tt0397679,Terrarium,2003,81,Sci-Fi,3.1,299,https://www.imdb.com/title/tt0397679/
tt13886712,King Car,2021,99,"Fantasy,Sci-Fi",5.5,299,https://www.imdb.com/title/tt13886712/
tt15738252,Bury Your Dead,2024,128,"Drama,Horror,Sci-Fi",5.1,299,https://www.imdb.com/title/tt15738252/
tt1975205,Lost Woods,2012,88,"Action,Sci-Fi,Thriller",2.7,299,https://www.imdb.com/title/tt1975205/
tt21025396,Rescue the Earth,2021,92,"Action,Sci-Fi",4.7,299,https://www.imdb.com/title/tt21025396/
tt6406930,The Skeleton's Compass,2022,81,"Adventure,Family,Sci-Fi",4.8,299,https://www.imdb.com/title/tt6406930/
tt0144596,The Secret Kingdom,1998,90,"Adventure,Sci-Fi",4.8,298,https://www.imdb.com/title/tt0144596/
tt3285114,In Circles,2018,89,"Drama,Mystery,Sci-Fi",3.5,298,https://www.imdb.com/title/tt3285114/
tt0165251,Dragon Fury,1995,79,"Action,Sci-Fi",3.2,297,https://www.imdb.com/title/tt0165251/
tt1045673,Wasteland,2011,80,"Action,Adventure,Sci-Fi",2.8,296,https://www.imdb.com/title/tt1045673/
tt18990128,The Gravity,2022,85,"Drama,Sci-Fi,Thriller",5.6,296,https://www.imdb.com/title/tt18990128/
tt31502638,"After Us, the Flood",2024,97,"Drama,Sci-Fi",5.7,296,https://www.imdb.com/title/tt31502638/
tt3674410,Lovemilla,2015,95,"Comedy,Romance,Sci-Fi",5.6,296,https://www.imdb.com/title/tt3674410/
tt0138529,Jack Brown Genius,1994,85,"Comedy,Fantasy,Sci-Fi",5.1,295,https://www.imdb.com/title/tt0138529/
tt0419692,Disconnect,2010,112,"Drama,Mystery,Sci-Fi",4.4,295,https://www.imdb.com/title/tt0419692/
tt4164442,ANI: A Parody,2014,122,"Comedy,Musical,Sci-Fi",7.1,295,https://www.imdb.com/title/tt4164442/
tt4875550,In Search of the Ultra-Sex,2014,60,"Adventure,Comedy,Sci-Fi",5.7,295,https://www.imdb.com/title/tt4875550/
tt0142256,Earth Minus Zero,1997,81,"Comedy,Family,Sci-Fi",2.7,294,https://www.imdb.com/title/tt0142256/
tt0364726,Unearthed,2004,126,"Horror,Sci-Fi",2.4,294,https://www.imdb.com/title/tt0364726/
tt16899842,Slave,2022,73,"Sci-Fi,Thriller",4.9,294,https://www.imdb.com/title/tt16899842/
tt1855232,Invasion of Alien Bikini,2011,75,"Comedy,Romance,Sci-Fi",4.5,294,https://www.imdb.com/title/tt1855232/
tt6047388,Planetarian: Storyteller of the Stars,2016,117,"Animation,Drama,Sci-Fi",6.9,294,https://www.imdb.com/title/tt6047388/
tt2101405,New Prime,2011,60,"Action,Comedy,Sci-Fi",8.5,293,https://www.imdb.com/title/tt2101405/
tt2550112,Control,2013,90,"Crime,Mystery,Sci-Fi",6.0,293,https://www.imdb.com/title/tt2550112/
tt2716062,The Giant Spider,2013,71,"Horror,Sci-Fi",5.3,293,https://www.imdb.com/title/tt2716062/
tt4606498,Deadman Apocalypse,2016,78,"Action,Adventure,Sci-Fi",2.1,293,https://www.imdb.com/title/tt4606498/
tt0256083,Hostile Environment,1999,96,"Action,Sci-Fi",2.9,292,https://www.imdb.com/title/tt0256083/
tt4027628,The Conspiracy of Dark Falls,2022,102,"Sci-Fi,Thriller",2.8,292,https://www.imdb.com/title/tt4027628/
tt0093741,The Pink Chiquitas,1986,83,"Comedy,Horror,Sci-Fi",3.9,291,https://www.imdb.com/title/tt0093741/
tt0098480,Time Trackers,1989,86,"Action,Adventure,Sci-Fi",4.2,291,https://www.imdb.com/title/tt0098480/
tt0381181,Feedback,2002,88,"Sci-Fi,Thriller",4.9,291,https://www.imdb.com/title/tt0381181/
tt2972982,Exile,2014,84,"Drama,Horror,Sci-Fi",4.0,291,https://www.imdb.com/title/tt2972982/
tt31452296,Straatcoaches vs Aliens,2025,92,"Comedy,Sci-Fi",5.3,291,https://www.imdb.com/title/tt31452296/
tt3186552,The Sector,2016,86,Sci-Fi,2.9,291,https://www.imdb.com/title/tt3186552/
tt4795030,Perpetuity,2021,77,"Drama,Romance,Sci-Fi",5.5,291,https://www.imdb.com/title/tt4795030/
tt4866214,Mind and Machine,2017,70,"Crime,Sci-Fi,Thriller",3.3,291,https://www.imdb.com/title/tt4866214/
tt1800367,Remnants,2013,92,"Action,Drama,Sci-Fi",3.9,290,https://www.imdb.com/title/tt1800367/
tt9571756,Cowgirls vs. Pterodactyls,2021,73,"Action,Drama,Sci-Fi",2.6,290,https://www.imdb.com/title/tt9571756/
tt0093663,The Occultist,1988,82,"Action,Horror,Sci-Fi",2.6,289,https://www.imdb.com/title/tt0093663/
tt2364649,El bosc,2012,94,"Drama,Fantasy,Sci-Fi",5.5,289,https://www.imdb.com/title/tt2364649/
tt5693020,Nunnunarvu,2016,100,"Romance,Sci-Fi,Thriller",6.2,289,https://www.imdb.com/title/tt5693020/
tt7708510,Sign Here,2024,100,"Comedy,Romance,Sci-Fi",6.3,289,https://www.imdb.com/title/tt7708510/
tt2177884,A Guide to Dating at the End of the World,2022,80,"Comedy,Romance,Sci-Fi",5.3,288,https://www.imdb.com/title/tt2177884/
tt21942272,Give Me an A,2022,100,"Comedy,Horror,Sci-Fi",4.2,288,https://www.imdb.com/title/tt21942272/
tt27124438,Dark Fusion,2024,90,"Action,Sci-Fi",7.9,288,https://www.imdb.com/title/tt27124438/
tt3358654,Senn,2013,84,"Adventure,Mystery,Sci-Fi",5.1,288,https://www.imdb.com/title/tt3358654/
tt4002210,Threshold,2019,98,"Drama,Horror,Sci-Fi",4.0,288,https://www.imdb.com/title/tt4002210/
tt7247512,Cine Holliúdy 2: A Chibata Sideral,2018,100,"Comedy,Sci-Fi",6.1,287,https://www.imdb.com/title/tt7247512/
tt7379906,The Theta Girl,2017,98,"Action,Horror,Sci-Fi",5.2,287,https://www.imdb.com/title/tt7379906/
tt11828692,Child Machine,2022,96,Sci-Fi,4.8,286,https://www.imdb.com/title/tt11828692/
tt2298274,New World OrdeRx,2013,128,"Drama,Sci-Fi",2.3,286,https://www.imdb.com/title/tt2298274/
tt32919648,C'est le monde à l'envers !,2024,114,"Comedy,Drama,Sci-Fi",5.3,286,https://www.imdb.com/title/tt32919648/
tt3431786,Gaz de France,2015,83,"Comedy,Drama,Sci-Fi",5.6,286,https://www.imdb.com/title/tt3431786/
tt0095630,Midnight Movie Massacre,1988,85,"Comedy,Horror,Sci-Fi",3.1,285,https://www.imdb.com/title/tt0095630/
tt0145480,Sleepwalker,1998,103,"Drama,Sci-Fi",6.4,285,https://www.imdb.com/title/tt0145480/
tt14367552,Tomorrow Before After,2023,94,"Drama,Sci-Fi",4.4,285,https://www.imdb.com/title/tt14367552/
tt1773617,Singularity Principle,2013,87,Sci-Fi,4.8,285,https://www.imdb.com/title/tt1773617/
tt0112407,Atolladero,1995,95,"Drama,Sci-Fi,Western",4.9,284,https://www.imdb.com/title/tt0112407/
tt0118075,Vice Academy 5,1996,89,"Comedy,Crime,Sci-Fi",3.8,283,https://www.imdb.com/title/tt0118075/
tt0487891,Day X,2005,81,"Horror,Sci-Fi",3.6,283,https://www.imdb.com/title/tt0487891/
tt27040794,Replicator,2024,75,"Horror,Sci-Fi",3.7,283,https://www.imdb.com/title/tt27040794/
tt9867616,Almost Human,2019,46,"Documentary,Sci-Fi",6.7,283,https://www.imdb.com/title/tt9867616/
tt1415872,Digimon X-Evolution,2005,80,"Action,Animation,Sci-Fi",6.2,282,https://www.imdb.com/title/tt1415872/
tt4308714,Other Halves,2015,90,"Comedy,Horror,Sci-Fi",3.3,282,https://www.imdb.com/title/tt4308714/
tt4521338,The Rizen: Possession,2019,90,"Action,Horror,Sci-Fi",3.4,282,https://www.imdb.com/title/tt4521338/
tt0088695,Alien Warrior,1985,100,"Action,Crime,Sci-Fi",4.2,281,https://www.imdb.com/title/tt0088695/
tt28769342,Alien Apocalypse,2023,87,"Action,Sci-Fi",2.9,281,https://www.imdb.com/title/tt28769342/
tt0090296,Warriors of the Apocalypse,1984,96,"Action,Sci-Fi",3.9,280,https://www.imdb.com/title/tt0090296/
tt0104106,What's Up?,1992,110,"Comedy,Sci-Fi",5.7,280,https://www.imdb.com/title/tt0104106/
tt0220964,The Afterman,1985,90,"Horror,Sci-Fi",4.9,280,https://www.imdb.com/title/tt0220964/
tt2093280,Time Warrior,2012,90,"Action,Sci-Fi",2.6,280,https://www.imdb.com/title/tt2093280/
tt2306633,Love & Teleportation,2013,92,"Romance,Sci-Fi",5.4,280,https://www.imdb.com/title/tt2306633/
tt5512160,A Beautiful Star,2017,127,"Drama,Family,Sci-Fi",5.7,280,https://www.imdb.com/title/tt5512160/
tt0116142,Dream Master: The Erotic Invader,1996,86,"Mystery,Sci-Fi,Thriller",4.6,279,https://www.imdb.com/title/tt0116142/
tt0120167,The Sore Losers,1997,89,"Action,Sci-Fi",4.9,279,https://www.imdb.com/title/tt0120167/
tt0177244,Spaceman,1997,88,"Comedy,Sci-Fi",5.7,279,https://www.imdb.com/title/tt0177244/
tt19365926,Piranha Women,2022,64,"Horror,Sci-Fi",4.4,279,https://www.imdb.com/title/tt19365926/
tt28769294,Escape Pod,2023,82,"Mystery,Sci-Fi",3.7,279,https://www.imdb.com/title/tt28769294/
tt0119674,Les mille merveilles de l'univers,1997,90,"Drama,Sci-Fi",5.2,278,https://www.imdb.com/title/tt0119674/
tt0353899,Posrednik,1990,228,"Action,Sci-Fi",6.8,278,https://www.imdb.com/title/tt0353899/
tt0496251,Millennium Crisis,2007,85,"Sci-Fi,Thriller",2.3,278,https://www.imdb.com/title/tt0496251/
tt0999922,Ultraman Mebius & Ultra Brothers,2006,119,"Action,Fantasy,Sci-Fi",7.2,278,https://www.imdb.com/title/tt0999922/
tt3974320,Origin,2016,93,"Action,Drama,Sci-Fi",4.1,278,https://www.imdb.com/title/tt3974320/
tt0267336,Dakota Bound,2001,90,"Action,Adventure,Sci-Fi",3.5,277,https://www.imdb.com/title/tt0267336/
tt0914796,Blood Predator,2007,91,"Horror,Sci-Fi",2.3,277,https://www.imdb.com/title/tt0914796/
tt2059318,Third Contact,2013,85,"Drama,Mystery,Sci-Fi",5.6,277,https://www.imdb.com/title/tt2059318/
tt2109245,Ultraman Saga,2012,90,"Action,Sci-Fi",6.4,277,https://www.imdb.com/title/tt2109245/
tt0084721,Srdecný pozdrav ze zemekoule,1983,98,"Comedy,Fantasy,Sci-Fi",6.6,276,https://www.imdb.com/title/tt0084721/
tt0094931,Cy Warrior,1989,90,"Action,Sci-Fi",3.8,276,https://www.imdb.com/title/tt0094931/
tt0171245,Driving Force,1989,90,"Action,Sci-Fi",4.4,276,https://www.imdb.com/title/tt0171245/
tt11662660,Quantum Cowboys,2022,99,"Animation,Comedy,Sci-Fi",5.8,276,https://www.imdb.com/title/tt11662660/
tt16351216,Consilium,2021,\N,"Sci-Fi,Thriller",2.9,276,https://www.imdb.com/title/tt16351216/
tt1815582,Alien Encounter,2008,82,Sci-Fi,5.0,276,https://www.imdb.com/title/tt1815582/
tt8571404,Xenophobia,2019,82,Sci-Fi,2.6,276,https://www.imdb.com/title/tt8571404/
tt0256345,Rock of Ages,1984,\N,"Music,Sci-Fi,Thriller",1.5,275,https://www.imdb.com/title/tt0256345/
tt0104735,Liquid Dreams,1991,92,"Sci-Fi,Thriller",5.1,274,https://www.imdb.com/title/tt0104735/
tt0320597,Terror at Tate Manor,2002,\N,"Action,Sci-Fi,Thriller",1.7,274,https://www.imdb.com/title/tt0320597/
tt0810990,Nos amis les Terriens,2006,85,Sci-Fi,5.4,274,https://www.imdb.com/title/tt0810990/
tt11247622,Schirkoa: In Lies We Trust,2024,103,"Animation,Fantasy,Sci-Fi",5.5,274,https://www.imdb.com/title/tt11247622/
tt1874412,AniMen: Triton Force,2010,90,"Adventure,Animation,Sci-Fi",4.1,274,https://www.imdb.com/title/tt1874412/
tt4010848,Lost Solace,2016,106,"Drama,Sci-Fi,Thriller",4.4,274,https://www.imdb.com/title/tt4010848/
tt4227204,Uncle Kent 2,2015,73,"Comedy,Sci-Fi",5.3,274,https://www.imdb.com/title/tt4227204/
tt4440114,Galaxy Turnpike,2015,110,"Comedy,Sci-Fi",4.7,274,https://www.imdb.com/title/tt4440114/
tt0392789,Spectres,2004,98,"Drama,Mystery,Sci-Fi",4.9,273,https://www.imdb.com/title/tt0392789/
tt15847826,The Hive,2023,86,"Horror,Sci-Fi,Thriller",2.6,273,https://www.imdb.com/title/tt15847826/
tt1869453,Gokaiger Goseiger Super Sentai 199 Hero Great Battle,2011,84,"Action,Sci-Fi",7.8,273,https://www.imdb.com/title/tt1869453/
tt23709040,Creep Box,2023,98,Sci-Fi,4.8,273,https://www.imdb.com/title/tt23709040/
tt28656668,War of the Worlds: Extinction,2024,84,"Action,Adventure,Sci-Fi",2.9,273,https://www.imdb.com/title/tt28656668/
tt0110651,New Crime City,1994,86,"Action,Sci-Fi",4.3,272,https://www.imdb.com/title/tt0110651/
tt0926341,Terror Inside,2008,90,"Horror,Sci-Fi,Thriller",3.3,272,https://www.imdb.com/title/tt0926341/
tt7236054,Variant,2020,91,"Sci-Fi,Thriller",4.3,272,https://www.imdb.com/title/tt7236054/
tt1279329,Warriors of the Apocalypse,2009,88,"Action,Sci-Fi,Thriller",2.8,271,https://www.imdb.com/title/tt1279329/
tt0223152,Door III,1996,89,"Horror,Sci-Fi,Thriller",6.2,270,https://www.imdb.com/title/tt0223152/
tt3686278,Blue Demon,2014,70,"Horror,Sci-Fi",3.9,269,https://www.imdb.com/title/tt3686278/
tt7115168,The Underground: Director's Cu,2021,57,"Biography,Documentary,Sci-Fi",5.2,269,https://www.imdb.com/title/tt7115168/
tt0101263,"Abdulladzhan, ili posvyashchaetsya Stivenu Spilbergu",1991,89,"Comedy,Sci-Fi",7.2,268,https://www.imdb.com/title/tt0101263/
tt0253486,The Sex Files: Pleasureville,2000,79,"Horror,Sci-Fi",4.4,268,https://www.imdb.com/title/tt0253486/
tt1031288,Truffe,2008,75,"Comedy,Drama,Sci-Fi",6.0,268,https://www.imdb.com/title/tt1031288/
tt2651352,Ratpocalypse,2015,88,"Fantasy,Sci-Fi",3.2,268,https://www.imdb.com/title/tt2651352/
tt9672824,Timescape,2022,80,Sci-Fi,4.6,268,https://www.imdb.com/title/tt9672824/
tt0101876,The Final Sanction,1990,85,"Action,Sci-Fi",4.2,267,https://www.imdb.com/title/tt0101876/
tt0102489,Mutator,1989,91,"Action,Horror,Sci-Fi",3.7,267,https://www.imdb.com/title/tt0102489/
tt13297874,Nova,2021,80,Sci-Fi,3.4,267,https://www.imdb.com/title/tt13297874/
tt1665744,Iron Soldier,2010,75,"Action,Sci-Fi",1.6,267,https://www.imdb.com/title/tt1665744/
tt32916240,Blood Pay,2025,82,"Comedy,Horror,Sci-Fi",2.5,267,https://www.imdb.com/title/tt32916240/
tt38496958,Mano Ya Na Mano - Anything Is Possible,2025,71,Sci-Fi,7.8,267,https://www.imdb.com/title/tt38496958/
tt1832272,5 Shells,2012,93,"Drama,Sci-Fi",4.4,266,https://www.imdb.com/title/tt1832272/
tt7686386,Radio Mary,2017,77,"Mystery,Sci-Fi",4.7,266,https://www.imdb.com/title/tt7686386/
tt0095734,Night Wars,1988,88,"Horror,Mystery,Sci-Fi",4.3,265,https://www.imdb.com/title/tt0095734/
tt0330972,Intergalactic Combat,2007,90,"Action,Adventure,Sci-Fi",6.2,265,https://www.imdb.com/title/tt0330972/
tt12637626,Konga TNT,2020,72,"Action,Comedy,Sci-Fi",1.8,265,https://www.imdb.com/title/tt12637626/
tt1687220,The Vampire Spider,2012,92,"Drama,Horror,Sci-Fi",6.2,265,https://www.imdb.com/title/tt1687220/
tt0117124,My Uncle the Alien,1996,91,"Family,Fantasy,Sci-Fi",2.9,264,https://www.imdb.com/title/tt0117124/
tt0391044,Dark Heaven,2002,87,"Fantasy,Horror,Sci-Fi",2.7,264,https://www.imdb.com/title/tt0391044/
tt0404745,After the Apocalypse,2004,72,"Drama,Fantasy,Sci-Fi",5.4,264,https://www.imdb.com/title/tt0404745/
tt1380078,Alice's Birthday,2009,80,"Animation,Family,Sci-Fi",5.6,264,https://www.imdb.com/title/tt1380078/
tt16310582,The Lightning Code,2025,88,"Action,Adventure,Sci-Fi",4.7,264,https://www.imdb.com/title/tt16310582/
tt1846479,Black Box,2012,83,"Drama,Fantasy,Sci-Fi",3.3,264,https://www.imdb.com/title/tt1846479/
tt2217790,Apocalypse Kiss,2014,101,Sci-Fi,2.7,264,https://www.imdb.com/title/tt2217790/
tt7933232,Cerebrum,2021,120,"Sci-Fi,Thriller",3.9,264,https://www.imdb.com/title/tt7933232/
tt0089618,Moon Rainbow,1983,88,"Drama,Mystery,Sci-Fi",5.2,263,https://www.imdb.com/title/tt0089618/
tt20724032,Free LSD,2023,97,"Comedy,Music,Sci-Fi",4.8,263,https://www.imdb.com/title/tt20724032/
tt5328466,Precognition,2018,107,"Action,Sci-Fi",5.0,263,https://www.imdb.com/title/tt5328466/
tt11771626,Numbers,2020,104,"Drama,Sci-Fi",5.4,262,https://www.imdb.com/title/tt11771626/
tt1234432,Master Key,2009,104,"Mystery,Sci-Fi",5.9,262,https://www.imdb.com/title/tt1234432/
tt1926310,Planet of the Vampire Women,2011,95,"Comedy,Sci-Fi",4.6,262,https://www.imdb.com/title/tt1926310/
tt29228399,The Correction Unit,2025,100,"Horror,Sci-Fi",3.4,262,https://www.imdb.com/title/tt29228399/
tt0331508,Gundress,1999,84,"Action,Animation,Sci-Fi",4.8,261,https://www.imdb.com/title/tt0331508/
tt10508082,Givers of Death,2020,97,Sci-Fi,4.1,261,https://www.imdb.com/title/tt10508082/
tt10681950,The Tree House,2019,84,"Documentary,Sci-Fi",6.3,261,https://www.imdb.com/title/tt10681950/
tt28642613,Sith Wars: Episódio III - Fantasmas Dos Sith,2024,99,"Action,Fantasy,Sci-Fi",8.2,261,https://www.imdb.com/title/tt28642613/
tt0134645,Existo,1999,94,"Comedy,Musical,Sci-Fi",5.6,260,https://www.imdb.com/title/tt0134645/
tt10644372,Lone Wolf,2021,103,"Drama,Sci-Fi,Thriller",3.3,260,https://www.imdb.com/title/tt10644372/
tt35839924,The Wizard of Oz: The Dead Walk,2025,94,"Fantasy,Horror,Sci-Fi",3.1,260,https://www.imdb.com/title/tt35839924/
tt5752476,En tu cabeza,2016,67,Sci-Fi,6.0,260,https://www.imdb.com/title/tt5752476/
tt7422258,I Am Lying Now,2019,107,"Mystery,Sci-Fi,Thriller",4.9,260,https://www.imdb.com/title/tt7422258/
tt5240730,Brown Girl Begins,2017,84,"Fantasy,Sci-Fi",3.9,258,https://www.imdb.com/title/tt5240730/
tt0093533,Miami Golem,1985,85,"Action,Horror,Sci-Fi",3.9,257,https://www.imdb.com/title/tt0093533/
tt0161837,Mutilations,1986,70,"Horror,Sci-Fi",4.9,257,https://www.imdb.com/title/tt0161837/
tt0217072,Survival Zone,1983,90,"Action,Drama,Sci-Fi",4.2,257,https://www.imdb.com/title/tt0217072/
tt1558259,Simple Creature,2016,92,"Horror,Sci-Fi,Thriller",3.9,257,https://www.imdb.com/title/tt1558259/
tt2295318,Nomad: The Beginning,2013,87,"Action,Sci-Fi",3.2,257,https://www.imdb.com/title/tt2295318/
tt35442423,The Infinite Husk,2025,104,Sci-Fi,4.4,257,https://www.imdb.com/title/tt35442423/
tt0113067,Firestorm,1996,90,"Action,Sci-Fi,Thriller",3.5,256,https://www.imdb.com/title/tt0113067/
tt20318356,Journey to the End of the Night,2023,122,Sci-Fi,5.7,256,https://www.imdb.com/title/tt20318356/
tt21031010,Giantess Battle Attack,2022,60,"Comedy,Fantasy,Sci-Fi",4.0,256,https://www.imdb.com/title/tt21031010/
tt21204174,Hemisphere,2023,90,"Sci-Fi,Thriller",4.4,256,https://www.imdb.com/title/tt21204174/
tt0399762,Thunder of Gigantic Serpent,1988,87,"Action,Horror,Sci-Fi",4.7,255,https://www.imdb.com/title/tt0399762/
tt28776457,Anna's Feelings,2023,130,"Drama,Sci-Fi",6.2,255,https://www.imdb.com/title/tt28776457/
tt2997426,Last Son,2013,52,"Action,Drama,Sci-Fi",2.8,255,https://www.imdb.com/title/tt2997426/
tt32410269,Singular,2025,104,"Sci-Fi,Thriller",5.1,255,https://www.imdb.com/title/tt32410269/
tt0160558,Nadia: The Secret of Blue Water - The Motion Picture,1991,85,"Action,Animation,Sci-Fi",4.2,254,https://www.imdb.com/title/tt0160558/
tt0478208,The Men Who Fell,2007,85,"Horror,Sci-Fi",3.5,254,https://www.imdb.com/title/tt0478208/
tt14812244,Dream Hacker,2025,105,Sci-Fi,3.1,254,https://www.imdb.com/title/tt14812244/
tt1809214,5.5.5,2012,126,"Drama,Sci-Fi,Thriller",6.1,254,https://www.imdb.com/title/tt1809214/
tt3165264,Altered Perception,2017,79,"Fantasy,Mystery,Sci-Fi",3.0,254,https://www.imdb.com/title/tt3165264/
tt9034308,Patient 001,2018,87,"Horror,Sci-Fi,Thriller",4.2,253,https://www.imdb.com/title/tt9034308/
tt13105958,Dark Cycle,2021,90,Sci-Fi,3.8,252,https://www.imdb.com/title/tt13105958/
tt0095002,Desert Warrior,1988,89,"Action,Sci-Fi",3.5,251,https://www.imdb.com/title/tt0095002/
tt0127136,Polymorph,1996,86,"Action,Horror,Sci-Fi",4.1,251,https://www.imdb.com/title/tt0127136/
tt2064704,.Hack//The Movie,2012,112,"Action,Animation,Sci-Fi",6.2,251,https://www.imdb.com/title/tt2064704/
tt5696110,RiffTrax Live: Time Chasers,2016,106,Sci-Fi,7.5,251,https://www.imdb.com/title/tt5696110/
tt6222828,Monster Force Zero,2019,84,"Comedy,Sci-Fi",3.5,251,https://www.imdb.com/title/tt6222828/
tt10396450,Karmalink,2021,101,"Drama,Mystery,Sci-Fi",6.1,250,https://www.imdb.com/title/tt10396450/
tt2747766,Synapse,2021,87,"Drama,Sci-Fi,Thriller",2.8,250,https://www.imdb.com/title/tt2747766/
tt2928840,Nobility,2017,50,Sci-Fi,4.8,250,https://www.imdb.com/title/tt2928840/
tt0128273,Invaders from the Deep,1981,92,Sci-Fi,3.3,249,https://www.imdb.com/title/tt0128273/
tt11121174,Beyond Paranormal,2021,102,"Horror,Sci-Fi",3.0,249,https://www.imdb.com/title/tt11121174/
tt13729678,Bigfoot vs Megalodon,2021,71,"Adventure,Comedy,Sci-Fi",2.4,249,https://www.imdb.com/title/tt13729678/
tt2145849,Reality XL,2012,81,"Sci-Fi,Thriller",5.2,249,https://www.imdb.com/title/tt2145849/
tt1710994,Loups=Garous,2010,99,"Animation,Mystery,Sci-Fi",5.1,248,https://www.imdb.com/title/tt1710994/
tt33115196,Alien Invasion: Rise of the Phoenix,2025,89,Sci-Fi,2.4,248,https://www.imdb.com/title/tt33115196/
tt33265496,Program,2025,105,"Action,Mystery,Sci-Fi",5.5,248,https://www.imdb.com/title/tt33265496/
tt0120145,Sleeping Dogs,1997,90,Sci-Fi,3.4,247,https://www.imdb.com/title/tt0120145/
tt0272202,Mysterious Planet,1982,71,"Adventure,Sci-Fi",3.1,247,https://www.imdb.com/title/tt0272202/
tt0462250,Automatons,2006,83,"Horror,Sci-Fi",4.6,247,https://www.imdb.com/title/tt0462250/
tt12823084,River,2021,93,"Drama,Sci-Fi",3.1,247,https://www.imdb.com/title/tt12823084/
tt18454132,Amityville in Space,2022,75,"Horror,Sci-Fi",2.7,247,https://www.imdb.com/title/tt18454132/
tt23720486,YA na peremotke!,2022,89,"Comedy,Sci-Fi",6.1,247,https://www.imdb.com/title/tt23720486/
tt0184973,Ultraman Tiga & Ultraman Dyna & Ultraman Gaia: Battle in Hyperspace,1999,74,"Action,Adventure,Sci-Fi",6.9,246,https://www.imdb.com/title/tt0184973/
tt1753790,Escape from New Jersey,2010,45,"Action,Adventure,Sci-Fi",4.4,246,https://www.imdb.com/title/tt1753790/
tt4680368,Dark Iris,2018,105,"Sci-Fi,Thriller",3.1,246,https://www.imdb.com/title/tt4680368/
tt7344288,When Women Rule the World,2020,87,"Comedy,Sci-Fi",2.0,246,https://www.imdb.com/title/tt7344288/
tt0371968,Superman,1980,135,"Fantasy,Musical,Sci-Fi",4.2,245,https://www.imdb.com/title/tt0371968/
tt0090193,Slices of Life,1985,91,"Comedy,Sci-Fi",4.7,244,https://www.imdb.com/title/tt0090193/
tt0130652,Empire of Ash,1989,86,"Action,Fantasy,Sci-Fi",3.6,244,https://www.imdb.com/title/tt0130652/
tt0213673,Galaxy of the Dinosaurs,1992,65,"Adventure,Sci-Fi",2.1,244,https://www.imdb.com/title/tt0213673/
tt10972912,Subject,2022,77,"Horror,Sci-Fi",4.8,244,https://www.imdb.com/title/tt10972912/
tt31155767,A Half-Life Documentary: Superposition,2021,150,"Documentary,Sci-Fi",9.2,244,https://www.imdb.com/title/tt31155767/
tt7173890,Once There Was Brasilia,2017,100,"Drama,Sci-Fi",4.9,244,https://www.imdb.com/title/tt7173890/
tt0193924,Expect to Die,1997,88,"Action,Crime,Sci-Fi",3.7,243,https://www.imdb.com/title/tt0193924/
tt0445728,Somne,2005,90,"Horror,Sci-Fi,Thriller",4.3,243,https://www.imdb.com/title/tt0445728/
tt14774692,Future Shock,2021,46,Sci-Fi,3.5,243,https://www.imdb.com/title/tt14774692/
tt4131518,Nova,2014,109,"Comedy,Drama,Sci-Fi",6.9,243,https://www.imdb.com/title/tt4131518/
tt5611432,Ascension,2018,86,"Horror,Sci-Fi,Thriller",5.4,243,https://www.imdb.com/title/tt5611432/
tt0109057,Ai City,1986,86,"Action,Animation,Sci-Fi",5.8,242,https://www.imdb.com/title/tt0109057/
tt0801344,The Monster of Phantom Lake,2006,97,"Comedy,Horror,Sci-Fi",5.3,242,https://www.imdb.com/title/tt0801344/
tt12969650,Bigfoot vs the Illuminati,2020,76,"Animation,Horror,Sci-Fi",1.8,242,https://www.imdb.com/title/tt12969650/
tt2338088,Without Ward,2022,103,"Drama,Romance,Sci-Fi",3.9,242,https://www.imdb.com/title/tt2338088/
tt5514344,Alone in Space,2018,84,"Family,Sci-Fi",4.7,242,https://www.imdb.com/title/tt5514344/
tt0084876,Voyager from the Unknown,1982,91,"Family,Fantasy,Sci-Fi",6.9,241,https://www.imdb.com/title/tt0084876/
tt1988768,Run Away with Me,2015,80,"Sci-Fi,Thriller",4.9,241,https://www.imdb.com/title/tt1988768/
tt3741646,Cencoroll Connect,2019,75,"Action,Animation,Sci-Fi",6.6,241,https://www.imdb.com/title/tt3741646/
tt0106768,Dragon Fire,1993,90,"Action,Drama,Sci-Fi",4.4,240,https://www.imdb.com/title/tt0106768/
tt13844844,Ordinary Failures,2022,85,"Drama,Sci-Fi",5.7,240,https://www.imdb.com/title/tt13844844/
tt14241008,Ciao UFO,2019,122,"Comedy,Drama,Sci-Fi",7.0,240,https://www.imdb.com/title/tt14241008/
tt29931567,Room 0,2024,102,"Mystery,Sci-Fi,Thriller",3.1,240,https://www.imdb.com/title/tt29931567/
tt5911072,Nebulous Dark,2021,75,"Drama,Horror,Sci-Fi",2.9,240,https://www.imdb.com/title/tt5911072/
tt0082308,Earthbound,1981,99,"Comedy,Family,Sci-Fi",4.4,239,https://www.imdb.com/title/tt0082308/
tt0097726,Legion of Iron,1990,90,"Action,Horror,Sci-Fi",4.0,239,https://www.imdb.com/title/tt0097726/
tt0961205,The Last Gateway,2007,105,"Horror,Sci-Fi,Thriller",4.9,239,https://www.imdb.com/title/tt0961205/
tt18548702,The House in Between 2,2022,102,"Documentary,Horror,Sci-Fi",4.3,239,https://www.imdb.com/title/tt18548702/
tt23744832,Raptus,2025,87,"Sci-Fi,Thriller",4.1,239,https://www.imdb.com/title/tt23744832/
tt30973705,Mame snova 17,2024,108,"Comedy,Sci-Fi",5.5,239,https://www.imdb.com/title/tt30973705/
tt6203998,626 Evolution,2017,79,"Action,Sci-Fi",4.0,239,https://www.imdb.com/title/tt6203998/
tt0867271,Chile puede,2008,85,"Comedy,Sci-Fi",4.4,238,https://www.imdb.com/title/tt0867271/
tt1783331,Letters from the Big Man,2011,104,"Drama,Sci-Fi",6.3,238,https://www.imdb.com/title/tt1783331/
tt5114564,Impossible,2015,94,"Comedy,Drama,Sci-Fi",4.3,238,https://www.imdb.com/title/tt5114564/
tt5893906,Diminuendo,2018,106,"Romance,Sci-Fi",4.8,238,https://www.imdb.com/title/tt5893906/
tt6417824,No More Lights in the Sky,2018,85,"Drama,Sci-Fi",3.9,238,https://www.imdb.com/title/tt6417824/
tt11557850,Ingress,2023,119,Sci-Fi,4.9,237,https://www.imdb.com/title/tt11557850/
tt15432854,The 3rd Channel,2023,\N,"Horror,Mystery,Sci-Fi",4.7,237,https://www.imdb.com/title/tt15432854/
tt28266169,Partner,2023,124,"Comedy,Sci-Fi",4.5,237,https://www.imdb.com/title/tt28266169/
tt3615814,Bikini Girls vs Dinosaurs,2014,52,Sci-Fi,2.1,237,https://www.imdb.com/title/tt3615814/
tt0265828,Superstarlet A.D.,2000,70,"Comedy,Musical,Sci-Fi",4.9,236,https://www.imdb.com/title/tt0265828/
tt15865914,"Aire, Just Breathe",2024,98,"Romance,Sci-Fi,Thriller",4.7,236,https://www.imdb.com/title/tt15865914/
tt4738626,CTRL,2018,80,"Horror,Sci-Fi,Thriller",2.7,236,https://www.imdb.com/title/tt4738626/
tt7318794,The Cage,2017,83,"Drama,Sci-Fi",3.5,236,https://www.imdb.com/title/tt7318794/
tt0080962,Magnitude 7.9,1980,126,"Action,Drama,Sci-Fi",5.0,235,https://www.imdb.com/title/tt0080962/
tt0224086,Sex Files: Sexual Matrix,2000,80,"Drama,Sci-Fi",3.9,235,https://www.imdb.com/title/tt0224086/
tt0230634,The Orion Loop,1981,85,Sci-Fi,5.0,235,https://www.imdb.com/title/tt0230634/
tt0456627,Reigo: King of the Sea Monsters,2005,81,"Action,Fantasy,Sci-Fi",3.8,235,https://www.imdb.com/title/tt0456627/
tt0899298,Technocalyps,2006,156,"Documentary,Sci-Fi",7.3,235,https://www.imdb.com/title/tt0899298/
tt0973836,Fragment,2009,88,"Horror,Sci-Fi,Thriller",3.6,235,https://www.imdb.com/title/tt0973836/
tt13086274,Everything Will Change,2021,93,"Drama,Sci-Fi",5.7,235,https://www.imdb.com/title/tt13086274/
tt29703223,Aviator,2025,116,Sci-Fi,4.8,235,https://www.imdb.com/title/tt29703223/
tt32044814,Tales Beyond the Galaxy,2024,76,"Action,Sci-Fi",4.3,235,https://www.imdb.com/title/tt32044814/
tt7183826,Invasion on Chestnut Ridge,2017,60,"Documentary,Sci-Fi",5.7,235,https://www.imdb.com/title/tt7183826/
tt0808139,977,2006,86,"Drama,Sci-Fi",5.5,234,https://www.imdb.com/title/tt0808139/
tt0945355,Mobile Suit Gundam: The 08th MS Team - Miller's Report,1998,51,"Action,Animation,Sci-Fi",6.4,234,https://www.imdb.com/title/tt0945355/
tt2363309,Night Sights,2011,89,"Drama,Family,Sci-Fi",2.6,234,https://www.imdb.com/title/tt2363309/
tt2771506,The Perfect 46,2014,97,"Drama,Sci-Fi",5.4,234,https://www.imdb.com/title/tt2771506/
tt2780216,Serena the Sexplorer,2015,72,"Comedy,Sci-Fi",3.9,234,https://www.imdb.com/title/tt2780216/
tt28358231,Don't F**k with Ghosts,2024,\N,"Comedy,Sci-Fi",5.8,234,https://www.imdb.com/title/tt28358231/
tt0114125,Phoenix,1995,90,Sci-Fi,3.5,233,https://www.imdb.com/title/tt0114125/
tt2131644,Sweet Prudence and the Erotic Adventure of Bigfoot,2011,90,"Comedy,Mystery,Sci-Fi",5.0,233,https://www.imdb.com/title/tt2131644/
tt3566610,129,2023,86,"Action,Drama,Sci-Fi",3.1,233,https://www.imdb.com/title/tt3566610/
tt0433441,Reptilicant,2006,\N,Sci-Fi,2.2,232,https://www.imdb.com/title/tt0433441/
tt11567502,Roswell Delirium,2023,110,"Drama,Sci-Fi,Thriller",3.8,232,https://www.imdb.com/title/tt11567502/
tt23748546,The Deadly Swarm,2024,81,"Horror,Sci-Fi",2.4,232,https://www.imdb.com/title/tt23748546/
tt2577652,The President's Staff,2019,103,"Sci-Fi,Thriller",3.2,232,https://www.imdb.com/title/tt2577652/
tt2651724,Wastelander,2018,90,"Action,Adventure,Sci-Fi",2.7,232,https://www.imdb.com/title/tt2651724/
tt2898904,Paranormal Highway,2017,93,"Horror,Mystery,Sci-Fi",2.0,232,https://www.imdb.com/title/tt2898904/
tt9164788,Sexfish,2019,85,"Comedy,Romance,Sci-Fi",5.8,232,https://www.imdb.com/title/tt9164788/
tt0148392,Lancelot: Guardian of Time,1997,90,"Action,Fantasy,Sci-Fi",3.5,231,https://www.imdb.com/title/tt0148392/
tt0443650,Spiritual Warriors,2007,120,"Adventure,Sci-Fi",4.9,231,https://www.imdb.com/title/tt0443650/
tt15134742,Shockwaves,2022,80,"Action,Sci-Fi",2.5,231,https://www.imdb.com/title/tt15134742/
tt37693714,Pandora: Fire and Ice,2025,85,"Action,Adventure,Sci-Fi",1.8,231,https://www.imdb.com/title/tt37693714/
tt2948426,ETXR,2014,80,"Adventure,Music,Sci-Fi",4.2,230,https://www.imdb.com/title/tt2948426/
tt3172668,Inhumanwich!,2016,73,"Comedy,Horror,Sci-Fi",4.8,230,https://www.imdb.com/title/tt3172668/
tt0119744,Mystery Monsters,1997,81,"Family,Fantasy,Sci-Fi",4.2,229,https://www.imdb.com/title/tt0119744/
tt14939068,Devil's Play,2025,109,"Fantasy,Sci-Fi,Thriller",4.3,229,https://www.imdb.com/title/tt14939068/
tt16047762,Dinosaur Hotel 2,2022,80,"Action,Horror,Sci-Fi",2.5,229,https://www.imdb.com/title/tt16047762/
tt2091288,Black Web,2012,89,"Drama,Sci-Fi,Thriller",4.4,229,https://www.imdb.com/title/tt2091288/
tt0184974,Ultraman Tiga & Ultraman Dyna: Warriors of the Star of Light,1998,68,"Action,Sci-Fi",6.3,228,https://www.imdb.com/title/tt0184974/
tt0228196,Death Collector,1988,92,"Action,Drama,Sci-Fi",4.1,228,https://www.imdb.com/title/tt0228196/
tt2047769,The Parasite Doctor Suzune: Genesis,2011,72,"Sci-Fi,Thriller",3.8,228,https://www.imdb.com/title/tt2047769/
tt2536780,Idõugrók 2 - Alternatív jelen,2012,62,Sci-Fi,6.7,228,https://www.imdb.com/title/tt2536780/
tt32410105,Dästür,2023,90,"Horror,Sci-Fi",6.1,228,https://www.imdb.com/title/tt32410105/
tt9204110,Coppelia,2021,82,"Animation,Family,Sci-Fi",5.6,228,https://www.imdb.com/title/tt9204110/
tt0090149,Terror in the Swamp,1985,87,"Horror,Sci-Fi",3.7,227,https://www.imdb.com/title/tt0090149/
tt18226284,Capsules,2022,70,"Horror,Sci-Fi",4.0,227,https://www.imdb.com/title/tt18226284/
tt28107927,J Loop,2024,99,Sci-Fi,4.7,227,https://www.imdb.com/title/tt28107927/
tt29941083,The Draft!,2023,84,"Horror,Sci-Fi",4.9,227,https://www.imdb.com/title/tt29941083/
tt31190225,The Jurassic Games: Extinction,2025,102,"Action,Horror,Sci-Fi",3.7,227,https://www.imdb.com/title/tt31190225/
tt3369286,Mnemophrenia,2019,78,"Drama,Sci-Fi",4.9,227,https://www.imdb.com/title/tt3369286/
tt4637050,Fräulein: una fiaba d'inverno,2016,93,"Comedy,Fantasy,Sci-Fi",5.7,227,https://www.imdb.com/title/tt4637050/
tt0250214,Anthrax,2001,90,"Drama,Sci-Fi,Thriller",4.2,226,https://www.imdb.com/title/tt0250214/
tt10579380,AI Amok,2020,133,"Sci-Fi,Thriller",5.4,226,https://www.imdb.com/title/tt10579380/
tt19865716,Absolute Dominion,2025,100,"Action,Sci-Fi",4.5,226,https://www.imdb.com/title/tt19865716/
tt27011468,Peripheral,2024,88,"Horror,Sci-Fi",4.1,226,https://www.imdb.com/title/tt27011468/
tt2854692,Alien Strain,2014,82,"Horror,Sci-Fi,Thriller",3.6,226,https://www.imdb.com/title/tt2854692/
tt4992620,Up in the Sky,2016,82,"Comedy,Family,Sci-Fi",6.4,226,https://www.imdb.com/title/tt4992620/
tt9023894,Final Frequency,2021,91,"Action,Drama,Sci-Fi",2.9,226,https://www.imdb.com/title/tt9023894/
tt1376247,Space Girls in Beverly Hills,2009,94,"Comedy,Sci-Fi",2.8,225,https://www.imdb.com/title/tt1376247/
tt14687716,The Beehive,2023,86,"Drama,Sci-Fi,Thriller",4.1,225,https://www.imdb.com/title/tt14687716/
tt1745701,Found in Time,2012,91,"Sci-Fi,Thriller",4.6,225,https://www.imdb.com/title/tt1745701/
tt2179237,Robot Wars,2016,95,"Action,Sci-Fi,Thriller",2.5,225,https://www.imdb.com/title/tt2179237/
tt4038414,Astraea,2015,95,"Adventure,Drama,Sci-Fi",6.4,225,https://www.imdb.com/title/tt4038414/
tt0128059,Aurora,1998,87,"Adventure,Sci-Fi",3.5,224,https://www.imdb.com/title/tt0128059/
tt1068654,Kamen Rider: The Next,2007,103,"Action,Horror,Sci-Fi",6.2,224,https://www.imdb.com/title/tt1068654/
tt13017584,Visitor,2021,99,"Drama,Horror,Sci-Fi",4.5,224,https://www.imdb.com/title/tt13017584/
tt3358508,Fortuna,2020,108,"Drama,Sci-Fi,Thriller",6.3,224,https://www.imdb.com/title/tt3358508/
tt4578084,Reversion,2015,84,"Sci-Fi,Thriller",4.9,224,https://www.imdb.com/title/tt4578084/
tt0165433,Primal Scream,1986,85,"Horror,Sci-Fi,Thriller",3.7,223,https://www.imdb.com/title/tt0165433/
tt0365570,Filmatron,2007,92,Sci-Fi,7.3,223,https://www.imdb.com/title/tt0365570/
tt21034738,Mirror Life,2025,89,"Horror,Sci-Fi,Thriller",3.1,223,https://www.imdb.com/title/tt21034738/
tt27904948,Isla Alien,2023,87,"Documentary,Sci-Fi",6.8,223,https://www.imdb.com/title/tt27904948/
tt2805976,Doomsday,2015,95,"Action,Sci-Fi",3.1,223,https://www.imdb.com/title/tt2805976/
tt2903902,The Time Machine (I Found at a Yardsale),2011,84,Sci-Fi,1.3,223,https://www.imdb.com/title/tt2903902/
tt13612932,Splendid Isolation,2022,80,"Drama,Romance,Sci-Fi",4.1,222,https://www.imdb.com/title/tt13612932/
tt5336798,Invasion Earth,2016,106,Sci-Fi,2.8,222,https://www.imdb.com/title/tt5336798/
tt0107954,Return of the Roller Blade Seven,1993,78,"Action,Sci-Fi",2.1,221,https://www.imdb.com/title/tt0107954/
tt0413669,Alien Factor 2: The Alien Rampage,2001,75,"Horror,Sci-Fi",3.7,221,https://www.imdb.com/title/tt0413669/
tt15411240,Ashman,2021,97,"Comedy,Fantasy,Sci-Fi",4.4,221,https://www.imdb.com/title/tt15411240/
tt29732319,Speed Train,2025,86,"Action,Sci-Fi",2.8,221,https://www.imdb.com/title/tt29732319/
tt32138536,Good Neighbours,2024,84,"Horror,Sci-Fi",3.0,221,https://www.imdb.com/title/tt32138536/
tt5672890,Illuminate,2020,61,Sci-Fi,3.7,221,https://www.imdb.com/title/tt5672890/
tt9458110,Luka,2023,94,"Drama,Sci-Fi",5.9,221,https://www.imdb.com/title/tt9458110/
tt0169951,Galaxy Express 999: Eternal Fantasy,1998,54,"Animation,Sci-Fi",6.2,220,https://www.imdb.com/title/tt0169951/
tt2934686,Enoshima Prism,2013,90,"Comedy,Sci-Fi",6.0,220,https://www.imdb.com/title/tt2934686/
tt3224036,The Labyrinth,2017,90,"Fantasy,Horror,Sci-Fi",6.0,220,https://www.imdb.com/title/tt3224036/
tt37678610,Gorgonà,2025,95,"Action,Drama,Sci-Fi",4.7,220,https://www.imdb.com/title/tt37678610/
tt6901648,The Eden Theory,2021,107,"Horror,Sci-Fi,Thriller",3.2,220,https://www.imdb.com/title/tt6901648/
tt7651078,The Invisible Man,2017,88,Sci-Fi,3.5,220,https://www.imdb.com/title/tt7651078/
tt8503170,Mute Date,2019,81,"Comedy,Sci-Fi",4.9,220,https://www.imdb.com/title/tt8503170/
tt0092167,Merry Christmas Octopus,1987,92,"Comedy,Family,Sci-Fi",6.7,219,https://www.imdb.com/title/tt0092167/
tt15553152,Infinite Summer,2024,86,Sci-Fi,4.1,219,https://www.imdb.com/title/tt15553152/
tt27505523,Arctic Hollow,2024,70,"Adventure,Horror,Sci-Fi",2.2,219,https://www.imdb.com/title/tt27505523/
tt3717236,For the Plasma,2014,94,"Comedy,Drama,Sci-Fi",5.3,219,https://www.imdb.com/title/tt3717236/
tt0087303,A Man Called Rage,1984,90,"Action,Sci-Fi,Thriller",4.6,218,https://www.imdb.com/title/tt0087303/
tt0224156,Spectres of the Spectrum,1999,94,"Drama,Sci-Fi",6.7,218,https://www.imdb.com/title/tt0224156/
tt1597176,Altered States of Plaine,2012,88,"Drama,Mystery,Sci-Fi",5.6,218,https://www.imdb.com/title/tt1597176/
tt17497960,BLKNWS: Terms & Conditions,2025,113,"Documentary,Fantasy,Sci-Fi",6.7,218,https://www.imdb.com/title/tt17497960/
tt1828194,Hellacious Acres: The Case of John Glass,2011,99,"Comedy,Sci-Fi",3.9,218,https://www.imdb.com/title/tt1828194/
tt1965108,Spaceship Terror,2011,93,"Horror,Sci-Fi,Thriller",3.7,218,https://www.imdb.com/title/tt1965108/
tt19845354,Tang,2022,116,"Comedy,Drama,Sci-Fi",5.5,218,https://www.imdb.com/title/tt19845354/
tt3739806,How to Time Travel,2016,91,"Comedy,Drama,Sci-Fi",7.8,218,https://www.imdb.com/title/tt3739806/
tt0086222,Rush,1983,77,"Action,Adventure,Sci-Fi",4.5,217,https://www.imdb.com/title/tt0086222/
tt0099554,Fatal Sky,1990,92,"Action,Sci-Fi,Thriller",3.7,217,https://www.imdb.com/title/tt0099554/
tt14252612,Multiversal Rewind,2017,\N,"Action,Sci-Fi",6.1,217,https://www.imdb.com/title/tt14252612/
tt4418718,Territoriya Dzha,2014,\N,"Comedy,Sci-Fi",1.2,217,https://www.imdb.com/title/tt4418718/
tt6209774,Futra Days,2024,99,"Drama,Romance,Sci-Fi",4.0,217,https://www.imdb.com/title/tt6209774/
tt6498220,Another Plan from Outer Space,2018,98,"Drama,Sci-Fi,Thriller",2.9,217,https://www.imdb.com/title/tt6498220/
tt0104278,Flaming Ears,1992,89,"Fantasy,Sci-Fi",5.3,216,https://www.imdb.com/title/tt0104278/
tt2536246,Destination Planet Negro,2013,98,"Comedy,Sci-Fi",6.4,216,https://www.imdb.com/title/tt2536246/
tt27619137,Control Zeta,2023,104,"Action,Crime,Sci-Fi",4.4,216,https://www.imdb.com/title/tt27619137/
tt6136164,Desolasi,2016,111,"Drama,Fantasy,Sci-Fi",5.6,216,https://www.imdb.com/title/tt6136164/
tt0293442,The Butterfly,2001,116,"Drama,Sci-Fi",6.0,215,https://www.imdb.com/title/tt0293442/
tt0372429,Alien Sex Party,2003,87,"Comedy,Sci-Fi",4.2,215,https://www.imdb.com/title/tt0372429/
tt0390528,Swarm of the Snakehead,2006,95,"Comedy,Horror,Sci-Fi",3.4,215,https://www.imdb.com/title/tt0390528/
tt13872708,Realnye patsany protiv zombi,2020,88,"Comedy,Sci-Fi",4.5,215,https://www.imdb.com/title/tt13872708/
tt15716966,Jomfruer fra rummet,2023,86,"Comedy,Sci-Fi",5.0,215,https://www.imdb.com/title/tt15716966/
tt23128514,Dark Parasite,2023,85,"Drama,Horror,Sci-Fi",2.3,215,https://www.imdb.com/title/tt23128514/
tt5457582,Motel Mist,2016,115,"Horror,Sci-Fi,Thriller",4.8,215,https://www.imdb.com/title/tt5457582/
tt8470668,Sanctuary: Population One,2018,76,Sci-Fi,2.4,215,https://www.imdb.com/title/tt8470668/
tt0094607,Accidents,1989,90,"Action,Sci-Fi,Thriller",4.5,214,https://www.imdb.com/title/tt0094607/
tt10110872,2177: The San Francisco Love Hacker Crimes,2019,98,Sci-Fi,1.5,214,https://www.imdb.com/title/tt10110872/
tt11928960,Kamen Rider Zero-One: Real×Time,2020,80,"Action,Sci-Fi",7.3,214,https://www.imdb.com/title/tt11928960/
tt13968482,Walking with the Tall Whites,2020,82,Sci-Fi,5.4,214,https://www.imdb.com/title/tt13968482/
tt4161036,Pulse,2017,84,"Drama,Fantasy,Sci-Fi",5.3,214,https://www.imdb.com/title/tt4161036/
tt5862242,Expulsion,2020,100,"Drama,Sci-Fi,Thriller",2.5,214,https://www.imdb.com/title/tt5862242/
tt0112761,Cyber Bandits,1995,86,"Adventure,Crime,Sci-Fi",3.7,213,https://www.imdb.com/title/tt0112761/
tt0201300,Veld,1987,78,"Horror,Sci-Fi",6.2,213,https://www.imdb.com/title/tt0201300/
tt0227055,Mikadoroido,1991,73,"Horror,Sci-Fi",5.6,213,https://www.imdb.com/title/tt0227055/
tt18815602,La guerra del Tiburtino III,2023,91,"Fantasy,Sci-Fi",6.0,213,https://www.imdb.com/title/tt18815602/
tt22479650,Immigrants,2023,98,"Drama,Sci-Fi,Thriller",6.7,213,https://www.imdb.com/title/tt22479650/
tt3806576,Red Rain,2013,101,"Horror,Sci-Fi",6.3,213,https://www.imdb.com/title/tt3806576/
tt4801456,After the Outbreak,2017,80,"Horror,Sci-Fi",2.9,213,https://www.imdb.com/title/tt4801456/
tt0264629,Games of Survival,1989,76,"Action,Sci-Fi",4.2,212,https://www.imdb.com/title/tt0264629/
tt11100666,Iguana Tokyo,2022,74,"Drama,Sci-Fi",5.3,212,https://www.imdb.com/title/tt11100666/
tt2093255,Dark Medicine,2013,72,"Horror,Sci-Fi",2.4,212,https://www.imdb.com/title/tt2093255/
tt4982252,Lone Wolves,2016,87,"Action,Sci-Fi",2.1,212,https://www.imdb.com/title/tt4982252/
tt5087914,Surviving the Outbreak,2017,86,"Horror,Sci-Fi",2.4,212,https://www.imdb.com/title/tt5087914/
tt8334236,Zoo-Head,2019,80,"Sci-Fi,Thriller",3.6,212,https://www.imdb.com/title/tt8334236/
tt0138508,I Was a Zombie for the F.B.I.,1982,105,"Comedy,Sci-Fi",4.5,211,https://www.imdb.com/title/tt0138508/
tt14251154,Voyage of the Chimera,2021,84,Sci-Fi,2.9,211,https://www.imdb.com/title/tt14251154/
tt20834182,Altered Perceptions,2023,120,"Horror,Mystery,Sci-Fi",3.0,211,https://www.imdb.com/title/tt20834182/
tt2294855,The Drift,2014,101,"Horror,Sci-Fi",4.6,211,https://www.imdb.com/title/tt2294855/
tt0099461,Dragonfight,1990,83,"Fantasy,Sci-Fi",3.3,210,https://www.imdb.com/title/tt0099461/
tt0398075,Galaxy Hunter,2004,86,"Romance,Sci-Fi",2.6,210,https://www.imdb.com/title/tt0398075/
tt15910034,The Underground War,2021,75,"Action,Sci-Fi",4.3,210,https://www.imdb.com/title/tt15910034/
tt23002208,The Dæmon,2024,87,"Horror,Sci-Fi,Thriller",4.4,210,https://www.imdb.com/title/tt23002208/
tt3121212,C.A.M.,2021,100,"Horror,Sci-Fi,Thriller",2.4,210,https://www.imdb.com/title/tt3121212/
tt9049560,Stranger,2019,90,"Mystery,Sci-Fi,Thriller",5.4,210,https://www.imdb.com/title/tt9049560/
tt10349686,Tacoma,2024,103,"Drama,Sci-Fi,Thriller",3.2,209,https://www.imdb.com/title/tt10349686/
tt13015496,Archaon: The Halloween Summoning,2020,84,"Fantasy,Horror,Sci-Fi",2.5,209,https://www.imdb.com/title/tt13015496/
tt29005580,Guy Manley: Super Spy,2024,92,"Action,Comedy,Sci-Fi",4.0,209,https://www.imdb.com/title/tt29005580/
tt5126540,Black Box,2020,93,"Sci-Fi,Thriller",3.0,209,https://www.imdb.com/title/tt5126540/
tt5424590,The Unwonted Sasquatch,2016,76,"Documentary,Mystery,Sci-Fi",6.1,209,https://www.imdb.com/title/tt5424590/
tt5891062,The Brain That Wouldn't Die,2020,97,"Comedy,Horror,Sci-Fi",5.4,209,https://www.imdb.com/title/tt5891062/
tt10597418,Parallax,2023,113,"Sci-Fi,Thriller",3.9,208,https://www.imdb.com/title/tt10597418/
tt11182546,The Desert Project,2019,95,"Comedy,Sci-Fi,Thriller",3.6,208,https://www.imdb.com/title/tt11182546/
tt7772394,Ultraman Geed: Connect the Wishes!,2018,70,"Action,Sci-Fi",6.1,208,https://www.imdb.com/title/tt7772394/
tt9674022,Under the Crystal Sky,2025,67,"Adventure,History,Sci-Fi",5.5,208,https://www.imdb.com/title/tt9674022/
tt0100705,Street Asylum,1990,94,"Action,Sci-Fi,Thriller",5.2,207,https://www.imdb.com/title/tt0100705/
tt0130245,Secretul armei secrete,1988,88,"Comedy,Musical,Sci-Fi",6.7,207,https://www.imdb.com/title/tt0130245/
tt0499321,Egg,2005,73,"Horror,Mystery,Sci-Fi",6.2,207,https://www.imdb.com/title/tt0499321/
tt6089744,Nina of the Woods,2020,91,"Adventure,Sci-Fi,Thriller",3.3,207,https://www.imdb.com/title/tt6089744/
tt6359962,Giantess Attack,2017,62,"Sci-Fi,Thriller",3.3,207,https://www.imdb.com/title/tt6359962/
tt6427156,Leon Must Die,2017,73,"Comedy,Romance,Sci-Fi",4.8,207,https://www.imdb.com/title/tt6427156/
tt0087043,The Invisible Man,1985,89,"Comedy,Drama,Sci-Fi",6.0,206,https://www.imdb.com/title/tt0087043/
tt0208997,Goomer,1999,80,"Animation,Comedy,Sci-Fi",4.2,206,https://www.imdb.com/title/tt0208997/
tt0283086,Turn,2001,112,"Drama,Fantasy,Sci-Fi",6.9,206,https://www.imdb.com/title/tt0283086/
tt0393199,Deep Rescue,2005,\N,"Adventure,Drama,Sci-Fi",3.1,206,https://www.imdb.com/title/tt0393199/
tt2235515,Fear Lives Here,2012,80,"Horror,Sci-Fi,Thriller",3.6,206,https://www.imdb.com/title/tt2235515/
tt3017234,The Virus,2014,96,"Horror,Sci-Fi,Thriller",3.9,206,https://www.imdb.com/title/tt3017234/
tt6952230,Lôi Báo,2017,113,"Action,Drama,Sci-Fi",5.4,206,https://www.imdb.com/title/tt6952230/
tt12872350,Klyuch vremeni,2020,93,"Adventure,Fantasy,Sci-Fi",4.0,205,https://www.imdb.com/title/tt12872350/
tt17351870,Anatar,2023,88,"Comedy,Fantasy,Sci-Fi",2.3,205,https://www.imdb.com/title/tt17351870/
tt4131682,Androids Dream,2014,61,"Sci-Fi,Thriller",5.1,205,https://www.imdb.com/title/tt4131682/
tt8357336,The Hill and the Hole,2019,90,"Fantasy,Horror,Sci-Fi",4.0,205,https://www.imdb.com/title/tt8357336/
tt9167718,People in Landscape,2020,105,"Drama,Mystery,Sci-Fi",5.7,205,https://www.imdb.com/title/tt9167718/
tt0104540,Cyber Eden,1992,108,"Comedy,Sci-Fi",4.4,204,https://www.imdb.com/title/tt0104540/
tt14332502,Plurality,2021,107,"Action,Sci-Fi,Thriller",5.3,204,https://www.imdb.com/title/tt14332502/
tt2181964,Troubled Rivers,2012,45,"Adventure,Comedy,Sci-Fi",6.4,204,https://www.imdb.com/title/tt2181964/
tt9038976,Battle Bots,2018,67,"Action,Adventure,Sci-Fi",2.0,204,https://www.imdb.com/title/tt9038976/
tt0230540,Pale Blue Moon,2002,86,Sci-Fi,4.0,202,https://www.imdb.com/title/tt0230540/
tt1051259,Shadowplay,2007,85,"Sci-Fi,Thriller",2.8,202,https://www.imdb.com/title/tt1051259/
tt1073097,Apna Asmaan,2007,110,"Drama,Sci-Fi",6.1,202,https://www.imdb.com/title/tt1073097/
tt1578265,Re-Generator,2010,94,"Action,Sci-Fi",2.3,202,https://www.imdb.com/title/tt1578265/
tt23150806,Episodes from Apocalypse,2022,85,"Action,Drama,Sci-Fi",5.1,202,https://www.imdb.com/title/tt23150806/
tt3251284,Aura,2014,80,"Drama,Sci-Fi",3.9,202,https://www.imdb.com/title/tt3251284/
tt3948764,Chicago Rot,2016,103,"Drama,Horror,Sci-Fi",4.8,202,https://www.imdb.com/title/tt3948764/
tt5796882,The Bobot,2018,100,"Adventure,Family,Sci-Fi",4.7,202,https://www.imdb.com/title/tt5796882/
tt6101516,Virgin Hunters 2,2016,84,"Comedy,Sci-Fi",3.5,202,https://www.imdb.com/title/tt6101516/
tt9674196,Extraction Point,2021,72,"Action,Sci-Fi",1.2,202,https://www.imdb.com/title/tt9674196/
tt0100763,Terminal City Ricochet,1990,107,"Comedy,Sci-Fi",5.6,201,https://www.imdb.com/title/tt0100763/
tt1176453,Race,2007,99,"Animation,Sci-Fi",4.4,201,https://www.imdb.com/title/tt1176453/
tt5742712,Sunset on the River Styx,2020,94,"Horror,Sci-Fi,Thriller",3.6,201,https://www.imdb.com/title/tt5742712/
tt8912134,Deep Space,2018,73,Sci-Fi,4.0,201,https://www.imdb.com/title/tt8912134/
tt0090003,Shadey,1985,90,"Comedy,Sci-Fi",4.7,200,https://www.imdb.com/title/tt0090003/
tt0098531,Treasure of the Bitch Islands,1990,108,"Mystery,Sci-Fi",5.6,200,https://www.imdb.com/title/tt0098531/
tt15434994,Electric Child,2024,118,Sci-Fi,5.2,200,https://www.imdb.com/title/tt15434994/
tt8305666,Bizli: Origin,2018,124,"Action,Fantasy,Sci-Fi",5.3,200,https://www.imdb.com/title/tt8305666/
tt8997082,Go/Don't Go,2020,91,"Drama,Mystery,Sci-Fi",3.6,200,https://www.imdb.com/title/tt8997082/
tt0087476,Interface,1984,88,"Comedy,Horror,Sci-Fi",3.8,199,https://www.imdb.com/title/tt0087476/
tt13403380,Flying Objects: A State Secret,2020,55,"Documentary,History,Sci-Fi",6.4,199,https://www.imdb.com/title/tt13403380/
tt3053378,The 4 Soldiers,2013,83,"Action,Drama,Sci-Fi",5.7,199,https://www.imdb.com/title/tt3053378/
tt4450562,Post Human: An Event,2017,112,"Drama,Horror,Sci-Fi",2.3,199,https://www.imdb.com/title/tt4450562/
tt1592209,The Defiled,2010,100,"Drama,Horror,Sci-Fi",2.8,198,https://www.imdb.com/title/tt1592209/
tt1847577,Dharma Guns (La succession Starkov),2010,88,"Drama,Mystery,Sci-Fi",5.4,198,https://www.imdb.com/title/tt1847577/
tt5503786,Father & Son,2015,84,"Drama,Sci-Fi",4.9,198,https://www.imdb.com/title/tt5503786/
tt0094080,The Survivalist,1987,93,"Action,Drama,Sci-Fi",4.1,197,https://www.imdb.com/title/tt0094080/
tt0094655,Andy Colby's Incredible Adventure,1989,75,"Adventure,Fantasy,Sci-Fi",3.6,197,https://www.imdb.com/title/tt0094655/
tt2797642,The Night Visitor,2013,91,"Horror,Sci-Fi,Thriller",3.6,197,https://www.imdb.com/title/tt2797642/
tt30816499,Ape X Mecha Ape: New World Order,2024,87,"Action,Sci-Fi",2.7,197,https://www.imdb.com/title/tt30816499/
tt8325786,Immortal Combat: The Code,2019,79,"Action,Sci-Fi",2.1,197,https://www.imdb.com/title/tt8325786/
tt0289596,Urban Warriors,1987,90,"Action,Sci-Fi",3.6,196,https://www.imdb.com/title/tt0289596/
tt13491958,Virtual Reality,2021,85,"Horror,Sci-Fi,Thriller",4.9,196,https://www.imdb.com/title/tt13491958/
tt4265568,Ultraman Ginga S: Showdown! Ultra 10 Warriors!!,2015,62,"Action,Sci-Fi",6.3,196,https://www.imdb.com/title/tt4265568/
tt7156464,I Love the Earth,1994,97,"Comedy,Family,Sci-Fi",5.6,196,https://www.imdb.com/title/tt7156464/
tt0117930,Toad Warrior,1996,80,"Action,Sci-Fi",1.9,195,https://www.imdb.com/title/tt0117930/
tt1269717,From the Dark,2009,87,"Drama,Horror,Sci-Fi",3.8,195,https://www.imdb.com/title/tt1269717/
tt13092784,Mr. Earth,2022,112,"Adventure,Drama,Sci-Fi",4.7,195,https://www.imdb.com/title/tt13092784/
tt15828200,Fungus,2023,92,"Action,Adventure,Sci-Fi",3.4,195,https://www.imdb.com/title/tt15828200/
tt31584416,Space Command Redemption,2024,122,"Action,Adventure,Sci-Fi",4.6,195,https://www.imdb.com/title/tt31584416/
tt4080666,Infestation,2020,78,Sci-Fi,3.4,195,https://www.imdb.com/title/tt4080666/
tt4104014,Muse,2015,109,"Drama,Sci-Fi,Thriller",5.4,195,https://www.imdb.com/title/tt4104014/
tt8591008,Kamen Rider Build: Be the One,2018,66,"Action,Fantasy,Sci-Fi",6.5,195,https://www.imdb.com/title/tt8591008/
tt0105497,Supernova,1993,80,"Comedy,Sci-Fi",2.3,194,https://www.imdb.com/title/tt0105497/
tt0226204,The Dimension Travelers,1998,95,"Drama,Sci-Fi",5.6,194,https://www.imdb.com/title/tt0226204/
tt0475277,Freaky Faron,2006,77,"Adventure,Mystery,Sci-Fi",5.6,194,https://www.imdb.com/title/tt0475277/
tt10648326,Grey Eyes,2021,100,"Action,Sci-Fi",5.2,194,https://www.imdb.com/title/tt10648326/
tt11268228,Thor: End of Days,2020,91,"Action,Sci-Fi",2.4,194,https://www.imdb.com/title/tt11268228/
tt13132558,Shark Encounters of the Third Kind,2020,75,"Horror,Sci-Fi",2.6,194,https://www.imdb.com/title/tt13132558/
tt3205438,Quadrant 9EV9,2016,88,"Action,Horror,Sci-Fi",2.7,194,https://www.imdb.com/title/tt3205438/
tt32058413,Alien,2024,78,"Drama,Sci-Fi",5.6,194,https://www.imdb.com/title/tt32058413/
tt3451968,Index Zero,2014,90,Sci-Fi,5.2,194,https://www.imdb.com/title/tt3451968/
tt0117734,Starlight,1996,100,Sci-Fi,2.3,193,https://www.imdb.com/title/tt0117734/
tt0118536,20th Century Nostalgia,1997,93,"Drama,Sci-Fi",6.7,193,https://www.imdb.com/title/tt0118536/
tt1483347,Cicak-Man 2: Planet Hitam,2008,107,"Action,Comedy,Sci-Fi",3.4,193,https://www.imdb.com/title/tt1483347/
tt30956144,The Human Hibernation,2024,90,Sci-Fi,4.4,193,https://www.imdb.com/title/tt30956144/
tt0441748,Cyxork 7,2006,92,"Comedy,Sci-Fi",3.8,192,https://www.imdb.com/title/tt0441748/
tt2941258,Ridge War Z,2013,89,"Horror,Sci-Fi,Thriller",2.6,192,https://www.imdb.com/title/tt2941258/
tt6802040,Contactee,2021,94,Sci-Fi,3.4,192,https://www.imdb.com/title/tt6802040/
tt6822514,The Extraordinary Journey of Celeste Garcia,2018,92,"Comedy,Sci-Fi",6.4,192,https://www.imdb.com/title/tt6822514/
tt0323727,Project Nightmare,1987,74,"Horror,Sci-Fi,Thriller",4.3,191,https://www.imdb.com/title/tt0323727/
tt1043719,Cave Women on Mars,2008,73,Sci-Fi,5.0,191,https://www.imdb.com/title/tt1043719/
tt1719680,Wendigo: Bound by Blood,2010,85,"Action,Horror,Sci-Fi",2.9,191,https://www.imdb.com/title/tt1719680/
tt2966728,Enemy Empire,2013,97,"Adventure,Fantasy,Sci-Fi",3.0,191,https://www.imdb.com/title/tt2966728/
tt37486281,Mustafa Kemal,2025,75,"Animation,History,Sci-Fi",1.7,191,https://www.imdb.com/title/tt37486281/
tt9189966,Majic,2019,82,"Mystery,Sci-Fi",5.7,191,https://www.imdb.com/title/tt9189966/
tt0088942,The Comic,1985,92,"Drama,Horror,Sci-Fi",3.5,190,https://www.imdb.com/title/tt0088942/
tt0135991,Dominator,2003,100,"Animation,Comedy,Sci-Fi",4.2,190,https://www.imdb.com/title/tt0135991/
tt17079602,The Alien Report,2024,81,"Horror,Sci-Fi,Thriller",4.7,190,https://www.imdb.com/title/tt17079602/
tt19812894,Botan i superbaba,2022,85,"Comedy,Sci-Fi",3.8,190,https://www.imdb.com/title/tt19812894/
tt2734790,Travelers,2013,83,"Action,Adventure,Sci-Fi",4.6,190,https://www.imdb.com/title/tt2734790/
tt0200280,"What's Up, Hideous Sun Demon",1989,71,"Comedy,Sci-Fi",4.2,189,https://www.imdb.com/title/tt0200280/
tt0970187,Próxima,2007,116,Sci-Fi,4.6,189,https://www.imdb.com/title/tt0970187/
tt22060086,W,2022,102,"Drama,Sci-Fi",4.0,189,https://www.imdb.com/title/tt22060086/
tt0227189,Cl.One,2005,112,"Sci-Fi,Thriller",3.4,188,https://www.imdb.com/title/tt0227189/
tt1764679,Alien Hunger,2017,90,"Comedy,Horror,Sci-Fi",3.5,188,https://www.imdb.com/title/tt1764679/
tt2387431,Dark by Noon,2013,96,"Drama,Sci-Fi,Thriller",2.8,188,https://www.imdb.com/title/tt2387431/
tt2536776,Idõugrók - Sötét Jövõ,2012,102,Sci-Fi,5.2,188,https://www.imdb.com/title/tt2536776/
tt2767440,Nocturne Six,2014,80,"Horror,Sci-Fi,Thriller",2.7,188,https://www.imdb.com/title/tt2767440/
tt3229648,Cicak-Man 3,2015,121,"Action,Comedy,Sci-Fi",3.8,188,https://www.imdb.com/title/tt3229648/
tt5891150,Soft Matter,2018,72,"Comedy,Horror,Sci-Fi",3.1,188,https://www.imdb.com/title/tt5891150/
tt0145534,Total Force,1996,93,"Action,Sci-Fi,Thriller",2.5,187,https://www.imdb.com/title/tt0145534/
tt0161988,Stardust,1998,97,"Drama,Family,Sci-Fi",4.1,187,https://www.imdb.com/title/tt0161988/
tt0797014,Madrigal,2007,112,Sci-Fi,5.5,187,https://www.imdb.com/title/tt0797014/
tt1311083,Rat Scratch Fever,2011,95,"Horror,Sci-Fi",4.4,187,https://www.imdb.com/title/tt1311083/
tt3495666,Danger Dolls,2014,97,"Action,Sci-Fi",5.1,187,https://www.imdb.com/title/tt3495666/
tt0117508,Rokovye yaytsa,1996,119,"Comedy,Sci-Fi",4.8,186,https://www.imdb.com/title/tt0117508/
tt0441565,Hidden Heroes,2004,108,"Comedy,Sci-Fi",5.7,186,https://www.imdb.com/title/tt0441565/
tt3413690,Jossy's,2014,97,"Action,Comedy,Sci-Fi",5.5,186,https://www.imdb.com/title/tt3413690/
tt35664588,Red Plague,2025,97,"Drama,Sci-Fi,Thriller",4.1,186,https://www.imdb.com/title/tt35664588/
tt4328146,Le scaphandrier,2015,78,"Adventure,Horror,Sci-Fi",4.6,186,https://www.imdb.com/title/tt4328146/
tt6344302,Ultraman Orb: Lend Me the Power of Bonds!,2017,72,"Action,Family,Sci-Fi",6.4,186,https://www.imdb.com/title/tt6344302/
tt0188535,Cyborg 009: Legend of the Super Galaxy,1980,130,"Animation,Sci-Fi",6.0,185,https://www.imdb.com/title/tt0188535/
tt1161457,The Vanquisher,2011,90,"Action,Adventure,Sci-Fi",3.7,185,https://www.imdb.com/title/tt1161457/
tt14379852,Moscow Does Not Happen,2020,98,"Comedy,Sci-Fi,Thriller",6.2,185,https://www.imdb.com/title/tt14379852/
tt26520259,Invisible Hacker,2023,150,"Action,Sci-Fi",3.0,185,https://www.imdb.com/title/tt26520259/
tt7233012,Life Guidance,2017,101,Sci-Fi,5.5,185,https://www.imdb.com/title/tt7233012/
tt0100978,Possessed II,1984,93,"Horror,Sci-Fi,Thriller",6.3,184,https://www.imdb.com/title/tt0100978/
tt0349835,Monsters,1993,89,"Sci-Fi,Thriller",2.7,184,https://www.imdb.com/title/tt0349835/
tt14556190,Harmony,2022,72,"Action,Horror,Sci-Fi",2.5,184,https://www.imdb.com/title/tt14556190/
tt29168943,Glowzies,2023,86,"Horror,Sci-Fi",4.4,184,https://www.imdb.com/title/tt29168943/
tt3033160,Empire of the Apes,2013,79,"Action,Adventure,Sci-Fi",2.9,184,https://www.imdb.com/title/tt3033160/
tt0099860,Iskushenie B.,1991,84,"Drama,Sci-Fi",6.7,183,https://www.imdb.com/title/tt0099860/
tt2188907,The Freedom of Silence,2011,96,"Drama,Sci-Fi,Thriller",2.9,183,https://www.imdb.com/title/tt2188907/
tt27881562,Zhdun,2025,92,"Comedy,Family,Sci-Fi",3.4,183,https://www.imdb.com/title/tt27881562/
tt3918056,The Record Keeper,2014,130,Sci-Fi,6.0,183,https://www.imdb.com/title/tt3918056/
tt5754992,The Landing,2017,83,"Crime,Mystery,Sci-Fi",5.8,183,https://www.imdb.com/title/tt5754992/
tt0183063,Los extraterrestres,1983,90,"Comedy,Musical,Sci-Fi",3.8,182,https://www.imdb.com/title/tt0183063/
tt0223593,Juvenile,2000,100,"Fantasy,Sci-Fi",6.1,182,https://www.imdb.com/title/tt0223593/
tt13033662,Android Uprising,2020,81,Sci-Fi,2.6,182,https://www.imdb.com/title/tt13033662/
tt13274918,Let's Dream,2021,94,"Horror,Sci-Fi,Thriller",2.7,182,https://www.imdb.com/title/tt13274918/
tt2185374,Collider,2013,79,"Horror,Sci-Fi",3.4,182,https://www.imdb.com/title/tt2185374/
tt2511058,The Phoenix Rises,2012,86,Sci-Fi,2.1,182,https://www.imdb.com/title/tt2511058/
tt6472234,Landing Lake,2017,102,"Horror,Mystery,Sci-Fi",2.7,182,https://www.imdb.com/title/tt6472234/
tt16901326,How to Solve Your Own Murder,2024,99,"Drama,Sci-Fi",3.9,181,https://www.imdb.com/title/tt16901326/
tt19433106,Interface,2022,111,Sci-Fi,6.2,181,https://www.imdb.com/title/tt19433106/
tt23648776,Head on a Plate,2023,82,"Horror,Sci-Fi",1.6,181,https://www.imdb.com/title/tt23648776/
tt4957070,The Winter Hunger,2021,110,"Crime,Horror,Sci-Fi",3.9,181,https://www.imdb.com/title/tt4957070/
tt5167168,Returned,2015,90,Sci-Fi,3.2,181,https://www.imdb.com/title/tt5167168/
tt6449358,Horror Stories III,2016,94,"Horror,Sci-Fi",5.1,181,https://www.imdb.com/title/tt6449358/
tt0104055,Dark Vengeance,1992,92,"Action,Sci-Fi",2.8,180,https://www.imdb.com/title/tt0104055/
tt0220864,Perfect Lover,2001,92,"Comedy,Sci-Fi",4.3,180,https://www.imdb.com/title/tt0220864/
tt11231356,Beneath the Green,2023,80,"Mystery,Sci-Fi",2.7,180,https://www.imdb.com/title/tt11231356/
tt2020056,Kamen Rider Blade: Missing Ace,2004,73,"Action,Fantasy,Sci-Fi",6.4,180,https://www.imdb.com/title/tt2020056/
tt21390830,www.RachelOrmont.com,2024,80,"Drama,Sci-Fi",5.5,180,https://www.imdb.com/title/tt21390830/
tt31179749,Quadrant,2024,73,"Horror,Sci-Fi",4.3,180,https://www.imdb.com/title/tt31179749/
tt5663962,Crocodylus,2017,100,"Horror,Sci-Fi",2.6,180,https://www.imdb.com/title/tt5663962/
tt0090847,City of Shadows,1987,92,"Action,Sci-Fi,Thriller",5.1,179,https://www.imdb.com/title/tt0090847/
tt0108091,Sex and the Single Alien,1993,89,"Comedy,Sci-Fi",3.9,179,https://www.imdb.com/title/tt0108091/
tt0991010,Mad Warrior,1984,75,"Action,Fantasy,Sci-Fi",3.9,179,https://www.imdb.com/title/tt0991010/
tt14730740,Zone Drifter,2021,94,"Action,Adventure,Sci-Fi",2.2,179,https://www.imdb.com/title/tt14730740/
tt29474638,Desert Road,2024,90,"Horror,Sci-Fi",6.6,179,https://www.imdb.com/title/tt29474638/
tt6079330,Yesterday Wonder I Was,2017,80,"Fantasy,Romance,Sci-Fi",6.7,179,https://www.imdb.com/title/tt6079330/
tt7108744,Soundwave,2018,98,"Drama,Sci-Fi",4.7,179,https://www.imdb.com/title/tt7108744/
tt7575410,Zoo Wars,2018,70,"Animation,Comedy,Sci-Fi",2.2,179,https://www.imdb.com/title/tt7575410/
tt0116943,Lurid Tales: The Castle Queen,1998,82,"Drama,Fantasy,Sci-Fi",3.5,178,https://www.imdb.com/title/tt0116943/
tt0338443,Diamond Zero,2005,92,"Action,Comedy,Sci-Fi",3.8,178,https://www.imdb.com/title/tt0338443/
tt12975102,Staycation,2024,94,"Comedy,Horror,Sci-Fi",3.2,178,https://www.imdb.com/title/tt12975102/
tt13496358,Absolute Denial,2021,71,"Animation,Sci-Fi",7.0,178,https://www.imdb.com/title/tt13496358/
tt31887611,Iravin Kangal,2024,116,"Sci-Fi,Thriller",6.5,178,https://www.imdb.com/title/tt31887611/
tt7624514,Rewind: Die zweite Chance,2017,106,"Crime,Sci-Fi,Thriller",5.3,178,https://www.imdb.com/title/tt7624514/
tt16102870,Alien Shark,2022,72,"Drama,Horror,Sci-Fi",2.4,177,https://www.imdb.com/title/tt16102870/
tt1740684,Midori-ko,2010,55,"Animation,Horror,Sci-Fi",6.4,177,https://www.imdb.com/title/tt1740684/
tt4527400,Monster: The Prehistoric Project,2015,79,"Horror,Sci-Fi",1.4,177,https://www.imdb.com/title/tt4527400/
tt8936792,Alternate Ground,2021,92,"Drama,Mystery,Sci-Fi",3.8,177,https://www.imdb.com/title/tt8936792/
tt0781012,Sgt. Frog: The Super Movie,2006,60,"Animation,Comedy,Sci-Fi",6.3,176,https://www.imdb.com/title/tt0781012/
tt0956294,Firefly,2005,104,"Drama,Sci-Fi",5.4,176,https://www.imdb.com/title/tt0956294/
tt15679698,Killer Witches from Outer Space,2024,82,"Adventure,Horror,Sci-Fi",3.6,176,https://www.imdb.com/title/tt15679698/
tt19766334,Xanadu Hellfire,2022,105,"Action,Fantasy,Sci-Fi",4.2,176,https://www.imdb.com/title/tt19766334/
tt30319826,Slyth: The Hunt Saga,2023,99,"Action,Romance,Sci-Fi",4.1,176,https://www.imdb.com/title/tt30319826/
tt3510476,Star Wars: The Force Unleashed II,2014,45,"Animation,Sci-Fi",6.8,176,https://www.imdb.com/title/tt3510476/
tt0424238,The Limb Salesman,2004,80,"Drama,Sci-Fi",5.4,175,https://www.imdb.com/title/tt0424238/
tt0440730,Bipedalism,2005,94,"Drama,Sci-Fi",6.4,175,https://www.imdb.com/title/tt0440730/
tt19357628,Doomsday Stories,2023,120,"Action,Horror,Sci-Fi",2.8,175,https://www.imdb.com/title/tt19357628/
tt31262765,Babezilla vs the Cyber Skanks: Rise of MechaBabezilla,2024,55,Sci-Fi,3.7,175,https://www.imdb.com/title/tt31262765/
tt0321249,The Antman,2002,94,"Comedy,Horror,Sci-Fi",4.4,174,https://www.imdb.com/title/tt0321249/
tt1641640,The Oatmeal Man,2014,81,"Comedy,Horror,Sci-Fi",3.2,174,https://www.imdb.com/title/tt1641640/
tt26622746,It All Comes with the Cold Water,2024,88,"Drama,Sci-Fi",4.4,174,https://www.imdb.com/title/tt26622746/
tt27540253,From the End of the World,2023,135,"Drama,Sci-Fi",6.2,174,https://www.imdb.com/title/tt27540253/
tt3351348,Pixel Theory,2013,90,Sci-Fi,5.0,174,https://www.imdb.com/title/tt3351348/
tt6423956,Carolina's Calling,2021,93,"Adventure,Comedy,Sci-Fi",3.4,174,https://www.imdb.com/title/tt6423956/
tt0116584,Hungry for You,1996,92,"Sci-Fi,Thriller",3.4,173,https://www.imdb.com/title/tt0116584/
tt0174441,Grandmothers Get Boosted,1984,101,"Comedy,Horror,Sci-Fi",5.9,173,https://www.imdb.com/title/tt0174441/
tt0208870,Cóndor Crux,2000,88,"Adventure,Animation,Sci-Fi",4.2,173,https://www.imdb.com/title/tt0208870/
tt13877410,War of the God Monsters,1985,87,Sci-Fi,3.7,173,https://www.imdb.com/title/tt13877410/
tt18450678,The Impact,2022,142,"Action,Drama,Sci-Fi",6.2,173,https://www.imdb.com/title/tt18450678/
tt2385522,Hyperfutura,2013,61,Sci-Fi,2.3,173,https://www.imdb.com/title/tt2385522/
tt36820502,Meteor: Final Impact,2025,78,"Action,Sci-Fi",1.7,173,https://www.imdb.com/title/tt36820502/
tt0110960,Regenerated Man,1994,89,"Horror,Sci-Fi",4.0,172,https://www.imdb.com/title/tt0110960/
tt0205722,Absolute Aggression,1996,91,"Action,Sci-Fi,Thriller",3.2,172,https://www.imdb.com/title/tt0205722/
tt1343077,Alien Presence,2009,86,"Horror,Sci-Fi,Thriller",2.7,172,https://www.imdb.com/title/tt1343077/
tt2898834,Idõugrók 3 - Lidércháborús Múlt,2013,91,Sci-Fi,5.5,172,https://www.imdb.com/title/tt2898834/
tt31946567,Red vs. Blue: Restoration,2024,85,"Action,Sci-Fi",5.7,172,https://www.imdb.com/title/tt31946567/
tt5872888,The Generator,2017,72,Sci-Fi,3.3,172,https://www.imdb.com/title/tt5872888/
tt0083771,Crosstalk,1982,83,"Crime,Romance,Sci-Fi",5.5,171,https://www.imdb.com/title/tt0083771/
tt0096962,The Wiz Kid,1989,97,"Comedy,Romance,Sci-Fi",5.8,171,https://www.imdb.com/title/tt0096962/
tt0122145,Empire of Ash III,1989,98,"Action,Fantasy,Sci-Fi",3.6,171,https://www.imdb.com/title/tt0122145/
tt1398918,2084,2009,83,"Horror,Sci-Fi,Thriller",4.8,171,https://www.imdb.com/title/tt1398918/
tt2512528,The Watchers: Revelation,2013,91,"Action,Adventure,Sci-Fi",4.0,171,https://www.imdb.com/title/tt2512528/
tt7488288,Anya,2019,80,"Drama,Sci-Fi",4.2,171,https://www.imdb.com/title/tt7488288/
tt0097168,Deadly Reactor,1989,88,"Action,Sci-Fi,Western",3.0,170,https://www.imdb.com/title/tt0097168/
tt10923940,Lava,2019,67,"Animation,Comedy,Sci-Fi",5.6,170,https://www.imdb.com/title/tt10923940/
tt12837582,Broadcast,2022,88,"Fantasy,Sci-Fi",2.7,170,https://www.imdb.com/title/tt12837582/
tt2442620,Paradox,2016,103,"Drama,Romance,Sci-Fi",6.0,170,https://www.imdb.com/title/tt2442620/
tt5447962,Fluidø,2017,80,Sci-Fi,3.6,170,https://www.imdb.com/title/tt5447962/
tt2040470,Plato's Reality Machine,2013,79,"Comedy,Drama,Sci-Fi",3.1,169,https://www.imdb.com/title/tt2040470/
tt32386443,Mutant,2024,90,"Action,Sci-Fi",4.0,169,https://www.imdb.com/title/tt32386443/
tt4941032,Oxalis,2018,97,"Sci-Fi,Thriller",3.7,169,https://www.imdb.com/title/tt4941032/
tt14417286,Alya,2023,115,"Action,Sci-Fi",8.7,168,https://www.imdb.com/title/tt14417286/
tt2082417,Schilf,2012,90,"Drama,Sci-Fi,Thriller",4.7,168,https://www.imdb.com/title/tt2082417/
tt4604996,The Green Woman,2022,89,"Drama,Sci-Fi",3.3,168,https://www.imdb.com/title/tt4604996/
tt0087290,Frankenstein's Great Aunt Tillie,1984,100,"Comedy,Horror,Sci-Fi",2.4,167,https://www.imdb.com/title/tt0087290/
tt0103120,The Third Planet,1991,99,Sci-Fi,5.8,167,https://www.imdb.com/title/tt0103120/
tt0384804,All Tomorrow's Parties,2003,96,"Drama,Sci-Fi",5.8,167,https://www.imdb.com/title/tt0384804/
tt0457490,Star Worms II: Attack of the Pleasure Pods,1985,90,Sci-Fi,2.0,167,https://www.imdb.com/title/tt0457490/
tt1401674,Recon 2023: The Gauda Prime Conspiracy,2009,101,"Comedy,Sci-Fi",3.3,167,https://www.imdb.com/title/tt1401674/
tt14374350,(R)Evolution (2021),2021,83,"Comedy,Drama,Sci-Fi",6.5,167,https://www.imdb.com/title/tt14374350/
tt5801522,Into the Outbreak,2017,83,"Horror,Sci-Fi",2.1,167,https://www.imdb.com/title/tt5801522/
tt7008412,Expiry,2021,85,Sci-Fi,3.6,167,https://www.imdb.com/title/tt7008412/
tt0094160,Shuto shôshitsu,1987,120,"Mystery,Sci-Fi",5.7,166,https://www.imdb.com/title/tt0094160/
tt0228690,Outlaw Prophet,2001,90,Sci-Fi,2.9,166,https://www.imdb.com/title/tt0228690/
tt12021598,Coronavirus. Apocalypse,2020,66,"Fantasy,Sci-Fi,Thriller",7.9,166,https://www.imdb.com/title/tt12021598/
tt13098780,Creep Encounters,2024,72,"Horror,Sci-Fi",2.4,166,https://www.imdb.com/title/tt13098780/
tt8959742,Alien Surveillance,2018,75,"Horror,Sci-Fi,Thriller",1.9,166,https://www.imdb.com/title/tt8959742/
tt9081788,"Hi, A.I.",2019,90,"Documentary,Family,Sci-Fi",6.3,166,https://www.imdb.com/title/tt9081788/
tt23769666,1984,2023,132,"Drama,Sci-Fi",4.0,165,https://www.imdb.com/title/tt23769666/
tt3407024,Space Brothers #0,2014,90,"Animation,Comedy,Sci-Fi",7.5,165,https://www.imdb.com/title/tt3407024/
tt4388964,Haphead,2015,70,Sci-Fi,4.9,165,https://www.imdb.com/title/tt4388964/
tt0085468,El E.T.E. y el Oto,1983,70,"Comedy,Sci-Fi",2.8,164,https://www.imdb.com/title/tt0085468/
tt1642669,Zombies from Outer Space,2012,90,"Comedy,Horror,Sci-Fi",4.5,164,https://www.imdb.com/title/tt1642669/
tt26761313,Kukolnik,2023,92,"Horror,Sci-Fi,Thriller",5.2,164,https://www.imdb.com/title/tt26761313/
tt5330596,GARAKOWA - Restore the World,2015,67,"Animation,Drama,Sci-Fi",5.6,164,https://www.imdb.com/title/tt5330596/
tt6660148,Kecksburg,2019,87,"Horror,Sci-Fi",3.1,164,https://www.imdb.com/title/tt6660148/
tt10151656,The 11th Green,2020,108,"Drama,History,Sci-Fi",5.5,163,https://www.imdb.com/title/tt10151656/
tt27330370,Revival,2024,93,"Horror,Sci-Fi,Thriller",3.7,163,https://www.imdb.com/title/tt27330370/
tt3590964,Existir,2021,82,"Fantasy,Sci-Fi",4.5,163,https://www.imdb.com/title/tt3590964/
tt0089912,The Revenge of the Teenage Vixens from Outer Space,1985,83,"Comedy,Sci-Fi",3.3,162,https://www.imdb.com/title/tt0089912/
tt0090266,A Virus Knows No Morals,1986,84,"Comedy,Drama,Sci-Fi",5.5,162,https://www.imdb.com/title/tt0090266/
tt0095503,The Lawless Land,1988,81,"Action,Adventure,Sci-Fi",4.1,162,https://www.imdb.com/title/tt0095503/
tt0113632,Legion of the Night,1995,85,"Action,Horror,Sci-Fi",4.2,162,https://www.imdb.com/title/tt0113632/
tt0200739,O ippotis tis lakouvas,1985,93,"Comedy,Sci-Fi",4.7,162,https://www.imdb.com/title/tt0200739/
tt2734938,Movement and Location,2014,96,"Drama,Mystery,Sci-Fi",5.9,162,https://www.imdb.com/title/tt2734938/
tt4421802,Alone Man,2016,88,"Drama,Romance,Sci-Fi",6.3,162,https://www.imdb.com/title/tt4421802/
tt0088187,Strangers in Paradise,1984,84,"Comedy,Musical,Sci-Fi",4.6,161,https://www.imdb.com/title/tt0088187/
tt0183933,Ultraman Zearth,1996,51,"Action,Sci-Fi",6.0,161,https://www.imdb.com/title/tt0183933/
tt10518732,Exposure 36,2021,92,"Sci-Fi,Thriller",3.7,161,https://www.imdb.com/title/tt10518732/
tt10520054,Bloodsucker's Planet,2019,67,"Horror,Sci-Fi",4.5,161,https://www.imdb.com/title/tt10520054/
tt27949946,Cosmic Chaos,2023,87,"Sci-Fi,Thriller",4.5,161,https://www.imdb.com/title/tt27949946/
tt30971158,Alien Hunt,2024,80,Sci-Fi,2.9,161,https://www.imdb.com/title/tt30971158/
tt3661410,Parabellum,2015,75,Sci-Fi,5.2,161,https://www.imdb.com/title/tt3661410/
tt5164664,Aliens & Gufors,2017,89,"Comedy,Family,Sci-Fi",4.8,161,https://www.imdb.com/title/tt5164664/
tt5822910,Iqbal & superchippen,2016,80,"Comedy,Family,Sci-Fi",4.5,161,https://www.imdb.com/title/tt5822910/
tt0287641,Pól serio,2000,85,"Comedy,Sci-Fi",6.1,160,https://www.imdb.com/title/tt0287641/
tt12556212,"They Came from the Sky, I Saw Them!",2020,46,Sci-Fi,5.3,160,https://www.imdb.com/title/tt12556212/
tt12736740,The Past Tense,2018,65,"Comedy,Sci-Fi",6.2,160,https://www.imdb.com/title/tt12736740/
tt1626835,Gundala Putra Petir,1981,\N,"Action,Sci-Fi",6.6,160,https://www.imdb.com/title/tt1626835/
tt1995400,Piercing Brightness,2013,77,"Drama,Sci-Fi",3.5,160,https://www.imdb.com/title/tt1995400/
tt2856046,Night People,2015,108,"Horror,Sci-Fi,Thriller",3.8,160,https://www.imdb.com/title/tt2856046/
tt36639420,Jinsei,2025,93,"Animation,Drama,Sci-Fi",6.5,160,https://www.imdb.com/title/tt36639420/
tt0094187,The Trouble with Dick,1987,86,"Comedy,Sci-Fi",5.2,159,https://www.imdb.com/title/tt0094187/
tt1692889,Plug & Pray,2010,90,"Documentary,Sci-Fi",7.1,159,https://www.imdb.com/title/tt1692889/
tt4347994,Three Worlds,2018,88,"Drama,Sci-Fi",2.9,159,https://www.imdb.com/title/tt4347994/
tt6074542,Friend of the World,2020,50,"Comedy,Horror,Sci-Fi",4.6,159,https://www.imdb.com/title/tt6074542/
tt0082668,Lo que vendrá,1988,96,"Crime,Drama,Sci-Fi",6.2,158,https://www.imdb.com/title/tt0082668/
tt0214468,Space Armageddon,1996,86,"Animation,Fantasy,Sci-Fi",4.1,158,https://www.imdb.com/title/tt0214468/
tt0395932,Able Edwards,2004,87,"Drama,Sci-Fi",5.5,158,https://www.imdb.com/title/tt0395932/
tt0841185,Whatever Happened to Pete Blaggit?,2011,94,"Comedy,Sci-Fi",6.3,158,https://www.imdb.com/title/tt0841185/
tt1593655,Browncoats: Redemption,2010,96,Sci-Fi,5.0,158,https://www.imdb.com/title/tt1593655/
tt3729034,Time Will Tell,2018,79,"Drama,Sci-Fi,Thriller",4.8,158,https://www.imdb.com/title/tt3729034/
tt6355698,The Last Astronaut,2019,75,Sci-Fi,3.9,158,https://www.imdb.com/title/tt6355698/
tt7529360,Mandao of the Dead,2018,74,"Comedy,Horror,Sci-Fi",4.6,158,https://www.imdb.com/title/tt7529360/
tt0144315,Mom's Outta Sight,1998,93,"Comedy,Sci-Fi",3.6,157,https://www.imdb.com/title/tt0144315/
tt0238318,It Came from Somewhere Else,1988,89,"Comedy,Sci-Fi",5.0,157,https://www.imdb.com/title/tt0238318/
tt14037884,Ayar,2021,84,"Drama,Sci-Fi,Thriller",4.9,157,https://www.imdb.com/title/tt14037884/
tt14631276,The Social Experiment,2022,97,"Drama,Sci-Fi,Thriller",3.2,157,https://www.imdb.com/title/tt14631276/
tt1653064,Serena and the Ratts,2012,97,"Action,Drama,Sci-Fi",3.8,157,https://www.imdb.com/title/tt1653064/
tt1836918,Slow Action,2011,45,Sci-Fi,6.9,157,https://www.imdb.com/title/tt1836918/
tt7625712,Pocketman and Cargoboy,2018,87,"Adventure,Comedy,Sci-Fi",2.3,157,https://www.imdb.com/title/tt7625712/
tt8706138,Ava,2020,99,"Sci-Fi,Thriller",3.0,157,https://www.imdb.com/title/tt8706138/
tt0166560,Dandy Dust,1998,94,Sci-Fi,5.5,156,https://www.imdb.com/title/tt0166560/
tt0362822,Light and the Sufferer,2007,70,"Drama,Sci-Fi",4.5,156,https://www.imdb.com/title/tt0362822/
tt10081728,Santamaria,2019,85,"Mystery,Sci-Fi",5.8,156,https://www.imdb.com/title/tt10081728/
tt1134671,No Time to Fear,2009,\N,"Horror,Sci-Fi,Thriller",3.4,156,https://www.imdb.com/title/tt1134671/
tt2557650,Insight,2013,103,"Drama,Sci-Fi,Thriller",4.7,156,https://www.imdb.com/title/tt2557650/
tt0189198,War Is Menstrual Envy,1992,77,"Fantasy,Sci-Fi",4.8,155,https://www.imdb.com/title/tt0189198/
tt0368561,Acne,2000,65,"Comedy,Horror,Sci-Fi",3.6,155,https://www.imdb.com/title/tt0368561/
tt1103272,Night Things,2010,91,"Horror,Mystery,Sci-Fi",3.8,155,https://www.imdb.com/title/tt1103272/
tt22697178,The Hyperborean,2023,94,"Comedy,Horror,Sci-Fi",5.3,155,https://www.imdb.com/title/tt22697178/
tt2447952,Ares 11,2016,89,"Drama,Sci-Fi,Thriller",3.6,155,https://www.imdb.com/title/tt2447952/
tt9251402,Infinite Sea,2021,78,"Drama,Sci-Fi",5.6,155,https://www.imdb.com/title/tt9251402/
tt9896768,The Immortal Wars: Rebirth,2021,84,Sci-Fi,3.7,155,https://www.imdb.com/title/tt9896768/
tt0227379,Rex: A Dinosaur's Story,1993,106,"Family,Fantasy,Sci-Fi",6.0,154,https://www.imdb.com/title/tt0227379/
tt10334636,Future Soldier,2023,82,Sci-Fi,3.1,154,https://www.imdb.com/title/tt10334636/
tt10423106,The Sun Does Not Move,2021,110,"Crime,Sci-Fi,Thriller",4.8,154,https://www.imdb.com/title/tt10423106/
tt2340076,The Search for Simon,2013,97,"Comedy,Sci-Fi",4.5,154,https://www.imdb.com/title/tt2340076/
tt2363481,Treasure Chest of Horrors 3,2014,88,"Comedy,Horror,Sci-Fi",2.7,154,https://www.imdb.com/title/tt2363481/
tt3625906,Space Trucker Bruce,2014,87,"Comedy,Sci-Fi",4.8,154,https://www.imdb.com/title/tt3625906/
tt3772660,House of Time,2015,86,"Comedy,Mystery,Sci-Fi",5.7,154,https://www.imdb.com/title/tt3772660/
tt5086772,Man Underground,2016,95,"Drama,Sci-Fi",6.2,154,https://www.imdb.com/title/tt5086772/
tt5613786,Wetware,2018,104,Sci-Fi,3.7,154,https://www.imdb.com/title/tt5613786/
tt0091154,Gröna gubbar från Y.R.,1986,85,"Family,Sci-Fi",3.8,153,https://www.imdb.com/title/tt0091154/
tt10204316,Through the Ashes,2019,95,"Action,Adventure,Sci-Fi",3.2,153,https://www.imdb.com/title/tt10204316/
tt12182184,Toxic,2020,80,"Drama,Sci-Fi",5.4,153,https://www.imdb.com/title/tt12182184/
tt2100558,The Parasite Doctor Suzune: Evolution,2011,72,"Sci-Fi,Thriller",3.4,153,https://www.imdb.com/title/tt2100558/
tt3950198,Space Captain: Captain of Space!,2014,88,"Adventure,Comedy,Sci-Fi",6.6,153,https://www.imdb.com/title/tt3950198/
tt8597286,The Killing House,2018,80,"Action,Horror,Sci-Fi",3.0,153,https://www.imdb.com/title/tt8597286/
tt0335057,Don't Ask Don't Tell,2002,75,"Comedy,Fantasy,Sci-Fi",3.7,152,https://www.imdb.com/title/tt0335057/
tt0358351,Ainoa,2005,95,"Adventure,Sci-Fi",4.8,152,https://www.imdb.com/title/tt0358351/
tt13983486,Dimland,2021,75,"Fantasy,Romance,Sci-Fi",5.0,152,https://www.imdb.com/title/tt13983486/
tt1966387,Clear Skies 3,2011,74,Sci-Fi,7.5,152,https://www.imdb.com/title/tt1966387/
tt3245334,Time Trip App,2014,\N,"Action,Sci-Fi",5.1,152,https://www.imdb.com/title/tt3245334/
tt33202060,Universal,2025,90,"Comedy,Drama,Sci-Fi",4.9,152,https://www.imdb.com/title/tt33202060/
tt33513683,Aiden,2024,74,"Horror,Sci-Fi,Thriller",2.1,152,https://www.imdb.com/title/tt33513683/
tt34792661,Ogiva: O Mundo Não é Mais Nosso,2024,80,Sci-Fi,6.4,152,https://www.imdb.com/title/tt34792661/
tt6418890,Virgin Hunters 3: Agents of Passion,2017,83,"Comedy,Sci-Fi",3.3,152,https://www.imdb.com/title/tt6418890/
tt0307922,Adiós querida luna,2004,100,"Comedy,Sci-Fi",5.3,151,https://www.imdb.com/title/tt0307922/
tt0831289,Event 16,2006,72,Sci-Fi,4.2,151,https://www.imdb.com/title/tt0831289/
tt12980392,Project Dreams: How to Build Mazinger Z's Hangar,2020,116,"Drama,Fantasy,Sci-Fi",6.0,151,https://www.imdb.com/title/tt12980392/
tt13054188,"Hataraku Saibo!! Saikyo no Teki, Futatabi. Karada no Naka wa Cho Osawagi!",2020,115,"Action,Animation,Sci-Fi",6.7,151,https://www.imdb.com/title/tt13054188/
tt15725474,My Robot Brother,2022,84,"Family,Sci-Fi",5.5,151,https://www.imdb.com/title/tt15725474/
tt1774607,The Family Complete,2010,106,"Comedy,Sci-Fi",4.6,151,https://www.imdb.com/title/tt1774607/
tt9890758,Ultraman R/B: Select! The Crystal of Bond,2019,72,"Action,Sci-Fi",6.5,151,https://www.imdb.com/title/tt9890758/
tt0117612,Technofear,1995,89,"Action,Sci-Fi,Thriller",3.9,150,https://www.imdb.com/title/tt0117612/
tt1156311,Green Eyed Monster,2007,84,"Horror,Mystery,Sci-Fi",2.8,150,https://www.imdb.com/title/tt1156311/
tt11689278,The Astronaut of God,2020,70,Sci-Fi,3.1,150,https://www.imdb.com/title/tt11689278/
tt12922360,Dagger Kiss: Enchanted Forest,2020,80,"Fantasy,Sci-Fi",2.6,150,https://www.imdb.com/title/tt12922360/
tt13872780,Samyy Novyy god!,2020,80,"Comedy,Sci-Fi",6.2,150,https://www.imdb.com/title/tt13872780/
tt18560214,Backwards Faces,2022,68,"Comedy,Sci-Fi",7.2,150,https://www.imdb.com/title/tt18560214/
tt8272852,Maximillian,2019,72,"Action,Sci-Fi,Thriller",3.6,150,https://www.imdb.com/title/tt8272852/
tt0388779,Blood of the Beast,2003,74,"Horror,Sci-Fi,Thriller",3.5,149,https://www.imdb.com/title/tt0388779/
tt13056304,Mind Talker,2021,98,"Crime,Sci-Fi,Thriller",2.5,149,https://www.imdb.com/title/tt13056304/
tt4253170,The Apostles,2013,91,"Fantasy,Horror,Sci-Fi",4.5,149,https://www.imdb.com/title/tt4253170/
tt6244144,A Repartição do Tempo,2016,100,"Comedy,Sci-Fi",6.0,149,https://www.imdb.com/title/tt6244144/
tt0142916,Time Escapade: 5 Seconds Til Climax,1986,76,"Comedy,Sci-Fi",5.6,148,https://www.imdb.com/title/tt0142916/
tt0253122,Hick Trek: The Moovie,1999,60,"Comedy,Sci-Fi",4.3,148,https://www.imdb.com/title/tt0253122/
tt0811007,Perarasu,2006,140,"Action,Sci-Fi,Thriller",4.6,148,https://www.imdb.com/title/tt0811007/
tt26684750,Ultra Red,2023,95,"Sci-Fi,Thriller",2.9,148,https://www.imdb.com/title/tt26684750/
tt3312230,Future Justice,2014,90,"Action,Sci-Fi",3.7,148,https://www.imdb.com/title/tt3312230/
tt0101828,Eternal Fist,1992,95,"Action,Sci-Fi",4.7,147,https://www.imdb.com/title/tt0101828/
tt1878858,Attack of the Moon Zombies,2011,99,"Horror,Sci-Fi",5.6,147,https://www.imdb.com/title/tt1878858/
tt33074503,Shark Evil,2023,76,"Sci-Fi,Thriller",4.1,147,https://www.imdb.com/title/tt33074503/
tt1430064,"1,001 Ways to Enjoy the Missionary Position",2010,83,"Comedy,Drama,Sci-Fi",4.1,146,https://www.imdb.com/title/tt1430064/
tt2428726,Inverse,2014,100,"Mystery,Sci-Fi",4.7,146,https://www.imdb.com/title/tt2428726/
tt3968004,Deadly Reunion,2016,72,"Horror,Mystery,Sci-Fi",2.4,146,https://www.imdb.com/title/tt3968004/
tt0088955,The Cosmic Eye,1986,71,"Animation,Sci-Fi",6.1,145,https://www.imdb.com/title/tt0088955/
tt0162876,Barn of the Blood Llama,1997,79,"Comedy,Horror,Sci-Fi",2.4,145,https://www.imdb.com/title/tt0162876/
tt0249591,Hyper Space,1989,81,"Sci-Fi,Thriller",4.3,145,https://www.imdb.com/title/tt0249591/
tt1114731,Seres: Genesis,2010,110,"Action,Adventure,Sci-Fi",3.7,145,https://www.imdb.com/title/tt1114731/
tt12734252,Almost Human,2020,91,"Crime,Romance,Sci-Fi",4.7,145,https://www.imdb.com/title/tt12734252/
tt2452800,El Xendra,2012,112,Sci-Fi,5.0,145,https://www.imdb.com/title/tt2452800/
tt2862288,She Sings to the Stars,2015,106,"Drama,Mystery,Sci-Fi",6.7,145,https://www.imdb.com/title/tt2862288/
tt2983922,The Night Visitor 2: Heather's Story,2016,69,Sci-Fi,3.8,145,https://www.imdb.com/title/tt2983922/
tt3018560,They Will Outlive Us All,2013,73,"Comedy,Horror,Sci-Fi",4.5,145,https://www.imdb.com/title/tt3018560/
tt4362644,Hacked,2016,88,"Action,Sci-Fi,Thriller",4.3,145,https://www.imdb.com/title/tt4362644/
tt6852204,Offworld: Alien Planet,2024,92,"Drama,Sci-Fi",2.9,145,https://www.imdb.com/title/tt6852204/
tt8488534,Zooey,2021,77,"Comedy,Drama,Sci-Fi",4.5,145,https://www.imdb.com/title/tt8488534/
tt8551054,Forbidden Power,2018,94,Sci-Fi,3.7,145,https://www.imdb.com/title/tt8551054/
tt0097934,Mutant on the Bounty,1989,93,"Comedy,Crime,Sci-Fi",4.0,144,https://www.imdb.com/title/tt0097934/
tt0197218,Akvanavty,1980,80,"Adventure,Sci-Fi",5.5,144,https://www.imdb.com/title/tt0197218/
tt0215568,Billions for Boris,1984,94,"Comedy,Sci-Fi",5.3,144,https://www.imdb.com/title/tt0215568/
tt0382910,Planetfall,2005,90,"Action,Drama,Sci-Fi",2.7,144,https://www.imdb.com/title/tt0382910/
tt0404337,The Praying Mantis,2004,96,"Romance,Sci-Fi,Thriller",4.9,144,https://www.imdb.com/title/tt0404337/
tt0969694,The Sperm,2007,93,"Comedy,Sci-Fi",5.9,144,https://www.imdb.com/title/tt0969694/
tt13635040,Lunamancer,2021,71,"Fantasy,Sci-Fi",3.4,144,https://www.imdb.com/title/tt13635040/
tt1558258,The Arcadian,2011,72,Sci-Fi,5.4,144,https://www.imdb.com/title/tt1558258/
tt15771902,Boreal,2024,82,"Drama,Sci-Fi",3.7,144,https://www.imdb.com/title/tt15771902/
tt1732160,Grizzly Flats,2011,90,"Horror,Sci-Fi",2.7,144,https://www.imdb.com/title/tt1732160/
tt1869593,The Almighty Tycoon of the Ninja,2008,102,"Action,Comedy,Sci-Fi",7.0,144,https://www.imdb.com/title/tt1869593/
tt4956160,Censor,2017,121,"Action,Sci-Fi,Thriller",4.5,144,https://www.imdb.com/title/tt4956160/
tt7117690,3 Feet Ball & Souls,2017,93,"Drama,Mystery,Sci-Fi",6.4,144,https://www.imdb.com/title/tt7117690/
tt0086609,Twinkle Twinkle Little Star,1983,92,"Comedy,Sci-Fi",4.7,143,https://www.imdb.com/title/tt0086609/
tt0106440,Blue Flame,1993,88,"Drama,Sci-Fi",4.3,143,https://www.imdb.com/title/tt0106440/
tt0123825,Escape from DS-3,1981,90,"Crime,Sci-Fi",4.0,143,https://www.imdb.com/title/tt0123825/
tt0152098,PSI Factor,1980,91,"Mystery,Sci-Fi",3.9,143,https://www.imdb.com/title/tt0152098/
tt1298605,Sounds,2008,90,"Comedy,Sci-Fi",3.5,143,https://www.imdb.com/title/tt1298605/
tt13009174,The Nomad,2023,84,"Sci-Fi,Thriller",3.3,143,https://www.imdb.com/title/tt13009174/
tt17503424,Kepler Sexto B,2023,\N,"Comedy,Drama,Sci-Fi",5.8,143,https://www.imdb.com/title/tt17503424/
tt18722864,Our Man in L.A.,2024,71,Sci-Fi,3.8,143,https://www.imdb.com/title/tt18722864/
tt23745590,States of Mind,2024,120,"Comedy,Horror,Sci-Fi",8.2,143,https://www.imdb.com/title/tt23745590/
tt0108228,Strange Horizons,1992,79,Sci-Fi,3.3,142,https://www.imdb.com/title/tt0108228/
tt0356179,Visceral Matter,1997,48,Sci-Fi,5.4,142,https://www.imdb.com/title/tt0356179/
tt0469135,Mil Mascaras vs. the Aztec Mummy,2007,90,"Horror,Sci-Fi",6.9,142,https://www.imdb.com/title/tt0469135/
tt10666594,Laguna Ave,2021,80,"Comedy,Sci-Fi",4.3,142,https://www.imdb.com/title/tt10666594/
tt21987308,Robotica Destructiva,2023,78,"Comedy,Sci-Fi",3.7,142,https://www.imdb.com/title/tt21987308/
tt3120970,The God Question,2014,90,"Drama,Sci-Fi",4.4,142,https://www.imdb.com/title/tt3120970/
tt33184621,The School Duel,2024,90,"Drama,Sci-Fi,Thriller",6.9,142,https://www.imdb.com/title/tt33184621/
tt4333578,Robot Revolution,2015,85,Sci-Fi,2.3,142,https://www.imdb.com/title/tt4333578/
tt4877264,The Projects,2016,103,"Comedy,Sci-Fi",6.4,142,https://www.imdb.com/title/tt4877264/
tt0119970,My Apocalypse,2008,82,"Comedy,Drama,Sci-Fi",4.0,141,https://www.imdb.com/title/tt0119970/
tt12844798,Residents of Arcadia,2021,83,Sci-Fi,5.4,141,https://www.imdb.com/title/tt12844798/
tt14440038,"Vortex, the Dawn of Sovereignty",2021,71,Sci-Fi,4.7,141,https://www.imdb.com/title/tt14440038/
tt2258212,Rulers of Darkness,2013,89,"Mystery,Sci-Fi,Thriller",2.5,141,https://www.imdb.com/title/tt2258212/
tt27169848,Jupiter,2023,100,"Drama,Sci-Fi,Thriller",5.9,141,https://www.imdb.com/title/tt27169848/
tt4187786,Nocturnal Activity,2014,80,"Horror,Sci-Fi",2.3,141,https://www.imdb.com/title/tt4187786/
tt6119210,Resonance,2018,73,"Horror,Sci-Fi,Thriller",3.2,141,https://www.imdb.com/title/tt6119210/
tt0104463,Humanoids from Atlantis,1992,45,"Comedy,Sci-Fi",3.0,140,https://www.imdb.com/title/tt0104463/
tt0230424,Kotsos and the Extraterrestrials,1980,101,"Comedy,Sci-Fi",3.7,140,https://www.imdb.com/title/tt0230424/
tt13110406,Krispr,2023,100,"Sci-Fi,Thriller",3.6,140,https://www.imdb.com/title/tt13110406/
tt1887669,Astro Zombies: M4 - Invaders from Cyberspace,2012,90,"Comedy,Horror,Sci-Fi",4.4,140,https://www.imdb.com/title/tt1887669/
tt2343473,Echo Dr.,2013,81,"Action,Drama,Sci-Fi",3.5,140,https://www.imdb.com/title/tt2343473/
tt7918178,Spheres,2018,45,"Documentary,Sci-Fi",7.2,140,https://www.imdb.com/title/tt7918178/
tt0347534,Messengers,2004,96,"Drama,Mystery,Sci-Fi",5.7,139,https://www.imdb.com/title/tt0347534/
tt2925290,Air,2014,90,"Adventure,Drama,Sci-Fi",2.9,139,https://www.imdb.com/title/tt2925290/
tt6077540,Yesterday's Girl,2018,89,"Action,Drama,Sci-Fi",2.3,139,https://www.imdb.com/title/tt6077540/
tt7919180,"Aliens, Clowns & Geeks",2019,90,"Comedy,Sci-Fi",4.7,139,https://www.imdb.com/title/tt7919180/
tt0251369,The Remnant,2001,106,"Horror,Sci-Fi,Thriller",3.4,138,https://www.imdb.com/title/tt0251369/
tt0296811,Power King,1995,71,"Action,Horror,Sci-Fi",3.3,138,https://www.imdb.com/title/tt0296811/
tt0371282,Tales from Beyond,2004,115,"Drama,Fantasy,Sci-Fi",4.3,138,https://www.imdb.com/title/tt0371282/
tt1010409,My DNA Says I Love You,2007,95,"Comedy,Romance,Sci-Fi",4.8,138,https://www.imdb.com/title/tt1010409/
tt2243192,Ultraman Cosmos vs. Ultraman Justice: The Final Battle,2003,77,"Action,Adventure,Sci-Fi",7.3,138,https://www.imdb.com/title/tt2243192/
tt0308195,Whit Monday,1991,117,"Drama,Sci-Fi",6.2,137,https://www.imdb.com/title/tt0308195/
tt0860528,Salvation,2007,86,"Action,Horror,Sci-Fi",2.5,137,https://www.imdb.com/title/tt0860528/
tt14850514,Obratimaya realnost,2022,84,"Sci-Fi,Thriller",4.7,137,https://www.imdb.com/title/tt14850514/
tt0128755,Time Tracers,1997,101,Sci-Fi,3.7,136,https://www.imdb.com/title/tt0128755/
tt0130503,Beyond the Universe,1981,93,Sci-Fi,3.3,136,https://www.imdb.com/title/tt0130503/
tt14039986,The Rejected,2018,60,Sci-Fi,2.8,136,https://www.imdb.com/title/tt14039986/
tt21418328,Apocalypse Unknown,2022,51,"Drama,Horror,Sci-Fi",5.6,136,https://www.imdb.com/title/tt21418328/
tt2197905,Dystopia: 2013,2012,122,Sci-Fi,2.6,136,https://www.imdb.com/title/tt2197905/
tt3552316,Vampariah,2016,90,"Horror,Sci-Fi",3.9,136,https://www.imdb.com/title/tt3552316/
tt5295412,Christmas with Cookie,2016,53,"Comedy,Horror,Sci-Fi",3.3,136,https://www.imdb.com/title/tt5295412/
tt5809726,Project E.1337: ALPHA,2018,70,"Action,Drama,Sci-Fi",3.0,136,https://www.imdb.com/title/tt5809726/
tt7987842,Zayed 9,2021,90,"Action,Mystery,Sci-Fi",7.2,136,https://www.imdb.com/title/tt7987842/
tt9154936,The 11th Patient,2019,80,"Horror,Mystery,Sci-Fi",3.9,136,https://www.imdb.com/title/tt9154936/
tt0139000,L'affaire des divisions Morituri,1985,72,"Drama,Sci-Fi",5.6,135,https://www.imdb.com/title/tt0139000/
tt0194640,Abrigo Nuclear,1981,86,Sci-Fi,6.3,135,https://www.imdb.com/title/tt0194640/
tt0229523,Laboratory,1983,90,Sci-Fi,3.6,135,https://www.imdb.com/title/tt0229523/
tt10942192,FP 4EVZ,2023,74,"Adventure,Comedy,Sci-Fi",4.7,135,https://www.imdb.com/title/tt10942192/
tt15438014,Stone Turtle,2022,91,"Drama,Mystery,Sci-Fi",6.6,135,https://www.imdb.com/title/tt15438014/
tt3842962,Restoration,2016,50,"Sci-Fi,Thriller",5.8,135,https://www.imdb.com/title/tt3842962/
tt4309612,Ao oni ver. 2.0,2015,71,"Horror,Sci-Fi,Thriller",4.2,135,https://www.imdb.com/title/tt4309612/
tt6065900,Earth Without War,2017,53,"Drama,Sci-Fi,War",3.1,135,https://www.imdb.com/title/tt6065900/
tt9826820,The Connection,2021,86,Sci-Fi,3.3,135,https://www.imdb.com/title/tt9826820/
tt0265705,Saurians,1994,83,"Action,Sci-Fi",3.4,134,https://www.imdb.com/title/tt0265705/
tt0459575,Tsuburo no gara,2004,68,"Mystery,Sci-Fi",5.4,134,https://www.imdb.com/title/tt0459575/
tt10820704,Kamen Rider Reiwa: The First Generation,2019,98,"Action,Fantasy,Sci-Fi",7.0,134,https://www.imdb.com/title/tt10820704/
tt1294160,Exile,2008,82,"Action,Romance,Sci-Fi",3.6,134,https://www.imdb.com/title/tt1294160/
tt1337467,The Coming,2009,100,Sci-Fi,5.4,134,https://www.imdb.com/title/tt1337467/
tt2380333,Worm,2013,93,"Horror,Romance,Sci-Fi",5.5,134,https://www.imdb.com/title/tt2380333/
tt3484312,Zoe and the Astronaut,2018,88,"Drama,Romance,Sci-Fi",5.3,134,https://www.imdb.com/title/tt3484312/
tt4452702,Jimm's Plan,2014,91,"Comedy,Romance,Sci-Fi",3.3,134,https://www.imdb.com/title/tt4452702/
tt5494840,Phuntroo,2016,142,Sci-Fi,5.1,134,https://www.imdb.com/title/tt5494840/
tt0482018,Project Grey,2007,90,"Sci-Fi,Thriller",3.3,133,https://www.imdb.com/title/tt0482018/
tt4532446,Driftwood,2016,75,"Drama,Sci-Fi,Thriller",4.8,133,https://www.imdb.com/title/tt4532446/
tt8005336,Kung Fu Traveler 2,2017,95,"Action,Fantasy,Sci-Fi",4.4,133,https://www.imdb.com/title/tt8005336/
tt0093937,The Secret of the Incas' Empire,1987,94,"Action,Adventure,Sci-Fi",3.8,132,https://www.imdb.com/title/tt0093937/
tt0112318,Galaxy Girls,1997,85,Sci-Fi,4.5,132,https://www.imdb.com/title/tt0112318/
tt0140305,No Sympathy for the Devil,1997,82,"Romance,Sci-Fi",6.7,132,https://www.imdb.com/title/tt0140305/
tt0157688,The Gathering,1998,58,"Drama,Fantasy,Sci-Fi",4.6,132,https://www.imdb.com/title/tt0157688/
tt0254839,The Urge to Kill,1989,82,"Fantasy,Horror,Sci-Fi",3.9,132,https://www.imdb.com/title/tt0254839/
tt0899129,Africa paradis,2006,86,"Drama,Sci-Fi",5.2,132,https://www.imdb.com/title/tt0899129/
tt2196746,C.O.O.L.I.O Time Travel Gangster,2014,85,"Action,Sci-Fi",6.1,132,https://www.imdb.com/title/tt2196746/
tt2657152,Infestation: Day One,2013,58,"Horror,Sci-Fi,Thriller",6.7,132,https://www.imdb.com/title/tt2657152/
tt32600135,Operation War Thunder,2024,74,"Comedy,Sci-Fi",3.2,132,https://www.imdb.com/title/tt32600135/
tt0218157,Sex Files: Digital Sex,1998,80,Sci-Fi,3.9,131,https://www.imdb.com/title/tt0218157/
tt11562864,The Fist of Death,1982,97,"Action,Adventure,Sci-Fi",4.5,130,https://www.imdb.com/title/tt11562864/
tt12532466,Guidance,2021,93,"Drama,Romance,Sci-Fi",5.9,130,https://www.imdb.com/title/tt12532466/
tt15435004,The Site,2025,91,"Drama,Sci-Fi,Thriller",5.1,130,https://www.imdb.com/title/tt15435004/
tt9556198,Raiga: The Monster from the Deep Sea,2009,80,"Action,Fantasy,Sci-Fi",4.6,130,https://www.imdb.com/title/tt9556198/
tt0142163,Sexy Timetrip Ninjas,1984,65,"Comedy,Sci-Fi",5.2,129,https://www.imdb.com/title/tt0142163/
tt0210012,Dragon Fury II,1996,100,"Action,Sci-Fi",6.0,129,https://www.imdb.com/title/tt0210012/
tt0439709,Monarch of the Moon,2005,98,"Action,Comedy,Sci-Fi",5.8,129,https://www.imdb.com/title/tt0439709/
tt12444960,Elvis from Outer Space,2020,91,"Adventure,Comedy,Sci-Fi",4.1,129,https://www.imdb.com/title/tt12444960/
tt14822268,The House with No Address,2024,96,Sci-Fi,6.1,129,https://www.imdb.com/title/tt14822268/
tt2075291,Cyborg Nemesis: The Dark Rift,2013,100,"Action,Sci-Fi",7.9,129,https://www.imdb.com/title/tt2075291/
tt21325168,Invisible Shark,2023,67,"Comedy,Drama,Sci-Fi",6.1,129,https://www.imdb.com/title/tt21325168/
tt2328691,Nervo Craniano Zero,2012,88,"Comedy,Horror,Sci-Fi",6.1,129,https://www.imdb.com/title/tt2328691/
tt3625220,Legends from the Sky,2015,85,Sci-Fi,5.1,129,https://www.imdb.com/title/tt3625220/
tt3839256,Batguano,2014,74,"Mystery,Romance,Sci-Fi",5.4,129,https://www.imdb.com/title/tt3839256/
tt5594954,Capio,2025,81,Sci-Fi,3.8,129,https://www.imdb.com/title/tt5594954/
tt8767626,Raduaa,2018,130,"Comedy,Sci-Fi",4.8,129,https://www.imdb.com/title/tt8767626/
tt9846650,Thrive II: This Is What It Takes,2020,151,"Documentary,Sci-Fi",7.0,129,https://www.imdb.com/title/tt9846650/
tt0126850,Cyberstalker,1995,96,"Horror,Sci-Fi",3.7,128,https://www.imdb.com/title/tt0126850/
tt0149428,Captive,1980,95,Sci-Fi,4.6,128,https://www.imdb.com/title/tt0149428/
tt0212881,Last Stand,2000,94,"Action,Sci-Fi",3.9,128,https://www.imdb.com/title/tt0212881/
tt0297080,Deuces,2001,90,"Sci-Fi,Thriller",4.0,128,https://www.imdb.com/title/tt0297080/
tt0321649,Gore from Outer Space,2001,85,"Comedy,Horror,Sci-Fi",5.5,128,https://www.imdb.com/title/tt0321649/
tt1000146,Prism,2007,117,"Drama,Mystery,Sci-Fi",3.5,128,https://www.imdb.com/title/tt1000146/
tt12002786,Monster SeaFood Wars,2020,84,"Comedy,Fantasy,Sci-Fi",5.0,128,https://www.imdb.com/title/tt12002786/
tt1280016,The Childhood of Icarus,2009,96,"Drama,Sci-Fi,Thriller",5.2,128,https://www.imdb.com/title/tt1280016/
tt27430508,Andromeda 3,2024,\N,Sci-Fi,3.9,128,https://www.imdb.com/title/tt27430508/
tt30258769,Space Ranger,2024,\N,"Action,Adventure,Sci-Fi",3.8,128,https://www.imdb.com/title/tt30258769/
tt3385354,Jayson Bend: Queen and Country,2015,49,"Action,Comedy,Sci-Fi",5.8,128,https://www.imdb.com/title/tt3385354/
tt4796190,Not Another Sci-Fi Movie,2013,90,"Comedy,Sci-Fi",2.4,128,https://www.imdb.com/title/tt4796190/
tt0257625,Lovers Beyond Time,1990,85,"Mystery,Romance,Sci-Fi",6.1,127,https://www.imdb.com/title/tt0257625/
tt1337715,The Tower,2008,90,"Fantasy,Horror,Sci-Fi",4.9,127,https://www.imdb.com/title/tt1337715/
tt24132084,Thorns,2023,91,"Horror,Sci-Fi",3.1,127,https://www.imdb.com/title/tt24132084/
tt36870725,Terrestrial,2025,90,"Sci-Fi,Thriller",5.1,127,https://www.imdb.com/title/tt36870725/
tt7593298,A Brief History of Time Travel,2018,65,"Documentary,Sci-Fi",5.9,127,https://www.imdb.com/title/tt7593298/
tt0097293,Escape from Safehaven,1988,87,Sci-Fi,5.6,126,https://www.imdb.com/title/tt0097293/
tt0105119,She Starts the Fire,1992,87,"Comedy,Romance,Sci-Fi",4.9,126,https://www.imdb.com/title/tt0105119/
tt0245378,Quarantine,1989,95,Sci-Fi,4.7,126,https://www.imdb.com/title/tt0245378/
tt1373138,The First Man,1996,88,Sci-Fi,4.1,126,https://www.imdb.com/title/tt1373138/
tt17424878,Palimpsest,2022,109,"Drama,Fantasy,Sci-Fi",6.1,126,https://www.imdb.com/title/tt17424878/
tt21227626,The Son of the Stars,1988,78,"Animation,Sci-Fi",6.6,126,https://www.imdb.com/title/tt21227626/
tt28656570,Mundane,2025,82,Sci-Fi,5.2,126,https://www.imdb.com/title/tt28656570/
tt3361192,Revenge of the Spacemen,2014,75,"Comedy,Horror,Sci-Fi",4.6,126,https://www.imdb.com/title/tt3361192/
tt5069098,The Cult,2015,70,Sci-Fi,4.8,126,https://www.imdb.com/title/tt5069098/
tt7471706,Things 4,2017,85,"Horror,Sci-Fi",2.5,126,https://www.imdb.com/title/tt7471706/
tt9673218,Beneath the Trees,2019,76,"Horror,Sci-Fi,Thriller",3.3,126,https://www.imdb.com/title/tt9673218/
tt0245799,Rage of the Innocents,2001,93,"Action,Sci-Fi,Thriller",5.8,125,https://www.imdb.com/title/tt0245799/
tt0368298,Star Wait,2005,74,"Comedy,Documentary,Sci-Fi",6.3,125,https://www.imdb.com/title/tt0368298/
tt1278374,Iodine,2009,97,"Drama,Mystery,Sci-Fi",6.8,125,https://www.imdb.com/title/tt1278374/
tt1450331,Signals 2,2013,107,"Action,Sci-Fi,Thriller",4.5,125,https://www.imdb.com/title/tt1450331/
tt18351128,The Amazing Spiderman 2 Webb Cut,2021,\N,Sci-Fi,7.3,125,https://www.imdb.com/title/tt18351128/
tt2445418,"Felix, Net i Nika oraz teoretycznie mozliwa katastrofa",2012,104,"Adventure,Family,Sci-Fi",3.7,125,https://www.imdb.com/title/tt2445418/
tt4218250,Zombie Cats from Mars,2015,97,"Horror,Sci-Fi",4.0,125,https://www.imdb.com/title/tt4218250/
tt0254950,A.Li.Ce,2000,85,"Adventure,Animation,Sci-Fi",4.2,124,https://www.imdb.com/title/tt0254950/
tt0263657,Lipgloss Explosion!,2001,106,"Comedy,Sci-Fi",5.5,124,https://www.imdb.com/title/tt0263657/
tt0461021,Death on Saturn's Moon,2000,87,"Sci-Fi,Thriller",3.9,124,https://www.imdb.com/title/tt0461021/
tt12740962,Wandering Leaves,2023,102,"Drama,Romance,Sci-Fi",6.0,124,https://www.imdb.com/title/tt12740962/
tt1292563,Dust,2009,91,"Drama,Sci-Fi",6.6,124,https://www.imdb.com/title/tt1292563/
tt2290573,The Castle of Crossed Destinies,2012,124,"Drama,Sci-Fi",5.7,124,https://www.imdb.com/title/tt2290573/
tt2927664,Vegas Skyline,2012,74,"Sci-Fi,Thriller",2.9,124,https://www.imdb.com/title/tt2927664/
tt7101994,Hollow Scream,2018,72,"Horror,Sci-Fi",3.3,124,https://www.imdb.com/title/tt7101994/
tt0178229,Amazon Warrior,1998,83,"Action,Sci-Fi",4.4,123,https://www.imdb.com/title/tt0178229/
tt12683224,2.0 Lucy,2022,93,Sci-Fi,3.9,123,https://www.imdb.com/title/tt12683224/
tt13068436,The 12 Day Tale of the Monster That Died in 8,2020,88,"Comedy,Drama,Sci-Fi",5.3,123,https://www.imdb.com/title/tt13068436/
tt14492378,Marijuana Minutes,2022,85,"Comedy,Sci-Fi",4.8,123,https://www.imdb.com/title/tt14492378/
tt21288116,It's in the Woods,2022,107,"Horror,Mystery,Sci-Fi",3.5,123,https://www.imdb.com/title/tt21288116/
tt27502334,Valensole 1965,2024,90,"Drama,Sci-Fi",6.1,123,https://www.imdb.com/title/tt27502334/
tt3659768,Blackness,2014,66,"Drama,Sci-Fi",5.2,123,https://www.imdb.com/title/tt3659768/
tt5014122,Brute Sanity,2017,82,"Sci-Fi,Thriller",3.7,123,https://www.imdb.com/title/tt5014122/
tt5081702,Before the Dark,2017,60,Sci-Fi,3.6,123,https://www.imdb.com/title/tt5081702/
tt8363916,A Vanishing Fog,2021,76,"Drama,Mystery,Sci-Fi",4.6,123,https://www.imdb.com/title/tt8363916/
tt8806520,Nova Star,2021,\N,Sci-Fi,7.2,123,https://www.imdb.com/title/tt8806520/
tt0085453,Tomorrow We Dance,1982,100,"Comedy,Sci-Fi",6.4,122,https://www.imdb.com/title/tt0085453/
tt0208173,The Fury of the Karate Experts,1982,87,"Action,Adventure,Sci-Fi",4.4,122,https://www.imdb.com/title/tt0208173/
tt1784603,Retorno,2010,80,"Crime,Mystery,Sci-Fi",6.0,122,https://www.imdb.com/title/tt1784603/
tt20562862,Bigfoot vs Krampus,2021,70,"Animation,Sci-Fi",3.1,122,https://www.imdb.com/title/tt20562862/
tt21338902,Khronos,2022,98,"Adventure,Family,Sci-Fi",5.7,122,https://www.imdb.com/title/tt21338902/
tt2189332,Science Friction,2012,90,"Drama,Horror,Sci-Fi",2.4,122,https://www.imdb.com/title/tt2189332/
tt35255688,I Want to Be Boss,2025,122,"Comedy,Drama,Sci-Fi",4.4,122,https://www.imdb.com/title/tt35255688/
tt4666748,ErOddity(s) 2,2015,94,"Drama,Horror,Sci-Fi",3.8,122,https://www.imdb.com/title/tt4666748/
tt9697340,Rogue Cell,2019,76,"Action,Drama,Sci-Fi",3.5,122,https://www.imdb.com/title/tt9697340/
tt12345076,Star Warrior - The Legend of Aciris,2021,78,Sci-Fi,4.6,121,https://www.imdb.com/title/tt12345076/
tt1272492,Signals,2008,135,Sci-Fi,7.3,121,https://www.imdb.com/title/tt1272492/
tt16402488,Dogum,2021,72,"Sci-Fi,Thriller",3.3,121,https://www.imdb.com/title/tt16402488/
tt18765420,Curse of the Re-Animator,2022,49,"Horror,Sci-Fi",5.1,121,https://www.imdb.com/title/tt18765420/
tt1877646,Gene-Fusion,2011,78,"Animation,Sci-Fi",3.8,121,https://www.imdb.com/title/tt1877646/
tt2278398,Space Sheriff Gavan: The Movie,2012,83,"Adventure,Sci-Fi",6.4,121,https://www.imdb.com/title/tt2278398/
tt27450445,First Time Caller,2022,75,Sci-Fi,6.1,121,https://www.imdb.com/title/tt27450445/
tt4572202,Lights,2015,96,Sci-Fi,5.4,121,https://www.imdb.com/title/tt4572202/
tt5958758,Weresquito: Nazi Hunter,2016,78,"Horror,Sci-Fi,War",4.6,121,https://www.imdb.com/title/tt5958758/
tt0182668,8 Man,1992,83,"Action,Sci-Fi",5.4,120,https://www.imdb.com/title/tt0182668/
tt0928187,Bharathan,2007,\N,"Drama,Sci-Fi",5.8,120,https://www.imdb.com/title/tt0928187/
tt1640193,Toxic Lullaby,2010,92,"Action,Horror,Sci-Fi",5.9,120,https://www.imdb.com/title/tt1640193/
tt21060202,Rise of the Jurassic,2022,80,"Action,Adventure,Sci-Fi",4.0,120,https://www.imdb.com/title/tt21060202/
tt2910992,Listen,2012,95,"Drama,Romance,Sci-Fi",4.9,120,https://www.imdb.com/title/tt2910992/
tt8425648,The Last Bite,2020,70,"Drama,Mystery,Sci-Fi",4.0,120,https://www.imdb.com/title/tt8425648/
tt0295667,Space Warrior Baldios: The Movie,1981,99,"Action,Animation,Sci-Fi",6.7,119,https://www.imdb.com/title/tt0295667/
tt0298109,A Dog Called Pain,2001,90,"Animation,Sci-Fi",6.7,119,https://www.imdb.com/title/tt0298109/
tt3076694,Runaway Day,2013,86,"Drama,Sci-Fi",5.3,119,https://www.imdb.com/title/tt3076694/
tt3350042,In the Country of Last Things,2020,89,"Drama,Sci-Fi",6.0,119,https://www.imdb.com/title/tt3350042/
tt3747550,Captive,2016,84,"Drama,Horror,Sci-Fi",4.2,119,https://www.imdb.com/title/tt3747550/
tt6415100,Defiant,2019,98,"Action,Drama,Sci-Fi",4.8,119,https://www.imdb.com/title/tt6415100/
tt7106728,Identity,2024,84,"Action,Drama,Sci-Fi",5.3,119,https://www.imdb.com/title/tt7106728/
tt0264747,Kak stat schastlivym,1986,89,"Comedy,Musical,Sci-Fi",6.3,118,https://www.imdb.com/title/tt0264747/
tt0460522,An Occurrence at Owl Creek Bridge,2005,51,"Drama,Romance,Sci-Fi",7.3,118,https://www.imdb.com/title/tt0460522/
tt1144578,Dark Side of Heaven,2008,93,Sci-Fi,2.8,118,https://www.imdb.com/title/tt1144578/
tt1260515,Ultraman Cosmos: The Blue Planet,2002,75,"Action,Sci-Fi",6.6,118,https://www.imdb.com/title/tt1260515/
tt14899034,Exopolitics,2021,79,"Sci-Fi,Thriller",3.4,118,https://www.imdb.com/title/tt14899034/
tt17374278,Revolution X,2022,92,Sci-Fi,5.2,118,https://www.imdb.com/title/tt17374278/
tt4835558,Garden of Eden,2015,93,"Comedy,Drama,Sci-Fi",5.8,118,https://www.imdb.com/title/tt4835558/
tt8537296,Last Call in the Dog House,2021,91,"Drama,Sci-Fi",4.3,118,https://www.imdb.com/title/tt8537296/
tt0140826,Sun Wind,1980,122,"Drama,Romance,Sci-Fi",4.3,117,https://www.imdb.com/title/tt0140826/
tt0193124,Double Role,1999,110,"Drama,Sci-Fi",6.0,117,https://www.imdb.com/title/tt0193124/
tt0273788,Marching Out of Time,1993,77,"Comedy,Sci-Fi",4.8,117,https://www.imdb.com/title/tt0273788/
tt0293923,The Second Coming,1995,53,"Drama,Sci-Fi",3.6,117,https://www.imdb.com/title/tt0293923/
tt1649970,The Dead Can't Dance,2010,98,"Comedy,Horror,Sci-Fi",5.6,117,https://www.imdb.com/title/tt1649970/
tt1764584,Sektor 236,2010,\N,Sci-Fi,2.2,117,https://www.imdb.com/title/tt1764584/
tt2207178,The Oxbow Cure,2013,79,"Drama,Horror,Sci-Fi",5.9,117,https://www.imdb.com/title/tt2207178/
tt35314383,Boonie Bears: Future Reborn,2025,109,"Animation,Comedy,Sci-Fi",6.0,117,https://www.imdb.com/title/tt35314383/
tt37025200,Battle Beyond Mars,2025,70,"Action,Adventure,Sci-Fi",2.9,117,https://www.imdb.com/title/tt37025200/
tt6025356,Muerte: Tales of Horror,2018,94,"Fantasy,Horror,Sci-Fi",5.0,117,https://www.imdb.com/title/tt6025356/
tt8830290,Attack of the Killer Chickens: The Movie,2022,63,"Comedy,Horror,Sci-Fi",2.6,117,https://www.imdb.com/title/tt8830290/
tt0119705,Morella,1999,88,"Sci-Fi,Thriller",3.3,116,https://www.imdb.com/title/tt0119705/
tt0156005,The Random Factor,1995,94,Sci-Fi,3.9,116,https://www.imdb.com/title/tt0156005/
tt0309012,Killed by Lightning,2002,65,"Drama,Sci-Fi",6.2,116,https://www.imdb.com/title/tt0309012/
tt2943024,Porobashinee,2017,\N,"Action,Sci-Fi,Thriller",5.1,116,https://www.imdb.com/title/tt2943024/
tt3748850,Centurion AD: Demons Within,2017,102,"Action,Adventure,Sci-Fi",5.8,116,https://www.imdb.com/title/tt3748850/
tt5332274,Arpeggio of Blue Steel: Ars Nova - Cadenza,2015,105,"Animation,Sci-Fi",7.1,116,https://www.imdb.com/title/tt5332274/
tt5723896,When Everything's Gone,2020,112,"Sci-Fi,Thriller",3.5,116,https://www.imdb.com/title/tt5723896/
tt6035396,After the End,2020,90,"Drama,Sci-Fi,Thriller",2.8,116,https://www.imdb.com/title/tt6035396/
tt6679640,The Bunker,2017,107,"Drama,Mystery,Sci-Fi",6.4,116,https://www.imdb.com/title/tt6679640/
tt0076426,Music of the Spheres,1984,72,"Drama,Sci-Fi",6.7,115,https://www.imdb.com/title/tt0076426/
tt0102420,Maxim Xul,1991,90,"Horror,Sci-Fi",3.8,115,https://www.imdb.com/title/tt0102420/
tt0107070,Halbe Welt,1993,83,"Drama,Sci-Fi",6.1,115,https://www.imdb.com/title/tt0107070/
tt0155304,UFO Kidnapped,1984,51,"Adventure,Sci-Fi,Thriller",6.8,115,https://www.imdb.com/title/tt0155304/
tt0264108,Trinity,2003,82,"Drama,Sci-Fi,Thriller",4.7,115,https://www.imdb.com/title/tt0264108/
tt0277829,Black Milk,1999,101,"Comedy,Sci-Fi",4.9,115,https://www.imdb.com/title/tt0277829/
tt13049968,Alchemy of the Spirit,2022,92,Sci-Fi,5.2,115,https://www.imdb.com/title/tt13049968/
tt1476411,Killer School Girls from Outer Space,2011,91,"Horror,Sci-Fi",5.9,115,https://www.imdb.com/title/tt1476411/
tt28681652,Binary Samurai,2023,81,Sci-Fi,2.7,115,https://www.imdb.com/title/tt28681652/
tt3371582,The Truth,2014,99,"Drama,Sci-Fi,Thriller",5.1,115,https://www.imdb.com/title/tt3371582/
tt5061124,The Laws of the Universe Part 0,2015,125,"Action,Animation,Sci-Fi",5.8,115,https://www.imdb.com/title/tt5061124/
tt0113065,Final Equinox,1995,90,"Action,Sci-Fi",3.6,114,https://www.imdb.com/title/tt0113065/
tt10636130,Making Sense,2021,\N,"Drama,Sci-Fi",5.2,114,https://www.imdb.com/title/tt10636130/
tt13357462,Sender,2020,110,Sci-Fi,3.7,114,https://www.imdb.com/title/tt13357462/
tt2960220,Arrobá,2013,97,"Comedy,Crime,Sci-Fi",3.7,114,https://www.imdb.com/title/tt2960220/
tt3249034,The Sighting,2015,81,"Drama,Mystery,Sci-Fi",4.4,114,https://www.imdb.com/title/tt3249034/
tt4444446,The Sun,2016,129,Sci-Fi,5.3,114,https://www.imdb.com/title/tt4444446/
tt4457008,In Memory Of,2018,122,"Adventure,Horror,Sci-Fi",5.0,114,https://www.imdb.com/title/tt4457008/
tt6801580,A Wish for Giants,2018,78,"Drama,Fantasy,Sci-Fi",7.4,114,https://www.imdb.com/title/tt6801580/
tt7053940,The Kingdom of Var,2019,81,"Horror,Sci-Fi,Thriller",3.4,114,https://www.imdb.com/title/tt7053940/
tt7662118,Short Circuit,2019,126,"Comedy,Drama,Sci-Fi",7.8,114,https://www.imdb.com/title/tt7662118/
tt9286542,Taking Tiger Mountain: Revisited,2019,77,"Drama,Sci-Fi",5.0,114,https://www.imdb.com/title/tt9286542/
tt9471786,Creatures of the Night,2022,95,"Horror,Sci-Fi",5.1,114,https://www.imdb.com/title/tt9471786/
tt9600960,Computer Hackers,2019,90,Sci-Fi,6.8,114,https://www.imdb.com/title/tt9600960/
tt0086516,Unikum,1984,90,"Comedy,Sci-Fi",5.9,113,https://www.imdb.com/title/tt0086516/
tt0229656,Sex Files: Pleasure World,1998,91,"Romance,Sci-Fi",3.6,113,https://www.imdb.com/title/tt0229656/
tt1263692,Mock Up on Mu,2008,114,"Comedy,Sci-Fi",6.7,113,https://www.imdb.com/title/tt1263692/
tt26935729,Lunar Lockdown,2024,99,Sci-Fi,5.0,113,https://www.imdb.com/title/tt26935729/
tt28759647,Encounters,2023,105,"Drama,Sci-Fi",5.7,113,https://www.imdb.com/title/tt28759647/
tt36727311,Cutter's Club,2025,65,"Horror,Sci-Fi",4.1,113,https://www.imdb.com/title/tt36727311/
tt6343596,Jack vs Lanterns,2017,105,"Comedy,Horror,Sci-Fi",2.7,113,https://www.imdb.com/title/tt6343596/
tt6992030,Once Upon a Superhero,2018,113,"Drama,Sci-Fi",8.0,113,https://www.imdb.com/title/tt6992030/
tt9803316,Riley Parra: Better Angels,2019,111,"Drama,Sci-Fi",5.9,113,https://www.imdb.com/title/tt9803316/
tt16979798,Tiffany the Doll,2022,73,Sci-Fi,4.2,112,https://www.imdb.com/title/tt16979798/
tt2066069,Spanners,2013,85,"Fantasy,Mystery,Sci-Fi",5.3,112,https://www.imdb.com/title/tt2066069/
tt24802714,The Escapee 3: The Final Escape,2024,82,"Action,Mystery,Sci-Fi",2.6,112,https://www.imdb.com/title/tt24802714/
tt0082788,México 2000,1983,95,"Comedy,Fantasy,Sci-Fi",5.8,111,https://www.imdb.com/title/tt0082788/
tt0107677,Nexus 2.431,1994,95,"Romance,Sci-Fi",2.7,111,https://www.imdb.com/title/tt0107677/
tt0112500,Big Sister 2000,1995,90,Sci-Fi,4.1,111,https://www.imdb.com/title/tt0112500/
tt0121659,Professor Ki Padosan,1993,138,"Comedy,Sci-Fi",6.2,111,https://www.imdb.com/title/tt0121659/
tt0167075,Chetvyortaya planeta,1995,84,"Drama,Sci-Fi",6.8,111,https://www.imdb.com/title/tt0167075/
tt3007090,Apeiron,2013,90,"Drama,Sci-Fi,Thriller",4.8,111,https://www.imdb.com/title/tt3007090/
tt3551022,Cronus,2017,91,"Fantasy,Sci-Fi",6.2,111,https://www.imdb.com/title/tt3551022/
tt4874072,Essex Spacebin,2016,79,"Comedy,Sci-Fi",4.9,111,https://www.imdb.com/title/tt4874072/
tt7724770,Disruption,2019,62,"Drama,Sci-Fi",3.2,111,https://www.imdb.com/title/tt7724770/
tt0089493,Pretty Women Walking Through the City,1986,94,Sci-Fi,6.7,110,https://www.imdb.com/title/tt0089493/
tt0217686,The New Women,2001,89,"Comedy,Sci-Fi",6.6,110,https://www.imdb.com/title/tt0217686/
tt0317584,Godzilla 2001,2001,\N,"Comedy,Sci-Fi",6.1,110,https://www.imdb.com/title/tt0317584/
tt11147976,The Horn,2020,\N,"Horror,Sci-Fi",8.3,110,https://www.imdb.com/title/tt11147976/
tt2206094,Sonchidi,2011,55,"Drama,Mystery,Sci-Fi",6.5,110,https://www.imdb.com/title/tt2206094/
tt26902271,Sync,2024,\N,"Sci-Fi,Thriller",4.8,110,https://www.imdb.com/title/tt26902271/
tt28437417,ON i Ona,2024,90,"Drama,Romance,Sci-Fi",4.8,110,https://www.imdb.com/title/tt28437417/
tt31688642,Kuramerukagari,2024,61,"Animation,Mystery,Sci-Fi",5.9,110,https://www.imdb.com/title/tt31688642/
tt33085019,Itch!,2024,82,"Horror,Sci-Fi",4.9,110,https://www.imdb.com/title/tt33085019/
tt3702658,Dawn (aka. Morgenrøde),2014,70,"Fantasy,Sci-Fi,Thriller",5.5,110,https://www.imdb.com/title/tt3702658/
tt37537649,Mare's Nest,2025,98,"Drama,Fantasy,Sci-Fi",5.1,110,https://www.imdb.com/title/tt37537649/
tt5863822,Fagyott május,2017,72,"Horror,Sci-Fi,Thriller",5.2,110,https://www.imdb.com/title/tt5863822/
tt9724114,Kamen Rider Build New World: Kamen Rider Cross-Z,2019,60,"Action,Fantasy,Sci-Fi",7.4,110,https://www.imdb.com/title/tt9724114/
tt0183934,Ultraman Zearth 2,1997,66,"Action,Sci-Fi",7.0,109,https://www.imdb.com/title/tt0183934/
tt28374640,My Mother's Eyes,2023,94,"Fantasy,Horror,Sci-Fi",5.5,109,https://www.imdb.com/title/tt28374640/
tt30809510,Through the Door,2024,70,"Sci-Fi,Thriller",4.0,109,https://www.imdb.com/title/tt30809510/
tt38693245,PostHuman,2025,77,Sci-Fi,6.9,109,https://www.imdb.com/title/tt38693245/
tt4050462,Munchies,2013,142,"Comedy,Horror,Sci-Fi",7.6,109,https://www.imdb.com/title/tt4050462/
tt4228850,Bugs,2014,82,"Comedy,Horror,Sci-Fi",3.4,109,https://www.imdb.com/title/tt4228850/
tt5542350,Feuilles mortes,2016,\N,"Action,Sci-Fi",6.5,109,https://www.imdb.com/title/tt5542350/
tt9530586,Cult of Nightmares,2020,87,"Horror,Sci-Fi",4.4,109,https://www.imdb.com/title/tt9530586/
tt0086499,The Doctor's Pupil,1984,70,"Comedy,Family,Sci-Fi",7.0,108,https://www.imdb.com/title/tt0086499/
tt0207346,Blobermouth,1991,86,"Comedy,Horror,Sci-Fi",6.1,108,https://www.imdb.com/title/tt0207346/
tt0473397,The Sleeper,2007,69,"Sci-Fi,Thriller",6.8,108,https://www.imdb.com/title/tt0473397/
tt0861777,It Came from Another World!,2007,93,Sci-Fi,6.2,108,https://www.imdb.com/title/tt0861777/
tt18183916,Star War the Third Gathers: The Backstroke of the West,2010,140,"Action,Comedy,Sci-Fi",8.8,108,https://www.imdb.com/title/tt18183916/
tt2071490,The Silent Earth,2012,92,"Drama,Sci-Fi,Thriller",4.6,108,https://www.imdb.com/title/tt2071490/
tt26673163,Secret Space UFOs: Apollo 1-11,2023,104,"Documentary,Mystery,Sci-Fi",5.6,108,https://www.imdb.com/title/tt26673163/
tt28496283,Mondo,2023,129,"Comedy,Romance,Sci-Fi",6.8,108,https://www.imdb.com/title/tt28496283/
tt3726006,Appuchi Gramam,2014,168,Sci-Fi,6.1,108,https://www.imdb.com/title/tt3726006/
tt4263774,Parallel,2015,91,"Drama,Sci-Fi",5.7,108,https://www.imdb.com/title/tt4263774/
tt9439344,The Rise of Sir Longbottom,2021,73,"Action,Comedy,Sci-Fi",3.7,108,https://www.imdb.com/title/tt9439344/
tt0130035,Iron Thunder,1998,113,"Action,Adventure,Sci-Fi",4.1,107,https://www.imdb.com/title/tt0130035/
tt12435010,Nothing Else,2021,70,"Fantasy,Sci-Fi,Thriller",4.5,107,https://www.imdb.com/title/tt12435010/
tt2692938,They Call Me Superseven,2016,85,"Action,Comedy,Sci-Fi",7.6,107,https://www.imdb.com/title/tt2692938/
tt28348336,Spark,2024,89,"Drama,Sci-Fi,Thriller",5.5,107,https://www.imdb.com/title/tt28348336/
tt28767376,Postman,2023,108,"Comedy,Drama,Sci-Fi",5.0,107,https://www.imdb.com/title/tt28767376/
tt3158830,Elliot,2017,\N,"Fantasy,Horror,Sci-Fi",3.8,107,https://www.imdb.com/title/tt3158830/
tt4029408,R.E.M.,2015,78,"Drama,Sci-Fi,Thriller",6.2,107,https://www.imdb.com/title/tt4029408/
tt4065010,Dawn of Destruction,2014,85,Sci-Fi,6.3,107,https://www.imdb.com/title/tt4065010/
tt4219304,Aoki Hagane no Arpeggio: Ars Nova DC,2015,105,"Action,Animation,Sci-Fi",6.3,107,https://www.imdb.com/title/tt4219304/
tt0116486,Harald,1997,88,"Comedy,Sci-Fi",7.1,106,https://www.imdb.com/title/tt0116486/
tt0149538,Urutora Q za mûbi: Hoshi no densetsu,1990,112,"Adventure,Sci-Fi",6.5,106,https://www.imdb.com/title/tt0149538/
tt15360764,Mutation on Mars,2021,74,"Drama,Sci-Fi",3.6,106,https://www.imdb.com/title/tt15360764/
tt21990786,Kalendar ma(y)ya,2022,88,"Adventure,Family,Sci-Fi",5.5,106,https://www.imdb.com/title/tt21990786/
tt30993422,Piraty galaktiki Barrakuda,2024,92,"Adventure,Family,Sci-Fi",4.4,106,https://www.imdb.com/title/tt30993422/
tt3508984,Supernatural,2014,106,"Drama,Sci-Fi",4.4,106,https://www.imdb.com/title/tt3508984/
tt0093446,Distant Lights,1987,89,Sci-Fi,6.2,105,https://www.imdb.com/title/tt0093446/
tt0118569,Airboss II: Preemptive Strike,1998,88,"Action,Adventure,Sci-Fi",3.6,105,https://www.imdb.com/title/tt0118569/
tt0221527,Run Like Hell,1995,80,Sci-Fi,3.9,105,https://www.imdb.com/title/tt0221527/
tt0281398,The Zeros,2001,91,"Comedy,Drama,Sci-Fi",6.7,105,https://www.imdb.com/title/tt0281398/
tt0990422,2 Epic,2007,170,Sci-Fi,7.9,105,https://www.imdb.com/title/tt0990422/
tt1152843,Roswell 1847,2007,86,"Drama,Sci-Fi,Western",7.2,105,https://www.imdb.com/title/tt1152843/
tt12593646,Ascension Chronicles,2020,90,Sci-Fi,3.2,105,https://www.imdb.com/title/tt12593646/
tt31848163,Kaiju Glam Metal Shark Attack,2024,70,Sci-Fi,4.2,105,https://www.imdb.com/title/tt31848163/
tt33503342,Make a Girl,2024,92,"Animation,Romance,Sci-Fi",6.3,105,https://www.imdb.com/title/tt33503342/
tt3779844,The Open,2015,103,"Drama,Sci-Fi,Sport",7.3,105,https://www.imdb.com/title/tt3779844/
tt6305342,Nomad,2017,112,"Drama,Sci-Fi",6.2,105,https://www.imdb.com/title/tt6305342/
tt0120205,Statical Planets,1997,\N,"Comedy,Sci-Fi",7.4,104,https://www.imdb.com/title/tt0120205/
tt0289171,The E.Y.E.S. of Mars,1993,\N,"Animation,Drama,Sci-Fi",5.9,104,https://www.imdb.com/title/tt0289171/
tt0963183,Lost: Black Earth,2004,48,"Adventure,Sci-Fi",4.3,104,https://www.imdb.com/title/tt0963183/
tt10127964,Perspectiva,2024,90,"Drama,Sci-Fi",6.1,104,https://www.imdb.com/title/tt10127964/
tt10965108,Time Rewind,2025,\N,"Adventure,Family,Sci-Fi",7.0,104,https://www.imdb.com/title/tt10965108/
tt1202515,Atlantis,2008,90,"Drama,Sci-Fi,Thriller",6.5,104,https://www.imdb.com/title/tt1202515/
tt1702436,Oh! Toumei ningen,2010,61,"Comedy,Fantasy,Sci-Fi",4.6,104,https://www.imdb.com/title/tt1702436/
tt3283802,They Came from the Ether,2014,90,"Fantasy,Horror,Sci-Fi",4.6,104,https://www.imdb.com/title/tt3283802/
tt3508244,Timespace,2014,90,"Drama,Sci-Fi",5.1,104,https://www.imdb.com/title/tt3508244/
tt0272647,Happiness Is a Warm Gun,2001,95,"Drama,Sci-Fi",5.8,103,https://www.imdb.com/title/tt0272647/
tt1193624,Captain Eager and the Mark of Voth,2008,95,Sci-Fi,4.4,103,https://www.imdb.com/title/tt1193624/
tt1234926,The Awakened,2012,86,"Action,Horror,Sci-Fi",4.9,103,https://www.imdb.com/title/tt1234926/
tt1909333,Project Aether,2011,\N,Sci-Fi,7.2,103,https://www.imdb.com/title/tt1909333/
tt2247254,The Carrington Event,2013,49,"Drama,Sci-Fi,Thriller",6.9,103,https://www.imdb.com/title/tt2247254/
tt3295046,"Zyuden Sentai Kyoryuger vs. Go-Busters: Dinosaur Great Battle! Farewell, Eternal Friends",2014,63,"Action,Adventure,Sci-Fi",7.8,103,https://www.imdb.com/title/tt3295046/
tt3400150,Zordon of Eltar,2015,50,"Action,Fantasy,Sci-Fi",6.7,103,https://www.imdb.com/title/tt3400150/
tt4885198,Monochrome: The Chromism,2019,73,"Action,Adventure,Sci-Fi",3.4,103,https://www.imdb.com/title/tt4885198/
tt6819176,Filme B - Os Mutantes do Espaço,2017,100,"Comedy,Sci-Fi",6.8,103,https://www.imdb.com/title/tt6819176/
tt8106530,Alien Goddess,2022,107,"Horror,Sci-Fi",3.9,103,https://www.imdb.com/title/tt8106530/
tt0090086,The Strange Case of Dr. Jekyll and Mr. Hyde,1986,92,"Mystery,Sci-Fi",6.2,102,https://www.imdb.com/title/tt0090086/
tt0106478,Breakfast of Aliens,1993,88,"Comedy,Horror,Sci-Fi",4.3,102,https://www.imdb.com/title/tt0106478/
tt0183981,Visions,1998,92,"Sci-Fi,Thriller",3.7,102,https://www.imdb.com/title/tt0183981/
tt0392155,Incidents in an Expanding Universe,1985,45,Sci-Fi,5.1,102,https://www.imdb.com/title/tt0392155/
tt11695950,Yesterday There Were Strange Things in the Sky,2019,109,"Drama,Sci-Fi",5.5,102,https://www.imdb.com/title/tt11695950/
tt15621500,12 Hours,2022,83,"Action,Sci-Fi",5.7,102,https://www.imdb.com/title/tt15621500/
tt21609312,Echo Base,2023,80,"Action,Sci-Fi,Thriller",4.3,102,https://www.imdb.com/title/tt21609312/
tt27164431,Space Frank,2024,98,"Comedy,Fantasy,Sci-Fi",4.7,102,https://www.imdb.com/title/tt27164431/
tt28434918,Alien Love,2024,75,Sci-Fi,5.9,102,https://www.imdb.com/title/tt28434918/
tt33240854,Mothernet,2025,107,"Drama,Sci-Fi",7.0,102,https://www.imdb.com/title/tt33240854/
tt3533396,Project 42: The universal message,2015,107,Sci-Fi,3.6,102,https://www.imdb.com/title/tt3533396/
tt3567806,Revan,2015,76,Sci-Fi,5.8,102,https://www.imdb.com/title/tt3567806/
tt4520332,The Strategist Anthology,2013,117,"Action,Adventure,Sci-Fi",6.8,102,https://www.imdb.com/title/tt4520332/
tt5787230,Reset,2016,95,Sci-Fi,7.2,102,https://www.imdb.com/title/tt5787230/
tt7148964,Revolt of the Empire of the Apes,2017,75,"Action,Adventure,Sci-Fi",2.7,102,https://www.imdb.com/title/tt7148964/
tt8223770,The Protectors,2020,90,"Adventure,Crime,Sci-Fi",6.2,102,https://www.imdb.com/title/tt8223770/
tt9105364,John Vardar vs the Galaxy,2024,86,"Animation,Comedy,Sci-Fi",7.7,102,https://www.imdb.com/title/tt9105364/
tt9265556,The Peacemakers,2021,80,"Comedy,Sci-Fi",6.9,102,https://www.imdb.com/title/tt9265556/
tt0237199,Echos of Enlightenment,2001,86,"Drama,Mystery,Sci-Fi",6.2,101,https://www.imdb.com/title/tt0237199/
tt0372851,Dark Queen,2004,83,"Horror,Sci-Fi",3.7,101,https://www.imdb.com/title/tt0372851/
tt1194424,Denizen,2010,83,"Action,Horror,Sci-Fi",5.2,101,https://www.imdb.com/title/tt1194424/
tt12683280,Lyd,2023,78,"Documentary,Sci-Fi",8.2,101,https://www.imdb.com/title/tt12683280/
tt13593486,Midnight in a Perfect World,2020,91,"Horror,Sci-Fi,Thriller",4.8,101,https://www.imdb.com/title/tt13593486/
tt1748133,Nicotine Stains,2013,75,"Horror,Sci-Fi,Thriller",5.6,101,https://www.imdb.com/title/tt1748133/
tt1757776,Jesus H. Zombie,2006,47,"Comedy,Horror,Sci-Fi",5.4,101,https://www.imdb.com/title/tt1757776/
tt1869577,My Dog the Space Traveler,2014,97,Sci-Fi,5.0,101,https://www.imdb.com/title/tt1869577/
tt23950632,Ultraman Decker Finale: Journey to Beyond,2023,84,"Action,Sci-Fi",6.6,101,https://www.imdb.com/title/tt23950632/
tt27725750,Eternal Return,2025,115,"Fantasy,Romance,Sci-Fi",7.6,101,https://www.imdb.com/title/tt27725750/
tt4294218,Bill the Galactic Hero,2014,90,"Comedy,Sci-Fi",4.9,101,https://www.imdb.com/title/tt4294218/
tt7399170,Ascendance,2017,84,Sci-Fi,3.0,101,https://www.imdb.com/title/tt7399170/
tt11078340,Slasher House 3,2024,\N,"Action,Horror,Sci-Fi",4.5,100,https://www.imdb.com/title/tt11078340/
tt1362264,Missy and the Maxinator,2009,100,"Adventure,Mystery,Sci-Fi",4.5,100,https://www.imdb.com/title/tt1362264/
tt0189741,Future Memories: Last Christmas,1992,118,"Romance,Sci-Fi",6.8,99,https://www.imdb.com/title/tt0189741/
tt0316290,Mutants,2002,95,"Drama,Sci-Fi",6.7,99,https://www.imdb.com/title/tt0316290/
tt11054928,The Last Loner,2019,72,"Action,Drama,Sci-Fi",4.1,99,https://www.imdb.com/title/tt11054928/
tt13380054,After the Flames: An Apocalypse Anthology,2020,83,"Adventure,Horror,Sci-Fi",5.5,99,https://www.imdb.com/title/tt13380054/
tt1340798,Stem Cell,2009,86,"Sci-Fi,Thriller",3.1,99,https://www.imdb.com/title/tt1340798/
tt1914325,Powerplegic,2013,80,"Horror,Sci-Fi,Thriller",6.3,99,https://www.imdb.com/title/tt1914325/
tt22488952,Unidentified,2022,80,"Drama,Sci-Fi",5.5,99,https://www.imdb.com/title/tt22488952/
tt2553376,Tokumei Sentai Go-Busters vs. Kaizoku Sentai Gokaiger: The Movie,2013,60,"Action,Sci-Fi",7.4,99,https://www.imdb.com/title/tt2553376/
tt31719426,Belladone,2025,91,"Drama,Sci-Fi",5.0,99,https://www.imdb.com/title/tt31719426/
tt7979258,Portal Runner,2021,72,Sci-Fi,5.5,99,https://www.imdb.com/title/tt7979258/
tt0128121,Ciao marziano,1980,88,"Comedy,Sci-Fi",5.1,98,https://www.imdb.com/title/tt0128121/
tt0209514,The Star Inspector,1980,81,Sci-Fi,5.5,98,https://www.imdb.com/title/tt0209514/
tt0384351,Moonlight by the Sea,2003,92,Sci-Fi,6.4,98,https://www.imdb.com/title/tt0384351/
tt0836645,Czarne slonca,1992,81,"Crime,Drama,Sci-Fi",5.9,98,https://www.imdb.com/title/tt0836645/
tt10248344,Adam's Package,2019,81,"Comedy,Sci-Fi",3.8,98,https://www.imdb.com/title/tt10248344/
tt1037124,The Photon Effect,2010,102,Sci-Fi,4.4,98,https://www.imdb.com/title/tt1037124/
tt10499420,Doctor Who: The Husbands of River Song,2015,\N,"Documentary,Sci-Fi",8.6,98,https://www.imdb.com/title/tt10499420/
tt15428880,Killing the eunuch KHAN,2021,110,"Crime,Sci-Fi",5.7,98,https://www.imdb.com/title/tt15428880/
tt27219467,Unexposed,2024,63,"Drama,Sci-Fi,Thriller",7.7,98,https://www.imdb.com/title/tt27219467/
tt30218475,X Files,2023,74,"Horror,Sci-Fi",3.3,98,https://www.imdb.com/title/tt30218475/
tt3901318,The Protokon,2015,105,"Drama,Fantasy,Sci-Fi",7.5,98,https://www.imdb.com/title/tt3901318/
tt6543086,Mighty Raju,2015,60,"Action,Animation,Sci-Fi",6.5,98,https://www.imdb.com/title/tt6543086/
tt7680690,Musclecar,2017,77,"Comedy,Horror,Sci-Fi",4.6,98,https://www.imdb.com/title/tt7680690/
tt0143917,Takilleitor,1998,65,"Comedy,Sci-Fi",2.6,97,https://www.imdb.com/title/tt0143917/
tt0216256,Xscape,2000,135,"Drama,Mystery,Sci-Fi",6.2,97,https://www.imdb.com/title/tt0216256/
tt0933763,Protectors of Universe,1983,70,"Action,Animation,Sci-Fi",5.9,97,https://www.imdb.com/title/tt0933763/
tt1123366,Atom Nine Adventures,2007,\N,"Action,Adventure,Sci-Fi",6.5,97,https://www.imdb.com/title/tt1123366/
tt1226745,Brainjacked,2009,93,"Horror,Sci-Fi",5.6,97,https://www.imdb.com/title/tt1226745/
tt13327756,Volcanic UFO Mysteries,2021,62,"Documentary,Sci-Fi",6.1,97,https://www.imdb.com/title/tt13327756/
tt14477752,Invasion of the Empire of the Apes,2021,74,"Action,Fantasy,Sci-Fi",2.8,97,https://www.imdb.com/title/tt14477752/
tt15086202,Milarepa,2025,100,"Adventure,Drama,Sci-Fi",5.9,97,https://www.imdb.com/title/tt15086202/
tt2094943,Cosplay Fetish Battle Drones,2013,85,"Comedy,Fantasy,Sci-Fi",6.7,97,https://www.imdb.com/title/tt2094943/
tt21880158,Axes and Os,2024,78,"Action,Horror,Sci-Fi",4.8,97,https://www.imdb.com/title/tt21880158/
tt3495174,Serpentarius,2019,80,Sci-Fi,6.8,97,https://www.imdb.com/title/tt3495174/
tt4672272,Pete Winning and the Pirates: The Motion Picture,2015,93,"Adventure,Comedy,Sci-Fi",5.4,97,https://www.imdb.com/title/tt4672272/
tt5705972,Sculpt,2016,120,Sci-Fi,5.9,97,https://www.imdb.com/title/tt5705972/
tt0084056,Health Warning,1983,78,"Action,Sci-Fi",5.3,96,https://www.imdb.com/title/tt0084056/
tt13504694,Alien Invasion,2020,87,"Sci-Fi,Thriller",3.8,96,https://www.imdb.com/title/tt13504694/
tt1388369,Time Again,2011,82,"Action,Adventure,Sci-Fi",5.8,96,https://www.imdb.com/title/tt1388369/
tt15382154,Zemun,2021,86,"Drama,Sci-Fi,Thriller",6.0,96,https://www.imdb.com/title/tt15382154/
tt1820518,Cursed Bastards,2011,120,"Fantasy,Horror,Sci-Fi",6.2,96,https://www.imdb.com/title/tt1820518/
tt1832888,AUN: The Beginning and the End of All Things,2011,100,"Fantasy,Sci-Fi",5.4,96,https://www.imdb.com/title/tt1832888/
tt2369239,Re-Entry: Grey Zone,2013,100,"Action,Sci-Fi,Thriller",6.0,96,https://www.imdb.com/title/tt2369239/
tt7690900,Histórias Estranhas,2017,75,"Fantasy,Horror,Sci-Fi",6.3,96,https://www.imdb.com/title/tt7690900/
tt0138297,Urban Animals,1987,90,"Comedy,Sci-Fi",5.1,95,https://www.imdb.com/title/tt0138297/
tt0309675,"Hesus, rebolusyunaryo",2002,112,"Action,Drama,Sci-Fi",6.5,95,https://www.imdb.com/title/tt0309675/
tt0826814,AD Project,2006,96,"Horror,Sci-Fi",4.6,95,https://www.imdb.com/title/tt0826814/
tt15679102,Tomorrow's Game,2022,85,"Family,Sci-Fi,Sport",7.7,95,https://www.imdb.com/title/tt15679102/
tt1994501,"Buenas noches, España",2011,70,"Drama,Sci-Fi",5.5,95,https://www.imdb.com/title/tt1994501/
tt2627842,Zone,2012,111,"Action,Sci-Fi",6.1,95,https://www.imdb.com/title/tt2627842/
tt30323304,Alien AI: Abducted,2024,75,Sci-Fi,3.9,95,https://www.imdb.com/title/tt30323304/
tt32637533,Beneath,2025,69,Sci-Fi,4.0,95,https://www.imdb.com/title/tt32637533/
tt7391272,Something Crashed in the Woods,2019,74,"Horror,Sci-Fi",1.8,95,https://www.imdb.com/title/tt7391272/
tt7717204,Maggots,2017,71,Sci-Fi,2.6,95,https://www.imdb.com/title/tt7717204/
tt0093847,Never Travel on a One Way Ticket,1987,87,"Drama,Sci-Fi,Thriller",5.6,94,https://www.imdb.com/title/tt0093847/
tt0105237,Resistance,1992,112,"Action,Sci-Fi",5.5,94,https://www.imdb.com/title/tt0105237/
tt0313187,Alien Beach Party Massacre,1996,\N,"Comedy,Horror,Sci-Fi",4.9,94,https://www.imdb.com/title/tt0313187/
tt0884865,Brotherhood of Legio,2007,86,"Drama,Mystery,Sci-Fi",4.6,94,https://www.imdb.com/title/tt0884865/
tt1051915,Resonnances,2006,83,Sci-Fi,4.8,94,https://www.imdb.com/title/tt1051915/
tt15064554,The Day I Found a Girl in a Trash,2021,98,"Drama,Sci-Fi",5.3,94,https://www.imdb.com/title/tt15064554/
tt15203854,Evinced,2022,\N,"Fantasy,Sci-Fi,Thriller",4.4,94,https://www.imdb.com/title/tt15203854/
tt1629444,Night Is Day: The Movie,2012,103,"Action,Sci-Fi",4.7,94,https://www.imdb.com/title/tt1629444/
tt1796581,Parody Movie,2011,81,"Adventure,Comedy,Sci-Fi",5.2,94,https://www.imdb.com/title/tt1796581/
tt22080222,Test Screening,2024,92,"Horror,Sci-Fi",6.7,94,https://www.imdb.com/title/tt22080222/
tt22330520,Raduaa Returns,2024,137,Sci-Fi,5.2,94,https://www.imdb.com/title/tt22330520/
tt35142220,Giorgio Moroder's Metropolis,1984,83,"Drama,Sci-Fi",7.2,94,https://www.imdb.com/title/tt35142220/
tt3746666,"Léa, un ange dans ma maison",2014,88,"Fantasy,Sci-Fi,Thriller",5.9,94,https://www.imdb.com/title/tt3746666/
tt5639788,The Unseen,2017,96,"Drama,Sci-Fi,Thriller",5.8,94,https://www.imdb.com/title/tt5639788/
tt7234694,The Last Ones,2012,78,"Horror,Sci-Fi,Thriller",4.7,94,https://www.imdb.com/title/tt7234694/
tt7978752,The Bestowal,2018,90,"Drama,Romance,Sci-Fi",5.6,94,https://www.imdb.com/title/tt7978752/
tt1260577,The Mandalorian Legacy,2009,93,Sci-Fi,7.2,93,https://www.imdb.com/title/tt1260577/
tt1323529,Nightmare Fuel,2012,78,"Horror,Music,Sci-Fi",6.6,93,https://www.imdb.com/title/tt1323529/
tt13751370,Stabiliti,2022,116,"Action,Crime,Sci-Fi",8.6,93,https://www.imdb.com/title/tt13751370/
tt22234650,Spice Bois: Da Movie,2025,\N,"Action,Comedy,Sci-Fi",9.4,93,https://www.imdb.com/title/tt22234650/
tt27130323,Mega Twister,2024,75,"Action,Sci-Fi",2.7,93,https://www.imdb.com/title/tt27130323/
tt27262377,Decibel,2024,79,"Horror,Music,Sci-Fi",4.7,93,https://www.imdb.com/title/tt27262377/
tt2927178,The First,2014,86,"Sci-Fi,Thriller",4.3,93,https://www.imdb.com/title/tt2927178/
tt3347666,Space Clown,2016,70,"Comedy,Horror,Sci-Fi",3.1,93,https://www.imdb.com/title/tt3347666/
tt3557978,Nambiar,2016,140,"Comedy,Sci-Fi",4.8,93,https://www.imdb.com/title/tt3557978/
tt5139332,Night Sky,2022,96,"Sci-Fi,Thriller",6.1,93,https://www.imdb.com/title/tt5139332/
tt0099621,Flight from Paradise,1990,112,"Action,Adventure,Sci-Fi",5.2,92,https://www.imdb.com/title/tt0099621/
tt0138550,Kam doskáce ranní ptáce,1987,85,"Comedy,Family,Sci-Fi",6.8,92,https://www.imdb.com/title/tt0138550/
tt0152185,Rewind,1998,92,"Sci-Fi,Thriller",5.1,92,https://www.imdb.com/title/tt0152185/
tt0189169,Urutoraman sutori,1984,93,Sci-Fi,6.4,92,https://www.imdb.com/title/tt0189169/
tt0284227,Chaos,2002,\N,Sci-Fi,3.7,92,https://www.imdb.com/title/tt0284227/
tt0288860,I Was a Teenage Zabbadoing,1988,68,"Comedy,Horror,Sci-Fi",5.4,92,https://www.imdb.com/title/tt0288860/
tt11423700,Iron Girl: Final Wars,2019,90,"Action,Sci-Fi",4.0,92,https://www.imdb.com/title/tt11423700/
tt13154372,The End of Endless Love,2020,102,"Drama,Romance,Sci-Fi",6.5,92,https://www.imdb.com/title/tt13154372/
tt1386609,Demekingu,2009,99,"Drama,Horror,Sci-Fi",4.9,92,https://www.imdb.com/title/tt1386609/
tt1951204,Ninja: Prophecy of Death,2011,90,"Action,Horror,Sci-Fi",4.6,92,https://www.imdb.com/title/tt1951204/
tt1976589,Space Transformer,1985,63,"Action,Animation,Sci-Fi",3.7,92,https://www.imdb.com/title/tt1976589/
tt0289696,Dos nacos en el planeta de las mujeres,1991,94,"Comedy,Fantasy,Sci-Fi",4.5,91,https://www.imdb.com/title/tt0289696/
tt0380368,The Brother from Space,1988,90,Sci-Fi,3.5,91,https://www.imdb.com/title/tt0380368/
tt11234300,Kamen Rider Build New World: Kamen Rider Grease,2019,65,"Action,Fantasy,Sci-Fi",7.5,91,https://www.imdb.com/title/tt11234300/
tt2071591,Squid Man,2013,89,"Comedy,Sci-Fi",6.6,91,https://www.imdb.com/title/tt2071591/
tt2245137,Skyhook,2012,97,"Crime,Sci-Fi",3.7,91,https://www.imdb.com/title/tt2245137/
tt3606488,The Late Night Double Feature,2014,90,"Horror,Sci-Fi",6.3,91,https://www.imdb.com/title/tt3606488/
tt38177623,Contamination,2025,107,"Action,Horror,Sci-Fi",7.0,91,https://www.imdb.com/title/tt38177623/
tt4467714,Ovnis en Zacapa,2015,90,"Comedy,Sci-Fi,Thriller",6.2,91,https://www.imdb.com/title/tt4467714/
tt4906884,Genesis: Fall of the Crime Empire,2017,81,"Action,Sci-Fi",4.8,91,https://www.imdb.com/title/tt4906884/
tt5804206,Zvyozdniy vors,2012,115,"Comedy,Fantasy,Sci-Fi",6.1,91,https://www.imdb.com/title/tt5804206/
tt6066590,Flakka Zombie Drug,2023,86,"Horror,Mystery,Sci-Fi",2.8,91,https://www.imdb.com/title/tt6066590/
tt9529752,Makuko,2019,108,"Family,Sci-Fi",6.3,91,https://www.imdb.com/title/tt9529752/
tt0293445,Narcosys,2000,85,"Action,Sci-Fi",3.3,90,https://www.imdb.com/title/tt0293445/
tt10942166,FP3: Escape from Bako,2021,\N,"Comedy,Sci-Fi",7.2,90,https://www.imdb.com/title/tt10942166/
tt1329350,Gathering of Heroes: Legend of the Seven Swords,2018,103,"Action,Fantasy,Sci-Fi",4.6,90,https://www.imdb.com/title/tt1329350/
tt13584338,Another Us,2021,77,Sci-Fi,4.1,90,https://www.imdb.com/title/tt13584338/
tt15420536,Invisible Alien,2021,63,"Sci-Fi,Thriller",4.4,90,https://www.imdb.com/title/tt15420536/
tt1671570,Ghosts with Shit Jobs,2012,94,"Comedy,Drama,Sci-Fi",6.6,90,https://www.imdb.com/title/tt1671570/
tt1954414,Roman's Circuit,2011,93,"Drama,Sci-Fi,Thriller",6.1,90,https://www.imdb.com/title/tt1954414/
tt2447920,Point B,2013,94,"Comedy,Sci-Fi",5.9,90,https://www.imdb.com/title/tt2447920/
tt25818768,Deadly Western,2023,64,"Drama,Sci-Fi,Western",3.9,90,https://www.imdb.com/title/tt25818768/
tt33364334,(Ne) iskusstvennyy intellekt,2025,97,"Adventure,Comedy,Sci-Fi",4.4,90,https://www.imdb.com/title/tt33364334/
tt33490030,Jabberjaw,2025,70,"Horror,Sci-Fi,Thriller",4.0,90,https://www.imdb.com/title/tt33490030/
tt4714032,Battledream Chronicle,2015,108,"Animation,Sci-Fi",7.1,90,https://www.imdb.com/title/tt4714032/
tt4839422,The Arti: The Adventure Begins,2015,103,"Animation,Fantasy,Sci-Fi",5.6,90,https://www.imdb.com/title/tt4839422/
tt7283934,Tales of Tomorrow,2020,85,"Fantasy,Sci-Fi",5.7,90,https://www.imdb.com/title/tt7283934/
tt9447594,The Gambler,2019,121,"Action,Sci-Fi,Thriller",4.9,90,https://www.imdb.com/title/tt9447594/
tt0130177,The Parasite,1997,80,"Horror,Sci-Fi,Thriller",3.7,89,https://www.imdb.com/title/tt0130177/
tt0213963,Omega Diary,1999,95,"Drama,Sci-Fi",3.9,89,https://www.imdb.com/title/tt0213963/
tt0230961,Return from Orbit,1984,89,Sci-Fi,6.1,89,https://www.imdb.com/title/tt0230961/
tt0273161,Cyberon,2000,60,"Action,Drama,Sci-Fi",6.1,89,https://www.imdb.com/title/tt0273161/
tt0330447,Santo: Infraterrestre,2001,85,"Action,Family,Sci-Fi",6.1,89,https://www.imdb.com/title/tt0330447/
tt1449385,Destination: Outer Space,2010,94,"Adventure,Sci-Fi",5.5,89,https://www.imdb.com/title/tt1449385/
tt1773774,The Untitled Kartik Krishnan Project,2010,75,"Drama,Mystery,Sci-Fi",5.3,89,https://www.imdb.com/title/tt1773774/
tt18469898,Panic,2024,\N,"Sci-Fi,Thriller",6.0,89,https://www.imdb.com/title/tt18469898/
tt3158690,All Superheroes Must Die 2: The Last Superhero,2016,74,"Mystery,Sci-Fi,Thriller",5.2,89,https://www.imdb.com/title/tt3158690/
tt3311792,BRADMAN: The Movie,2023,122,"Adventure,Comedy,Sci-Fi",4.4,89,https://www.imdb.com/title/tt3311792/
tt3591860,Revenge of the Lost,2017,89,"Drama,Horror,Sci-Fi",3.5,89,https://www.imdb.com/title/tt3591860/
tt7504716,ChäoS;Child: Silent Sky,2017,50,"Animation,Sci-Fi",6.3,89,https://www.imdb.com/title/tt7504716/
tt7635172,Aliens Gone Wild,2006,85,"Comedy,Sci-Fi",2.5,89,https://www.imdb.com/title/tt7635172/
tt0089745,Osa,1986,92,Sci-Fi,4.1,88,https://www.imdb.com/title/tt0089745/
tt1084757,Others,2008,83,"Drama,Sci-Fi,Thriller",6.6,88,https://www.imdb.com/title/tt1084757/
tt1124041,Horror in the Wind,2008,90,"Comedy,Sci-Fi",4.6,88,https://www.imdb.com/title/tt1124041/
tt27129215,Fast Shark,2023,45,"Comedy,Sci-Fi",7.3,88,https://www.imdb.com/title/tt27129215/
tt3088040,Senario XX,2005,93,"Adventure,Comedy,Sci-Fi",6.6,88,https://www.imdb.com/title/tt3088040/
tt31018975,Through the Graves the Wind Is Blowing,2024,80,"Drama,Sci-Fi",6.8,88,https://www.imdb.com/title/tt31018975/
tt4181416,Gone,2019,91,"Drama,Fantasy,Sci-Fi",5.4,88,https://www.imdb.com/title/tt4181416/
tt5015218,The Quantum Terror,2022,79,"Horror,Sci-Fi",4.7,88,https://www.imdb.com/title/tt5015218/
tt0202695,Numb,2003,77,Sci-Fi,5.4,87,https://www.imdb.com/title/tt0202695/
tt0228303,First Encounter,1997,91,Sci-Fi,3.6,87,https://www.imdb.com/title/tt0228303/
tt13869368,God Raiga vs King Ohga,2021,84,Sci-Fi,3.8,87,https://www.imdb.com/title/tt13869368/
tt2167162,Goretech: Bienvenidos al planeta hijo de puta,2012,78,"Action,Horror,Sci-Fi",7.8,87,https://www.imdb.com/title/tt2167162/
tt2233720,Lizard Man,2012,81,Sci-Fi,5.1,87,https://www.imdb.com/title/tt2233720/
tt23803134,The Draw,2025,99,"Sci-Fi,Thriller",5.6,87,https://www.imdb.com/title/tt23803134/
tt3165236,Beyond the Dark,2014,105,"Horror,Sci-Fi,Thriller",3.5,87,https://www.imdb.com/title/tt3165236/
tt4221854,Lumber vs. Jack,2014,86,"Comedy,Horror,Sci-Fi",3.4,87,https://www.imdb.com/title/tt4221854/
tt5237742,Aztech,2020,90,"Fantasy,Horror,Sci-Fi",5.5,87,https://www.imdb.com/title/tt5237742/
tt6553406,Srivalli,2017,130,Sci-Fi,3.9,87,https://www.imdb.com/title/tt6553406/
tt7289838,Demon with the Atomic Brain,2017,75,Sci-Fi,5.0,87,https://www.imdb.com/title/tt7289838/
tt8354140,No Turning Back,2019,91,"Drama,Sci-Fi",3.1,87,https://www.imdb.com/title/tt8354140/
tt0119637,The Maze,1997,88,"Drama,Fantasy,Sci-Fi",5.3,86,https://www.imdb.com/title/tt0119637/
tt0867460,Uchuujin from Outer Space,2007,165,"Comedy,Sci-Fi",5.5,86,https://www.imdb.com/title/tt0867460/
tt11851882,The Palmer Supremacy,2014,101,Sci-Fi,4.1,86,https://www.imdb.com/title/tt11851882/
tt1309187,Revenge of the Bimbot Zombie Killers,2014,76,"Comedy,Sci-Fi",6.5,86,https://www.imdb.com/title/tt1309187/
tt14376940,Kamen Rider Zero-One Others: Kamen Rider Vulcan & Valkyrie,2021,48,"Action,Sci-Fi",7.4,86,https://www.imdb.com/title/tt14376940/
tt16973098,Allahyar and the 100 Flowers of God,2023,\N,"Adventure,Animation,Sci-Fi",8.7,86,https://www.imdb.com/title/tt16973098/
tt3157318,Dawn of the Crescent Moon,2014,95,"Drama,Sci-Fi,Thriller",4.9,86,https://www.imdb.com/title/tt3157318/
tt4893650,The Visitors,2025,106,"Horror,Sci-Fi",3.4,86,https://www.imdb.com/title/tt4893650/
tt5056352,Interstellar Civil War: Shadows of the Empire,2017,130,"Action,Adventure,Sci-Fi",6.5,86,https://www.imdb.com/title/tt5056352/
tt0109114,Anchor Zone,1994,82,Sci-Fi,4.2,85,https://www.imdb.com/title/tt0109114/
tt0256428,Dian zi ge men zhan shi,1998,86,"Action,Sci-Fi",6.1,85,https://www.imdb.com/title/tt0256428/
tt0287516,Nurse Diary: Beast Afternoon,1982,66,"Crime,Horror,Sci-Fi",5.5,85,https://www.imdb.com/title/tt0287516/
tt0490016,Three Minutes,2007,87,"Comedy,Romance,Sci-Fi",5.8,85,https://www.imdb.com/title/tt0490016/
tt11243170,Kamen Rider Ex-Aid Trilogy: Another Ending - Kamen Rider Genm vs. Lazer,2018,60,"Action,Fantasy,Sci-Fi",8.2,85,https://www.imdb.com/title/tt11243170/
tt12106008,The War of the Worlds: The Musical Drama,2018,\N,"Adventure,Musical,Sci-Fi",7.7,85,https://www.imdb.com/title/tt12106008/
tt15271904,The Green Elephant 2: The Notorious Generation,2023,89,"Action,Comedy,Sci-Fi",6.3,85,https://www.imdb.com/title/tt15271904/
tt16409350,Ohryis Project,2023,95,"Sci-Fi,Thriller",4.2,85,https://www.imdb.com/title/tt16409350/
tt21356774,Little Deaths,2023,80,"Drama,Romance,Sci-Fi",6.3,85,https://www.imdb.com/title/tt21356774/
tt2220828,Identity Card,2014,92,"Comedy,Drama,Sci-Fi",5.9,85,https://www.imdb.com/title/tt2220828/
tt22529852,Petropolis,2022,118,"Drama,Sci-Fi,Thriller",5.2,85,https://www.imdb.com/title/tt22529852/
tt28698351,Revenge of the Empire of the Apes,2023,109,"Action,Horror,Sci-Fi",3.1,85,https://www.imdb.com/title/tt28698351/
tt28972139,Primal Games,2025,90,"Action,Sci-Fi",5.1,85,https://www.imdb.com/title/tt28972139/
tt4779842,Marvel Knights: Spider-Man,2015,65,Sci-Fi,6.7,85,https://www.imdb.com/title/tt4779842/
tt7952850,Final Transit,2019,110,Sci-Fi,2.2,85,https://www.imdb.com/title/tt7952850/
tt0140968,Dr. Bong,1995,92,"Comedy,Romance,Sci-Fi",5.3,84,https://www.imdb.com/title/tt0140968/
tt11512720,Lunacy,2024,77,"Mystery,Sci-Fi",4.9,84,https://www.imdb.com/title/tt11512720/
tt14966324,Reflect,2023,\N,"Comedy,Sci-Fi,Thriller",6.1,84,https://www.imdb.com/title/tt14966324/
tt21602900,Stasis,2022,64,Sci-Fi,4.5,84,https://www.imdb.com/title/tt21602900/
tt21613182,Secret Seam,2023,90,"Adventure,Fantasy,Sci-Fi",2.2,84,https://www.imdb.com/title/tt21613182/
tt2235633,MindScans,2013,115,"Drama,Sci-Fi,Thriller",6.1,84,https://www.imdb.com/title/tt2235633/
tt4952388,Alternate Universe: A Rescue Mission,2016,84,"Adventure,Family,Sci-Fi",4.8,84,https://www.imdb.com/title/tt4952388/
tt9287936,Variant,2025,87,"Horror,Sci-Fi",6.0,84,https://www.imdb.com/title/tt9287936/
tt1068949,Faceless,2007,50,Sci-Fi,5.0,83,https://www.imdb.com/title/tt1068949/
tt1145430,By Day and by Night,2010,90,"Drama,Sci-Fi",5.8,83,https://www.imdb.com/title/tt1145430/
tt12525406,The Fox,2025,90,"Comedy,Fantasy,Sci-Fi",7.6,83,https://www.imdb.com/title/tt12525406/
tt21328442,"So Long, See You Tomorrow",2021,146,"Drama,Sci-Fi",8.8,83,https://www.imdb.com/title/tt21328442/
tt23149674,Prime Orbit,2023,98,Sci-Fi,3.0,83,https://www.imdb.com/title/tt23149674/
tt2591378,Bunker 6,2013,80,"Drama,Sci-Fi,Thriller",5.7,83,https://www.imdb.com/title/tt2591378/
tt34563934,Moon Maidens 2,2024,69,Sci-Fi,3.9,83,https://www.imdb.com/title/tt34563934/
tt7392160,Wonder boy,1988,90,"Drama,Sci-Fi",6.6,83,https://www.imdb.com/title/tt7392160/
tt9201634,The Doctor's Monster,2020,73,Sci-Fi,2.1,83,https://www.imdb.com/title/tt9201634/
tt0332220,The Low Budget Time Machine,2003,48,"Comedy,Sci-Fi",5.4,82,https://www.imdb.com/title/tt0332220/
tt12788862,Galaxy Warriors,2022,70,Sci-Fi,3.8,82,https://www.imdb.com/title/tt12788862/
tt13667552,Kamen Rider Zero-One Others: Kamen Rider Metsuboujinrai,2021,49,"Action,Sci-Fi",7.2,82,https://www.imdb.com/title/tt13667552/
tt1440747,Killer Tumbleweeds,2008,87,"Comedy,Horror,Sci-Fi",4.8,82,https://www.imdb.com/title/tt1440747/
tt15482100,Driver 113,2021,50,"Mystery,Sci-Fi,Thriller",4.2,82,https://www.imdb.com/title/tt15482100/
tt1753788,Epitaph: Bread and Salt,2013,90,"Action,Horror,Sci-Fi",4.4,82,https://www.imdb.com/title/tt1753788/
tt2179171,Calling All Earthlings,2018,74,"Documentary,History,Sci-Fi",6.7,82,https://www.imdb.com/title/tt2179171/
tt27126020,Moon Ghost,2023,86,"Comedy,Horror,Sci-Fi",5.6,82,https://www.imdb.com/title/tt27126020/
tt27129223,Fast Shark II: Faster Shark,2023,45,"Comedy,Sci-Fi",7.6,82,https://www.imdb.com/title/tt27129223/
tt28708689,Keratyna,2023,90,"Crime,Fantasy,Sci-Fi",5.4,82,https://www.imdb.com/title/tt28708689/
tt32810671,The Captives,2024,73,"Action,Horror,Sci-Fi",3.4,82,https://www.imdb.com/title/tt32810671/
tt37844400,Les aventures du Nexus VI,2025,160,"Adventure,Sci-Fi",5.2,82,https://www.imdb.com/title/tt37844400/
tt5155340,Oblivious Memory,2016,94,"Adventure,Drama,Sci-Fi",7.2,82,https://www.imdb.com/title/tt5155340/
tt6538566,The Good Neighbour,2019,113,Sci-Fi,6.3,82,https://www.imdb.com/title/tt6538566/
tt0213583,Shepherd II,1999,86,"Action,Sci-Fi",5.5,81,https://www.imdb.com/title/tt0213583/
tt0824772,She-Demons of the Black Sun,2006,83,"Horror,Sci-Fi",3.9,81,https://www.imdb.com/title/tt0824772/
tt11449688,Mercy Land,2023,109,"Action,Drama,Sci-Fi",4.8,81,https://www.imdb.com/title/tt11449688/
tt1737631,Night of the Alien,2011,80,"Comedy,Sci-Fi",4.7,81,https://www.imdb.com/title/tt1737631/
tt29666664,Bloody Escape: Bats out of Hell,2024,100,"Action,Animation,Sci-Fi",5.4,81,https://www.imdb.com/title/tt29666664/
tt3748354,Prescient,2015,81,"Drama,Sci-Fi,Thriller",5.0,81,https://www.imdb.com/title/tt3748354/
tt37501627,Matadores de Aliens do Espaço Sideral,2025,109,"Comedy,Horror,Sci-Fi",6.4,81,https://www.imdb.com/title/tt37501627/
tt7118702,Lowriders vs Zombies from Space,2018,56,"Comedy,Horror,Sci-Fi",4.8,81,https://www.imdb.com/title/tt7118702/
tt0140492,Quello strano desiderio,1980,92,"Comedy,Sci-Fi",4.6,80,https://www.imdb.com/title/tt0140492/
tt0203285,Alien Agenda: Under the Skin,1997,75,Sci-Fi,2.5,80,https://www.imdb.com/title/tt0203285/
tt11100512,Fiesta Nibiru,2019,71,"Comedy,Horror,Sci-Fi",3.1,80,https://www.imdb.com/title/tt11100512/
tt1212024,Schrödinger's Girl,2009,86,Sci-Fi,5.0,80,https://www.imdb.com/title/tt1212024/
tt1326190,Aliens: Zone-X,2015,113,Sci-Fi,4.6,80,https://www.imdb.com/title/tt1326190/
tt14908624,Don't Let the Sun,2025,100,"Drama,Sci-Fi",6.1,80,https://www.imdb.com/title/tt14908624/
tt15106830,Follow the Light,2021,104,"Drama,Sci-Fi",6.3,80,https://www.imdb.com/title/tt15106830/
tt1712086,Polypore,2013,70,"Adventure,Sci-Fi",6.8,80,https://www.imdb.com/title/tt1712086/
tt1978514,Project 12,2012,107,Sci-Fi,7.5,80,https://www.imdb.com/title/tt1978514/
tt2076782,Death Happen,2009,76,"Action,Horror,Sci-Fi",5.4,80,https://www.imdb.com/title/tt2076782/
tt2347782,Animen: The Galactic Battle,2012,83,"Adventure,Animation,Sci-Fi",4.0,80,https://www.imdb.com/title/tt2347782/
tt2405612,Backyard Blockbusters,2012,95,"Biography,Documentary,Sci-Fi",6.8,80,https://www.imdb.com/title/tt2405612/
tt33049569,Worlds Apart,2025,108,Sci-Fi,3.8,80,https://www.imdb.com/title/tt33049569/
tt4425162,The Santiso Report,2015,86,"Mystery,Sci-Fi,Thriller",5.0,80,https://www.imdb.com/title/tt4425162/
tt6532532,Bloody Eyes,2025,84,Sci-Fi,3.1,80,https://www.imdb.com/title/tt6532532/
tt0085392,"It's All Right, My Friend",1983,119,"Comedy,Sci-Fi",5.5,79,https://www.imdb.com/title/tt0085392/
tt0089024,Diesel,1985,79,"Action,Drama,Sci-Fi",3.8,79,https://www.imdb.com/title/tt0089024/
tt0098104,Pokhishcheniye charodeya,1989,105,"Fantasy,Sci-Fi",5.9,79,https://www.imdb.com/title/tt0098104/
tt0100106,The Man Who Wanted to Be Guilty,1990,92,"Drama,Sci-Fi",4.5,79,https://www.imdb.com/title/tt0100106/
tt0416958,Un marciano llamado deseo,2003,80,Sci-Fi,3.7,79,https://www.imdb.com/title/tt0416958/
tt15692764,RiffTrax: Star Games,2017,90,"Comedy,Sci-Fi",7.0,79,https://www.imdb.com/title/tt15692764/
tt16344906,Terminator 7: Algorithm,2023,\N,Sci-Fi,4.4,79,https://www.imdb.com/title/tt16344906/
tt2011269,Terminal Legacy,2012,\N,"Action,Drama,Sci-Fi",6.0,79,https://www.imdb.com/title/tt2011269/
tt2321666,Super Monkey Returns,2011,79,Sci-Fi,7.8,79,https://www.imdb.com/title/tt2321666/
tt3292146,Cosmodrama,2015,112,"Comedy,Drama,Sci-Fi",5.4,79,https://www.imdb.com/title/tt3292146/
tt33079602,Neyrobatya,2025,90,"Comedy,Sci-Fi",4.5,79,https://www.imdb.com/title/tt33079602/
tt8064708,Malvineitor,2017,100,"Action,Comedy,Sci-Fi",5.4,79,https://www.imdb.com/title/tt8064708/
tt0119538,Lift,1997,91,Sci-Fi,5.5,78,https://www.imdb.com/title/tt0119538/
tt0261242,Rock and the Alien,1998,82,Sci-Fi,3.7,78,https://www.imdb.com/title/tt0261242/
tt0290669,Inseguito,2002,97,"Sci-Fi,Thriller",8.5,78,https://www.imdb.com/title/tt0290669/
tt0322905,Time Conqueror,1987,105,"Drama,Sci-Fi",6.2,78,https://www.imdb.com/title/tt0322905/
tt1064210,Liar's Pendulum,2007,94,"Action,Sci-Fi,Thriller",7.8,78,https://www.imdb.com/title/tt1064210/
tt1441914,Timetravel_0,2009,72,"Drama,Sci-Fi",5.7,78,https://www.imdb.com/title/tt1441914/
tt1454602,"100% lucha, el amo de los clones",2009,80,"Action,Adventure,Sci-Fi",5.1,78,https://www.imdb.com/title/tt1454602/
tt14971936,Bad Bones,2022,120,"Horror,Mystery,Sci-Fi",4.4,78,https://www.imdb.com/title/tt14971936/
tt1945053,Altered Spirits,2016,90,"Action,Sci-Fi",4.9,78,https://www.imdb.com/title/tt1945053/
tt21215856,Sharks N Da Hood,2025,75,Sci-Fi,3.6,78,https://www.imdb.com/title/tt21215856/
tt2187061,S.I.N. Theory,2012,70,"Drama,Sci-Fi",6.2,78,https://www.imdb.com/title/tt2187061/
tt2386175,A Dark Matter,2013,100,"Crime,Sci-Fi,Thriller",4.7,78,https://www.imdb.com/title/tt2386175/
tt23867358,Invasión,2024,91,"Drama,Sci-Fi",4.3,78,https://www.imdb.com/title/tt23867358/
tt2390223,After the World Ended,2015,90,"Drama,Sci-Fi",5.1,78,https://www.imdb.com/title/tt2390223/
tt24241182,Fallen: The Search of a Broken Angel,2023,75,"Romance,Sci-Fi",7.1,78,https://www.imdb.com/title/tt24241182/
tt30403219,The Tenants,2023,90,"Comedy,Horror,Sci-Fi",6.6,78,https://www.imdb.com/title/tt30403219/
tt30577149,A.I.,2025,115,Sci-Fi,6.4,78,https://www.imdb.com/title/tt30577149/
tt8159764,Belushi's Toilet,2018,121,"Drama,Sci-Fi",6.4,78,https://www.imdb.com/title/tt8159764/
tt8464600,Blondie Maxwell Never Loses,2020,87,"Action,Crime,Sci-Fi",4.4,78,https://www.imdb.com/title/tt8464600/
tt0133145,Peking Man,1997,115,Sci-Fi,4.3,77,https://www.imdb.com/title/tt0133145/
tt1370179,Doctor S Battles the Sex Crazed Reefer Zombies: The Movie,2009,80,"Comedy,Horror,Sci-Fi",6.8,77,https://www.imdb.com/title/tt1370179/
tt14850454,Someone Dies!,2024,86,"Comedy,Sci-Fi",5.8,77,https://www.imdb.com/title/tt14850454/
tt1601973,Zero One,2012,103,"Drama,Sci-Fi,Thriller",7.3,77,https://www.imdb.com/title/tt1601973/
tt1712038,Project Genesis: Crossclub 2,2011,70,"Comedy,Horror,Sci-Fi",2.9,77,https://www.imdb.com/title/tt1712038/
tt24460200,Earth Over Earth,2022,77,"Comedy,Sci-Fi,Thriller",4.5,77,https://www.imdb.com/title/tt24460200/
tt25367134,Woke,2023,71,"Horror,Sci-Fi,Thriller",3.0,77,https://www.imdb.com/title/tt25367134/
tt26762649,Snake Disaster: Snake Island Attack,2022,85,"Action,Horror,Sci-Fi",6.0,77,https://www.imdb.com/title/tt26762649/
tt26923537,Strange House,2023,80,"Sci-Fi,Thriller",5.4,77,https://www.imdb.com/title/tt26923537/
tt9357432,Raid on Passion Planet,2018,101,Sci-Fi,6.7,77,https://www.imdb.com/title/tt9357432/
tt9531080,Stargate: Base Gamma,2017,127,Sci-Fi,6.4,77,https://www.imdb.com/title/tt9531080/
tt0162327,The Flying Windmill,1982,85,"Animation,Family,Sci-Fi",7.1,76,https://www.imdb.com/title/tt0162327/
tt0270745,XX Ray,1992,118,"Adventure,Comedy,Sci-Fi",7.6,76,https://www.imdb.com/title/tt0270745/
tt0404079,Goodman Town,2002,105,"Action,Comedy,Sci-Fi",4.6,76,https://www.imdb.com/title/tt0404079/
tt11243154,Kamen Rider Ex-Aid Trilogy: Another Ending - Kamen Rider Para-DX with Poppy,2018,53,"Action,Fantasy,Sci-Fi",7.8,76,https://www.imdb.com/title/tt11243154/
tt14099892,Precognito,2023,78,Sci-Fi,3.9,76,https://www.imdb.com/title/tt14099892/
tt14663456,Arc,2021,127,"Drama,Sci-Fi",5.5,76,https://www.imdb.com/title/tt14663456/
tt15149712,Day of Destiny,2021,109,"Adventure,Drama,Sci-Fi",5.0,76,https://www.imdb.com/title/tt15149712/
tt15292708,The Basement,2020,94,"Drama,Sci-Fi",4.2,76,https://www.imdb.com/title/tt15292708/
tt1669831,The Visitor from Planet Omicron,2013,96,"Comedy,Family,Sci-Fi",5.3,76,https://www.imdb.com/title/tt1669831/
tt1686089,Rehab,2011,90,"Drama,Horror,Sci-Fi",7.1,76,https://www.imdb.com/title/tt1686089/
tt1950327,Solar Adventure,1985,62,"Action,Animation,Sci-Fi",3.8,76,https://www.imdb.com/title/tt1950327/
tt22640460,Falsehood,2025,111,"Sci-Fi,Thriller",3.9,76,https://www.imdb.com/title/tt22640460/
tt29259461,Plight,2025,88,"Adventure,Drama,Sci-Fi",6.0,76,https://www.imdb.com/title/tt29259461/
tt3768032,Idõugrók 4: A végzet lángjai,2014,120,Sci-Fi,7.5,76,https://www.imdb.com/title/tt3768032/
tt5566684,Anhedonia,2016,79,"Comedy,Drama,Sci-Fi",4.7,76,https://www.imdb.com/title/tt5566684/
tt6274696,The Dark Knight Returns: An Epic Fan Film,2016,46,"Action,Drama,Sci-Fi",6.7,76,https://www.imdb.com/title/tt6274696/
tt0155636,Colony Mutation,1995,83,"Horror,Sci-Fi",4.3,75,https://www.imdb.com/title/tt0155636/
tt0206563,Ascension of the Demonoids,1985,45,"Horror,Sci-Fi",6.5,75,https://www.imdb.com/title/tt0206563/
tt0311462,Luminal,2004,89,"Drama,Sci-Fi,Thriller",5.4,75,https://www.imdb.com/title/tt0311462/
tt11243080,Kamen Rider Ex-Aid Trilogy: Another Ending - Kamen Rider Brave & Snipe,2018,69,"Action,Fantasy,Sci-Fi",7.6,75,https://www.imdb.com/title/tt11243080/
tt1347295,The Whisperer in Darkness,2007,105,Sci-Fi,5.9,75,https://www.imdb.com/title/tt1347295/
tt13839382,Night of the Falling Stars,2021,86,Sci-Fi,2.9,75,https://www.imdb.com/title/tt13839382/
tt14308892,To the Journey: Looking Back at Star Trek: Voyager,2024,109,"Documentary,Sci-Fi",7.4,75,https://www.imdb.com/title/tt14308892/
tt14598938,RiffTrax: Julie and Jack,2015,90,"Comedy,Sci-Fi",7.2,75,https://www.imdb.com/title/tt14598938/
tt1998214,El Fin,2011,85,"Comedy,Fantasy,Sci-Fi",6.8,75,https://www.imdb.com/title/tt1998214/
tt2176236,Kultur Shock!,2013,85,"Mystery,Sci-Fi,Thriller",6.6,75,https://www.imdb.com/title/tt2176236/
tt2527560,Quito 2023,2013,90,"Sci-Fi,Thriller",5.1,75,https://www.imdb.com/title/tt2527560/
tt27440291,O Melhor dos Mundos,2024,70,"Drama,Sci-Fi",6.4,75,https://www.imdb.com/title/tt27440291/
tt32249216,Bride of the Incredible Hulk,1980,95,"Action,Romance,Sci-Fi",6.2,75,https://www.imdb.com/title/tt32249216/
tt0079720,El regreso de Eva Man,1982,88,"Comedy,Sci-Fi",4.7,74,https://www.imdb.com/title/tt0079720/
tt0080121,Warum die UFOs unseren Salat klauen,1980,91,"Comedy,Romance,Sci-Fi",4.6,74,https://www.imdb.com/title/tt0080121/
tt0128077,Bio-Tech Warrior,1996,81,"Action,Sci-Fi",5.5,74,https://www.imdb.com/title/tt0128077/
tt0230818,Stealth Hunters,1991,90,"Horror,Sci-Fi",3.5,74,https://www.imdb.com/title/tt0230818/
tt0278089,Terror of Prehistoric Bloody Monster from Space,1998,81,"Comedy,Horror,Sci-Fi",5.2,74,https://www.imdb.com/title/tt0278089/
tt14321762,75 Degrees West,2021,56,"Adventure,Sci-Fi",6.3,74,https://www.imdb.com/title/tt14321762/
tt19810888,Radio Man,2023,110,Sci-Fi,5.9,74,https://www.imdb.com/title/tt19810888/
tt2580920,Beverly H.,2022,84,"Drama,Sci-Fi,Thriller",5.7,74,https://www.imdb.com/title/tt2580920/
tt3385270,Hot,2016,90,"Comedy,Drama,Sci-Fi",6.0,74,https://www.imdb.com/title/tt3385270/
tt33999385,Kowloon Generic Romance,2025,117,"Romance,Sci-Fi",5.4,74,https://www.imdb.com/title/tt33999385/
tt35090088,Trail Cam Sasquatch,2025,72,"Horror,Sci-Fi",4.9,74,https://www.imdb.com/title/tt35090088/
tt4130762,Turn A Gundam: Earth Light,2002,120,"Animation,Sci-Fi,War",6.5,74,https://www.imdb.com/title/tt4130762/
tt4717202,Brain Fluid Explosion Girl,2015,77,"Action,Comedy,Sci-Fi",5.8,74,https://www.imdb.com/title/tt4717202/
tt7024716,Antimarteria,2017,57,Sci-Fi,6.2,74,https://www.imdb.com/title/tt7024716/
tt0095724,The New Gladiators,1988,\N,"Action,Adventure,Sci-Fi",4.1,73,https://www.imdb.com/title/tt0095724/
tt0133235,Toki o kakeru shôjo,1997,106,"Drama,Sci-Fi",6.0,73,https://www.imdb.com/title/tt0133235/
tt0844915,Pox,2011,100,"Comedy,Sci-Fi",8.0,73,https://www.imdb.com/title/tt0844915/
tt12603018,Croma Kid,2023,92,"Comedy,Drama,Sci-Fi",6.5,73,https://www.imdb.com/title/tt12603018/
tt1764610,Still Waters,2011,80,"Horror,Sci-Fi",5.5,73,https://www.imdb.com/title/tt1764610/
tt2349643,A Man Called Nereus,2012,98,"Action,Comedy,Sci-Fi",6.9,73,https://www.imdb.com/title/tt2349643/
tt29195297,Agrinai,2024,93,"Horror,Sci-Fi,Thriller",7.9,73,https://www.imdb.com/title/tt29195297/
tt30413842,Yesterday Island,2025,91,"Comedy,Fantasy,Sci-Fi",7.0,73,https://www.imdb.com/title/tt30413842/
tt31311119,Jurassic Exorcist,2024,76,"Action,Horror,Sci-Fi",3.0,73,https://www.imdb.com/title/tt31311119/
tt4516200,Skyquake,2015,90,"Sci-Fi,Thriller",4.5,73,https://www.imdb.com/title/tt4516200/
tt7679334,Killerhertz,2020,80,"Horror,Sci-Fi,Thriller",3.2,73,https://www.imdb.com/title/tt7679334/
tt8230886,The Chair to Everywhere,2019,83,"Drama,Sci-Fi",4.5,73,https://www.imdb.com/title/tt8230886/
tt9332122,Lupinranger vs. Patranger vs. Kyuranger,2019,55,"Action,Fantasy,Sci-Fi",8.2,73,https://www.imdb.com/title/tt9332122/
tt9722688,Time Sleeper,2020,93,Sci-Fi,4.0,73,https://www.imdb.com/title/tt9722688/
tt0096308,Trinadtsatyy apostol,1988,105,Sci-Fi,5.7,72,https://www.imdb.com/title/tt0096308/
tt0114572,Die Sturzflieger,1995,117,"Comedy,Sci-Fi",4.0,72,https://www.imdb.com/title/tt0114572/
tt0306699,Cyber Seeker,1993,90,"Action,Sci-Fi",3.8,72,https://www.imdb.com/title/tt0306699/
tt13116980,The Ghost Lights,2022,84,"Horror,Sci-Fi",4.4,72,https://www.imdb.com/title/tt13116980/
tt14409080,Alien Whispers,2021,64,"Horror,Sci-Fi,Thriller",3.4,72,https://www.imdb.com/title/tt14409080/
tt1947979,Defenders of Space,1984,67,"Action,Animation,Sci-Fi",5.2,72,https://www.imdb.com/title/tt1947979/
tt2210198,Railroader,2012,58,"Drama,Sci-Fi",8.3,72,https://www.imdb.com/title/tt2210198/
tt24084732,ReEntry,2024,96,"Romance,Sci-Fi",5.8,72,https://www.imdb.com/title/tt24084732/
tt2798472,Orbs: They Are Among Us,2013,70,"Fantasy,Horror,Sci-Fi",4.6,72,https://www.imdb.com/title/tt2798472/
tt2930426,Blood Mercury,2014,70,"Action,Horror,Sci-Fi",4.5,72,https://www.imdb.com/title/tt2930426/
tt3869246,The 5th Dimension,2017,87,"Horror,Sci-Fi",4.7,72,https://www.imdb.com/title/tt3869246/
tt5344150,The Man from Outer Space,2017,74,Sci-Fi,4.5,72,https://www.imdb.com/title/tt5344150/
tt9348566,Strong Hawk: My Sister's Keeper,2022,95,"Action,Adventure,Sci-Fi",7.2,72,https://www.imdb.com/title/tt9348566/
tt1294710,Reality Bleed-Through,2008,74,"Animation,Horror,Sci-Fi",6.5,71,https://www.imdb.com/title/tt1294710/
tt1661266,Deep Contact,1998,60,"Comedy,Romance,Sci-Fi",6.2,71,https://www.imdb.com/title/tt1661266/
tt17502272,Day of the Clones,2024,98,"Horror,Sci-Fi",3.9,71,https://www.imdb.com/title/tt17502272/
tt2248931,Modified,2012,90,"Sci-Fi,Thriller",5.5,71,https://www.imdb.com/title/tt2248931/
tt23903194,American Raiders: Battle Fire,2022,97,"Action,Adventure,Sci-Fi",2.9,71,https://www.imdb.com/title/tt23903194/
tt24315604,Dva kholma. Film,2022,99,"Comedy,Sci-Fi",7.4,71,https://www.imdb.com/title/tt24315604/
tt2618494,Endzeit,2013,90,"Adventure,Drama,Sci-Fi",4.8,71,https://www.imdb.com/title/tt2618494/
tt3039076,Assumption of Risk,2014,97,"Mystery,Sci-Fi,Thriller",6.7,71,https://www.imdb.com/title/tt3039076/
tt34747908,Attack of the Machine,2025,86,"Action,Sci-Fi",5.2,71,https://www.imdb.com/title/tt34747908/
tt4639644,Danny Johnson Saves the World,2015,68,"Adventure,Family,Sci-Fi",5.7,71,https://www.imdb.com/title/tt4639644/
tt4669408,Star Trek: Captain Pike,2016,45,"Action,Adventure,Sci-Fi",4.0,71,https://www.imdb.com/title/tt4669408/
tt0105163,Foreboding,1992,89,"Drama,Sci-Fi",5.0,70,https://www.imdb.com/title/tt0105163/
tt0189177,Another Life,1992,100,"Drama,Sci-Fi",6.5,70,https://www.imdb.com/title/tt0189177/
tt0189383,Backtime,1998,86,Sci-Fi,5.9,70,https://www.imdb.com/title/tt0189383/
tt1482889,Jim,2010,101,"Drama,Fantasy,Sci-Fi",5.4,70,https://www.imdb.com/title/tt1482889/
tt2254552,Doctor Mabuse: Etiopomar,2014,82,"Drama,Fantasy,Sci-Fi",6.9,70,https://www.imdb.com/title/tt2254552/
tt28544143,Echo,2023,110,Sci-Fi,5.4,70,https://www.imdb.com/title/tt28544143/
tt3182222,Shock Attack,2015,88,"Horror,Sci-Fi",2.4,70,https://www.imdb.com/title/tt3182222/
tt3509626,54 Days,2014,87,"Drama,Sci-Fi,Thriller",6.3,70,https://www.imdb.com/title/tt3509626/
tt0123237,Redboy 13,1997,93,"Adventure,Comedy,Sci-Fi",6.0,69,https://www.imdb.com/title/tt0123237/
tt0366282,Candy Von Dewd and the Girls from Latexploitia,2002,55,"Fantasy,Sci-Fi",4.0,69,https://www.imdb.com/title/tt0366282/
tt13561006,Zombeez,2023,\N,"Adventure,Sci-Fi,Thriller",4.4,69,https://www.imdb.com/title/tt13561006/
tt1432157,She Alien,2009,89,Sci-Fi,4.9,69,https://www.imdb.com/title/tt1432157/
tt1946131,Alien Zombie Invasion,2011,84,"Comedy,Horror,Sci-Fi",4.1,69,https://www.imdb.com/title/tt1946131/
tt31248818,Pandasaurus,2024,78,"Comedy,Sci-Fi",3.4,69,https://www.imdb.com/title/tt31248818/
tt5437514,Kreyk,2007,78,"Family,Sci-Fi",1.3,69,https://www.imdb.com/title/tt5437514/
tt6413760,Regrets of the Past,2016,50,Sci-Fi,6.5,69,https://www.imdb.com/title/tt6413760/
tt0177213,The Strange Case of Señor Computer,2000,91,"Comedy,Sci-Fi",7.4,68,https://www.imdb.com/title/tt0177213/
tt0198520,The Good Book,1997,81,"Action,Horror,Sci-Fi",6.1,68,https://www.imdb.com/title/tt0198520/
tt0227348,Rasuto Furankenshutain,1991,118,"Drama,Horror,Sci-Fi",5.9,68,https://www.imdb.com/title/tt0227348/
tt0425141,It Came from Trafalgar,2009,100,"Horror,Sci-Fi",6.8,68,https://www.imdb.com/title/tt0425141/
tt10681664,5 Cowok Jagoan: Rise of the Zombies,2017,106,"Action,Comedy,Sci-Fi",6.0,68,https://www.imdb.com/title/tt10681664/
tt11397948,Zombiesthaan,2019,94,"Action,Horror,Sci-Fi",6.3,68,https://www.imdb.com/title/tt11397948/
tt1342106,It Came from Yesterday,2016,104,"Adventure,Sci-Fi",5.6,68,https://www.imdb.com/title/tt1342106/
tt1346954,The Box,2003,68,"Drama,Sci-Fi",6.9,68,https://www.imdb.com/title/tt1346954/
tt13944642,Tickles the Clown,2021,75,"Horror,Sci-Fi",2.5,68,https://www.imdb.com/title/tt13944642/
tt2177368,Mark's Secret to Eternal Life,2013,76,"Drama,Sci-Fi",5.1,68,https://www.imdb.com/title/tt2177368/
tt2181844,Trakked,2015,106,"Comedy,Mystery,Sci-Fi",5.6,68,https://www.imdb.com/title/tt2181844/
tt27496342,The Lemurian Candidate,2025,\N,"Comedy,Drama,Sci-Fi",9.2,68,https://www.imdb.com/title/tt27496342/
tt28185936,CognAItive,2025,84,"Horror,Sci-Fi,Thriller",7.4,68,https://www.imdb.com/title/tt28185936/
tt29115978,The Time of Huannan,2023,139,"Drama,Sci-Fi",6.4,68,https://www.imdb.com/title/tt29115978/
tt29594919,The Run,2025,117,"Action,Sci-Fi,Thriller",5.4,68,https://www.imdb.com/title/tt29594919/
tt3522422,Out of Time,2021,90,"Horror,Mystery,Sci-Fi",6.7,68,https://www.imdb.com/title/tt3522422/
tt35312114,Against All Odds,2025,71,Sci-Fi,6.3,68,https://www.imdb.com/title/tt35312114/
tt4321248,The Avenging Spider-Man,2015,48,"Action,Sci-Fi,Thriller",5.8,68,https://www.imdb.com/title/tt4321248/
tt4906456,Grey Agenda,2017,128,Sci-Fi,2.7,68,https://www.imdb.com/title/tt4906456/
tt5812442,Neurogenesis,2017,65,Sci-Fi,8.2,68,https://www.imdb.com/title/tt5812442/
tt6400432,Rewind,2017,79,"Drama,Sci-Fi,Thriller",4.6,68,https://www.imdb.com/title/tt6400432/
tt0078948,Dark Sun,1980,135,"Crime,Drama,Sci-Fi",5.1,67,https://www.imdb.com/title/tt0078948/
tt0244860,El triángulo del lago,2000,\N,Sci-Fi,4.9,67,https://www.imdb.com/title/tt0244860/
tt10739024,Some Smoke and a Red Locker,2019,93,"Comedy,Fantasy,Sci-Fi",6.6,67,https://www.imdb.com/title/tt10739024/
tt11905336,Star Wars: Hand of the Empire,2019,50,"Action,Sci-Fi",6.2,67,https://www.imdb.com/title/tt11905336/
tt2353755,12 12 12,2014,98,Sci-Fi,4.6,67,https://www.imdb.com/title/tt2353755/
tt28291077,The Eagle Obsession,2025,87,"Documentary,Sci-Fi",9.5,67,https://www.imdb.com/title/tt28291077/
tt3127352,LifeRaft,2016,81,"Horror,Sci-Fi,Thriller",3.4,67,https://www.imdb.com/title/tt3127352/
tt37884781,Reset,2025,77,"Horror,Sci-Fi,Thriller",5.2,67,https://www.imdb.com/title/tt37884781/
tt4130788,Turn A Gundam: Movie II: Moonlight Butterfly,2002,128,"Animation,Sci-Fi,War",6.5,67,https://www.imdb.com/title/tt4130788/
tt4897296,Lost in Terra Dimension,2022,60,Sci-Fi,7.4,67,https://www.imdb.com/title/tt4897296/
tt6801858,Istorii napisannye krovyu,2018,67,"Drama,Horror,Sci-Fi",5.9,67,https://www.imdb.com/title/tt6801858/
tt8362502,The Great Buddha Arrival,2018,50,"Fantasy,Sci-Fi",5.7,67,https://www.imdb.com/title/tt8362502/
tt0088824,Blood Circus,1985,101,"Horror,Sci-Fi",4.3,66,https://www.imdb.com/title/tt0088824/
tt0119685,Mobius,1997,96,"Sci-Fi,Thriller",4.9,66,https://www.imdb.com/title/tt0119685/
tt0410836,Vakuum,2004,\N,Sci-Fi,5.9,66,https://www.imdb.com/title/tt0410836/
tt1282136,Cephalopod,2010,90,"Drama,Sci-Fi",5.7,66,https://www.imdb.com/title/tt1282136/
tt13682026,Enterfear: The Next Wave,2022,\N,"Comedy,Horror,Sci-Fi",6.0,66,https://www.imdb.com/title/tt13682026/
tt15355654,"Attack, Decay, Release",2021,74,"Animation,Music,Sci-Fi",7.9,66,https://www.imdb.com/title/tt15355654/
tt1684557,Lab Rats,2010,\N,"Comedy,Sci-Fi",7.0,66,https://www.imdb.com/title/tt1684557/
tt17275766,Telekinesis,2024,106,"Action,Crime,Sci-Fi",5.8,66,https://www.imdb.com/title/tt17275766/
tt1773577,The Place Where the Last Man Died,2010,86,"Drama,Horror,Sci-Fi",6.4,66,https://www.imdb.com/title/tt1773577/
tt1825207,Zombie Abomination: The Italian Zombie Movie - Part 1,2010,100,"Comedy,Horror,Sci-Fi",5.6,66,https://www.imdb.com/title/tt1825207/
tt2032454,Samurai Angel Wars,2011,\N,"Comedy,Sci-Fi",5.0,66,https://www.imdb.com/title/tt2032454/
tt27129231,Fast Shark III: Fastest Shark,2023,45,"Comedy,Sci-Fi",8.1,66,https://www.imdb.com/title/tt27129231/
tt27129243,Fast Shark IV: Fastester Shark,2023,67,"Comedy,Sci-Fi",7.1,66,https://www.imdb.com/title/tt27129243/
tt3120448,Blue Desert,2013,94,"Romance,Sci-Fi",6.9,66,https://www.imdb.com/title/tt3120448/
tt31511371,Sci-Fi Vixens from Beyond,2024,74,Sci-Fi,4.6,66,https://www.imdb.com/title/tt31511371/
tt31869713,Code Geass: Rozé of the Recapture - Part 1,2024,74,"Animation,Sci-Fi",7.1,66,https://www.imdb.com/title/tt31869713/
tt6174142,The God of Death,2017,110,"Action,Horror,Sci-Fi",4.0,66,https://www.imdb.com/title/tt6174142/
tt7728220,Tomorrowland,2017,70,Sci-Fi,4.4,66,https://www.imdb.com/title/tt7728220/
tt7984130,Dark Winter,2018,90,"Horror,Sci-Fi,Thriller",3.5,66,https://www.imdb.com/title/tt7984130/
tt0098107,Portion d'éternité,1988,96,"Drama,Sci-Fi",6.3,65,https://www.imdb.com/title/tt0098107/
tt0098998,The Age of Insects,1990,75,"Comedy,Horror,Sci-Fi",5.0,65,https://www.imdb.com/title/tt0098998/
tt0179476,Starcrypt,1996,90,"Action,Mystery,Sci-Fi",3.7,65,https://www.imdb.com/title/tt0179476/
tt12439404,Ultrainocencia,2020,95,"Comedy,Sci-Fi",7.1,65,https://www.imdb.com/title/tt12439404/
tt14050624,RiffTrax: Oblivion,2017,90,"Comedy,Sci-Fi,Western",6.6,65,https://www.imdb.com/title/tt14050624/
tt14692892,Envision,2021,81,"Drama,Sci-Fi,Thriller",2.3,65,https://www.imdb.com/title/tt14692892/
tt1493881,Stone Seeker,2018,84,Sci-Fi,6.0,65,https://www.imdb.com/title/tt1493881/
tt1813496,Matty Hanson and the Invisibility Ray,2011,88,"Family,Fantasy,Sci-Fi",6.6,65,https://www.imdb.com/title/tt1813496/
tt3103376,The Unity of All Things,2013,98,"Comedy,Drama,Sci-Fi",5.5,65,https://www.imdb.com/title/tt3103376/
tt35521189,Glorious Summer,2025,90,"Drama,Sci-Fi",6.1,65,https://www.imdb.com/title/tt35521189/
tt3571468,Beti and Amare,2014,94,"Fantasy,Romance,Sci-Fi",6.6,65,https://www.imdb.com/title/tt3571468/
tt3985982,Mayflower II,2020,112,Sci-Fi,3.3,65,https://www.imdb.com/title/tt3985982/
tt4018720,Panopticon,2016,96,"Drama,Mystery,Sci-Fi",5.7,65,https://www.imdb.com/title/tt4018720/
tt5805888,The Strange Case of Ezequiel,2016,71,"Comedy,Fantasy,Sci-Fi",6.9,65,https://www.imdb.com/title/tt5805888/
tt6203324,Killing Diaz,2018,79,"Comedy,Crime,Sci-Fi",5.0,65,https://www.imdb.com/title/tt6203324/
tt0263976,Seven Elements (1985),1985,74,Sci-Fi,5.2,64,https://www.imdb.com/title/tt0263976/
tt0393733,The Shadowlands,2003,91,Sci-Fi,5.5,64,https://www.imdb.com/title/tt0393733/
tt0810871,Toy Reanimator,2002,47,"Fantasy,Sci-Fi",6.8,64,https://www.imdb.com/title/tt0810871/
tt14751706,Aliens Reaction,2021,120,Sci-Fi,3.4,64,https://www.imdb.com/title/tt14751706/
tt15040492,Abduction of the Fourth Kind,2022,92,"Drama,Sci-Fi",4.3,64,https://www.imdb.com/title/tt15040492/
tt1515975,Yasnovidyashchaya,2009,98,"Drama,Sci-Fi",5.3,64,https://www.imdb.com/title/tt1515975/
tt1600765,Made Out Alive,2009,100,"Drama,Horror,Sci-Fi",4.8,64,https://www.imdb.com/title/tt1600765/
tt2023497,Goliad Uprising,2012,98,"Sci-Fi,Thriller",6.4,64,https://www.imdb.com/title/tt2023497/
tt2489356,Higuita,2012,67,"Drama,Sci-Fi",4.6,64,https://www.imdb.com/title/tt2489356/
tt32270451,Bharatiya Superheroes the Origin,2024,\N,Sci-Fi,8.8,64,https://www.imdb.com/title/tt32270451/
tt4193682,Montedoro,2015,88,"Drama,Mystery,Sci-Fi",5.8,64,https://www.imdb.com/title/tt4193682/
tt0085504,The Erotic and Wacky Tunnel of Time,1983,79,"Adventure,Comedy,Sci-Fi",5.4,63,https://www.imdb.com/title/tt0085504/
tt0091687,Operation Dead End,1986,95,"Drama,Sci-Fi",5.5,63,https://www.imdb.com/title/tt0091687/
tt0131405,Galax Man-Doll,1984,72,"Fantasy,Romance,Sci-Fi",6.3,63,https://www.imdb.com/title/tt0131405/
tt0273080,Anak ni Zuma,1987,115,"Action,Horror,Sci-Fi",5.9,63,https://www.imdb.com/title/tt0273080/
tt0279468,Time Demon,1996,90,"Comedy,Horror,Sci-Fi",4.8,63,https://www.imdb.com/title/tt0279468/
tt0365581,Odd Noggins,2000,90,"Comedy,Horror,Sci-Fi",4.2,63,https://www.imdb.com/title/tt0365581/
tt0418104,Rip Cage,2007,\N,"Horror,Mystery,Sci-Fi",6.0,63,https://www.imdb.com/title/tt0418104/
tt0452262,InvaXon - Alieni in Liguria,2004,133,Sci-Fi,6.2,63,https://www.imdb.com/title/tt0452262/
tt0765485,Waste of Space,2010,78,"Adventure,Comedy,Sci-Fi",5.7,63,https://www.imdb.com/title/tt0765485/
tt0930044,"Bikini-Blitzkrieg, Part One: Dance Domination",2006,76,Sci-Fi,6.1,63,https://www.imdb.com/title/tt0930044/
tt0988142,Tetsujin 28: Morning Moon of Midday,2007,95,"Adventure,Animation,Sci-Fi",6.5,63,https://www.imdb.com/title/tt0988142/
tt11749986,Spaced Cats,2020,69,"Animation,Comedy,Sci-Fi",3.6,63,https://www.imdb.com/title/tt11749986/
tt1815938,Spacebong Beach Babes,2010,86,Sci-Fi,5.5,63,https://www.imdb.com/title/tt1815938/
tt1841562,Denshi Sentai Denjiman: The Movie,1980,\N,"Action,Sci-Fi",6.4,63,https://www.imdb.com/title/tt1841562/
tt23780438,Shaqiu chong bao,2021,78,"Action,Sci-Fi",3.8,63,https://www.imdb.com/title/tt23780438/
tt26315924,Tobias and the Arcane Merchant,2024,167,"Animation,Drama,Sci-Fi",8.7,63,https://www.imdb.com/title/tt26315924/
tt26669396,Upload,2021,78,Sci-Fi,5.6,63,https://www.imdb.com/title/tt26669396/
tt3108954,Zombies of the Living Dead,2015,60,"Action,Horror,Sci-Fi",2.3,63,https://www.imdb.com/title/tt3108954/
tt3994430,Adventurados,2015,86,"Adventure,Comedy,Sci-Fi",6.3,63,https://www.imdb.com/title/tt3994430/
tt6577538,Bijuli Machine,2016,104,"Drama,Sci-Fi",8.1,63,https://www.imdb.com/title/tt6577538/
tt7262780,Axel 2: Adventures of the Spacekids,2017,86,"Adventure,Animation,Sci-Fi",6.0,63,https://www.imdb.com/title/tt7262780/
tt8433082,Fallen,2018,113,"Mystery,Sci-Fi,Thriller",4.0,63,https://www.imdb.com/title/tt8433082/
tt8540762,Full Metal Panic! 1st Section - Boy Meets Girl,2017,118,"Action,Animation,Sci-Fi",7.1,63,https://www.imdb.com/title/tt8540762/
tt9290986,The Infinity Project,2018,86,"Action,Sci-Fi,Thriller",5.0,63,https://www.imdb.com/title/tt9290986/
tt0098981,Der achte Tag,1990,99,Sci-Fi,5.7,62,https://www.imdb.com/title/tt0098981/
tt0099239,The Carpathian Mushroom,1989,100,"Comedy,Drama,Sci-Fi",6.1,62,https://www.imdb.com/title/tt0099239/
tt0119276,Hell's Belles,1995,91,"Comedy,Fantasy,Sci-Fi",4.6,62,https://www.imdb.com/title/tt0119276/
tt0778767,Made in Brazil,1985,90,"Comedy,Sci-Fi",5.2,62,https://www.imdb.com/title/tt0778767/
tt13977508,Hollywood in the Atomic Age - Monsters! Martians! Mad Scientists!,2021,120,"Documentary,Horror,Sci-Fi",7.0,62,https://www.imdb.com/title/tt13977508/
tt14679876,Finality of Dusk,2023,98,Sci-Fi,4.3,62,https://www.imdb.com/title/tt14679876/
tt21058720,The Fourth Sunrise,2022,70,"Mystery,Sci-Fi",3.9,62,https://www.imdb.com/title/tt21058720/
tt2363101,Corazón azul,2021,103,"Drama,Horror,Sci-Fi",6.5,62,https://www.imdb.com/title/tt2363101/
tt31249049,Stock Shark,2024,47,"Comedy,Sci-Fi",6.1,62,https://www.imdb.com/title/tt31249049/
tt32810248,I Am Spaceman,2024,\N,Sci-Fi,8.4,62,https://www.imdb.com/title/tt32810248/
tt3295330,Mosquito: A Fistful of Bitcoins,2016,73,"Comedy,Sci-Fi,Western",7.0,62,https://www.imdb.com/title/tt3295330/
tt3478226,The Paths of Kripto,2015,75,"Action,Animation,Sci-Fi",8.0,62,https://www.imdb.com/title/tt3478226/
tt3900822,Disaster Playground,2015,67,"Documentary,Sci-Fi",6.8,62,https://www.imdb.com/title/tt3900822/
tt4071142,Baykalskiy intsident. Skrytaya ugroza,2014,62,"Horror,Sci-Fi",6.7,62,https://www.imdb.com/title/tt4071142/
tt4378954,Monitor,2015,78,"Drama,Sci-Fi",6.0,62,https://www.imdb.com/title/tt4378954/
tt6195602,Girls in Trouble: Space Squad Episode Zero,2017,55,"Action,Comedy,Sci-Fi",7.0,62,https://www.imdb.com/title/tt6195602/
tt6826434,Two Windows,2017,\N,"Drama,Music,Sci-Fi",6.3,62,https://www.imdb.com/title/tt6826434/
tt8540428,Flatwoods,2022,63,"Fantasy,Horror,Sci-Fi",3.2,62,https://www.imdb.com/title/tt8540428/
tt0087308,Future Schlock,1984,85,"Comedy,Sci-Fi",5.5,61,https://www.imdb.com/title/tt0087308/
tt0104186,Enak,1993,81,"Drama,Sci-Fi",4.9,61,https://www.imdb.com/title/tt0104186/
tt0115582,Astroesque,1998,\N,"Action,Adventure,Sci-Fi",5.4,61,https://www.imdb.com/title/tt0115582/
tt0200483,Between the Moon and Montevideo,2000,115,"Drama,Sci-Fi",5.3,61,https://www.imdb.com/title/tt0200483/
tt0872253,First Strike,2009,90,"Action,Sci-Fi,Thriller",5.8,61,https://www.imdb.com/title/tt0872253/
tt0960842,The Shiftling,2008,90,"Adventure,Sci-Fi",5.1,61,https://www.imdb.com/title/tt0960842/
tt11412130,Midunu Vishwaya,2023,\N,"Drama,Romance,Sci-Fi",8.3,61,https://www.imdb.com/title/tt11412130/
tt13729098,Rifftrax: Replica,2017,66,"Comedy,Sci-Fi",6.7,61,https://www.imdb.com/title/tt13729098/
tt14023652,Melegvizek országa,2022,82,"Comedy,Drama,Sci-Fi",7.5,61,https://www.imdb.com/title/tt14023652/
tt1637674,Alien Vengeance II: Rogue Element,2010,78,Sci-Fi,4.0,61,https://www.imdb.com/title/tt1637674/
tt18024180,Article 92,2025,\N,"Action,Drama,Sci-Fi",7.2,61,https://www.imdb.com/title/tt18024180/
tt20583296,Lady Trillion,2022,79,"Action,Romance,Sci-Fi",8.7,61,https://www.imdb.com/title/tt20583296/
tt21216020,Break of Dawn,2022,120,"Animation,Sci-Fi",6.1,61,https://www.imdb.com/title/tt21216020/
tt28479949,They Came Back from Somewhere,2023,\N,Sci-Fi,5.5,61,https://www.imdb.com/title/tt28479949/
tt5631422,The Circuit: Star Crew,2019,\N,Sci-Fi,4.7,61,https://www.imdb.com/title/tt5631422/
tt6111996,Prototype,2017,63,"Documentary,Sci-Fi",5.9,61,https://www.imdb.com/title/tt6111996/
tt6135692,Frackers,2020,\N,"Comedy,Sci-Fi",4.9,61,https://www.imdb.com/title/tt6135692/
tt0082223,Sensitive Spots,1981,89,Sci-Fi,6.4,60,https://www.imdb.com/title/tt0082223/
tt0155593,Centurion Force,2001,86,Sci-Fi,3.3,60,https://www.imdb.com/title/tt0155593/
tt0243430,Mutants in Paradise,1984,\N,"Comedy,Sci-Fi",3.8,60,https://www.imdb.com/title/tt0243430/
tt0391502,The Third Dragon,1985,73,Sci-Fi,6.8,60,https://www.imdb.com/title/tt0391502/
tt0441164,The Dead Link,2002,85,Sci-Fi,7.2,60,https://www.imdb.com/title/tt0441164/
tt0497494,Afterman 2,2005,86,"Action,Sci-Fi,Thriller",5.3,60,https://www.imdb.com/title/tt0497494/
tt16607812,Ceroboh,2022,88,"Fantasy,Sci-Fi,Thriller",5.0,60,https://www.imdb.com/title/tt16607812/
tt1987649,Raiders of Galaxy,1982,69,"Action,Animation,Sci-Fi",5.9,60,https://www.imdb.com/title/tt1987649/
tt2153882,Distortion,2012,111,"Drama,Sci-Fi,Thriller",6.2,60,https://www.imdb.com/title/tt2153882/
tt2313778,Hickory Never Bleeds,2012,81,"Horror,Sci-Fi",6.9,60,https://www.imdb.com/title/tt2313778/
tt2377212,Headsome,2013,82,"Sci-Fi,Thriller",6.0,60,https://www.imdb.com/title/tt2377212/
tt24020350,Ciclo,2022,100,Sci-Fi,5.6,60,https://www.imdb.com/title/tt24020350/
tt3355532,The Men in Black,1992,100,"Mystery,Sci-Fi,Thriller",7.8,60,https://www.imdb.com/title/tt3355532/
tt34383346,The Real You,2024,122,"Drama,Sci-Fi",5.8,60,https://www.imdb.com/title/tt34383346/
tt4715060,Sign Gene,2017,68,"Action,Adventure,Sci-Fi",7.1,60,https://www.imdb.com/title/tt4715060/
tt0237697,Beheaded Man,1994,148,"Horror,Sci-Fi",4.6,59,https://www.imdb.com/title/tt0237697/
tt0348129,Street Rats,1996,129,Sci-Fi,5.9,59,https://www.imdb.com/title/tt0348129/
tt0764239,Firestar: First Contact,1991,94,Sci-Fi,4.0,59,https://www.imdb.com/title/tt0764239/
tt10380766,Immortal,2020,96,Sci-Fi,5.2,59,https://www.imdb.com/title/tt10380766/
tt1038696,Taiketsu,2007,100,"Action,Drama,Sci-Fi",4.9,59,https://www.imdb.com/title/tt1038696/
tt1098210,Ivan the Fool,2002,52,Sci-Fi,5.1,59,https://www.imdb.com/title/tt1098210/
tt12044330,Uranes,2013,58,Sci-Fi,6.3,59,https://www.imdb.com/title/tt12044330/
tt1450148,Dublin 26.06.08: A Movie in 4 Days,2008,48,"Comedy,Drama,Sci-Fi",4.8,59,https://www.imdb.com/title/tt1450148/
tt2262282,The Founder,2012,108,"Comedy,Sci-Fi",5.9,59,https://www.imdb.com/title/tt2262282/
tt2448852,Yakshi Faithfully Yours,2012,90,"Horror,Romance,Sci-Fi",3.6,59,https://www.imdb.com/title/tt2448852/
tt2705440,The Parts,2013,90,"Drama,Mystery,Sci-Fi",6.8,59,https://www.imdb.com/title/tt2705440/
tt2709626,The Ufologist,2014,113,"Comedy,Sci-Fi,Thriller",7.4,59,https://www.imdb.com/title/tt2709626/
tt4095650,El Arca de Noé,2014,76,"Comedy,Drama,Sci-Fi",5.5,59,https://www.imdb.com/title/tt4095650/
tt4418730,As It's Remembered,2022,75,"Drama,Sci-Fi,Thriller",4.4,59,https://www.imdb.com/title/tt4418730/
tt5024672,Walden,2020,85,Sci-Fi,5.2,59,https://www.imdb.com/title/tt5024672/
tt5150824,S uma soyti!,1994,63,"Action,Comedy,Sci-Fi",2.0,59,https://www.imdb.com/title/tt5150824/
tt6183434,Black Friday,2017,81,"Comedy,Sci-Fi",5.8,59,https://www.imdb.com/title/tt6183434/
tt9474340,Cyborg: Deadly Machine,2020,50,"Action,Sci-Fi",6.6,59,https://www.imdb.com/title/tt9474340/
tt0087552,The Killing Edge,1984,90,Sci-Fi,5.3,58,https://www.imdb.com/title/tt0087552/
tt0098077,Peraustrínia 2004,1990,75,"Animation,Sci-Fi",7.2,58,https://www.imdb.com/title/tt0098077/
tt0107660,Navigators of the Space,1993,102,"Adventure,Sci-Fi",3.1,58,https://www.imdb.com/title/tt0107660/
tt0110247,Kawao tee Bangpleng,1994,120,Sci-Fi,5.4,58,https://www.imdb.com/title/tt0110247/
tt0114749,Twilight of the Dogs,1995,114,"Sci-Fi,Thriller",4.4,58,https://www.imdb.com/title/tt0114749/
tt0144279,Light Speed,1998,\N,"Horror,Sci-Fi",3.5,58,https://www.imdb.com/title/tt0144279/
tt0396114,Maya and the Starboy,1988,78,"Adventure,Comedy,Sci-Fi",6.7,58,https://www.imdb.com/title/tt0396114/
tt0407695,Crash Test,2004,81,"Sci-Fi,Thriller",4.1,58,https://www.imdb.com/title/tt0407695/
tt12260412,Monster,2020,70,"Adventure,Sci-Fi,Thriller",3.6,58,https://www.imdb.com/title/tt12260412/
tt12992944,Half Lives,2024,\N,Sci-Fi,5.0,58,https://www.imdb.com/title/tt12992944/
tt1395783,Project Purgatory,2010,82,"Action,Horror,Sci-Fi",4.6,58,https://www.imdb.com/title/tt1395783/
tt13991074,Abaddon's Pit,2024,93,"Drama,Sci-Fi,Thriller",5.7,58,https://www.imdb.com/title/tt13991074/
tt14148810,There Is an Alien Here,2021,79,"Comedy,Sci-Fi",8.5,58,https://www.imdb.com/title/tt14148810/
tt15293132,Life After BOB: The Chalice Study,2021,48,"Animation,Sci-Fi",6.3,58,https://www.imdb.com/title/tt15293132/
tt1773645,Red Zone,2010,82,"Adventure,Sci-Fi",2.3,58,https://www.imdb.com/title/tt1773645/
tt1930432,Origin: A Call to Minds,2013,79,"Action,Animation,Sci-Fi",4.5,58,https://www.imdb.com/title/tt1930432/
tt2258751,The Complex,2012,93,"Comedy,Horror,Sci-Fi",5.6,58,https://www.imdb.com/title/tt2258751/
tt28959468,Rinjin X,2023,120,"Drama,Sci-Fi",4.6,58,https://www.imdb.com/title/tt28959468/
tt3097962,Luna Project,2023,62,"Horror,Sci-Fi",3.7,58,https://www.imdb.com/title/tt3097962/
tt3277846,t=E/x²,2020,82,"Adventure,Mystery,Sci-Fi",4.6,58,https://www.imdb.com/title/tt3277846/
tt32828584,Best Cop Ever,2024,122,"Action,Comedy,Sci-Fi",4.3,58,https://www.imdb.com/title/tt32828584/
tt36021083,Otryad Svetlyachkov,2025,111,"Adventure,Sci-Fi,War",3.9,58,https://www.imdb.com/title/tt36021083/
tt36595879,Talisker: Vol. 1,2025,65,"Sci-Fi,Thriller",9.0,58,https://www.imdb.com/title/tt36595879/
tt4379630,Dark Resonance,2016,98,"Drama,Sci-Fi,Thriller",5.1,58,https://www.imdb.com/title/tt4379630/
tt6492540,Beware of Angels,2016,69,"Documentary,Sci-Fi",5.1,58,https://www.imdb.com/title/tt6492540/
tt9252692,Monster,2018,86,"Sci-Fi,Thriller",5.5,58,https://www.imdb.com/title/tt9252692/
tt0122064,Fire Fight,1988,86,Sci-Fi,3.6,57,https://www.imdb.com/title/tt0122064/
tt0360652,If,2003,88,"Sci-Fi,Thriller",5.7,57,https://www.imdb.com/title/tt0360652/
tt10055058,The Eye and the Wall,2021,88,Sci-Fi,4.6,57,https://www.imdb.com/title/tt10055058/
tt10944016,Parallel Forest,2020,102,"Drama,Mystery,Sci-Fi",7.0,57,https://www.imdb.com/title/tt10944016/
tt1521236,Sacrifice,2010,67,Sci-Fi,6.2,57,https://www.imdb.com/title/tt1521236/
tt18974408,Metamorphosis,2022,72,"Action,Horror,Sci-Fi",4.6,57,https://www.imdb.com/title/tt18974408/
tt2150534,Trash and Progress,2012,94,"Drama,Sci-Fi,Western",4.7,57,https://www.imdb.com/title/tt2150534/
tt30818935,The Eye of the Salamander,2024,81,"Adventure,Fantasy,Sci-Fi",5.4,57,https://www.imdb.com/title/tt30818935/
tt4742618,Cygnus,2017,87,"Horror,Sci-Fi,Thriller",6.5,57,https://www.imdb.com/title/tt4742618/
tt4853188,6 Hours,2015,67,"Action,Sci-Fi,Thriller",3.7,57,https://www.imdb.com/title/tt4853188/
tt5727514,Spider-Man: Vengeance,2016,58,"Action,Sci-Fi",5.8,57,https://www.imdb.com/title/tt5727514/
tt5853664,Space Detective,2017,73,"Adventure,Animation,Sci-Fi",7.6,57,https://www.imdb.com/title/tt5853664/
tt6607258,Texas Zombie Wars: El Paso Outpost,2019,\N,"Action,Horror,Sci-Fi",4.5,57,https://www.imdb.com/title/tt6607258/
tt0092961,The Emissaries of Khalom,1988,113,"Drama,Mystery,Sci-Fi",6.0,56,https://www.imdb.com/title/tt0092961/
tt0094388,The Final Test,1987,89,"Action,Sci-Fi",5.7,56,https://www.imdb.com/title/tt0094388/
tt0229506,Kappa,1994,118,"Fantasy,Sci-Fi",6.1,56,https://www.imdb.com/title/tt0229506/
tt0344313,Secret War,2003,80,"Action,Adventure,Sci-Fi",5.4,56,https://www.imdb.com/title/tt0344313/
tt0977836,Subject 87,2007,75,"Horror,Sci-Fi",6.9,56,https://www.imdb.com/title/tt0977836/
tt1090695,2B,2009,\N,Sci-Fi,6.9,56,https://www.imdb.com/title/tt1090695/
tt11845846,The Ghost Tank,2020,97,"Fantasy,Horror,Sci-Fi",3.7,56,https://www.imdb.com/title/tt11845846/
tt14342798,Rebirth Partner,2019,70,Sci-Fi,7.1,56,https://www.imdb.com/title/tt14342798/
tt2113666,Folklore,2012,81,"Comedy,Sci-Fi",6.8,56,https://www.imdb.com/title/tt2113666/
tt2577662,The Rise of the Robots,2015,85,Sci-Fi,4.6,56,https://www.imdb.com/title/tt2577662/
tt27636193,Enter Mycel,2022,75,"Drama,Horror,Sci-Fi",6.8,56,https://www.imdb.com/title/tt27636193/
tt29511037,Sharktopus,2023,80,"Action,Horror,Sci-Fi",5.8,56,https://www.imdb.com/title/tt29511037/
tt4756774,2045 Carnival Folklore,2015,100,"Drama,Music,Sci-Fi",2.8,56,https://www.imdb.com/title/tt4756774/
tt6028864,Patient 62,2016,81,"Sci-Fi,Thriller",6.2,56,https://www.imdb.com/title/tt6028864/
tt7370064,Anomalia,2019,86,"Drama,Romance,Sci-Fi",6.1,56,https://www.imdb.com/title/tt7370064/
tt8656220,How to Get from Here to There,2019,80,"Drama,Sci-Fi",4.6,56,https://www.imdb.com/title/tt8656220/
tt0152394,A Message from the Future,1981,87,"Drama,Sci-Fi",5.5,55,https://www.imdb.com/title/tt0152394/
tt0320098,The Human Beeing,2002,\N,"Comedy,Horror,Sci-Fi",7.2,55,https://www.imdb.com/title/tt0320098/
tt10681580,Tur,2019,83,Sci-Fi,5.1,55,https://www.imdb.com/title/tt10681580/
tt10718508,Earth Girls Are Sleazy,2019,73,Sci-Fi,3.7,55,https://www.imdb.com/title/tt10718508/
tt12214738,A Machine to Live In,2020,89,"Documentary,Sci-Fi",6.6,55,https://www.imdb.com/title/tt12214738/
tt12843288,END-80,2020,72,Sci-Fi,6.6,55,https://www.imdb.com/title/tt12843288/
tt13009718,Gravediggers,2024,91,"Action,Drama,Sci-Fi",5.6,55,https://www.imdb.com/title/tt13009718/
tt14029064,Under Three Moons,2022,89,Sci-Fi,5.9,55,https://www.imdb.com/title/tt14029064/
tt1587666,Alien Vengeance,2010,91,"Horror,Sci-Fi",3.6,55,https://www.imdb.com/title/tt1587666/
tt1946392,Shifter,2011,98,"Drama,Horror,Sci-Fi",3.1,55,https://www.imdb.com/title/tt1946392/
tt21344776,Save State,2023,85,"Comedy,Sci-Fi",5.5,55,https://www.imdb.com/title/tt21344776/
tt2581502,Darkfall Resurrection,2013,70,"Romance,Sci-Fi",4.9,55,https://www.imdb.com/title/tt2581502/
tt2619682,La Bamba 2: Hell Is a Drag,2013,75,"Comedy,Horror,Sci-Fi",5.3,55,https://www.imdb.com/title/tt2619682/
tt27435205,Don't Say Earth,2024,81,Sci-Fi,3.8,55,https://www.imdb.com/title/tt27435205/
tt30290719,Sanitatem,2023,81,"Drama,Sci-Fi,Thriller",5.7,55,https://www.imdb.com/title/tt30290719/
tt3815994,The Conversations,2016,75,"Comedy,Drama,Sci-Fi",5.8,55,https://www.imdb.com/title/tt3815994/
tt3913452,Teddy Bomb,2014,75,"Action,Comedy,Sci-Fi",6.2,55,https://www.imdb.com/title/tt3913452/
tt5020866,Hollywood Warrioress: The Movie,2016,90,"Action,Horror,Sci-Fi",3.5,55,https://www.imdb.com/title/tt5020866/
tt8356674,A Pedra da Serpente,2018,75,"Drama,Fantasy,Sci-Fi",5.8,55,https://www.imdb.com/title/tt8356674/
tt0102542,No raifu kingu,1989,106,"Drama,Sci-Fi",6.3,54,https://www.imdb.com/title/tt0102542/
tt0293823,A Mystery of the Cube,1998,108,"Mystery,Sci-Fi",5.5,54,https://www.imdb.com/title/tt0293823/
tt0389238,Partition,2000,85,"Crime,Horror,Sci-Fi",6.0,54,https://www.imdb.com/title/tt0389238/
tt0473626,La dernière incarnation,2005,92,"Comedy,Horror,Sci-Fi",4.1,54,https://www.imdb.com/title/tt0473626/
tt1029392,Tree,2007,46,"Drama,Horror,Sci-Fi",7.1,54,https://www.imdb.com/title/tt1029392/
tt1206087,Star Trek: Operation Beta Shield,2008,67,"Action,Fantasy,Sci-Fi",5.5,54,https://www.imdb.com/title/tt1206087/
tt12868346,Ellaam Mela Irukuravan Paathuppan,2023,131,"Comedy,Drama,Sci-Fi",5.2,54,https://www.imdb.com/title/tt12868346/
tt1296879,Sexy S.W.A.T. Team,1998,61,"Action,Sci-Fi",6.1,54,https://www.imdb.com/title/tt1296879/
tt1368466,Geo-Lobotomy,2005,100,"Horror,Sci-Fi",5.0,54,https://www.imdb.com/title/tt1368466/
tt13893874,The Last Padawan 2,2021,51,"Adventure,Sci-Fi",7.6,54,https://www.imdb.com/title/tt13893874/
tt15083384,RiffTrax: Firehead,2013,80,"Action,Sci-Fi",7.5,54,https://www.imdb.com/title/tt15083384/
tt1615842,Fallen Souls,2010,119,"Sci-Fi,Thriller",5.4,54,https://www.imdb.com/title/tt1615842/
tt1707240,Lys,2010,52,"Drama,Fantasy,Sci-Fi",6.1,54,https://www.imdb.com/title/tt1707240/
tt21882070,The IRIS Project,2022,235,"Horror,Sci-Fi",8.3,54,https://www.imdb.com/title/tt21882070/
tt27368415,Red Earth,2023,64,Sci-Fi,4.6,54,https://www.imdb.com/title/tt27368415/
tt29933051,The Complex Forms,2023,74,"Drama,Fantasy,Sci-Fi",7.0,54,https://www.imdb.com/title/tt29933051/
tt33095172,Rahasyam Idham Jagath,2024,153,Sci-Fi,7.1,54,https://www.imdb.com/title/tt33095172/
tt33245062,Intruder,2025,\N,Sci-Fi,7.2,54,https://www.imdb.com/title/tt33245062/
tt3466380,The Devil in White,2014,113,"Drama,Horror,Sci-Fi",4.2,54,https://www.imdb.com/title/tt3466380/
tt34706606,Transmedium: Fastmovers & USOs,2024,113,"Documentary,Mystery,Sci-Fi",6.2,54,https://www.imdb.com/title/tt34706606/
tt3983360,L'ultimo sole della notte,2017,\N,Sci-Fi,6.6,54,https://www.imdb.com/title/tt3983360/
tt5021516,Maanga,2015,135,"Comedy,Sci-Fi",2.9,54,https://www.imdb.com/title/tt5021516/
tt5868168,Year Six,2014,56,Sci-Fi,4.2,54,https://www.imdb.com/title/tt5868168/
tt8421156,Soulless,2018,150,Sci-Fi,2.5,54,https://www.imdb.com/title/tt8421156/
tt0175016,The Apostate,1987,163,Sci-Fi,5.9,53,https://www.imdb.com/title/tt0175016/
tt0204607,Into the Darkness,1992,70,"Horror,Sci-Fi",7.9,53,https://www.imdb.com/title/tt0204607/
tt0207434,Dream Parlor,1999,98,Sci-Fi,7.1,53,https://www.imdb.com/title/tt0207434/
tt0208663,Abra Cadabra,1983,84,"Animation,Fantasy,Sci-Fi",6.5,53,https://www.imdb.com/title/tt0208663/
tt0266493,Cin mikrorayonda,1985,79,"Comedy,Sci-Fi",6.5,53,https://www.imdb.com/title/tt0266493/
tt0270746,XX Ray II,1995,108,"Adventure,Comedy,Sci-Fi",7.0,53,https://www.imdb.com/title/tt0270746/
tt0290824,Recoil,2001,75,"Horror,Sci-Fi,Thriller",4.1,53,https://www.imdb.com/title/tt0290824/
tt0306483,Desert Sky,1997,90,"Drama,Sci-Fi",6.5,53,https://www.imdb.com/title/tt0306483/
tt0309701,Idealnoe prestuplenie,1990,97,"Mystery,Sci-Fi",6.0,53,https://www.imdb.com/title/tt0309701/
tt0451644,Batang-X,1995,94,"Action,Fantasy,Sci-Fi",5.8,53,https://www.imdb.com/title/tt0451644/
tt12569866,Darkheart Manor,2022,\N,"Mystery,Sci-Fi",4.5,53,https://www.imdb.com/title/tt12569866/
tt13654782,Veneer,2020,86,"Comedy,Mystery,Sci-Fi",8.5,53,https://www.imdb.com/title/tt13654782/
tt13682668,BTTF Project 85: The Back to the Future Fan Remake,2020,120,Sci-Fi,5.6,53,https://www.imdb.com/title/tt13682668/
tt18352140,RiffTrax: Abraxas,2011,80,"Comedy,Sci-Fi",6.6,53,https://www.imdb.com/title/tt18352140/
tt2577902,Cabás,2012,107,"Drama,Sci-Fi",6.6,53,https://www.imdb.com/title/tt2577902/
tt2626660,The Ozone Layer Vanishes,1990,93,Sci-Fi,6.6,53,https://www.imdb.com/title/tt2626660/
tt27549842,115,2025,75,"Romance,Sci-Fi",8.4,53,https://www.imdb.com/title/tt27549842/
tt3460068,Aladdin 3477- I: The Jinn of Wisdom,2025,118,"Adventure,Fantasy,Sci-Fi",6.5,53,https://www.imdb.com/title/tt3460068/
tt4503606,Containment,2015,80,"Documentary,Sci-Fi",6.4,53,https://www.imdb.com/title/tt4503606/
tt4985954,Electric Nostalgia,2016,91,"Drama,Horror,Sci-Fi",6.4,53,https://www.imdb.com/title/tt4985954/
tt5815262,Naani,2016,\N,"Horror,Sci-Fi,Thriller",5.3,53,https://www.imdb.com/title/tt5815262/
tt6092924,Interstelar 3: Zero X,2017,45,"Comedy,Horror,Sci-Fi",5.0,53,https://www.imdb.com/title/tt6092924/
tt7271958,3 Days on the Cross,2017,108,"Drama,Mystery,Sci-Fi",7.4,53,https://www.imdb.com/title/tt7271958/
tt0406197,Scoopers,1987,58,"Action,Animation,Sci-Fi",6.0,52,https://www.imdb.com/title/tt0406197/
tt1238772,Red & Blue Marbles,2011,\N,Sci-Fi,5.9,52,https://www.imdb.com/title/tt1238772/
tt13024380,Mind Forward,2019,55,"Documentary,Sci-Fi",7.0,52,https://www.imdb.com/title/tt13024380/
tt1931405,Chronicles of Humanity: Descent,2011,77,"Action,Animation,Sci-Fi",6.6,52,https://www.imdb.com/title/tt1931405/
tt2072277,The Wisdom Tree,2013,140,"Drama,Mystery,Sci-Fi",7.8,52,https://www.imdb.com/title/tt2072277/
tt30498204,Novak,2025,110,"Drama,Sci-Fi",6.5,52,https://www.imdb.com/title/tt30498204/
tt31566217,Back to 2005,2024,88,"Comedy,Sci-Fi",8.3,52,https://www.imdb.com/title/tt31566217/
tt3562846,Quiqueck & Hämat: Proll Out,2013,53,"Animation,Comedy,Sci-Fi",7.4,52,https://www.imdb.com/title/tt3562846/
tt36733792,Paranormal Body Stream,2025,73,Sci-Fi,4.2,52,https://www.imdb.com/title/tt36733792/
tt4441030,Texas Voodoo Zombies,2016,95,Sci-Fi,2.5,52,https://www.imdb.com/title/tt4441030/
tt7825586,The Inverted World,1998,\N,"Comedy,Sci-Fi",4.3,52,https://www.imdb.com/title/tt7825586/
tt8206646,Eclipse: The Rise of Ink,2018,81,"Action,Adventure,Sci-Fi",4.1,52,https://www.imdb.com/title/tt8206646/
tt8359918,Anthology of horror 8,2018,76,"Drama,Horror,Sci-Fi",7.3,52,https://www.imdb.com/title/tt8359918/
tt9198814,Bangkit!,2009,122,"Action,Drama,Sci-Fi",6.9,52,https://www.imdb.com/title/tt9198814/
tt0107644,Möbius,1993,90,Sci-Fi,6.0,51,https://www.imdb.com/title/tt0107644/
tt0371628,Deep Sea Conspiracy,1987,91,"Action,Sci-Fi,Thriller",4.4,51,https://www.imdb.com/title/tt0371628/
tt1410199,Almaz Black Box,2007,90,"Horror,Sci-Fi",6.1,51,https://www.imdb.com/title/tt1410199/
tt1537725,Brainscan: Aku dan Topi Ajaib,2008,90,"Comedy,Fantasy,Sci-Fi",4.3,51,https://www.imdb.com/title/tt1537725/
tt15662564,RiffTrax: Star Wars - The Rise of Skywalker,2020,\N,"Comedy,Sci-Fi",5.2,51,https://www.imdb.com/title/tt15662564/
tt15827940,Dog: Apocalypse,2022,83,"Action,Sci-Fi",3.4,51,https://www.imdb.com/title/tt15827940/
tt1585572,Mocland - A super space adventure,2008,84,"Adventure,Animation,Sci-Fi",5.0,51,https://www.imdb.com/title/tt1585572/
tt18397016,Gauntlet,2021,119,"Action,Adventure,Sci-Fi",6.8,51,https://www.imdb.com/title/tt18397016/
tt1954798,The Ghost of Saint Aubin,2011,80,"Crime,Drama,Sci-Fi",4.3,51,https://www.imdb.com/title/tt1954798/
tt19854066,Doctor Strange: Multiversal Madness,2022,55,"Action,Mystery,Sci-Fi",8.2,51,https://www.imdb.com/title/tt19854066/
tt2042544,Gothic Assassins,2012,116,"Action,Drama,Sci-Fi",5.8,51,https://www.imdb.com/title/tt2042544/
tt2896502,After Exodus,2014,51,"Drama,Sci-Fi,Thriller",5.6,51,https://www.imdb.com/title/tt2896502/
tt30840610,Moon Ghost Returns,2024,87,"Comedy,Horror,Sci-Fi",4.8,51,https://www.imdb.com/title/tt30840610/
tt33022678,Lifeform,2025,\N,Sci-Fi,4.4,51,https://www.imdb.com/title/tt33022678/
tt3478204,Rinoplasticos: A Warrior's Journey,2014,55,"Action,Adventure,Sci-Fi",8.4,51,https://www.imdb.com/title/tt3478204/
tt3524638,Focus on Infinity,2014,79,"Documentary,Sci-Fi",7.0,51,https://www.imdb.com/title/tt3524638/
tt35494505,The Reality of Time,2024,111,Sci-Fi,6.0,51,https://www.imdb.com/title/tt35494505/
tt37503122,Gear-Up Click to Login,2025,149,Sci-Fi,9.4,51,https://www.imdb.com/title/tt37503122/
tt4244628,Real Buddy,2014,52,Sci-Fi,5.3,51,https://www.imdb.com/title/tt4244628/
tt6408760,Tiempos Futuros,2021,82,"Family,Sci-Fi",6.5,51,https://www.imdb.com/title/tt6408760/
tt7189226,Snatchers,2020,85,Sci-Fi,5.9,51,https://www.imdb.com/title/tt7189226/
tt0086077,Pankow '95,1983,88,Sci-Fi,6.0,50,https://www.imdb.com/title/tt0086077/
tt0086095,Tunka el guerrero,1984,78,"Action,Adventure,Sci-Fi",3.9,50,https://www.imdb.com/title/tt0086095/
tt0307268,Thunderhawk from Outer Space,1986,80,"Action,Family,Sci-Fi",6.0,50,https://www.imdb.com/title/tt0307268/
tt1043716,13 segundos,2007,\N,"Drama,Horror,Sci-Fi",5.1,50,https://www.imdb.com/title/tt1043716/
tt1244755,Blood Moon,2008,\N,Sci-Fi,5.8,50,https://www.imdb.com/title/tt1244755/
tt1542621,Death Force,2009,82,"Action,Sci-Fi",4.5,50,https://www.imdb.com/title/tt1542621/
tt1754331,The Big Everything,2015,131,"Comedy,Drama,Sci-Fi",7.5,50,https://www.imdb.com/title/tt1754331/
tt23117800,Spooky+,2022,66,"Family,Horror,Sci-Fi",4.4,50,https://www.imdb.com/title/tt23117800/
tt27712372,"My Brother, the Alien",2023,117,"Comedy,Sci-Fi",4.9,50,https://www.imdb.com/title/tt27712372/
tt32270528,Replika,2024,125,"Drama,Sci-Fi",5.3,50,https://www.imdb.com/title/tt32270528/
tt3265080,From the Earth to the Moon,2013,87,"Animation,Comedy,Sci-Fi",7.1,50,https://www.imdb.com/title/tt3265080/
tt33165171,Milestone,2024,88,"Drama,Sci-Fi",6.6,50,https://www.imdb.com/title/tt33165171/
tt4908742,The Garden's Keeper,2015,70,"Action,Comedy,Sci-Fi",4.3,50,https://www.imdb.com/title/tt4908742/
tt8865096,One Step Ahead,2020,90,"Mystery,Sci-Fi",4.8,50,https://www.imdb.com/title/tt8865096/
tt0232086,Merikes ton protimoun... ilektroniko,1986,87,"Comedy,Sci-Fi",5.6,49,https://www.imdb.com/title/tt0232086/
tt0363608,Fifth City,2003,95,"Action,Comedy,Sci-Fi",6.5,49,https://www.imdb.com/title/tt0363608/
tt0436283,The Ethereal Plane,2005,74,Sci-Fi,4.9,49,https://www.imdb.com/title/tt0436283/
tt0472167,Radiant,2005,100,"Drama,Sci-Fi",5.6,49,https://www.imdb.com/title/tt0472167/
tt11652546,Maya,2020,84,"Fantasy,Mystery,Sci-Fi",6.9,49,https://www.imdb.com/title/tt11652546/
tt12229012,Nightmares Unleashed,2025,\N,"Horror,Musical,Sci-Fi",5.9,49,https://www.imdb.com/title/tt12229012/
tt1447943,Alien Ecstasy,2009,90,Sci-Fi,6.4,49,https://www.imdb.com/title/tt1447943/
tt1498565,Cleric,2014,68,"Action,Adventure,Sci-Fi",3.0,49,https://www.imdb.com/title/tt1498565/
tt1708493,Nekrüt,2008,105,"Comedy,Sci-Fi",3.1,49,https://www.imdb.com/title/tt1708493/
tt19722656,Zenit,2024,74,Sci-Fi,4.9,49,https://www.imdb.com/title/tt19722656/
tt2009550,Perry Rhodan - Unser Mann im All,2011,94,"Documentary,Sci-Fi",6.4,49,https://www.imdb.com/title/tt2009550/
tt21328706,Astral Plane Drifter,2024,\N,"Comedy,Sci-Fi,Western",8.4,49,https://www.imdb.com/title/tt21328706/
tt22776378,Ka Po,2022,90,"Action,Drama,Sci-Fi",4.8,49,https://www.imdb.com/title/tt22776378/
tt24518302,Intersection,2025,118,Sci-Fi,8.3,49,https://www.imdb.com/title/tt24518302/
tt27589686,Xterminator and the AI Apocalypse,2023,62,Sci-Fi,2.6,49,https://www.imdb.com/title/tt27589686/
tt28501176,Heavens: The Boy and His Robot,2024,98,"Action,Adventure,Sci-Fi",6.9,49,https://www.imdb.com/title/tt28501176/
tt29402418,Outer Darkness,2023,93,Sci-Fi,5.0,49,https://www.imdb.com/title/tt29402418/
tt3628404,The Rare Earth,2015,105,"Fantasy,Sci-Fi",4.1,49,https://www.imdb.com/title/tt3628404/
tt4028068,Wonder Woman,2014,60,Sci-Fi,5.3,49,https://www.imdb.com/title/tt4028068/
tt4054244,Natalie_Net,2014,83,"Sci-Fi,Thriller",5.3,49,https://www.imdb.com/title/tt4054244/
tt5121424,Kolobakha,2008,94,Sci-Fi,6.1,49,https://www.imdb.com/title/tt5121424/
tt9803620,Tributaries,2021,101,"Drama,Sci-Fi",6.7,49,https://www.imdb.com/title/tt9803620/
tt0144213,Game of Pleasure,1998,62,"Action,Adventure,Sci-Fi",4.4,48,https://www.imdb.com/title/tt0144213/
tt0207175,Urutoraman Zofuii,1984,85,Sci-Fi,5.7,48,https://www.imdb.com/title/tt0207175/
tt0215824,Die grüne Wolke,2001,100,"Action,Adventure,Sci-Fi",4.7,48,https://www.imdb.com/title/tt0215824/
tt0236483,Maxwell's Demon,1999,78,"Drama,Sci-Fi",5.7,48,https://www.imdb.com/title/tt0236483/
tt0297743,Armageddon: The Final Challenge,1994,85,Sci-Fi,4.2,48,https://www.imdb.com/title/tt0297743/
tt0297803,Bogotá 2016,2001,85,"Drama,Sci-Fi",6.0,48,https://www.imdb.com/title/tt0297803/
tt0359077,El chupacabras,1996,90,"Horror,Sci-Fi",4.5,48,https://www.imdb.com/title/tt0359077/
tt0369880,Il ronzio delle mosche,2003,80,"Drama,Fantasy,Sci-Fi",5.4,48,https://www.imdb.com/title/tt0369880/
tt0410518,Revenge of Mr. Willie,1999,92,"Comedy,Sci-Fi",4.0,48,https://www.imdb.com/title/tt0410518/
tt0462600,A Texas Tale of Treason,2006,\N,Sci-Fi,7.8,48,https://www.imdb.com/title/tt0462600/
tt12551284,Infinite Light,2021,67,"Drama,Sci-Fi,Thriller",4.4,48,https://www.imdb.com/title/tt12551284/
tt13180664,Wu Lin: The Society,2022,\N,"Action,Crime,Sci-Fi",6.3,48,https://www.imdb.com/title/tt13180664/
tt13557640,Clone Me,2017,\N,"Action,Sci-Fi",6.3,48,https://www.imdb.com/title/tt13557640/
tt1523283,Frankenstein Unlimited,2009,94,"Horror,Sci-Fi,Thriller",7.5,48,https://www.imdb.com/title/tt1523283/
tt22170788,Timeman,2022,101,"Drama,Romance,Sci-Fi",7.7,48,https://www.imdb.com/title/tt22170788/
tt24516716,SCP: The Infinite Mission,2024,\N,"Action,Sci-Fi",5.9,48,https://www.imdb.com/title/tt24516716/
tt28817626,Andromeda: 1883,2024,75,"Action,Drama,Sci-Fi",4.1,48,https://www.imdb.com/title/tt28817626/
tt3027676,O Monstro Legume do Espaço,1995,77,"Comedy,Horror,Sci-Fi",5.4,48,https://www.imdb.com/title/tt3027676/
tt3139486,Stranger in the Dunes,2016,93,"Sci-Fi,Thriller",8.0,48,https://www.imdb.com/title/tt3139486/
tt3152486,Andrea Perron: House of Darkness House of Light,2013,119,Sci-Fi,4.2,48,https://www.imdb.com/title/tt3152486/
tt31869723,Code Geass: Rozé of the Recapture: Part 2,2024,76,"Animation,Sci-Fi",7.3,48,https://www.imdb.com/title/tt31869723/
tt3361856,Audax,2014,90,"Action,Sci-Fi",4.9,48,https://www.imdb.com/title/tt3361856/
tt3968196,Star Trek: Temporal Anomaly,2019,60,"Action,Adventure,Sci-Fi",6.1,48,https://www.imdb.com/title/tt3968196/
tt4109284,Space Ninja: The Animated Movie,2014,70,"Action,Animation,Sci-Fi",5.0,48,https://www.imdb.com/title/tt4109284/
tt4654864,Anthology of Horror 2,2015,71,"Action,Horror,Sci-Fi",7.7,48,https://www.imdb.com/title/tt4654864/
tt4777218,Emmageddon,2020,90,"Comedy,Drama,Sci-Fi",4.4,48,https://www.imdb.com/title/tt4777218/
tt5840578,Coleville,2016,95,"Horror,Sci-Fi",8.1,48,https://www.imdb.com/title/tt5840578/
tt7836694,Unearthed: The Curse of Nephthys,2018,76,"Action,Horror,Sci-Fi",4.0,48,https://www.imdb.com/title/tt7836694/
tt8390370,Radio Silence,2018,120,Sci-Fi,2.8,48,https://www.imdb.com/title/tt8390370/
tt8589718,Fatal Future,2018,93,"Adventure,Comedy,Sci-Fi",5.8,48,https://www.imdb.com/title/tt8589718/
tt0097846,Masseba,1989,95,Sci-Fi,5.9,47,https://www.imdb.com/title/tt0097846/
tt0112711,Concert for a Rat,1995,110,"Fantasy,Sci-Fi",6.1,47,https://www.imdb.com/title/tt0112711/
tt0159469,He Comes from Planet K,1997,95,"Comedy,Sci-Fi",5.0,47,https://www.imdb.com/title/tt0159469/
tt0162845,Alien X Factor,1997,\N,Sci-Fi,3.9,47,https://www.imdb.com/title/tt0162845/
tt0230046,The Sparkling World,1984,91,Sci-Fi,5.3,47,https://www.imdb.com/title/tt0230046/
tt0287059,Twelve,2001,83,"Horror,Mystery,Sci-Fi",6.7,47,https://www.imdb.com/title/tt0287059/
tt0360234,La zona del silencio,1990,82,"Horror,Mystery,Sci-Fi",6.1,47,https://www.imdb.com/title/tt0360234/
tt1042385,Synapse,2007,90,"Drama,Mystery,Sci-Fi",7.5,47,https://www.imdb.com/title/tt1042385/
tt1092050,Alien Game,2007,82,Sci-Fi,7.5,47,https://www.imdb.com/title/tt1092050/
tt12262690,"Devoto, la invasión silenciosa",2020,72,Sci-Fi,5.3,47,https://www.imdb.com/title/tt12262690/
tt1379636,Canary,2009,93,Sci-Fi,5.9,47,https://www.imdb.com/title/tt1379636/
tt14172564,Resident Evil: Childhood,2020,54,"Horror,Sci-Fi",4.4,47,https://www.imdb.com/title/tt14172564/
tt15125820,Bionica,2024,82,Sci-Fi,5.4,47,https://www.imdb.com/title/tt15125820/
tt1618473,Sensory Perception,2019,92,"Sci-Fi,Thriller",7.1,47,https://www.imdb.com/title/tt1618473/
tt1670229,Enemy Mind,2010,86,Sci-Fi,4.2,47,https://www.imdb.com/title/tt1670229/
tt1759731,Maidroid 2: Maidroid vs. Hostroids,2010,\N,Sci-Fi,5.2,47,https://www.imdb.com/title/tt1759731/
tt1893336,Single Minded,2010,109,"Action,Drama,Sci-Fi",6.9,47,https://www.imdb.com/title/tt1893336/
tt1964416,"100, 000 Zombie Heads",2012,88,Sci-Fi,3.3,47,https://www.imdb.com/title/tt1964416/
tt2367670,"Star Wreck 2pi: Full Twist, Now!",2012,53,"Comedy,Sci-Fi",5.6,47,https://www.imdb.com/title/tt2367670/
tt2873660,Uvertür,2013,92,"Drama,Mystery,Sci-Fi",6.9,47,https://www.imdb.com/title/tt2873660/
tt3417314,Prelude to Infusco,2014,148,"Action,Drama,Sci-Fi",3.9,47,https://www.imdb.com/title/tt3417314/
tt38855471,Esistenza Zero,2025,73,Sci-Fi,5.7,47,https://www.imdb.com/title/tt38855471/
tt4372572,Midnight Massacre,2025,95,"Action,Sci-Fi",6.2,47,https://www.imdb.com/title/tt4372572/
tt6314472,The Blue Hearts,2017,159,"Drama,Musical,Sci-Fi",4.8,47,https://www.imdb.com/title/tt6314472/
tt7260038,Elijah and the Rock Creature,2018,88,Sci-Fi,6.1,47,https://www.imdb.com/title/tt7260038/
tt8010444,Spider-Man: Rise of a Legacy,2018,60,"Action,Sci-Fi",6.7,47,https://www.imdb.com/title/tt8010444/
tt8178798,Passagem Secreta,2021,95,"Adventure,Mystery,Sci-Fi",6.2,47,https://www.imdb.com/title/tt8178798/
tt0100359,Freedom: The Voice of Ein-Harod,1990,90,"Drama,Sci-Fi",5.2,46,https://www.imdb.com/title/tt0100359/
tt0113980,Night Head,1995,107,"Horror,Sci-Fi,Thriller",6.0,46,https://www.imdb.com/title/tt0113980/
tt0115919,The Cockroach That Ate Cincinnati,1996,95,"Comedy,Sci-Fi",6.8,46,https://www.imdb.com/title/tt0115919/
tt0444979,Space Case,1992,81,"Comedy,Sci-Fi",3.3,46,https://www.imdb.com/title/tt0444979/
tt0476259,El Huésped,2003,74,"Drama,Horror,Sci-Fi",4.9,46,https://www.imdb.com/title/tt0476259/
tt1051263,Stolen Life,2007,80,"Animation,Mystery,Sci-Fi",6.7,46,https://www.imdb.com/title/tt1051263/
tt10980820,The Innocent City,2017,75,"Drama,Sci-Fi",6.6,46,https://www.imdb.com/title/tt10980820/
tt13642786,Sustainable Life with Unlimited Transformations,2021,52,"Horror,Sci-Fi",6.2,46,https://www.imdb.com/title/tt13642786/
tt13937232,Self Quarantined,2022,90,"Sci-Fi,Thriller",7.2,46,https://www.imdb.com/title/tt13937232/
tt13950336,Pros and Cons of Being Single,2023,65,"Comedy,Sci-Fi",5.3,46,https://www.imdb.com/title/tt13950336/
tt14235280,Trans,2021,93,"Fantasy,Mystery,Sci-Fi",7.4,46,https://www.imdb.com/title/tt14235280/
tt16023790,Rani Rani Rani,2024,97,Sci-Fi,6.0,46,https://www.imdb.com/title/tt16023790/
tt1837540,Cudoviste iz Tamisa,2006,77,"Comedy,Mystery,Sci-Fi",6.4,46,https://www.imdb.com/title/tt1837540/
tt18828822,The Hammer of Witches: The Screech Owl,2021,77,"Crime,Fantasy,Sci-Fi",4.7,46,https://www.imdb.com/title/tt18828822/
tt1929438,Ulrike's Brain,2017,55,"Drama,Horror,Sci-Fi",5.0,46,https://www.imdb.com/title/tt1929438/
tt2051823,Attack of the Alien Jelly Monsters from the Depths of Uranus,2011,\N,"Comedy,Horror,Sci-Fi",4.4,46,https://www.imdb.com/title/tt2051823/
tt2112982,Kessler's Lab,2017,87,"Drama,Sci-Fi,Thriller",4.3,46,https://www.imdb.com/title/tt2112982/
tt2165160,Way Down in Chinatown,2014,90,"Comedy,Horror,Sci-Fi",6.5,46,https://www.imdb.com/title/tt2165160/
tt3005710,Hiroku: Defenders of Gaia,2013,80,"Adventure,Animation,Sci-Fi",7.2,46,https://www.imdb.com/title/tt3005710/
tt3116476,Torrent,2017,80,Sci-Fi,5.3,46,https://www.imdb.com/title/tt3116476/
tt3231580,End of All Things,2016,85,"Sci-Fi,Thriller",4.0,46,https://www.imdb.com/title/tt3231580/
tt34752624,Alien AI: Legacy,2025,74,Sci-Fi,2.0,46,https://www.imdb.com/title/tt34752624/
tt4205426,Bad Vegan and the Teleportation Machine,2016,90,"Comedy,Sci-Fi,Thriller",6.6,46,https://www.imdb.com/title/tt4205426/
tt4221190,Consumed Static Air,2015,80,Sci-Fi,4.8,46,https://www.imdb.com/title/tt4221190/
tt4370800,The Paragon Gate,2015,\N,Sci-Fi,6.8,46,https://www.imdb.com/title/tt4370800/
tt6429334,Enter Sanctum,2025,88,"Sci-Fi,Thriller",2.9,46,https://www.imdb.com/title/tt6429334/
tt8086288,Alien nightmare X,2018,63,"Action,Horror,Sci-Fi",5.5,46,https://www.imdb.com/title/tt8086288/
tt9074994,The Waiting,2019,78,"Drama,Mystery,Sci-Fi",5.6,46,https://www.imdb.com/title/tt9074994/
tt9336300,Starwars: Goretech,2018,90,"Action,Comedy,Sci-Fi",4.7,46,https://www.imdb.com/title/tt9336300/
tt0104092,Detonator,1992,66,"Comedy,Sci-Fi",3.5,45,https://www.imdb.com/title/tt0104092/
tt0113106,Frankenstein's Planet of Monsters!,1995,50,Sci-Fi,5.0,45,https://www.imdb.com/title/tt0113106/
tt0131593,Space Freaks from Planet Mutoid,1995,\N,Sci-Fi,3.3,45,https://www.imdb.com/title/tt0131593/
tt10182646,Psyche,2025,71,"Fantasy,Horror,Sci-Fi",6.1,45,https://www.imdb.com/title/tt10182646/
tt11079950,Black Zone,2025,102,"Action,Drama,Sci-Fi",7.8,45,https://www.imdb.com/title/tt11079950/
tt11953038,Mekong 2030,2020,93,"Drama,Sci-Fi",5.8,45,https://www.imdb.com/title/tt11953038/
tt13011526,A Report on the Party and the Guests,2020,79,Sci-Fi,4.7,45,https://www.imdb.com/title/tt13011526/
tt1396235,Catalina: A New Kind of Superhero,2009,98,Sci-Fi,3.0,45,https://www.imdb.com/title/tt1396235/
tt1550506,Hive Mind,2009,115,"Horror,Sci-Fi",5.5,45,https://www.imdb.com/title/tt1550506/
tt1831832,Star Appeal,2004,86,"Drama,Sci-Fi",3.7,45,https://www.imdb.com/title/tt1831832/
tt21861036,Isla Monstro,2024,96,"Animation,Comedy,Sci-Fi",6.3,45,https://www.imdb.com/title/tt21861036/
tt2283354,Tympanum,2012,78,"Drama,Sci-Fi",3.9,45,https://www.imdb.com/title/tt2283354/
tt2369157,Normal,2012,76,"Comedy,Drama,Sci-Fi",7.7,45,https://www.imdb.com/title/tt2369157/
tt2535654,Flag: Issenman no kufura no kiroku,2007,102,"Action,Animation,Sci-Fi",5.8,45,https://www.imdb.com/title/tt2535654/
tt2560130,Stranglehold,2014,92,"Drama,Sci-Fi,Thriller",4.0,45,https://www.imdb.com/title/tt2560130/
tt31549312,Alien Nemesis,2023,80,"Horror,Sci-Fi",2.5,45,https://www.imdb.com/title/tt31549312/
tt3311564,Earth Defense Widow,2014,84,"Comedy,Sci-Fi",3.5,45,https://www.imdb.com/title/tt3311564/
tt3340880,L'altra frontera,2014,98,"Drama,Sci-Fi",5.8,45,https://www.imdb.com/title/tt3340880/
tt34346110,Inertia,2025,\N,"Comedy,Drama,Sci-Fi",4.1,45,https://www.imdb.com/title/tt34346110/
tt9586350,The Empty Space,2020,78,"Horror,Sci-Fi",4.4,45,https://www.imdb.com/title/tt9586350/
tt0181466,Demagogue,1998,90,"Horror,Sci-Fi",4.5,44,https://www.imdb.com/title/tt0181466/
tt0265273,L.I.N.X.,2000,90,Sci-Fi,6.3,44,https://www.imdb.com/title/tt0265273/
tt0271253,The Dream Factory,1990,100,"Drama,Fantasy,Sci-Fi",5.9,44,https://www.imdb.com/title/tt0271253/
tt0312364,Anomaliya,1993,83,Sci-Fi,5.2,44,https://www.imdb.com/title/tt0312364/
tt0459543,Sigma,2005,85,"Action,Sci-Fi,Thriller",6.6,44,https://www.imdb.com/title/tt0459543/
tt0818909,Knightquest,2001,45,Sci-Fi,7.2,44,https://www.imdb.com/title/tt0818909/
tt10473088,Jazavac Pred Sudom: With the Badger on Trial,2020,85,"History,Sci-Fi",7.1,44,https://www.imdb.com/title/tt10473088/
tt1082813,Children of the Hunt,2009,92,"Action,Adventure,Sci-Fi",5.5,44,https://www.imdb.com/title/tt1082813/
tt15035796,Ameba,2021,72,"Drama,Sci-Fi",6.7,44,https://www.imdb.com/title/tt15035796/
tt16425120,Rifftrax: Starship Invasions,2018,80,"Comedy,Sci-Fi",6.7,44,https://www.imdb.com/title/tt16425120/
tt1764232,Children of the X-Files,2009,90,"Horror,Sci-Fi",5.1,44,https://www.imdb.com/title/tt1764232/
tt20232522,Pescane plaze Marsa,2023,90,"Drama,Sci-Fi",6.3,44,https://www.imdb.com/title/tt20232522/
tt2078709,Psycho Bettys from Planet Pussycat,2011,95,"Comedy,Musical,Sci-Fi",6.2,44,https://www.imdb.com/title/tt2078709/
tt2182065,Police State,2017,73,"Adventure,Sci-Fi,Thriller",6.4,44,https://www.imdb.com/title/tt2182065/
tt26345526,New Strains,2023,78,"Comedy,Romance,Sci-Fi",6.5,44,https://www.imdb.com/title/tt26345526/
tt29899934,Odder Noggins,2023,73,Sci-Fi,3.9,44,https://www.imdb.com/title/tt29899934/
tt3019994,Ultraman Ginga: Theater Special,2013,45,"Adventure,Sci-Fi",6.8,44,https://www.imdb.com/title/tt3019994/
tt3036250,Cybornetics: Urban Cyborg,2013,111,Sci-Fi,6.4,44,https://www.imdb.com/title/tt3036250/
tt3101100,"Go, Stop, Murder",2013,100,"Drama,Fantasy,Sci-Fi",8.3,44,https://www.imdb.com/title/tt3101100/
tt33241507,Space Ranger Origin,2025,80,"Action,Adventure,Sci-Fi",4.1,44,https://www.imdb.com/title/tt33241507/
tt3393060,The Face in the Wall,2017,83,Sci-Fi,6.3,44,https://www.imdb.com/title/tt3393060/
tt4732794,Abaddon,2021,96,"Action,Adventure,Sci-Fi",4.8,44,https://www.imdb.com/title/tt4732794/
tt5567368,Godzilla vs. Wolfman,1983,80,"Action,Horror,Sci-Fi",5.4,44,https://www.imdb.com/title/tt5567368/
tt7501424,Ghost of the Golden Groves,2019,98,"Fantasy,Horror,Sci-Fi",6.5,44,https://www.imdb.com/title/tt7501424/
tt7520196,Amalia,2018,97,"Horror,Romance,Sci-Fi",6.1,44,https://www.imdb.com/title/tt7520196/
tt8526168,Forward,2019,75,Sci-Fi,4.1,44,https://www.imdb.com/title/tt8526168/
tt0087628,Listen to the City,1984,78,"Drama,Sci-Fi",4.2,43,https://www.imdb.com/title/tt0087628/
tt0091405,Liang gong po ba tiao xin,1986,125,Sci-Fi,5.6,43,https://www.imdb.com/title/tt0091405/
tt0128880,Inoplanetyanka,1985,84,"Comedy,Sci-Fi",5.3,43,https://www.imdb.com/title/tt0128880/
tt0160436,Kometa,1984,71,"Comedy,Sci-Fi",4.6,43,https://www.imdb.com/title/tt0160436/
tt0208600,Älgigen,1999,\N,"Adventure,Comedy,Sci-Fi",6.1,43,https://www.imdb.com/title/tt0208600/
tt0226046,Female Neo Ninjas,1991,80,"Action,Comedy,Sci-Fi",6.1,43,https://www.imdb.com/title/tt0226046/
tt0251394,Shani,1989,132,Sci-Fi,6.7,43,https://www.imdb.com/title/tt0251394/
tt0252116,Zvyozdnaya komandirovka,1983,77,"Comedy,Sci-Fi",5.4,43,https://www.imdb.com/title/tt0252116/
tt0399361,Missy,2001,71,"Drama,Sci-Fi",7.4,43,https://www.imdb.com/title/tt0399361/
tt0831354,"1, 2, 3, Whiteout",2007,75,"Drama,Sci-Fi",6.0,43,https://www.imdb.com/title/tt0831354/
tt11563030,RiffTrax: Star Wars: The Last Jedi,2018,\N,"Action,Comedy,Sci-Fi",4.4,43,https://www.imdb.com/title/tt11563030/
tt13080474,Addy Daddy,2024,118,"Drama,Romance,Sci-Fi",6.6,43,https://www.imdb.com/title/tt13080474/
tt13980006,Wild Boar,2019,\N,"Horror,Sci-Fi",2.9,43,https://www.imdb.com/title/tt13980006/
tt1422894,Quarantined,2009,88,"Comedy,Drama,Sci-Fi",7.6,43,https://www.imdb.com/title/tt1422894/
tt18573534,Psychonaut,2024,87,"Sci-Fi,Thriller",6.4,43,https://www.imdb.com/title/tt18573534/
tt23182028,Mission to Mars,2022,72,"Drama,Sci-Fi",4.7,43,https://www.imdb.com/title/tt23182028/
tt36950503,Dreams for Lease,2025,54,Sci-Fi,3.2,43,https://www.imdb.com/title/tt36950503/
tt4214806,Stage V,2016,99,"Action,Adventure,Sci-Fi",5.8,43,https://www.imdb.com/title/tt4214806/
tt5171598,Power Rangers: Zenith,2016,80,"Action,Fantasy,Sci-Fi",6.2,43,https://www.imdb.com/title/tt5171598/
tt5645306,Una magia saracena,2015,90,"History,Sci-Fi",7.1,43,https://www.imdb.com/title/tt5645306/
tt6803782,1,2022,95,Sci-Fi,3.9,43,https://www.imdb.com/title/tt6803782/
tt6900184,Majestic Prince: Genetic Awakening,2016,79,"Action,Animation,Sci-Fi",6.5,43,https://www.imdb.com/title/tt6900184/
tt7378040,Die Kathedrale der neuen Gefühle,2006,60,"Animation,Sci-Fi",5.8,43,https://www.imdb.com/title/tt7378040/
tt7656172,The last days of Earth,2017,61,"Drama,Horror,Sci-Fi",6.6,43,https://www.imdb.com/title/tt7656172/
tt9053028,Zoetrope,2017,100,"Animation,Fantasy,Sci-Fi",6.9,43,https://www.imdb.com/title/tt9053028/
tt9126050,"Science Fell in Love, So I Tried to Prove It",2019,85,"Comedy,Romance,Sci-Fi",3.5,43,https://www.imdb.com/title/tt9126050/
tt0084679,Si las mujeres mandaran (o mandasen),1982,87,"Comedy,Sci-Fi",5.3,42,https://www.imdb.com/title/tt0084679/
tt0190941,2090,1996,91,Sci-Fi,6.4,42,https://www.imdb.com/title/tt0190941/
tt0355627,Kalachakram,2002,\N,"Adventure,Drama,Sci-Fi",3.6,42,https://www.imdb.com/title/tt0355627/
tt0356880,Meridian,2002,\N,"Adventure,Mystery,Sci-Fi",5.9,42,https://www.imdb.com/title/tt0356880/
tt0360142,"Vampiro, guerrero de la noche",1993,90,"Action,Horror,Sci-Fi",3.4,42,https://www.imdb.com/title/tt0360142/
tt0828420,The Lords of Praxton,2006,135,"Fantasy,Mystery,Sci-Fi",6.5,42,https://www.imdb.com/title/tt0828420/
tt0984248,Zeppo: Sinners from Beyond the Moon!,2007,89,"Comedy,Horror,Sci-Fi",5.9,42,https://www.imdb.com/title/tt0984248/
tt10066808,Lightships,2021,\N,Sci-Fi,7.0,42,https://www.imdb.com/title/tt10066808/
tt10883714,Human Nature,2025,109,"Sci-Fi,Thriller",5.6,42,https://www.imdb.com/title/tt10883714/
tt11673242,Chyornoe zerkalo po-russki,2019,76,Sci-Fi,6.5,42,https://www.imdb.com/title/tt11673242/
tt12176708,Angel.A,2020,55,Sci-Fi,6.9,42,https://www.imdb.com/title/tt12176708/
tt13646616,Say Goodbye to Hollywood,2022,89,"Drama,Fantasy,Sci-Fi",6.4,42,https://www.imdb.com/title/tt13646616/
tt1442569,Depositarios,2010,110,"Drama,Sci-Fi,Thriller",5.0,42,https://www.imdb.com/title/tt1442569/
tt14527750,Centimeter,2023,118,"Comedy,Drama,Sci-Fi",3.8,42,https://www.imdb.com/title/tt14527750/
tt15100676,Space,2021,101,Sci-Fi,4.7,42,https://www.imdb.com/title/tt15100676/
tt15430152,Orbital,2022,87,"Drama,Sci-Fi",5.1,42,https://www.imdb.com/title/tt15430152/
tt15487848,Annular Eclipse,2021,98,"Crime,Mystery,Sci-Fi",5.2,42,https://www.imdb.com/title/tt15487848/
tt1578856,Window on Your Present,2010,65,"Fantasy,Sci-Fi",6.0,42,https://www.imdb.com/title/tt1578856/
tt1711447,Bikini Monsters,2010,90,"Horror,Sci-Fi",3.5,42,https://www.imdb.com/title/tt1711447/
tt19499656,Guacamole Yesterdays,2024,\N,"Romance,Sci-Fi",7.5,42,https://www.imdb.com/title/tt19499656/
tt2235669,No One Lives Forever,2012,63,"Action,Fantasy,Sci-Fi",5.8,42,https://www.imdb.com/title/tt2235669/
tt2274124,Universal Ninjas,2012,93,"Action,Adventure,Sci-Fi",5.4,42,https://www.imdb.com/title/tt2274124/
tt2367764,Red City,2012,101,"Sci-Fi,Thriller",6.7,42,https://www.imdb.com/title/tt2367764/
tt2378553,Transolar Galactica,2011,\N,"Comedy,Sci-Fi",7.9,42,https://www.imdb.com/title/tt2378553/
tt23846654,An Electric Sleep,2023,76,"Drama,Sci-Fi,Thriller",4.4,42,https://www.imdb.com/title/tt23846654/
tt2410682,The Elegant Clockwork of the Universe,2013,105,"Drama,Mystery,Sci-Fi",6.2,42,https://www.imdb.com/title/tt2410682/
tt2455922,Standards of Living,2012,89,"Comedy,Horror,Sci-Fi",6.7,42,https://www.imdb.com/title/tt2455922/
tt27564493,Neon Girls,2024,\N,"Action,Sci-Fi",7.3,42,https://www.imdb.com/title/tt27564493/
tt31869737,Code Geass: Rozé of the Recapture: Part 3,2024,76,"Animation,Sci-Fi",6.9,42,https://www.imdb.com/title/tt31869737/
tt32459654,Abduction of Sal Bedford,2025,83,Sci-Fi,5.5,42,https://www.imdb.com/title/tt32459654/
tt3313160,Window Licker,2014,101,"Comedy,Drama,Sci-Fi",5.7,42,https://www.imdb.com/title/tt3313160/
tt4263880,Elage,1989,89,Sci-Fi,6.9,42,https://www.imdb.com/title/tt4263880/
tt5329972,Psychedelia,2016,73,"Fantasy,Horror,Sci-Fi",6.3,42,https://www.imdb.com/title/tt5329972/
tt6361210,Tamarrud,2016,75,"Sci-Fi,Thriller",8.7,42,https://www.imdb.com/title/tt6361210/
tt6416304,Spider-Man: Balance Act,2016,54,"Action,Sci-Fi",6.2,42,https://www.imdb.com/title/tt6416304/
tt7345918,Darpana,2017,165,Sci-Fi,7.5,42,https://www.imdb.com/title/tt7345918/
tt7838502,Meleyin öpüsü,2017,80,"Drama,Sci-Fi",6.1,42,https://www.imdb.com/title/tt7838502/
tt8541138,Full Metal Panic! 3rd Section - Into the Blue,2018,120,"Action,Animation,Sci-Fi",6.7,42,https://www.imdb.com/title/tt8541138/
tt8617064,Melody on Earth,2018,86,"Comedy,Drama,Sci-Fi",7.6,42,https://www.imdb.com/title/tt8617064/
tt0100305,The Orbitrons,1990,47,"Horror,Sci-Fi",5.5,41,https://www.imdb.com/title/tt0100305/
tt0109516,Cyberteens in Love,1994,93,"Romance,Sci-Fi",4.2,41,https://www.imdb.com/title/tt0109516/
tt0163388,Soriton no akuma,1996,90,"Animation,Sci-Fi",5.8,41,https://www.imdb.com/title/tt0163388/
tt0252363,Deham,2001,120,"Drama,Sci-Fi",4.4,41,https://www.imdb.com/title/tt0252363/
tt0347693,Vilkatis Toms,1983,88,"History,Horror,Sci-Fi",6.8,41,https://www.imdb.com/title/tt0347693/
tt0362872,Monkeys and Robots,2002,94,"Drama,Sci-Fi",5.7,41,https://www.imdb.com/title/tt0362872/
tt0447160,GB: 2525,2009,89,"Action,Sci-Fi",8.1,41,https://www.imdb.com/title/tt0447160/
tt0831272,Arcanum,2009,80,Sci-Fi,5.9,41,https://www.imdb.com/title/tt0831272/
tt12818590,Chuck Lawson and the Night of the Invaders,2020,85,"Action,Comedy,Sci-Fi",4.2,41,https://www.imdb.com/title/tt12818590/
tt1301309,A Foundling,2010,90,"Drama,Sci-Fi,Western",7.2,41,https://www.imdb.com/title/tt1301309/
tt13671168,Blue Sunset,2021,65,"Horror,Sci-Fi",6.9,41,https://www.imdb.com/title/tt13671168/
tt1437274,The Four Twenty-One,2009,91,Sci-Fi,5.5,41,https://www.imdb.com/title/tt1437274/
tt1869809,VigasioSexploitation Vol.1,2010,50,"Horror,Sci-Fi",5.0,41,https://www.imdb.com/title/tt1869809/
tt20562058,Project Summer,2022,92,"Drama,Sci-Fi,Thriller",5.5,41,https://www.imdb.com/title/tt20562058/
tt2207730,Ingénue,2013,80,"Drama,Family,Sci-Fi",6.7,41,https://www.imdb.com/title/tt2207730/
tt27631889,Solaris Mon Amour,2023,47,"Documentary,Sci-Fi",7.0,41,https://www.imdb.com/title/tt27631889/
tt2767328,Todd Tarantula,2023,83,"Drama,Mystery,Sci-Fi",7.0,41,https://www.imdb.com/title/tt2767328/
tt32339908,Ghost in the Shell: SAC_2045 the Last Human,2023,130,"Action,Animation,Sci-Fi",5.7,41,https://www.imdb.com/title/tt32339908/
tt3483752,Despertar,2014,84,"Sci-Fi,Thriller",6.4,41,https://www.imdb.com/title/tt3483752/
tt3794346,Dark Revelations,2015,85,Sci-Fi,4.5,41,https://www.imdb.com/title/tt3794346/
tt3903920,Slave Girls on the Moon,2014,73,"Action,Adventure,Sci-Fi",5.0,41,https://www.imdb.com/title/tt3903920/
tt4585650,TED Rising,2016,50,"Action,Adventure,Sci-Fi",6.3,41,https://www.imdb.com/title/tt4585650/
tt4837538,Trash on Mars,2019,84,"Comedy,Sci-Fi",4.0,41,https://www.imdb.com/title/tt4837538/
tt5284746,Where the Journey Ends,2015,102,"Action,Horror,Sci-Fi",5.0,41,https://www.imdb.com/title/tt5284746/
tt7570134,Annette,2018,\N,"Comedy,Romance,Sci-Fi",8.0,41,https://www.imdb.com/title/tt7570134/
tt8119092,Mystery Highway,2023,\N,"Adventure,Sci-Fi",3.9,41,https://www.imdb.com/title/tt8119092/
tt0216251,Svart hav,1980,106,"Drama,Sci-Fi,Thriller",6.6,40,https://www.imdb.com/title/tt0216251/
tt0250406,God Mars: The Movie,1982,95,"Action,Animation,Sci-Fi",6.2,40,https://www.imdb.com/title/tt0250406/
tt0307269,Oigyeseo on Ulemae 2,1986,90,"Action,Family,Sci-Fi",6.0,40,https://www.imdb.com/title/tt0307269/
tt0336946,Off,2002,78,"Musical,Sci-Fi,Thriller",5.5,40,https://www.imdb.com/title/tt0336946/
tt0482554,Neil,2005,90,"Drama,Sci-Fi",6.4,40,https://www.imdb.com/title/tt0482554/
tt10479990,The Clearing,2024,\N,"Drama,Sci-Fi",4.0,40,https://www.imdb.com/title/tt10479990/
tt11802574,Galis: Connect,2016,96,"Comedy,Sci-Fi",6.6,40,https://www.imdb.com/title/tt11802574/
tt1302183,Gunheavy,2008,65,"Action,Sci-Fi,War",6.1,40,https://www.imdb.com/title/tt1302183/
tt1522203,Nightfur,2011,86,"Fantasy,Sci-Fi",5.3,40,https://www.imdb.com/title/tt1522203/
tt1545077,I Heart Doomsday,2010,85,"Comedy,Romance,Sci-Fi",5.9,40,https://www.imdb.com/title/tt1545077/
tt15501758,Caliovas,2022,101,"Fantasy,Mystery,Sci-Fi",3.4,40,https://www.imdb.com/title/tt15501758/
tt15873942,Planet of the Astronauts,2022,90,"Adventure,Comedy,Sci-Fi",7.5,40,https://www.imdb.com/title/tt15873942/
tt1677514,Andante,2010,101,"Drama,Mystery,Sci-Fi",4.4,40,https://www.imdb.com/title/tt1677514/
tt18272762,The Founder Effect,2023,111,"Drama,Mystery,Sci-Fi",8.6,40,https://www.imdb.com/title/tt18272762/
tt1919183,VigasioSexploitation Vol.2,2011,52,"Action,Sci-Fi",5.1,40,https://www.imdb.com/title/tt1919183/
tt2176390,Hotspot,2013,80,"Fantasy,Sci-Fi,Thriller",6.4,40,https://www.imdb.com/title/tt2176390/
tt2243336,Aalaap,2012,116,Sci-Fi,6.0,40,https://www.imdb.com/title/tt2243336/
tt2489262,Kame Koummando,2012,83,"Action,Drama,Sci-Fi",4.0,40,https://www.imdb.com/title/tt2489262/
tt3203310,The 2nd Law,2016,89,"Sci-Fi,Thriller",3.4,40,https://www.imdb.com/title/tt3203310/
tt3238456,Letniye vpechatleniya o planete Z,1987,138,"Family,Sci-Fi",5.5,40,https://www.imdb.com/title/tt3238456/
tt32600358,He Has Gone Rogue - The Return of Cyrus,2024,61,Sci-Fi,8.1,40,https://www.imdb.com/title/tt32600358/
tt32881470,Peas and Carrots,2024,96,"Family,Musical,Sci-Fi",6.6,40,https://www.imdb.com/title/tt32881470/
tt3498078,Ebn-e-Batuta,2014,125,Sci-Fi,4.4,40,https://www.imdb.com/title/tt3498078/
tt3727922,Z.A.N.,2017,95,"Fantasy,Horror,Sci-Fi",5.6,40,https://www.imdb.com/title/tt3727922/
tt3971092,Frequency,2014,\N,Sci-Fi,6.3,40,https://www.imdb.com/title/tt3971092/
tt4010224,Voice of the Vespers,2014,98,"Action,Fantasy,Sci-Fi",7.7,40,https://www.imdb.com/title/tt4010224/
tt6291000,Portal Man,2017,87,Sci-Fi,4.7,40,https://www.imdb.com/title/tt6291000/
tt6292084,Consensus Reality,2018,82,"Drama,Sci-Fi,Thriller",4.3,40,https://www.imdb.com/title/tt6292084/
tt7857668,Slimoids,2018,50,"Comedy,Horror,Sci-Fi",3.7,40,https://www.imdb.com/title/tt7857668/
tt8520912,The Monsters Without,2021,89,"Adventure,Fantasy,Sci-Fi",4.7,40,https://www.imdb.com/title/tt8520912/
tt0120673,Foiled,2000,78,"Action,Drama,Sci-Fi",6.4,39,https://www.imdb.com/title/tt0120673/
tt0259213,Beyond the Lost World: The Alien Conspiracy III,2003,\N,Sci-Fi,4.0,39,https://www.imdb.com/title/tt0259213/
tt0274707,Os Paspalhões em Pinóquio 2000,1980,95,"Comedy,Family,Sci-Fi",6.5,39,https://www.imdb.com/title/tt0274707/
tt0300630,Waiting for the Giants,2000,88,"Drama,Sci-Fi",4.9,39,https://www.imdb.com/title/tt0300630/
tt0308606,Korean National Flower,1995,152,"Action,Mystery,Sci-Fi",4.1,39,https://www.imdb.com/title/tt0308606/
tt0476479,Purple Glow,2005,78,"Horror,Sci-Fi",4.0,39,https://www.imdb.com/title/tt0476479/
tt1000020,Windstorm,2007,77,"Drama,Sci-Fi",5.2,39,https://www.imdb.com/title/tt1000020/
tt1067065,Ben David: Broken Sky,2007,90,"Action,Sci-Fi",4.3,39,https://www.imdb.com/title/tt1067065/
tt12820150,Pandemonic,2020,\N,Sci-Fi,6.3,39,https://www.imdb.com/title/tt12820150/
tt13085876,Renegades: Ominara,2021,\N,Sci-Fi,6.2,39,https://www.imdb.com/title/tt13085876/
tt1361306,Capitan Basilico,2008,120,Sci-Fi,5.1,39,https://www.imdb.com/title/tt1361306/
tt1468336,Keun Dunia Ru Asila Bandhu,2009,\N,Sci-Fi,6.0,39,https://www.imdb.com/title/tt1468336/
tt1489965,The Killer Robots and the Battle for the Cosmic Potato,2009,80,"Comedy,Sci-Fi",5.5,39,https://www.imdb.com/title/tt1489965/
tt15016094,Re:Human,2024,108,"Comedy,Horror,Sci-Fi",5.5,39,https://www.imdb.com/title/tt15016094/
tt15750836,Zeria,2021,61,"Animation,Sci-Fi",5.9,39,https://www.imdb.com/title/tt15750836/
tt1707385,Last Day on Earth,2012,\N,Sci-Fi,5.2,39,https://www.imdb.com/title/tt1707385/
tt18295622,Spider-Man 3: The Raimi Cut (Fan-Film),2022,155,Sci-Fi,7.6,39,https://www.imdb.com/title/tt18295622/
tt1893365,The Final Shift,2012,90,Sci-Fi,5.0,39,https://www.imdb.com/title/tt1893365/
tt2081394,The Shells,2015,\N,"Horror,Sci-Fi",5.7,39,https://www.imdb.com/title/tt2081394/
tt21435890,Demon Predator,2022,65,Sci-Fi,2.6,39,https://www.imdb.com/title/tt21435890/
tt2166226,A Brand New You,2014,83,"Comedy,Sci-Fi",6.7,39,https://www.imdb.com/title/tt2166226/
tt2234495,The Mechanical Bride,2012,76,"Documentary,Fantasy,Sci-Fi",6.8,39,https://www.imdb.com/title/tt2234495/
tt24251838,Life Cycle,2022,120,"Drama,Sci-Fi",6.8,39,https://www.imdb.com/title/tt24251838/
tt28221089,Happy Heroes: The Stones,2022,96,"Adventure,Animation,Sci-Fi",5.5,39,https://www.imdb.com/title/tt28221089/
tt2972852,Doctor Who: Besieged,2013,95,"Adventure,Drama,Sci-Fi",6.4,39,https://www.imdb.com/title/tt2972852/
tt32063297,Jitters,2024,60,"Horror,Sci-Fi",6.7,39,https://www.imdb.com/title/tt32063297/
tt37246279,Alien BTS,2025,63,"Horror,Sci-Fi",5.6,39,https://www.imdb.com/title/tt37246279/
tt37718350,The Sky's Forest,2025,95,"Horror,Sci-Fi",7.0,39,https://www.imdb.com/title/tt37718350/
tt38683446,Pryanama,2025,78,"Action,Animation,Sci-Fi",3.6,39,https://www.imdb.com/title/tt38683446/
tt38691004,Roman s togo sveta,2025,95,"Comedy,Sci-Fi",5.0,39,https://www.imdb.com/title/tt38691004/
tt4119500,Android Night Punch,2014,\N,Sci-Fi,6.6,39,https://www.imdb.com/title/tt4119500/
tt5282572,The Reflection of Kripto,2016,60,Sci-Fi,8.5,39,https://www.imdb.com/title/tt5282572/
tt5518714,Ratnik,2020,102,"Action,Sci-Fi",7.6,39,https://www.imdb.com/title/tt5518714/
tt6018006,6 elementov vremeni,2016,136,"Adventure,Drama,Sci-Fi",1.4,39,https://www.imdb.com/title/tt6018006/
tt6157274,Oracle,2017,91,"Drama,Sci-Fi",4.3,39,https://www.imdb.com/title/tt6157274/
tt7275980,Mushino,2017,80,"Adventure,Sci-Fi",5.2,39,https://www.imdb.com/title/tt7275980/
tt7328912,Star Trek III: Redemption,2013,252,"Animation,Sci-Fi",7.3,39,https://www.imdb.com/title/tt7328912/
tt8227994,Greenpool,2018,240,"Action,Sci-Fi",8.8,39,https://www.imdb.com/title/tt8227994/
tt8594948,Dinosaurs in a Mining Facility,2018,75,Sci-Fi,7.9,39,https://www.imdb.com/title/tt8594948/
tt0092138,L'unique,1986,85,"Fantasy,Musical,Sci-Fi",5.5,38,https://www.imdb.com/title/tt0092138/
tt0108236,Strelyayushchiye angely,1994,102,Sci-Fi,5.5,38,https://www.imdb.com/title/tt0108236/
tt0238008,Absolute Zero,2001,\N,Sci-Fi,5.4,38,https://www.imdb.com/title/tt0238008/
tt0307376,Retribution in the Year 2050,1998,\N,Sci-Fi,5.1,38,https://www.imdb.com/title/tt0307376/
tt0425522,Target Audience 9.1,2007,100,"Comedy,Sci-Fi",6.7,38,https://www.imdb.com/title/tt0425522/
tt1056080,Internal Behaviors,2007,114,"Comedy,Horror,Sci-Fi",7.4,38,https://www.imdb.com/title/tt1056080/
tt11353248,Neon Detroit Knights,2019,89,Sci-Fi,4.9,38,https://www.imdb.com/title/tt11353248/
tt12386160,Untied,2024,104,"Drama,Sci-Fi",7.6,38,https://www.imdb.com/title/tt12386160/
tt13767548,Tees,2024,142,"Drama,Sci-Fi",5.8,38,https://www.imdb.com/title/tt13767548/
tt15091566,Hidden Memories,2024,84,"Drama,Mystery,Sci-Fi",5.7,38,https://www.imdb.com/title/tt15091566/
tt16212104,The Astronaut and His Parrot,2022,\N,Sci-Fi,7.1,38,https://www.imdb.com/title/tt16212104/
tt1697696,Project Nine,2010,75,"Drama,Horror,Sci-Fi",3.1,38,https://www.imdb.com/title/tt1697696/
tt18375590,Omar Sheriff,2022,65,Sci-Fi,7.5,38,https://www.imdb.com/title/tt18375590/
tt25965782,Rifftrax: Dune 2021,2022,150,"Action,Comedy,Sci-Fi",7.1,38,https://www.imdb.com/title/tt25965782/
tt2838638,Asockalypse!,2016,92,"Comedy,Sci-Fi",5.1,38,https://www.imdb.com/title/tt2838638/
tt28416245,Blacks & UFOs,2023,100,Sci-Fi,4.6,38,https://www.imdb.com/title/tt28416245/
tt3084128,Realiti,2014,95,Sci-Fi,5.0,38,https://www.imdb.com/title/tt3084128/
tt3271854,Apt,2014,79,"Sci-Fi,Thriller",4.0,38,https://www.imdb.com/title/tt3271854/
tt3309152,Blood Is Sex,1982,50,"Sci-Fi,Thriller",5.9,38,https://www.imdb.com/title/tt3309152/
tt4132352,Al centro de la Tierra,2015,85,"Drama,Family,Sci-Fi",7.6,38,https://www.imdb.com/title/tt4132352/
tt5905328,Grace Is Gone,2019,90,"Action,Sci-Fi,Thriller",3.8,38,https://www.imdb.com/title/tt5905328/
tt6587148,Flashlight,2024,77,"Mystery,Sci-Fi",5.0,38,https://www.imdb.com/title/tt6587148/
tt6676134,Feng kuang de tu zi,1997,82,"Horror,Sci-Fi",5.5,38,https://www.imdb.com/title/tt6676134/
tt7153198,Spin State,2022,94,"Drama,Mystery,Sci-Fi",5.5,38,https://www.imdb.com/title/tt7153198/
tt7471530,Modern Love,2018,115,"Romance,Sci-Fi",5.6,38,https://www.imdb.com/title/tt7471530/
tt0099912,Mr. Sunshine,1989,136,"Comedy,Crime,Sci-Fi",6.2,37,https://www.imdb.com/title/tt0099912/
tt0118858,City of Dark,1997,116,"Drama,Mystery,Sci-Fi",6.8,37,https://www.imdb.com/title/tt0118858/
tt0128289,"Katuwira, donde nacen y mueren los sueños",1996,85,"Adventure,Sci-Fi",5.5,37,https://www.imdb.com/title/tt0128289/
tt0216978,Police 2020,1997,102,"Crime,Sci-Fi",6.0,37,https://www.imdb.com/title/tt0216978/
tt0282525,The Gifted,1993,101,"Fantasy,Sci-Fi",6.8,37,https://www.imdb.com/title/tt0282525/
tt0312378,Ariel,1992,80,Sci-Fi,4.9,37,https://www.imdb.com/title/tt0312378/
tt0347992,Death Ray on Coral Island,1980,\N,"Sci-Fi,Thriller",5.0,37,https://www.imdb.com/title/tt0347992/
tt1134669,Repeat Offenders: Jamais Vu,2011,\N,"Action,Sci-Fi",5.5,37,https://www.imdb.com/title/tt1134669/
tt13237402,Alien Danger! With Raven Van Slender,2021,\N,Sci-Fi,4.4,37,https://www.imdb.com/title/tt13237402/
tt1339163,Scars of Youth,2008,82,"Fantasy,Sci-Fi",5.3,37,https://www.imdb.com/title/tt1339163/
tt13471674,Slammer,2021,\N,"Drama,Sci-Fi,Thriller",5.1,37,https://www.imdb.com/title/tt13471674/
tt14908698,Nueva Tierra,2024,123,"Drama,Fantasy,Sci-Fi",7.7,37,https://www.imdb.com/title/tt14908698/
tt15815528,RiffTrax: The Return,2020,84,Sci-Fi,6.8,37,https://www.imdb.com/title/tt15815528/
tt1613047,Mission Park,2010,92,"Action,Adventure,Sci-Fi",5.8,37,https://www.imdb.com/title/tt1613047/
tt18248022,Unstoppable,2025,93,"Family,Sci-Fi",5.7,37,https://www.imdb.com/title/tt18248022/
tt2118739,The Curse of Babylon,2011,98,"Action,Crime,Sci-Fi",7.6,37,https://www.imdb.com/title/tt2118739/
tt22784320,Centauri 29,2023,61,"Adventure,Sci-Fi",3.5,37,https://www.imdb.com/title/tt22784320/
tt2363475,The Wind Is Watching,2014,94,Sci-Fi,5.9,37,https://www.imdb.com/title/tt2363475/
tt33312086,Tara and Akash: Love Beyond Realms,2025,127,"Fantasy,Romance,Sci-Fi",8.2,37,https://www.imdb.com/title/tt33312086/
tt3962252,Tourbillon,2016,86,"Drama,Sci-Fi",6.0,37,https://www.imdb.com/title/tt3962252/
tt4083468,Another Assembly,2014,55,"Family,Musical,Sci-Fi",7.3,37,https://www.imdb.com/title/tt4083468/
tt4418268,1.7 Alpha,2015,97,"Drama,Sci-Fi",6.8,37,https://www.imdb.com/title/tt4418268/
tt4553514,Inside Ben,2017,88,"Drama,Horror,Sci-Fi",4.2,37,https://www.imdb.com/title/tt4553514/
tt7237010,Strega,2019,85,"Action,Comedy,Sci-Fi",4.8,37,https://www.imdb.com/title/tt7237010/
tt8619974,The Way Home 2,2016,72,"Horror,Sci-Fi",5.8,37,https://www.imdb.com/title/tt8619974/
tt8671416,The Sound of Settling,2019,85,"Comedy,Drama,Sci-Fi",6.4,37,https://www.imdb.com/title/tt8671416/
tt8965390,Armored Trooper VOTOMS: Case;Irvine,2010,50,"Action,Animation,Sci-Fi",5.9,37,https://www.imdb.com/title/tt8965390/
tt0102688,Poltergeyst-90,1991,75,"Drama,Mystery,Sci-Fi",4.2,36,https://www.imdb.com/title/tt0102688/
tt0363096,The Strain Andromeda,1992,125,"Mystery,Sci-Fi",6.1,36,https://www.imdb.com/title/tt0363096/
tt0369196,Wang shang guai tan,2000,95,"Horror,Mystery,Sci-Fi",4.1,36,https://www.imdb.com/title/tt0369196/
tt0380679,Rub Love,1998,89,"Romance,Sci-Fi,Thriller",6.3,36,https://www.imdb.com/title/tt0380679/
tt0383203,Bangis,1996,102,"Action,Horror,Sci-Fi",5.9,36,https://www.imdb.com/title/tt0383203/
tt0942899,Pesticide,2008,\N,"Action,Horror,Sci-Fi",6.9,36,https://www.imdb.com/title/tt0942899/
tt12037256,Attack of the Giant Teacher,2019,70,"Comedy,Fantasy,Sci-Fi",4.4,36,https://www.imdb.com/title/tt12037256/
tt12275282,Moth,2020,48,"Documentary,Sci-Fi",6.7,36,https://www.imdb.com/title/tt12275282/
tt12356852,Comisery,2020,76,"Comedy,Sci-Fi",4.4,36,https://www.imdb.com/title/tt12356852/
tt1514054,Terrible Things,2010,90,"Action,Horror,Sci-Fi",4.2,36,https://www.imdb.com/title/tt1514054/
tt1595006,The Last Zombi Hunter,2010,75,"Action,Horror,Sci-Fi",4.5,36,https://www.imdb.com/title/tt1595006/
tt1753567,Capture Anthologies: The Dimensions of Self,2011,66,Sci-Fi,6.4,36,https://www.imdb.com/title/tt1753567/
tt1773607,Operation: Get Rid of Pinky,2011,93,"Comedy,Fantasy,Sci-Fi",8.3,36,https://www.imdb.com/title/tt1773607/
tt1809324,Paramnesia,2011,85,"Action,Mystery,Sci-Fi",4.0,36,https://www.imdb.com/title/tt1809324/
tt18235498,Sirens Call,2025,121,"Documentary,Sci-Fi",5.8,36,https://www.imdb.com/title/tt18235498/
tt2023786,Towers,2012,71,"Drama,Romance,Sci-Fi",6.4,36,https://www.imdb.com/title/tt2023786/
tt2033461,Walk-ins Welcome,2012,104,"Comedy,Romance,Sci-Fi",5.3,36,https://www.imdb.com/title/tt2033461/
tt21343836,TeraStorm,2022,62,"Action,Animation,Sci-Fi",7.1,36,https://www.imdb.com/title/tt21343836/
tt2243553,Surviving Evidence,2012,71,"Drama,Horror,Sci-Fi",5.6,36,https://www.imdb.com/title/tt2243553/
tt2412560,"Time Scoop Hunter, the Movie",2013,102,"History,Sci-Fi",4.8,36,https://www.imdb.com/title/tt2412560/
tt25221902,Itu Ninu,2023,72,"Drama,Sci-Fi",6.6,36,https://www.imdb.com/title/tt25221902/
tt28295883,A Good Place,2023,108,"Drama,Sci-Fi",5.5,36,https://www.imdb.com/title/tt28295883/
tt29011450,Frankenspy,2023,67,"Horror,Sci-Fi",5.7,36,https://www.imdb.com/title/tt29011450/
tt29667898,EONII,2023,101,Sci-Fi,7.3,36,https://www.imdb.com/title/tt29667898/
tt36675059,Between Two Waves,2025,83,"Sci-Fi,Thriller",9.0,36,https://www.imdb.com/title/tt36675059/
tt40761568,Ahsoka: The Patterson Cut,2024,157,Sci-Fi,7.8,36,https://www.imdb.com/title/tt40761568/
tt4878184,Danger Diva,2020,105,"Action,Sci-Fi,Thriller",7.5,36,https://www.imdb.com/title/tt4878184/
tt4945490,The Uninvited Guest,2015,73,"Comedy,Drama,Sci-Fi",4.0,36,https://www.imdb.com/title/tt4945490/
tt6147874,Future Lies,2019,118,"Sci-Fi,Thriller",7.3,36,https://www.imdb.com/title/tt6147874/
tt7205866,Illuminati 2: The Battle in Space,2013,127,Sci-Fi,2.6,36,https://www.imdb.com/title/tt7205866/
tt7478398,Our Friend Power 5,1989,\N,Sci-Fi,5.2,36,https://www.imdb.com/title/tt7478398/
tt9506480,Saturn,2024,100,"Drama,Sci-Fi",7.0,36,https://www.imdb.com/title/tt9506480/
tt0274796,Savage Season,2001,\N,"Adventure,Sci-Fi",4.6,35,https://www.imdb.com/title/tt0274796/
tt0379945,Puerta del tiempo,2002,75,"Animation,Fantasy,Sci-Fi",6.5,35,https://www.imdb.com/title/tt0379945/
tt0828558,Crops,2006,100,"Action,Adventure,Sci-Fi",4.2,35,https://www.imdb.com/title/tt0828558/
tt0997483,Polvo de ángel,2007,105,Sci-Fi,3.0,35,https://www.imdb.com/title/tt0997483/
tt12327734,Manny,2020,71,Sci-Fi,5.7,35,https://www.imdb.com/title/tt12327734/
tt13267122,Edge of Insanity,2023,81,"Horror,Musical,Sci-Fi",4.4,35,https://www.imdb.com/title/tt13267122/
tt13387278,Paracide,2020,115,"Comedy,Sci-Fi,Thriller",5.2,35,https://www.imdb.com/title/tt13387278/
tt1412476,Mark of the Damned,2006,105,"Horror,Sci-Fi",5.7,35,https://www.imdb.com/title/tt1412476/
tt14378330,Giant Woman vs. Big Octopus,2011,71,Sci-Fi,4.9,35,https://www.imdb.com/title/tt14378330/
tt1481522,"Chengdu, I Love You",2009,78,Sci-Fi,5.6,35,https://www.imdb.com/title/tt1481522/
tt15185090,2067,2016,60,Sci-Fi,2.3,35,https://www.imdb.com/title/tt15185090/
tt1558994,The Hiking Trip,2007,90,"Horror,Sci-Fi,Thriller",4.0,35,https://www.imdb.com/title/tt1558994/
tt1585997,Severance,2010,\N,"Drama,Sci-Fi",4.9,35,https://www.imdb.com/title/tt1585997/
tt1744674,Wolfe with an E,2011,84,"Comedy,Music,Sci-Fi",6.3,35,https://www.imdb.com/title/tt1744674/
tt1773063,Three Musketeers: Time Machine 001,1980,71,"Animation,Sci-Fi",6.5,35,https://www.imdb.com/title/tt1773063/
tt2272998,Vessel,2013,100,Sci-Fi,6.6,35,https://www.imdb.com/title/tt2272998/
tt2321518,The Children of Terra Firma,2012,80,"Comedy,Mystery,Sci-Fi",6.2,35,https://www.imdb.com/title/tt2321518/
tt2338323,The Legend of Cooley Moon,2012,83,"Horror,Mystery,Sci-Fi",4.8,35,https://www.imdb.com/title/tt2338323/
tt2602256,Whitefire,2013,\N,Sci-Fi,7.6,35,https://www.imdb.com/title/tt2602256/
tt26761886,Joel D. Wynkoop's 187 Times the Movie,2023,80,Sci-Fi,4.9,35,https://www.imdb.com/title/tt26761886/
tt27641710,Gammelgormium: First Contact,2023,77,Sci-Fi,4.0,35,https://www.imdb.com/title/tt27641710/
tt27710406,Fuga dalla morte,2023,174,"Adventure,Drama,Sci-Fi",8.9,35,https://www.imdb.com/title/tt27710406/
tt2795916,Ku_on,2013,78,"Action,Drama,Sci-Fi",6.1,35,https://www.imdb.com/title/tt2795916/
tt2846156,Chronicles of Humanity: Uprising,2013,76,"Action,Animation,Sci-Fi",5.8,35,https://www.imdb.com/title/tt2846156/
tt3218052,There,2014,103,"Drama,Sci-Fi,War",5.5,35,https://www.imdb.com/title/tt3218052/
tt33100234,Venus DIE-Trap,2025,66,Sci-Fi,3.3,35,https://www.imdb.com/title/tt33100234/
tt3327124,ALIVE: The Undead,2014,\N,"Action,Horror,Sci-Fi",5.0,35,https://www.imdb.com/title/tt3327124/
tt4627432,Or So the Story Goes: Happy Thoughts,2015,70,"Drama,Horror,Sci-Fi",7.7,35,https://www.imdb.com/title/tt4627432/
tt4958742,Behind the Curtain of Night,2022,\N,"Romance,Sci-Fi",5.3,35,https://www.imdb.com/title/tt4958742/
tt6272452,Rose-Colored,2016,\N,"Drama,Sci-Fi",8.4,35,https://www.imdb.com/title/tt6272452/
tt6662296,The Takeover,2022,79,"Action,Sci-Fi,Thriller",5.6,35,https://www.imdb.com/title/tt6662296/
tt7974036,Alien Prophecy,2020,89,Sci-Fi,3.9,35,https://www.imdb.com/title/tt7974036/
tt8618890,Boy Makes Girl,2023,\N,Sci-Fi,6.4,35,https://www.imdb.com/title/tt8618890/
tt8619236,The Last Battleship,2025,96,"Horror,Sci-Fi",5.2,35,https://www.imdb.com/title/tt8619236/
tt0081220,Neco je ve vzduchu,1981,78,"Comedy,Sci-Fi",5.6,34,https://www.imdb.com/title/tt0081220/
tt0131597,Split,2004,700,"Action,Crime,Sci-Fi",5.0,34,https://www.imdb.com/title/tt0131597/
tt0237923,Wild Sex of the Children of the Night,1982,87,"Action,Sci-Fi",6.1,34,https://www.imdb.com/title/tt0237923/
tt0270683,Syukur 21,2000,90,"Drama,Sci-Fi",7.5,34,https://www.imdb.com/title/tt0270683/
tt0307270,Thunderhawk 3: Thunderhawk from Outer Space Blitzkrieg,1987,82,"Action,Family,Sci-Fi",6.2,34,https://www.imdb.com/title/tt0307270/
tt0307605,Thunderhawk 4: Mobilization of Thunder-V,1987,85,"Action,Family,Sci-Fi",5.8,34,https://www.imdb.com/title/tt0307605/
tt0399037,Fall of a Saga,2003,\N,"Comedy,Sci-Fi",5.5,34,https://www.imdb.com/title/tt0399037/
tt0407830,Gong,2003,81,"Drama,Sci-Fi",6.5,34,https://www.imdb.com/title/tt0407830/
tt0490143,Hell's End,2005,\N,"Action,Horror,Sci-Fi",6.3,34,https://www.imdb.com/title/tt0490143/
tt0991186,Kyaputen Tokio,2007,95,Sci-Fi,5.8,34,https://www.imdb.com/title/tt0991186/
tt1234243,Dark Paradox,2007,89,"Horror,Sci-Fi",6.0,34,https://www.imdb.com/title/tt1234243/
tt1673647,Pandemia,2012,90,"Adventure,Drama,Sci-Fi",4.0,34,https://www.imdb.com/title/tt1673647/
tt1729666,The Package Vol. 1,2010,\N,"Action,Sci-Fi,Thriller",7.3,34,https://www.imdb.com/title/tt1729666/
tt1754711,Shapeshifter,2010,87,Sci-Fi,4.0,34,https://www.imdb.com/title/tt1754711/
tt1764179,Android Re-Enactment,2011,97,Sci-Fi,6.2,34,https://www.imdb.com/title/tt1764179/
tt17720974,Hawk's Muffin,2022,116,Sci-Fi,5.7,34,https://www.imdb.com/title/tt17720974/
tt1851831,27 Down,2009,116,"Drama,Sci-Fi",4.2,34,https://www.imdb.com/title/tt1851831/
tt1964806,Invasion of the Reptoids,2011,75,Sci-Fi,4.5,34,https://www.imdb.com/title/tt1964806/
tt21437422,Shelter,2022,82,Sci-Fi,2.9,34,https://www.imdb.com/title/tt21437422/
tt21861486,Scrotum: The Second One,2021,107,"Comedy,Horror,Sci-Fi",3.1,34,https://www.imdb.com/title/tt21861486/
tt21961244,Oregonda,2023,83,"Drama,Sci-Fi",6.8,34,https://www.imdb.com/title/tt21961244/
tt2700916,Star Trek I: Specter of the Past,2010,189,"Animation,Sci-Fi",6.7,34,https://www.imdb.com/title/tt2700916/
tt28798047,Aliens Uncovered: The Lost Race,2023,\N,Sci-Fi,7.0,34,https://www.imdb.com/title/tt28798047/
tt30868802,Tsena doveriya,2024,83,"Drama,Sci-Fi",5.4,34,https://www.imdb.com/title/tt30868802/
tt31179310,Wingman: An X-Wing Story,2023,50,"Action,Sci-Fi",7.7,34,https://www.imdb.com/title/tt31179310/
tt31869744,Code Geass: Rozé of the Recapture: Part 4,2024,70,"Animation,Sci-Fi",6.4,34,https://www.imdb.com/title/tt31869744/
tt4048480,Chousei Kantai Sazer-X the Movie: Fight! Star Warriors,2005,70,"Action,Adventure,Sci-Fi",6.3,34,https://www.imdb.com/title/tt4048480/
tt4059554,Candela,2019,114,"Drama,Sci-Fi",7.6,34,https://www.imdb.com/title/tt4059554/
tt5185038,Szemrebbenés,2015,70,"Action,Sci-Fi,Thriller",7.6,34,https://www.imdb.com/title/tt5185038/
tt5251806,Chronicles of Humanity: Redemption,2015,62,"Action,Animation,Sci-Fi",7.4,34,https://www.imdb.com/title/tt5251806/
tt5652518,Closer Than We Think,2017,85,"Biography,Documentary,Sci-Fi",7.6,34,https://www.imdb.com/title/tt5652518/
tt5662112,Talent Keyhole,2022,95,"Sci-Fi,Thriller",5.9,34,https://www.imdb.com/title/tt5662112/
tt5980526,Alien brainsuckers,2006,67,"Comedy,Horror,Sci-Fi",1.3,34,https://www.imdb.com/title/tt5980526/
tt7052122,The Night,2017,90,"Fantasy,Mystery,Sci-Fi",5.8,34,https://www.imdb.com/title/tt7052122/
tt8999494,Luz,2019,84,Sci-Fi,7.0,34,https://www.imdb.com/title/tt8999494/
tt0179236,L'inceneritore,1984,90,"Mystery,Sci-Fi",5.6,33,https://www.imdb.com/title/tt0179236/
tt0184516,Galaxy Express 999: To the Center of the Universe!,2000,\N,"Animation,Sci-Fi",6.2,33,https://www.imdb.com/title/tt0184516/
tt0239638,Millennium's End: The Fandom Menace,2000,\N,"Documentary,Sci-Fi",5.3,33,https://www.imdb.com/title/tt0239638/
tt0293182,The Gift,2001,\N,Sci-Fi,5.3,33,https://www.imdb.com/title/tt0293182/
tt0304102,Granice svemira,2000,91,"Drama,Sci-Fi",6.7,33,https://www.imdb.com/title/tt0304102/
tt0420514,Baltimore,2003,\N,"Drama,Sci-Fi",5.5,33,https://www.imdb.com/title/tt0420514/
tt0430155,Green Eyes for Anastice,2004,93,Sci-Fi,7.2,33,https://www.imdb.com/title/tt0430155/
tt0810398,Gomer and Ed's Amazing Adventure,1999,60,"Action,Comedy,Sci-Fi",7.4,33,https://www.imdb.com/title/tt0810398/
tt1084952,Dreamscape,2007,84,Sci-Fi,6.3,33,https://www.imdb.com/title/tt1084952/
tt11018262,La Vagancia,2020,90,Sci-Fi,4.4,33,https://www.imdb.com/title/tt11018262/
tt1305908,S4,2008,107,"Comedy,Horror,Sci-Fi",5.5,33,https://www.imdb.com/title/tt1305908/
tt1326199,The Chinese Room,2008,\N,"Mystery,Sci-Fi,Thriller",7.3,33,https://www.imdb.com/title/tt1326199/
tt1337070,War Stories,2009,113,"Drama,Mystery,Sci-Fi",6.6,33,https://www.imdb.com/title/tt1337070/
tt15078464,TapewormZ,2024,\N,"Comedy,Horror,Sci-Fi",4.8,33,https://www.imdb.com/title/tt15078464/
tt1948614,The Cosmos Conqueror,1981,65,"Action,Animation,Sci-Fi",4.3,33,https://www.imdb.com/title/tt1948614/
tt19893272,"The Incredulous Case of Aliens, the US Govt, and Arnie Smith.",2022,68,"Documentary,Sci-Fi,Thriller",7.3,33,https://www.imdb.com/title/tt19893272/
tt2401725,The Chasing World 4,2012,75,"Horror,Mystery,Sci-Fi",4.7,33,https://www.imdb.com/title/tt2401725/
tt27489459,Bad Ben 11: Undead,2022,103,"Comedy,Horror,Sci-Fi",2.8,33,https://www.imdb.com/title/tt27489459/
tt2800448,Endless Crime,2012,88,"Horror,Sci-Fi",4.8,33,https://www.imdb.com/title/tt2800448/
tt28129579,Kill City Cup,2023,54,"Action,Comedy,Sci-Fi",7.6,33,https://www.imdb.com/title/tt28129579/
tt31433823,Ascension,2024,97,Sci-Fi,3.4,33,https://www.imdb.com/title/tt31433823/
tt3335210,What Goes Up,2014,87,"Comedy,Romance,Sci-Fi",2.2,33,https://www.imdb.com/title/tt3335210/
tt3630034,Apex Rising,2016,116,"Crime,Drama,Sci-Fi",4.4,33,https://www.imdb.com/title/tt3630034/
tt4602654,Unmatta,2019,106,"Action,Horror,Sci-Fi",6.7,33,https://www.imdb.com/title/tt4602654/
tt4641706,Supergirl V: Deadly Seduction,2015,59,"Action,Sci-Fi",3.9,33,https://www.imdb.com/title/tt4641706/
tt5205930,Mind Runner,2016,65,"Drama,Music,Sci-Fi",4.8,33,https://www.imdb.com/title/tt5205930/
tt5360936,I Have a Bad Feeling About This,2018,88,"Adventure,Comedy,Sci-Fi",8.1,33,https://www.imdb.com/title/tt5360936/
tt6329874,"Alien, Baby!",2017,56,"Comedy,Sci-Fi",7.0,33,https://www.imdb.com/title/tt6329874/
tt8365818,Scarecrows of the Third Reich,2018,87,"Horror,Sci-Fi",3.2,33,https://www.imdb.com/title/tt8365818/
tt8541044,Full Metal Panic! 2nd Section - One Night Stand,2018,84,"Action,Animation,Sci-Fi",6.2,33,https://www.imdb.com/title/tt8541044/
tt9899716,Star Trek Enterprise II: Der Anfang vom Ende,2016,58,"Animation,Sci-Fi",7.5,33,https://www.imdb.com/title/tt9899716/
tt0090714,Besuch bei Van Gogh,1985,101,"Adventure,Fantasy,Sci-Fi",6.2,32,https://www.imdb.com/title/tt0090714/
tt0094373,Zhao hua xi shi,1987,91,"Romance,Sci-Fi",6.3,32,https://www.imdb.com/title/tt0094373/
tt0115507,Alien Vows,1996,87,"Horror,Sci-Fi",4.5,32,https://www.imdb.com/title/tt0115507/
tt0151318,The Leafblower,1998,70,"Comedy,Sci-Fi",6.6,32,https://www.imdb.com/title/tt0151318/
tt0163102,Millenium Day,1995,90,Sci-Fi,4.3,32,https://www.imdb.com/title/tt0163102/
tt0168708,Dr. Benderfax,1997,85,"Comedy,Sci-Fi,Thriller",6.8,32,https://www.imdb.com/title/tt0168708/
tt0177159,Ratrace,1999,60,Sci-Fi,7.4,32,https://www.imdb.com/title/tt0177159/
tt0224759,Chôkôsô hantingu,1991,97,"Action,Horror,Sci-Fi",5.5,32,https://www.imdb.com/title/tt0224759/
tt0250612,Never Die Twice,2001,\N,Sci-Fi,6.6,32,https://www.imdb.com/title/tt0250612/
tt0259525,Prátelé Bermudského trojúhelníku,1987,101,"Comedy,Mystery,Sci-Fi",4.7,32,https://www.imdb.com/title/tt0259525/
tt0260289,Por Incrível Que Pareça,1986,120,"Comedy,Sci-Fi",6.1,32,https://www.imdb.com/title/tt0260289/
tt0460571,Space Zombies: 13 Months of Brain-Spinning Mayhem!,2004,78,"Comedy,Horror,Sci-Fi",5.2,32,https://www.imdb.com/title/tt0460571/
tt0477909,Ultra-Toxic,2005,70,Sci-Fi,6.2,32,https://www.imdb.com/title/tt0477909/
tt0810396,Gomer and Ed Lost in Space,2000,60,"Action,Comedy,Sci-Fi",7.4,32,https://www.imdb.com/title/tt0810396/
tt1248893,Willows Way,2008,82,"Sci-Fi,Thriller",4.9,32,https://www.imdb.com/title/tt1248893/
tt12752880,Alien Vampire Busters,2023,\N,Sci-Fi,4.6,32,https://www.imdb.com/title/tt12752880/
tt13521858,Martian Massacre,2021,69,Sci-Fi,3.5,32,https://www.imdb.com/title/tt13521858/
tt14685864,Na Manush Premer Kothamala,2021,96,"Drama,Sci-Fi",7.2,32,https://www.imdb.com/title/tt14685864/
tt15654610,The Tag Conspiracy,2021,136,Sci-Fi,6.5,32,https://www.imdb.com/title/tt15654610/
tt16532836,Mei shaonu weiji,2017,96,"Action,Comedy,Sci-Fi",6.2,32,https://www.imdb.com/title/tt16532836/
tt1715788,Hamesima X,2010,91,"Drama,Sci-Fi,Thriller",4.8,32,https://www.imdb.com/title/tt1715788/
tt1736026,Light,2010,88,"Adventure,Fantasy,Sci-Fi",7.0,32,https://www.imdb.com/title/tt1736026/
tt1753798,Welcome to Dopeland,2011,103,"Comedy,Sci-Fi",5.7,32,https://www.imdb.com/title/tt1753798/
tt2221088,2012 Countdown,2012,97,"Comedy,Mystery,Sci-Fi",4.3,32,https://www.imdb.com/title/tt2221088/
tt2234052,Suicide or Lulu and Me in a World Made for Two,2014,105,"Comedy,Drama,Sci-Fi",7.2,32,https://www.imdb.com/title/tt2234052/
tt2261987,Amanda & The Guardian,2011,\N,"Drama,Fantasy,Sci-Fi",6.1,32,https://www.imdb.com/title/tt2261987/
tt2883624,Wisp,2013,76,"Horror,Sci-Fi,Thriller",5.1,32,https://www.imdb.com/title/tt2883624/
tt29532128,OOP Saga,2023,70,Sci-Fi,6.4,32,https://www.imdb.com/title/tt29532128/
tt3094940,Half Dead,2013,90,"Action,Horror,Sci-Fi",5.7,32,https://www.imdb.com/title/tt3094940/
tt31595145,The Uncertainty Principle,2024,89,"Drama,Sci-Fi",6.8,32,https://www.imdb.com/title/tt31595145/
tt3325802,Die Innere Zone,2013,\N,"Drama,Sci-Fi",3.9,32,https://www.imdb.com/title/tt3325802/
tt37767404,Second Chance,2025,105,"Drama,Romance,Sci-Fi",5.1,32,https://www.imdb.com/title/tt37767404/
tt38122295,Robocidal,2025,74,"Horror,Sci-Fi",3.7,32,https://www.imdb.com/title/tt38122295/
tt4010308,22 After,2014,97,"Drama,Sci-Fi",6.1,32,https://www.imdb.com/title/tt4010308/
tt4040632,90 Minutes of the Fever,2016,90,"Sci-Fi,Thriller",7.2,32,https://www.imdb.com/title/tt4040632/
tt4104212,14 Days,2014,54,"Drama,Romance,Sci-Fi",7.2,32,https://www.imdb.com/title/tt4104212/
tt4120732,A Morning Light,2015,82,"Drama,Sci-Fi",5.4,32,https://www.imdb.com/title/tt4120732/
tt4597490,Video Girl Ai,1991,100,"Romance,Sci-Fi",5.0,32,https://www.imdb.com/title/tt4597490/
tt5145366,The Astronauts' Bodies,2017,75,"Drama,Sci-Fi",7.1,32,https://www.imdb.com/title/tt5145366/
tt5355706,The Man from Ruin,2016,87,"Drama,Sci-Fi",8.2,32,https://www.imdb.com/title/tt5355706/
tt6082470,Mastera poroka,2010,112,"Drama,Sci-Fi",1.2,32,https://www.imdb.com/title/tt6082470/
tt6714252,The Alpha Omega Man,2017,51,Sci-Fi,4.2,32,https://www.imdb.com/title/tt6714252/
tt9147678,La paura trema contro,2019,74,"Horror,Sci-Fi,Thriller",3.0,32,https://www.imdb.com/title/tt9147678/
tt9667606,The Alien Within,1990,\N,"Horror,Sci-Fi",4.0,32,https://www.imdb.com/title/tt9667606/
tt0085472,Echtzeit,1983,110,Sci-Fi,5.4,31,https://www.imdb.com/title/tt0085472/
tt0113970,Niagaravation,1996,\N,"Comedy,Sci-Fi",5.2,31,https://www.imdb.com/title/tt0113970/
tt0116158,E*L*M - Entry Level Male,1996,100,"Comedy,Sci-Fi",4.4,31,https://www.imdb.com/title/tt0116158/
tt0116713,Johnny Shortwave,1995,\N,"Drama,Sci-Fi",5.2,31,https://www.imdb.com/title/tt0116713/
tt0146422,Allied Forces,1999,\N,Sci-Fi,5.1,31,https://www.imdb.com/title/tt0146422/
tt0183331,Kam zmizel kuryr,1981,86,"Comedy,Sci-Fi",6.0,31,https://www.imdb.com/title/tt0183331/
tt0374562,The Suicide Notes,2003,83,"Crime,Mystery,Sci-Fi",5.2,31,https://www.imdb.com/title/tt0374562/
tt0445024,Kass kukub käppadele,1999,85,"Adventure,Sci-Fi,Thriller",5.0,31,https://www.imdb.com/title/tt0445024/
tt1009986,Beyond the Quest,2007,80,"Mystery,Sci-Fi",6.5,31,https://www.imdb.com/title/tt1009986/
tt10146532,Ojai,2025,\N,"Drama,Sci-Fi",7.0,31,https://www.imdb.com/title/tt10146532/
tt10315070,0010: The Sharks Make Contact - Part 2,2019,115,"Animation,Comedy,Sci-Fi",5.7,31,https://www.imdb.com/title/tt10315070/
tt1242715,The Waters: Phase One,2012,\N,"Action,Sci-Fi,Thriller",6.0,31,https://www.imdb.com/title/tt1242715/
tt13080534,Godzilla Apex,2021,165,"Adventure,Sci-Fi",7.5,31,https://www.imdb.com/title/tt13080534/
tt1329424,Presence,2008,80,"Horror,Sci-Fi,Thriller",5.8,31,https://www.imdb.com/title/tt1329424/
tt1334508,3 Day Weekend,2009,\N,"Action,Horror,Sci-Fi",4.7,31,https://www.imdb.com/title/tt1334508/
tt1340694,Wormtooth Nation,2008,84,Sci-Fi,6.1,31,https://www.imdb.com/title/tt1340694/
tt14039842,One Left,2021,55,Sci-Fi,5.6,31,https://www.imdb.com/title/tt14039842/
tt1424839,Revelation 13,2009,80,Sci-Fi,2.5,31,https://www.imdb.com/title/tt1424839/
tt1451436,Unremembered,2009,135,"Mystery,Sci-Fi",7.0,31,https://www.imdb.com/title/tt1451436/
tt1540423,Hunting Grounds,2009,72,"Horror,Sci-Fi",6.0,31,https://www.imdb.com/title/tt1540423/
tt1548021,Swine,2012,90,"Action,Drama,Sci-Fi",7.3,31,https://www.imdb.com/title/tt1548021/
tt1843196,Last Days,2010,108,"Drama,Horror,Sci-Fi",5.6,31,https://www.imdb.com/title/tt1843196/
tt1959529,Sense of Scale,2011,105,"Biography,Documentary,Sci-Fi",8.5,31,https://www.imdb.com/title/tt1959529/
tt1996392,Wonder of Frontier,1983,66,"Action,Animation,Sci-Fi",4.6,31,https://www.imdb.com/title/tt1996392/
tt2199311,King of Snakes,1987,80,"Fantasy,Sci-Fi",6.2,31,https://www.imdb.com/title/tt2199311/
tt2265630,Project Evolution,2018,102,"Drama,Sci-Fi",6.0,31,https://www.imdb.com/title/tt2265630/
tt2707566,ROVER: Or Beyond Human - The Venusian Future and the Return of the Next Level,2013,92,"Comedy,Sci-Fi",6.4,31,https://www.imdb.com/title/tt2707566/
tt27841637,Quantum Suicide,2024,87,"Drama,Sci-Fi,Thriller",6.0,31,https://www.imdb.com/title/tt27841637/
tt3158728,Bigfoot Chronicles,2013,94,"Adventure,Family,Sci-Fi",3.8,31,https://www.imdb.com/title/tt3158728/
tt33014966,Morana,2024,119,Sci-Fi,6.3,31,https://www.imdb.com/title/tt33014966/
tt34387736,Doctor Cerebro,2024,84,Sci-Fi,6.8,31,https://www.imdb.com/title/tt34387736/
tt3574504,Digital Physics,2015,101,"Comedy,Drama,Sci-Fi",6.1,31,https://www.imdb.com/title/tt3574504/
tt3956142,God Tongue: Kiss gaman senshuken The Movie 2 Psychic Love,2014,\N,"Comedy,Sci-Fi",4.7,31,https://www.imdb.com/title/tt3956142/
tt4854098,2021,2018,79,"Adventure,Sci-Fi",5.7,31,https://www.imdb.com/title/tt4854098/
tt5020618,The Human Preservation Project,2011,\N,"Mystery,Sci-Fi",6.8,31,https://www.imdb.com/title/tt5020618/
tt5174926,Jealous Gods,2017,105,"Comedy,Fantasy,Sci-Fi",7.8,31,https://www.imdb.com/title/tt5174926/
tt5203722,Delirium,2015,79,"Drama,Horror,Sci-Fi",6.2,31,https://www.imdb.com/title/tt5203722/
tt5304634,Gun Caliber,2017,82,"Action,Comedy,Sci-Fi",5.4,31,https://www.imdb.com/title/tt5304634/
tt5947332,Cryptic Road,2016,84,"Mystery,Sci-Fi,Thriller",7.6,31,https://www.imdb.com/title/tt5947332/
tt6015302,Mission Pakal to Mars,2016,82,"Comedy,Sci-Fi,Thriller",7.0,31,https://www.imdb.com/title/tt6015302/
tt6450610,Genesis,2016,72,"Horror,Sci-Fi",5.0,31,https://www.imdb.com/title/tt6450610/
tt6623826,The Atomic Zombie Space Creeps,2017,54,"Comedy,Sci-Fi",3.1,31,https://www.imdb.com/title/tt6623826/
tt7090136,Time,2017,61,Sci-Fi,6.7,31,https://www.imdb.com/title/tt7090136/
tt7326872,Star Trek II: Retribution,2012,197,"Animation,Sci-Fi",7.4,31,https://www.imdb.com/title/tt7326872/
tt7662940,Dream Runner,2020,108,"Crime,Drama,Sci-Fi",4.8,31,https://www.imdb.com/title/tt7662940/
tt8446672,The Marvelous Spider-Man 3: Empire of Blood,2018,78,"Comedy,Drama,Sci-Fi",7.2,31,https://www.imdb.com/title/tt8446672/
tt8515442,iBOT,2018,62,"Action,Sci-Fi,Thriller",6.8,31,https://www.imdb.com/title/tt8515442/
tt0088214,Synteza,1984,86,"Family,Sci-Fi",5.0,30,https://www.imdb.com/title/tt0088214/
tt0190818,Teito monogatari gaiden,1995,89,"Fantasy,Horror,Sci-Fi",5.7,30,https://www.imdb.com/title/tt0190818/
tt0212774,Aquarius,2000,\N,"Action,Sci-Fi",6.4,30,https://www.imdb.com/title/tt0212774/
tt0256145,Lethal Combat,1999,\N,"Action,Sci-Fi",4.4,30,https://www.imdb.com/title/tt0256145/
tt0269369,Invasión Travesti,2000,50,"Comedy,Sci-Fi",5.8,30,https://www.imdb.com/title/tt0269369/
tt0354105,This Corrosion,2003,75,"Mystery,Sci-Fi,Thriller",5.7,30,https://www.imdb.com/title/tt0354105/
tt0371962,Strange Attractor,2003,85,"Animation,Drama,Sci-Fi",6.8,30,https://www.imdb.com/title/tt0371962/
tt0445745,"Takot ako, eh!",1987,107,"Comedy,Horror,Sci-Fi",6.3,30,https://www.imdb.com/title/tt0445745/
tt0470575,Meteor,2004,89,"Action,Sci-Fi,Thriller",4.1,30,https://www.imdb.com/title/tt0470575/
tt0810397,Gomer and Ed Turn Gay,2001,60,"Action,Comedy,Sci-Fi",7.4,30,https://www.imdb.com/title/tt0810397/
tt10192308,Desire Game,2019,109,"Crime,Mystery,Sci-Fi",4.0,30,https://www.imdb.com/title/tt10192308/
tt1176175,Dozers,2010,85,"Comedy,Horror,Sci-Fi",7.7,30,https://www.imdb.com/title/tt1176175/
tt1361584,The Scarf,2009,85,"Adventure,Drama,Sci-Fi",5.6,30,https://www.imdb.com/title/tt1361584/
tt1366938,Project X: The True Story of Power Plant 67,2007,90,"Drama,Sci-Fi,Thriller",7.2,30,https://www.imdb.com/title/tt1366938/
tt15108880,The Prayer,2020,79,Sci-Fi,6.5,30,https://www.imdb.com/title/tt15108880/
tt15108944,Dreamover,2021,99,"Drama,Romance,Sci-Fi",6.9,30,https://www.imdb.com/title/tt15108944/
tt1524125,Dreamland,2009,94,"Drama,Sci-Fi",6.3,30,https://www.imdb.com/title/tt1524125/
tt1616128,Never Escape,2009,74,"Action,Sci-Fi,Thriller",6.8,30,https://www.imdb.com/title/tt1616128/
tt16437012,Post Apocalyptic Desperation,2021,55,"Horror,Sci-Fi",2.7,30,https://www.imdb.com/title/tt16437012/
tt1653097,When London Sleeps It Came Alive,2010,74,"Comedy,Sci-Fi",4.2,30,https://www.imdb.com/title/tt1653097/
tt1842429,Neverender,2011,79,"Comedy,Drama,Sci-Fi",7.3,30,https://www.imdb.com/title/tt1842429/
tt1996429,Timeserver,2004,113,"Drama,Romance,Sci-Fi",1.2,30,https://www.imdb.com/title/tt1996429/
tt2057997,La notte eterna del coniglio,2007,85,Sci-Fi,6.0,30,https://www.imdb.com/title/tt2057997/
tt20772720,The Interdimensional Connection,2022,63,"Documentary,Sci-Fi",7.0,30,https://www.imdb.com/title/tt20772720/
tt22180338,Opium,2022,77,"Comedy,Sci-Fi",7.9,30,https://www.imdb.com/title/tt22180338/
tt2222718,The Diana Clone,2017,94,"Comedy,Sci-Fi,Thriller",5.0,30,https://www.imdb.com/title/tt2222718/
tt2239824,Zona Invadida,2014,90,"Drama,Sci-Fi,Thriller",4.8,30,https://www.imdb.com/title/tt2239824/
tt2245172,Real Heroes,2014,84,"Adventure,Comedy,Sci-Fi",6.6,30,https://www.imdb.com/title/tt2245172/
tt2246396,Kazachya byl,1999,78,"Adventure,History,Sci-Fi",5.1,30,https://www.imdb.com/title/tt2246396/
tt2309002,Parapsychology 101,2012,71,"Drama,Sci-Fi",6.5,30,https://www.imdb.com/title/tt2309002/
tt23551572,Se fondre,2023,111,"History,Horror,Sci-Fi",4.6,30,https://www.imdb.com/title/tt23551572/
tt25434542,Dvandva,2023,\N,Sci-Fi,8.2,30,https://www.imdb.com/title/tt25434542/
tt2546980,Second Sight,2012,60,"Drama,Sci-Fi,Thriller",6.6,30,https://www.imdb.com/title/tt2546980/
tt2724774,"Goodbye, Little Betty",2013,50,"Drama,Horror,Sci-Fi",6.4,30,https://www.imdb.com/title/tt2724774/
tt2739032,La méduse rouge,2013,101,"Drama,Sci-Fi,Thriller",5.8,30,https://www.imdb.com/title/tt2739032/
tt28781775,Resemblance,2021,98,"Horror,Mystery,Sci-Fi",7.0,30,https://www.imdb.com/title/tt28781775/
tt2952488,Frankenstein's Monster,2014,86,"Drama,History,Sci-Fi",3.6,30,https://www.imdb.com/title/tt2952488/
tt31066935,Know Mercy,2025,83,"Drama,Sci-Fi",6.2,30,https://www.imdb.com/title/tt31066935/
tt31248638,Mertsanie,2024,92,"Sci-Fi,Thriller",6.1,30,https://www.imdb.com/title/tt31248638/
tt3267254,Death to the Pee Wee Squad,1988,107,"Action,Adventure,Sci-Fi",3.9,30,https://www.imdb.com/title/tt3267254/
tt3277790,Adhisaya Ulagam,2012,\N,"Adventure,Sci-Fi",3.5,30,https://www.imdb.com/title/tt3277790/
tt34565676,Fragment,2024,\N,Sci-Fi,4.9,30,https://www.imdb.com/title/tt34565676/
tt34790077,Luna Rosa: The 7th Ascension of Atabey,2025,115,Sci-Fi,6.7,30,https://www.imdb.com/title/tt34790077/
tt37327088,Tales of Jovia Anthology,2025,154,Sci-Fi,3.3,30,https://www.imdb.com/title/tt37327088/
tt3780588,Yesterday Last Year,2017,76,"Drama,Sci-Fi",5.2,30,https://www.imdb.com/title/tt3780588/
tt4040670,Real Blood: The True Beginning,2015,89,"Action,Sci-Fi",5.4,30,https://www.imdb.com/title/tt4040670/
tt4335354,The Other Side of the Lake the Purple Girl: Episode IV-the New Visitor,2015,120,"Documentary,Sci-Fi",4.7,30,https://www.imdb.com/title/tt4335354/
tt4833722,Akiyo,2015,75,"Drama,Music,Sci-Fi",7.0,30,https://www.imdb.com/title/tt4833722/
tt6362552,Atar Mass 2019,2017,\N,"Action,Romance,Sci-Fi",6.8,30,https://www.imdb.com/title/tt6362552/
tt6520660,MappaMundi,2017,45,"Drama,Fantasy,Sci-Fi",7.3,30,https://www.imdb.com/title/tt6520660/
tt6576586,The Job Interview,2017,132,Sci-Fi,7.8,30,https://www.imdb.com/title/tt6576586/
tt7117134,Amor Mutante,2019,106,"Drama,Romance,Sci-Fi",3.5,30,https://www.imdb.com/title/tt7117134/
tt7526168,Jupiter 2032,2022,80,"Fantasy,Mystery,Sci-Fi",4.3,30,https://www.imdb.com/title/tt7526168/
tt8076988,Vizhi Moodi Yosithaal,2014,122,"Action,Sci-Fi,Thriller",8.0,30,https://www.imdb.com/title/tt8076988/
tt0093632,Nihil oder Alle Zeit der Welt,1987,56,"Drama,Music,Sci-Fi",7.1,29,https://www.imdb.com/title/tt0093632/
tt0114166,Poslední presun,1995,89,"Drama,Sci-Fi",4.0,29,https://www.imdb.com/title/tt0114166/
tt0120475,Walkin' on Sunshine: The Movie,1997,\N,"Comedy,Sci-Fi",5.7,29,https://www.imdb.com/title/tt0120475/
tt0274891,Starfighters,1992,90,"Action,Adventure,Sci-Fi",3.1,29,https://www.imdb.com/title/tt0274891/
tt0312874,Kinnikuman: Ôabare! Seigi chôjin,1984,48,"Animation,Comedy,Sci-Fi",5.4,29,https://www.imdb.com/title/tt0312874/
tt0332821,Vverkh tormashkami,1992,84,"Comedy,Sci-Fi",4.6,29,https://www.imdb.com/title/tt0332821/
tt0362209,Lost in New Mexico: The Strange Tale of Susan Hero,2007,85,"Drama,Romance,Sci-Fi",7.1,29,https://www.imdb.com/title/tt0362209/
tt0377463,Batang Z,1996,\N,"Action,Adventure,Sci-Fi",6.7,29,https://www.imdb.com/title/tt0377463/
tt10644538,Perazhagi ISO,2019,108,"Comedy,Drama,Sci-Fi",4.6,29,https://www.imdb.com/title/tt10644538/
tt11307158,Sputum,2022,84,Sci-Fi,5.7,29,https://www.imdb.com/title/tt11307158/
tt1205474,Commander and Chief,2012,\N,"Comedy,Sci-Fi",5.5,29,https://www.imdb.com/title/tt1205474/
tt1236467,Erased,2008,86,"Action,Sci-Fi,Thriller",6.8,29,https://www.imdb.com/title/tt1236467/
tt1326736,Beethopia,2011,118,Sci-Fi,6.6,29,https://www.imdb.com/title/tt1326736/
tt14654904,The Contact Enigma,2021,52,"Mystery,Sci-Fi",8.8,29,https://www.imdb.com/title/tt14654904/
tt1549061,The Face,2008,56,Sci-Fi,3.8,29,https://www.imdb.com/title/tt1549061/
tt16171656,Dead Talk Tales: Volume I,2024,98,"Horror,Sci-Fi,Thriller",6.5,29,https://www.imdb.com/title/tt16171656/
tt1734170,Tin Can,2010,88,"Drama,Sci-Fi",6.6,29,https://www.imdb.com/title/tt1734170/
tt2057917,Breakfast Impossible: Series One,2011,\N,"Action,Comedy,Sci-Fi",3.6,29,https://www.imdb.com/title/tt2057917/
tt2293814,Alien Babes in Heat,2012,\N,"Horror,Romance,Sci-Fi",3.8,29,https://www.imdb.com/title/tt2293814/
tt23456534,Mind Wiped,2022,\N,"Comedy,Sci-Fi",3.4,29,https://www.imdb.com/title/tt23456534/
tt27923521,Shoktir Lorai,1998,128,"Action,Drama,Sci-Fi",4.7,29,https://www.imdb.com/title/tt27923521/
tt2979682,For the Blinds,2014,90,"Adventure,Fantasy,Sci-Fi",5.9,29,https://www.imdb.com/title/tt2979682/
tt3074576,Nukenin,2009,80,"Action,Adventure,Sci-Fi",5.6,29,https://www.imdb.com/title/tt3074576/
tt3107418,The Deathday Party,2014,82,"Horror,Sci-Fi,Thriller",5.2,29,https://www.imdb.com/title/tt3107418/
tt3215636,Linko,2014,70,"Adventure,Drama,Sci-Fi",5.4,29,https://www.imdb.com/title/tt3215636/
tt3297758,Depth,2016,\N,"Horror,Sci-Fi",6.7,29,https://www.imdb.com/title/tt3297758/
tt35725827,Faster Than Light: The Dream of Interstellar Flight,2017,48,"Documentary,Sci-Fi",5.9,29,https://www.imdb.com/title/tt35725827/
tt3747512,Red Sky: Candidate 5238,2015,122,"Action,Sci-Fi,War",5.8,29,https://www.imdb.com/title/tt3747512/
tt4204450,Something in the Dark,2024,87,"Sci-Fi,Thriller",6.8,29,https://www.imdb.com/title/tt4204450/
tt5086760,Made in Taiwan,2015,78,"Drama,Sci-Fi",7.8,29,https://www.imdb.com/title/tt5086760/
tt5170640,Romeo 3000,2018,\N,"Action,Romance,Sci-Fi",4.9,29,https://www.imdb.com/title/tt5170640/
tt5509978,Kandam,2017,100,Sci-Fi,7.3,29,https://www.imdb.com/title/tt5509978/
tt5869188,V-Force: New Dawn of V.I.C.T.O.R.Y.,2017,105,"Action,Adventure,Sci-Fi",5.1,29,https://www.imdb.com/title/tt5869188/
tt9378600,Noise,2019,100,"Sci-Fi,Thriller",8.5,29,https://www.imdb.com/title/tt9378600/
tt9585116,Virt,2022,106,"Action,Sci-Fi",5.6,29,https://www.imdb.com/title/tt9585116/
tt9604202,Mandala: The UFO Incident,2023,\N,"Drama,Sci-Fi",6.7,29,https://www.imdb.com/title/tt9604202/
tt0117537,Safety Zone,1996,82,"Action,Sci-Fi",5.6,28,https://www.imdb.com/title/tt0117537/
tt0118995,Do nebicka,2000,90,"Family,Sci-Fi",5.5,28,https://www.imdb.com/title/tt0118995/
tt0126034,Et skud fra hjertet,1986,77,"Drama,Sci-Fi",6.1,28,https://www.imdb.com/title/tt0126034/
tt0162879,Prin to telos tou kosmou,1996,126,"Mystery,Sci-Fi",6.7,28,https://www.imdb.com/title/tt0162879/
tt0220605,The Krone Experiment,2005,108,"Mystery,Romance,Sci-Fi",7.2,28,https://www.imdb.com/title/tt0220605/
tt0229196,Dangerous Stories,1989,105,"Horror,Sci-Fi",5.2,28,https://www.imdb.com/title/tt0229196/
tt0247145,Young-gu and the Golden Bat,1992,\N,"Action,Family,Sci-Fi",6.0,28,https://www.imdb.com/title/tt0247145/
tt0273849,Mrugjal... Ek Naslela Astitva,2000,\N,"Drama,Sci-Fi,Thriller",6.9,28,https://www.imdb.com/title/tt0273849/
tt0307606,New Machine: Ulemae 5,1988,81,"Action,Family,Sci-Fi",6.2,28,https://www.imdb.com/title/tt0307606/
tt0339557,Raising Dead,2002,\N,"Action,Horror,Sci-Fi",5.8,28,https://www.imdb.com/title/tt0339557/
tt0350209,Time Wars,1993,\N,"Drama,Sci-Fi,Western",3.7,28,https://www.imdb.com/title/tt0350209/
tt0389549,Yo Alien,2002,95,Sci-Fi,6.8,28,https://www.imdb.com/title/tt0389549/
tt0417552,Contact,2005,67,"Drama,Romance,Sci-Fi",5.5,28,https://www.imdb.com/title/tt0417552/
tt0454155,El hada buena - Una fábula peronista,2010,85,"Comedy,Drama,Sci-Fi",6.6,28,https://www.imdb.com/title/tt0454155/
tt0454805,A Crocus Bloomed,2004,45,"Drama,Mystery,Sci-Fi",7.2,28,https://www.imdb.com/title/tt0454805/
tt0460870,Moebius 17,2005,\N,Sci-Fi,5.2,28,https://www.imdb.com/title/tt0460870/
tt0464027,Governmentia,2005,\N,Sci-Fi,5.9,28,https://www.imdb.com/title/tt0464027/
tt0467693,Space Police,2004,75,"Adventure,Sci-Fi",6.4,28,https://www.imdb.com/title/tt0467693/
tt0487130,Tragos: A Cyber-Noir Witch Hunt,2000,105,"Drama,Mystery,Sci-Fi",5.5,28,https://www.imdb.com/title/tt0487130/
tt0884192,Silver Mask,2006,130,"Action,Fantasy,Sci-Fi",6.1,28,https://www.imdb.com/title/tt0884192/
tt10530266,Frame Arms Girl Movie: Kya Kya Ufufu na Wonderland,2019,82,"Animation,Sci-Fi,War",4.6,28,https://www.imdb.com/title/tt10530266/
tt10922986,Tuesday Never Comes,2019,90,Sci-Fi,3.5,28,https://www.imdb.com/title/tt10922986/
tt10993976,For My Sister,2019,88,"Comedy,Drama,Sci-Fi",8.1,28,https://www.imdb.com/title/tt10993976/
tt11861562,Wonderland Recoil,2022,98,"Fantasy,Sci-Fi",5.5,28,https://www.imdb.com/title/tt11861562/
tt12286882,Katatonia,2015,84,Sci-Fi,6.4,28,https://www.imdb.com/title/tt12286882/
tt1326957,Out of the Fog,2009,86,"Fantasy,Mystery,Sci-Fi",5.5,28,https://www.imdb.com/title/tt1326957/
tt1347341,Heads of Control: The Gorul Baheu Brain Expedition,2006,93,"Comedy,Sci-Fi",6.5,28,https://www.imdb.com/title/tt1347341/
tt1359425,"Capitalist Manifesto: Working Men of All Countries, Accumulate!",2003,115,"Drama,Horror,Sci-Fi",5.9,28,https://www.imdb.com/title/tt1359425/
tt14906086,No Tomorrow,2021,83,"Drama,Mystery,Sci-Fi",6.0,28,https://www.imdb.com/title/tt14906086/
tt15426932,The Color of the Sun,2022,\N,"Horror,Sci-Fi,Thriller",5.0,28,https://www.imdb.com/title/tt15426932/
tt1620487,Invertebrate,2011,45,Sci-Fi,7.5,28,https://www.imdb.com/title/tt1620487/
tt1853701,The Fix:,2011,\N,Sci-Fi,5.7,28,https://www.imdb.com/title/tt1853701/
tt1918917,Little Boy Blue: Tiny Terrestrial,1991,98,"Family,Fantasy,Sci-Fi",5.5,28,https://www.imdb.com/title/tt1918917/
tt19796902,The Great Awakening,2022,62,"Horror,Sci-Fi,Thriller",4.2,28,https://www.imdb.com/title/tt19796902/
tt20191094,Deadly Parasite,2022,73,"Horror,Sci-Fi",3.3,28,https://www.imdb.com/title/tt20191094/
tt2123894,An Human,2011,101,"Drama,Mystery,Sci-Fi",7.1,28,https://www.imdb.com/title/tt2123894/
tt2124785,Evolution Creek,2012,102,"Adventure,Sci-Fi,Thriller",5.3,28,https://www.imdb.com/title/tt2124785/
tt2207614,Lost in the Pinelands,2012,72,Sci-Fi,6.5,28,https://www.imdb.com/title/tt2207614/
tt2461182,Endtime,2014,80,"Drama,Sci-Fi",5.2,28,https://www.imdb.com/title/tt2461182/
tt26625884,Metruk,2023,120,Sci-Fi,5.2,28,https://www.imdb.com/title/tt26625884/
tt26697930,Chrononaut,2018,90,Sci-Fi,6.2,28,https://www.imdb.com/title/tt26697930/
tt27665384,Motherboard,2023,105,"Animation,Fantasy,Sci-Fi",7.4,28,https://www.imdb.com/title/tt27665384/
tt27845571,I See the Demon,2025,83,"Horror,Sci-Fi",6.8,28,https://www.imdb.com/title/tt27845571/
tt28441991,Killer Kabbage,2024,94,"Comedy,Sci-Fi",5.6,28,https://www.imdb.com/title/tt28441991/
tt28656021,3.6.9,2023,93,Sci-Fi,6.4,28,https://www.imdb.com/title/tt28656021/
tt28665084,Venus Effect,2024,\N,"Comedy,Sci-Fi,Thriller",5.2,28,https://www.imdb.com/title/tt28665084/
tt31107734,Abduction: The Harvesting,2024,\N,"Horror,Sci-Fi",5.2,28,https://www.imdb.com/title/tt31107734/
tt3143912,I Am Evangeline,2015,92,"Drama,Sci-Fi,Thriller",6.3,28,https://www.imdb.com/title/tt3143912/
tt32043938,Future Future,2025,86,"Drama,Sci-Fi",6.0,28,https://www.imdb.com/title/tt32043938/
tt32886725,Soul Traveler,2024,97,"Fantasy,Horror,Sci-Fi",3.9,28,https://www.imdb.com/title/tt32886725/
tt3562286,The Arrival,2014,45,Sci-Fi,4.4,28,https://www.imdb.com/title/tt3562286/
tt36352969,Violet,2025,\N,"Sci-Fi,Thriller",7.0,28,https://www.imdb.com/title/tt36352969/
tt3714638,Roshtalivik,2016,72,"Action,Sci-Fi",6.3,28,https://www.imdb.com/title/tt3714638/
tt3862782,World Brain,2015,73,"Documentary,Sci-Fi",6.7,28,https://www.imdb.com/title/tt3862782/
tt4002276,Fade to White,2014,90,"Fantasy,Sci-Fi,Thriller",4.0,28,https://www.imdb.com/title/tt4002276/
tt42299976,Yuzuru Hanyu Ice Story 3rd Echoes of Life Tour,2024,140,Sci-Fi,9.4,28,https://www.imdb.com/title/tt42299976/
tt4662934,Symmetry,2015,60,"Adventure,Musical,Sci-Fi",7.0,28,https://www.imdb.com/title/tt4662934/
tt6014474,Dark Side of the Moon,2016,98,"Horror,Sci-Fi,Thriller",6.1,28,https://www.imdb.com/title/tt6014474/
tt6163990,Ananda: Rise of Notra,2019,135,Sci-Fi,6.4,28,https://www.imdb.com/title/tt6163990/
tt6769514,Project: Galaxy,2018,120,Sci-Fi,2.4,28,https://www.imdb.com/title/tt6769514/
tt6875006,Return of the Robo-Mummy from Outer Space Part 7,2017,90,Sci-Fi,8.2,28,https://www.imdb.com/title/tt6875006/
tt7690718,RE-BECCA,2020,85,Sci-Fi,6.5,28,https://www.imdb.com/title/tt7690718/
tt7967754,4 histoires fantastiques,2018,80,Sci-Fi,5.6,28,https://www.imdb.com/title/tt7967754/
tt8027508,FU*AB,2023,98,"Comedy,Sci-Fi",6.4,28,https://www.imdb.com/title/tt8027508/
tt8046932,The Stranger,2020,47,"Adventure,Drama,Sci-Fi",5.7,28,https://www.imdb.com/title/tt8046932/
tt9318706,Elevator to Insanity,2018,72,"Horror,Mystery,Sci-Fi",2.2,28,https://www.imdb.com/title/tt9318706/
tt9323784,Evrensel Döngü: Zamansal Yolculuk,2019,\N,"Drama,Mystery,Sci-Fi",8.5,28,https://www.imdb.com/title/tt9323784/
tt9888954,Reanimation Team,2022,98,"Action,Adventure,Sci-Fi",3.5,28,https://www.imdb.com/title/tt9888954/
tt0157829,Invasion: Stanford 1991 A.D.,1990,\N,"Comedy,Sci-Fi",7.2,27,https://www.imdb.com/title/tt0157829/
tt0160386,Human Error,1988,102,"Sci-Fi,Thriller",6.8,27,https://www.imdb.com/title/tt0160386/
tt0185528,19,1987,98,"Fantasy,Sci-Fi",6.9,27,https://www.imdb.com/title/tt0185528/
tt0188101,News Traveler,1998,\N,Sci-Fi,4.7,27,https://www.imdb.com/title/tt0188101/
tt0210417,Tanba Tetsurô no daireikai: Shindara dônaru,1989,97,"Adventure,Sci-Fi",4.6,27,https://www.imdb.com/title/tt0210417/
tt0216344,Via Lattea... la prima a destra,1989,88,"Comedy,Family,Sci-Fi",3.4,27,https://www.imdb.com/title/tt0216344/
tt0293857,MOB 2025,2001,\N,"Action,Sci-Fi",3.8,27,https://www.imdb.com/title/tt0293857/
tt0307259,Oceano Atlantis,1993,80,Sci-Fi,7.1,27,https://www.imdb.com/title/tt0307259/
tt0322309,El forastero,2002,100,"Comedy,Drama,Sci-Fi",5.2,27,https://www.imdb.com/title/tt0322309/
tt0372423,Mindgame,2003,60,"Mystery,Sci-Fi,Thriller",6.9,27,https://www.imdb.com/title/tt0372423/
tt0373195,Nobody Loses Forever,2000,123,Sci-Fi,4.1,27,https://www.imdb.com/title/tt0373195/
tt0388730,Apparatspott - Gerangel in Ruum un Tied,2003,93,Sci-Fi,6.4,27,https://www.imdb.com/title/tt0388730/
tt0446038,Star Party,2005,97,"Horror,Sci-Fi",5.0,27,https://www.imdb.com/title/tt0446038/
tt0462155,2095,2007,\N,"Drama,Romance,Sci-Fi",6.3,27,https://www.imdb.com/title/tt0462155/
tt0951258,Chronicles of the Roman Numeral X,2007,88,Sci-Fi,5.6,27,https://www.imdb.com/title/tt0951258/
tt11369596,São Ateu,2022,71,"Comedy,Fantasy,Sci-Fi",5.3,27,https://www.imdb.com/title/tt11369596/
tt13311066,Echoes,2021,88,"Drama,Sci-Fi",5.8,27,https://www.imdb.com/title/tt13311066/
tt1340466,Schoof,2008,68,"Comedy,Sci-Fi",7.2,27,https://www.imdb.com/title/tt1340466/
tt1483759,Fade,2008,70,Sci-Fi,6.8,27,https://www.imdb.com/title/tt1483759/
tt15434984,Adabana,2024,118,"Drama,Sci-Fi",6.1,27,https://www.imdb.com/title/tt15434984/
tt1657458,The Realm,2010,78,Sci-Fi,7.8,27,https://www.imdb.com/title/tt1657458/
tt1688676,Waking Up,2010,103,"Drama,Romance,Sci-Fi",6.7,27,https://www.imdb.com/title/tt1688676/
tt1753723,Dominant Gene,2011,100,"Action,Adventure,Sci-Fi",7.8,27,https://www.imdb.com/title/tt1753723/
tt20722344,Memories of Another,2022,107,"Drama,Romance,Sci-Fi",8.3,27,https://www.imdb.com/title/tt20722344/
tt2355352,Tak pakhnet lyubov,2012,66,"Action,Drama,Sci-Fi",8.1,27,https://www.imdb.com/title/tt2355352/
tt2552626,Actual Reality,2015,93,Sci-Fi,3.9,27,https://www.imdb.com/title/tt2552626/
tt26054976,Análogos,2023,80,"Drama,Sci-Fi",7.1,27,https://www.imdb.com/title/tt26054976/
tt27165367,Vampire's House of Cain,2024,\N,"Crime,Romance,Sci-Fi",4.7,27,https://www.imdb.com/title/tt27165367/
tt2737814,Desolate,2013,77,"Drama,Sci-Fi,Thriller",6.6,27,https://www.imdb.com/title/tt2737814/
tt29629912,The Ladder,2025,\N,"Drama,Sci-Fi",7.3,27,https://www.imdb.com/title/tt29629912/
tt30259402,Aliens Uncovered: UFOs Over Arizona,2024,116,"Documentary,Mystery,Sci-Fi",6.6,27,https://www.imdb.com/title/tt30259402/
tt32909346,The Legend of the Galactic Heroes: Die Neue These Collision 1,2022,105,"Animation,Sci-Fi",7.7,27,https://www.imdb.com/title/tt32909346/
tt3327426,War of the Worlds,2013,50,Sci-Fi,5.7,27,https://www.imdb.com/title/tt3327426/
tt34876114,Dhrubor Aschorjo Jibon,2025,139,"Crime,Sci-Fi,Thriller",7.9,27,https://www.imdb.com/title/tt34876114/
tt4035552,The Benders,2014,95,"Action,Drama,Sci-Fi",4.2,27,https://www.imdb.com/title/tt4035552/
tt4043138,Chronicles of Humanity: Renegades,2014,114,"Action,Animation,Sci-Fi",6.7,27,https://www.imdb.com/title/tt4043138/
tt4340916,Anxietyville,2015,88,"Comedy,Drama,Sci-Fi",5.3,27,https://www.imdb.com/title/tt4340916/
tt4841444,The Spawning,2017,\N,"Horror,Sci-Fi",7.0,27,https://www.imdb.com/title/tt4841444/
tt6863208,Kuluçka,2017,90,"Fantasy,Mystery,Sci-Fi",5.5,27,https://www.imdb.com/title/tt6863208/
tt7374964,Enjoy Your Trip to Hell,2017,76,Sci-Fi,7.3,27,https://www.imdb.com/title/tt7374964/
tt8125118,Wolf 359 Live: Deep Space Survival Procedure and Protocol,2016,64,Sci-Fi,8.7,27,https://www.imdb.com/title/tt8125118/
tt8525140,Max Beyond,2024,93,"Action,Animation,Sci-Fi",5.8,27,https://www.imdb.com/title/tt8525140/
tt8554982,Live,2020,84,"Drama,Music,Sci-Fi",5.3,27,https://www.imdb.com/title/tt8554982/
tt8772332,Lost City,2015,97,"Drama,Fantasy,Sci-Fi",6.6,27,https://www.imdb.com/title/tt8772332/
tt9501678,Suparna,2020,101,"Action,Drama,Sci-Fi",5.0,27,https://www.imdb.com/title/tt9501678/
tt0156562,Gemini Encounters,1995,92,Sci-Fi,5.7,26,https://www.imdb.com/title/tt0156562/
tt0164491,Cientificament perfectes,1996,\N,Sci-Fi,3.7,26,https://www.imdb.com/title/tt0164491/
tt0297805,Borg War 3,1998,118,Sci-Fi,4.8,26,https://www.imdb.com/title/tt0297805/
tt0307608,Ulemae 7: Dolaon Ulemae,1992,86,"Action,Family,Sci-Fi",5.4,26,https://www.imdb.com/title/tt0307608/
tt0382979,Sirens of the 23rd Century,2003,86,"Fantasy,Sci-Fi",5.6,26,https://www.imdb.com/title/tt0382979/
tt0467715,Wooly Booly: Ang classmate kong alien,1989,\N,"Comedy,Sci-Fi",5.2,26,https://www.imdb.com/title/tt0467715/
tt0479116,Orthogenesis,2005,48,Sci-Fi,7.5,26,https://www.imdb.com/title/tt0479116/
tt0491159,Spectropia,2006,95,Sci-Fi,6.9,26,https://www.imdb.com/title/tt0491159/
tt0805511,Confinement,2005,103,"Action,Sci-Fi",5.1,26,https://www.imdb.com/title/tt0805511/
tt0965435,Out of State,2006,76,"Horror,Sci-Fi",7.4,26,https://www.imdb.com/title/tt0965435/
tt1190917,Ein Leben auf Probe,2010,\N,Sci-Fi,5.8,26,https://www.imdb.com/title/tt1190917/
tt13011910,Were It Not for Mama,2022,\N,"Drama,Sci-Fi",7.0,26,https://www.imdb.com/title/tt13011910/
tt13298814,Rodson - ou (Onde o Sol Não Tem Dó),2020,75,Sci-Fi,7.2,26,https://www.imdb.com/title/tt13298814/
tt1339143,Paradise Cove,2008,73,"Adventure,Horror,Sci-Fi",4.2,26,https://www.imdb.com/title/tt1339143/
tt1362499,Spidertron,2008,66,"Action,Comedy,Sci-Fi",6.7,26,https://www.imdb.com/title/tt1362499/
tt13654944,The Phantom Lake Kids in the Unseen Invasion,2020,64,"Comedy,Sci-Fi",5.0,26,https://www.imdb.com/title/tt13654944/
tt13702176,Surge of Power: Doctor Who Tribute,2020,\N,"Action,Adventure,Sci-Fi",5.4,26,https://www.imdb.com/title/tt13702176/
tt1521803,Post: La aventura completa,2010,86,"Comedy,Sci-Fi,Thriller",7.5,26,https://www.imdb.com/title/tt1521803/
tt1597103,Programmable Dreams,2007,107,"Action,Drama,Sci-Fi",8.1,26,https://www.imdb.com/title/tt1597103/
tt16235120,Rifftrax: Super Mario Bros.,2014,104,"Comedy,Sci-Fi",6.7,26,https://www.imdb.com/title/tt16235120/
tt1679239,Mirrors for Princes,2011,63,"Drama,Fantasy,Sci-Fi",6.1,26,https://www.imdb.com/title/tt1679239/
tt17158678,Black Hole Alien Brain Zombies!,2021,\N,Sci-Fi,5.2,26,https://www.imdb.com/title/tt17158678/
tt1829034,Talon,2011,64,"Fantasy,Horror,Sci-Fi",6.6,26,https://www.imdb.com/title/tt1829034/
tt1965251,Transsexuals from Space,2012,113,"Adventure,Fantasy,Sci-Fi",6.1,26,https://www.imdb.com/title/tt1965251/
tt2149486,Xombies 3D,2011,80,"Action,Horror,Sci-Fi",3.1,26,https://www.imdb.com/title/tt2149486/
tt22495996,The Lonely Musketeer,2024,\N,"Sci-Fi,Thriller",7.5,26,https://www.imdb.com/title/tt22495996/
tt2385237,The Hands of a Madman,2000,88,"Mystery,Sci-Fi",5.2,26,https://www.imdb.com/title/tt2385237/
tt2721758,The World,2013,125,Sci-Fi,7.2,26,https://www.imdb.com/title/tt2721758/
tt33368993,Deified the Legacy of Yesterday,2024,\N,Sci-Fi,8.6,26,https://www.imdb.com/title/tt33368993/
tt3408708,I's,2023,110,"Adventure,Drama,Sci-Fi",7.7,26,https://www.imdb.com/title/tt3408708/
tt3498620,Ezekiel's Landing,2015,85,"Drama,Sci-Fi,Thriller",7.5,26,https://www.imdb.com/title/tt3498620/
tt3543838,Spectrographies,2015,59,Sci-Fi,7.5,26,https://www.imdb.com/title/tt3543838/
tt36639462,Nightmare Bugs,2025,97,"Animation,Sci-Fi,Thriller",4.7,26,https://www.imdb.com/title/tt36639462/
tt37528681,Last Known Backup,2025,75,"Crime,Sci-Fi,Thriller",5.6,26,https://www.imdb.com/title/tt37528681/
tt3823810,Empyrean,2016,76,"Drama,Sci-Fi",6.3,26,https://www.imdb.com/title/tt3823810/
tt3829268,Kerion,2014,75,"Drama,Sci-Fi",4.2,26,https://www.imdb.com/title/tt3829268/
tt4791284,Back to the Siam,2013,95,"Animation,Sci-Fi",5.5,26,https://www.imdb.com/title/tt4791284/
tt5223328,Rendezvous,2016,91,"Drama,Sci-Fi",4.9,26,https://www.imdb.com/title/tt5223328/
tt6687948,Icarus,2018,90,Sci-Fi,8.2,26,https://www.imdb.com/title/tt6687948/
tt6874134,I am: I am Robot,2017,92,"Drama,Fantasy,Sci-Fi",3.6,26,https://www.imdb.com/title/tt6874134/
tt0104989,New! Improved! Real-life American Fairy Tale,1993,90,Sci-Fi,6.1,25,https://www.imdb.com/title/tt0104989/
tt0112905,The Drivetime,1995,88,"Crime,Drama,Sci-Fi",6.5,25,https://www.imdb.com/title/tt0112905/
tt0130897,Nerawareta gakuen,1997,80,"Horror,Romance,Sci-Fi",6.0,25,https://www.imdb.com/title/tt0130897/
tt0137798,The Grays,1991,45,Sci-Fi,5.6,25,https://www.imdb.com/title/tt0137798/
tt0151800,Of Tomorrows Unknown,1991,\N,"Action,Sci-Fi",4.9,25,https://www.imdb.com/title/tt0151800/
tt0325257,17,1992,92,Sci-Fi,6.1,25,https://www.imdb.com/title/tt0325257/
tt0445683,Rubicon,2004,82,"Animation,Sci-Fi",5.1,25,https://www.imdb.com/title/tt0445683/
tt0455571,Jimmy Tornado,2004,91,"Action,Crime,Sci-Fi",7.1,25,https://www.imdb.com/title/tt0455571/
tt0475272,The Final Equation,2009,\N,"Sci-Fi,Thriller",8.3,25,https://www.imdb.com/title/tt0475272/
tt10109752,Felts Field,2019,81,"Horror,Mystery,Sci-Fi",3.0,25,https://www.imdb.com/title/tt10109752/
tt11388604,Immortalist,2021,100,"Comedy,Drama,Sci-Fi",8.0,25,https://www.imdb.com/title/tt11388604/
tt11535926,Afuera del tiempo,2019,81,"Comedy,Sci-Fi",5.0,25,https://www.imdb.com/title/tt11535926/
tt12564150,Joel D. Wynkoop's the Craiglon Incident,2021,120,Sci-Fi,6.4,25,https://www.imdb.com/title/tt12564150/
tt1324898,Sindrome de Pinocchio,2008,90,"Drama,Fantasy,Sci-Fi",7.8,25,https://www.imdb.com/title/tt1324898/
tt1326944,It Came from Over Yonder,2008,82,"Comedy,Sci-Fi",4.6,25,https://www.imdb.com/title/tt1326944/
tt1337566,Wake-Up Callz,2008,93,"Adventure,Fantasy,Sci-Fi",5.0,25,https://www.imdb.com/title/tt1337566/
tt1337585,Apollo 54,2007,98,Sci-Fi,5.1,25,https://www.imdb.com/title/tt1337585/
tt13871206,5000 Space Aliens,2021,86,"Animation,Comedy,Sci-Fi",5.5,25,https://www.imdb.com/title/tt13871206/
tt14480726,Wrath of the Viper Sniper,2022,64,"Action,Comedy,Sci-Fi",7.5,25,https://www.imdb.com/title/tt14480726/
tt14940056,The Marianas Web,2025,90,"Horror,Sci-Fi,Thriller",6.5,25,https://www.imdb.com/title/tt14940056/
tt1586255,L'invasione degli astronazi,2009,87,"Comedy,Horror,Sci-Fi",5.9,25,https://www.imdb.com/title/tt1586255/
tt1597127,Saberfrog,2009,91,"Comedy,Drama,Sci-Fi",6.5,25,https://www.imdb.com/title/tt1597127/
tt1680008,The Invisible Atomic Monsters from Mars,2010,75,"Drama,Horror,Sci-Fi",5.3,25,https://www.imdb.com/title/tt1680008/
tt1780982,Snapped,2010,90,"Horror,Sci-Fi,Thriller",4.4,25,https://www.imdb.com/title/tt1780982/
tt1834889,The Instant Messenger Mission,2011,66,"Adventure,Fantasy,Sci-Fi",7.6,25,https://www.imdb.com/title/tt1834889/
tt2122318,Cow Tippers from Outer Space,2011,\N,"Comedy,Horror,Sci-Fi",5.0,25,https://www.imdb.com/title/tt2122318/
tt2178598,Piece: Kioku no kakera,2012,92,"Action,Sci-Fi",7.0,25,https://www.imdb.com/title/tt2178598/
tt23031036,Kade,2024,92,"Action,Adventure,Sci-Fi",6.2,25,https://www.imdb.com/title/tt23031036/
tt2353965,Frequency,2012,60,"Sci-Fi,Thriller",5.9,25,https://www.imdb.com/title/tt2353965/
tt2354335,The Secret Children,2014,103,Sci-Fi,5.7,25,https://www.imdb.com/title/tt2354335/
tt2519256,R.E.D.D.,2015,93,Sci-Fi,7.8,25,https://www.imdb.com/title/tt2519256/
tt2602230,Dignity,2013,80,"Fantasy,Horror,Sci-Fi",5.5,25,https://www.imdb.com/title/tt2602230/
tt26774729,Eden Prime,2022,71,Sci-Fi,2.4,25,https://www.imdb.com/title/tt26774729/
tt29902563,City of Oz,2024,53,"Horror,Sci-Fi",3.2,25,https://www.imdb.com/title/tt29902563/
tt3122742,Headrush,2013,45,"Mystery,Sci-Fi,Thriller",5.3,25,https://www.imdb.com/title/tt3122742/
tt31322019,30 Bun,2025,80,"Sci-Fi,Thriller",4.5,25,https://www.imdb.com/title/tt31322019/
tt31946605,Touchdown,2024,78,"Action,Sci-Fi,Thriller",5.4,25,https://www.imdb.com/title/tt31946605/
tt3458560,The X Species,2018,90,"Mystery,Sci-Fi,Thriller",6.3,25,https://www.imdb.com/title/tt3458560/
tt3518372,Earth,2015,60,Sci-Fi,3.8,25,https://www.imdb.com/title/tt3518372/
tt37600207,We Can Save the World!!!,2025,110,"Adventure,Comedy,Sci-Fi",5.5,25,https://www.imdb.com/title/tt37600207/
tt4020438,Portal,2015,\N,"Fantasy,Sci-Fi,Thriller",5.7,25,https://www.imdb.com/title/tt4020438/
tt4022932,Alien Babes,2009,89,Sci-Fi,5.7,25,https://www.imdb.com/title/tt4022932/
tt4136076,Supergirl & the Bloody Traces of Stargirl,2014,45,"Action,Horror,Sci-Fi",4.4,25,https://www.imdb.com/title/tt4136076/
tt4683346,The Fallen: A Halo Fan Film,2015,47,"Action,Drama,Sci-Fi",7.3,25,https://www.imdb.com/title/tt4683346/
tt4901514,Dans les limbes,2015,85,"Documentary,Sci-Fi",7.3,25,https://www.imdb.com/title/tt4901514/
tt4919886,Eternity Hill,2016,56,"Drama,Sci-Fi",8.8,25,https://www.imdb.com/title/tt4919886/
tt5171442,Grand View Blvd.,2025,96,"Comedy,Mystery,Sci-Fi",7.6,25,https://www.imdb.com/title/tt5171442/
tt5450910,Ekspiriens,2015,90,"Drama,Sci-Fi",4.9,25,https://www.imdb.com/title/tt5450910/
tt5588566,Black Petunia,2016,85,"Drama,Mystery,Sci-Fi",7.4,25,https://www.imdb.com/title/tt5588566/
tt7882328,Throwback Today,2017,82,Sci-Fi,6.3,25,https://www.imdb.com/title/tt7882328/
tt8361898,Strong Artificial Intelligence,2018,84,"Action,Sci-Fi",6.8,25,https://www.imdb.com/title/tt8361898/
tt8413518,Commanding Cue,2019,86,"Musical,Mystery,Sci-Fi",6.6,25,https://www.imdb.com/title/tt8413518/
tt9072932,Drive Head: Tomica Hyper Rescue Mobile Rescue Police,2018,58,"Action,Animation,Sci-Fi",7.0,25,https://www.imdb.com/title/tt9072932/
tt0081806,The Juvenizer,1981,100,Sci-Fi,7.4,24,https://www.imdb.com/title/tt0081806/
tt0169346,Under the Rainbow,1999,105,"Drama,Sci-Fi",5.4,24,https://www.imdb.com/title/tt0169346/
tt0194250,Pirata! Cult Movie,1984,95,Sci-Fi,7.6,24,https://www.imdb.com/title/tt0194250/
tt0307607,Thunderhawk 6: Third Generation Thunderhawk,1989,88,"Action,Family,Sci-Fi",5.1,24,https://www.imdb.com/title/tt0307607/
tt0313283,Bizon,1989,90,"Family,Sci-Fi",5.5,24,https://www.imdb.com/title/tt0313283/
tt0377443,Balawis,1996,90,"Action,Sci-Fi,Thriller",5.3,24,https://www.imdb.com/title/tt0377443/
tt0382567,Bioman,1989,97,"Action,Sci-Fi",4.4,24,https://www.imdb.com/title/tt0382567/
tt0424525,Une vie en l'air,2004,45,Sci-Fi,6.9,24,https://www.imdb.com/title/tt0424525/
tt0428825,Mindbenders,2004,90,Sci-Fi,6.4,24,https://www.imdb.com/title/tt0428825/
tt0997102,SuperWizja,1993,83,"Mystery,Sci-Fi",5.5,24,https://www.imdb.com/title/tt0997102/
tt1027022,Dead Americans,2010,\N,Sci-Fi,7.6,24,https://www.imdb.com/title/tt1027022/
tt1226831,Spark Riders,2010,120,Sci-Fi,7.7,24,https://www.imdb.com/title/tt1226831/
tt12766978,Enterfear,2020,61,"Comedy,Horror,Sci-Fi",7.3,24,https://www.imdb.com/title/tt12766978/
tt13825564,Bug-Eyed Monsters Invade the Earth!,2022,\N,"Action,Animation,Sci-Fi",5.1,24,https://www.imdb.com/title/tt13825564/
tt1475143,Cryptopticon,2010,83,"Crime,Mystery,Sci-Fi",7.0,24,https://www.imdb.com/title/tt1475143/
tt1520408,The Diamonds of Metro Valley,2010,76,"Action,Comedy,Sci-Fi",7.2,24,https://www.imdb.com/title/tt1520408/
tt1629447,The Exile,2011,\N,"Action,Horror,Sci-Fi",5.0,24,https://www.imdb.com/title/tt1629447/
tt16298554,The Pentagon UFO Files,2022,58,"Documentary,Sci-Fi",5.7,24,https://www.imdb.com/title/tt16298554/
tt16409916,Rifftrax: The Matrix,2006,\N,"Action,Comedy,Sci-Fi",7.6,24,https://www.imdb.com/title/tt16409916/
tt1776352,Unlucky,2011,95,"Comedy,Fantasy,Sci-Fi",5.6,24,https://www.imdb.com/title/tt1776352/
tt1904886,Ektopos,2011,96,Sci-Fi,7.0,24,https://www.imdb.com/title/tt1904886/
tt1937316,Sex Wars,2008,88,Sci-Fi,4.1,24,https://www.imdb.com/title/tt1937316/
tt19899490,Mount NABI,2014,74,"Horror,Sci-Fi",5.2,24,https://www.imdb.com/title/tt19899490/
tt21415386,Ánima,2023,89,"Horror,Sci-Fi",4.9,24,https://www.imdb.com/title/tt21415386/
tt2249157,There Are No Goodbyes,2013,94,"Drama,Romance,Sci-Fi",6.5,24,https://www.imdb.com/title/tt2249157/
tt2317726,The Rising Light,2013,52,"Drama,Fantasy,Sci-Fi",6.4,24,https://www.imdb.com/title/tt2317726/
tt2404431,Dark My Light,2024,\N,"Sci-Fi,Thriller",5.4,24,https://www.imdb.com/title/tt2404431/
tt26589967,Time's Paradox,2023,130,"History,Sci-Fi",7.6,24,https://www.imdb.com/title/tt26589967/
tt3135062,Finding Oblivion,2014,\N,Sci-Fi,5.1,24,https://www.imdb.com/title/tt3135062/
tt31864176,Monster Island,2021,69,"Action,Fantasy,Sci-Fi",3.7,24,https://www.imdb.com/title/tt31864176/
tt3290482,Green Frankenstein,2013,57,Sci-Fi,5.2,24,https://www.imdb.com/title/tt3290482/
tt34471840,Maddhim,2024,\N,Sci-Fi,8.9,24,https://www.imdb.com/title/tt34471840/
tt3648876,The Oasis,2013,59,"Drama,Sci-Fi,Thriller",7.1,24,https://www.imdb.com/title/tt3648876/
tt3810772,Star Wars: The New Republic,2014,\N,"Action,Adventure,Sci-Fi",5.9,24,https://www.imdb.com/title/tt3810772/
tt3962164,Q-4: Dream Corporation,2018,90,Sci-Fi,4.4,24,https://www.imdb.com/title/tt3962164/
tt4079034,Probable Robot,2015,\N,"Comedy,Sci-Fi",6.8,24,https://www.imdb.com/title/tt4079034/
tt4387006,Kiddy Grade: Maelstrom,2007,85,"Animation,Sci-Fi",6.6,24,https://www.imdb.com/title/tt4387006/
tt4415478,Kiddy Grade: Truth Dawn,2007,90,"Animation,Sci-Fi",6.4,24,https://www.imdb.com/title/tt4415478/
tt5312338,A Cold Day in Hell,2015,72,"Drama,Horror,Sci-Fi",6.5,24,https://www.imdb.com/title/tt5312338/
tt5435114,Tales of Death,2016,90,"Horror,Sci-Fi,Thriller",7.2,24,https://www.imdb.com/title/tt5435114/
tt5594956,The Guardian,2016,72,"Action,Mystery,Sci-Fi",7.0,24,https://www.imdb.com/title/tt5594956/
tt6450046,Armor Hero Captor King,2016,86,Sci-Fi,5.4,24,https://www.imdb.com/title/tt6450046/
tt6838988,Welcome to the Rubber Room,2017,75,"Comedy,Sci-Fi",6.6,24,https://www.imdb.com/title/tt6838988/
tt9292336,The Root of Perfection,2022,\N,"Comedy,Drama,Sci-Fi",7.0,24,https://www.imdb.com/title/tt9292336/
tt9372986,Animal Rescue Squad,2019,105,"Family,Fantasy,Sci-Fi",5.1,24,https://www.imdb.com/title/tt9372986/
tt9578984,Secret Within the Sphere,2024,73,Sci-Fi,7.8,24,https://www.imdb.com/title/tt9578984/
tt0102576,Ocharovatelnye prisheltsy,1991,70,Sci-Fi,4.2,23,https://www.imdb.com/title/tt0102576/
tt0270612,Rolling Thunder,1991,77,"Fantasy,Sci-Fi",6.8,23,https://www.imdb.com/title/tt0270612/
tt0284166,Halfway Home,1998,54,"Horror,Sci-Fi",3.8,23,https://www.imdb.com/title/tt0284166/
tt0289132,A Conversation with an Alien,2001,90,Sci-Fi,3.9,23,https://www.imdb.com/title/tt0289132/
tt0352019,Zoo Ship,1985,\N,Sci-Fi,5.2,23,https://www.imdb.com/title/tt0352019/
tt0359422,El hombre que volvió de la muerte,1990,103,"Horror,Sci-Fi",4.4,23,https://www.imdb.com/title/tt0359422/
tt0417177,"Star Jjangga II: Super Betaman, Majingga V",1990,65,"Adventure,Family,Sci-Fi",4.5,23,https://www.imdb.com/title/tt0417177/
tt0476453,Ekho: Fall of an Empire,2004,82,Sci-Fi,5.8,23,https://www.imdb.com/title/tt0476453/
tt0790818,Through the Footsteps of a Madman,2005,77,"Action,Sci-Fi",5.7,23,https://www.imdb.com/title/tt0790818/
tt0791314,Keeper of the Necklace,2007,123,"Romance,Sci-Fi",7.8,23,https://www.imdb.com/title/tt0791314/
tt1234931,The Fresh Air Will Do You Good,2008,\N,Sci-Fi,6.8,23,https://www.imdb.com/title/tt1234931/
tt1316090,World Gone Mad,2008,84,"Action,Animation,Sci-Fi",3.7,23,https://www.imdb.com/title/tt1316090/
tt13276494,K9,2020,140,"Drama,Mystery,Sci-Fi",6.1,23,https://www.imdb.com/title/tt13276494/
tt13346272,Alien Invasion,2018,81,Sci-Fi,5.3,23,https://www.imdb.com/title/tt13346272/
tt1340689,Very Little Time,2009,80,"Fantasy,Mystery,Sci-Fi",6.7,23,https://www.imdb.com/title/tt1340689/
tt1375536,Algeny: The Genetic Factor,2007,96,"Sci-Fi,Thriller",5.9,23,https://www.imdb.com/title/tt1375536/
tt14202730,Gods of Their Own Religion,2023,98,"Sci-Fi,Thriller",7.2,23,https://www.imdb.com/title/tt14202730/
tt14203622,Justice League 1995,2021,145,"Action,Adventure,Sci-Fi",4.8,23,https://www.imdb.com/title/tt14203622/
tt14317980,Décolleté,2023,78,"Horror,Sci-Fi,Thriller",6.1,23,https://www.imdb.com/title/tt14317980/
tt14623168,Alien Danger 2! With Raven Van Slender,2021,\N,Sci-Fi,5.2,23,https://www.imdb.com/title/tt14623168/
tt14961546,Intuit,2021,58,"Horror,Sci-Fi,Thriller",2.2,23,https://www.imdb.com/title/tt14961546/
tt15090586,Joel D. Wynkoop's the Craiglon Incident II Aftermath,2021,120,Sci-Fi,5.7,23,https://www.imdb.com/title/tt15090586/
tt1562867,Nanase: The Psychic Wanderers,2010,\N,"Sci-Fi,Thriller",4.9,23,https://www.imdb.com/title/tt1562867/
tt1597044,"Mirror, Mirror",2010,83,"Fantasy,Sci-Fi,Thriller",6.0,23,https://www.imdb.com/title/tt1597044/
tt16409886,Rifftrax: Solo: A Star Wars Story,2018,\N,"Action,Comedy,Sci-Fi",6.7,23,https://www.imdb.com/title/tt16409886/
tt1832897,Antihero,2011,84,"Adventure,Comedy,Sci-Fi",6.5,23,https://www.imdb.com/title/tt1832897/
tt2025508,Beyond Redemption,2011,70,Sci-Fi,4.4,23,https://www.imdb.com/title/tt2025508/
tt2073002,Interface,2011,113,Sci-Fi,4.3,23,https://www.imdb.com/title/tt2073002/
tt2129949,Capitan Basilico 2 - I Fantastici 4+4,2011,133,"Comedy,Fantasy,Sci-Fi",4.8,23,https://www.imdb.com/title/tt2129949/
tt26758317,The Red Sparrow,2022,77,"Action,Sci-Fi",4.9,23,https://www.imdb.com/title/tt26758317/
tt2718732,Nova,2013,60,"Adventure,Drama,Sci-Fi",6.1,23,https://www.imdb.com/title/tt2718732/
tt27417422,Su Koruyuculari: Gelecegin Beslisi,2023,\N,"Adventure,Sci-Fi",5.5,23,https://www.imdb.com/title/tt27417422/
tt29979669,Love Again,2023,61,"Drama,Sci-Fi",4.2,23,https://www.imdb.com/title/tt29979669/
tt30758882,Video Vision,2024,78,"Horror,Romance,Sci-Fi",5.9,23,https://www.imdb.com/title/tt30758882/
tt3223980,Unhuman,2004,\N,Sci-Fi,4.4,23,https://www.imdb.com/title/tt3223980/
tt34177724,Kohinoor,2024,119,"Action,Sci-Fi",7.7,23,https://www.imdb.com/title/tt34177724/
tt34346087,The Spaceman,2024,85,Sci-Fi,2.1,23,https://www.imdb.com/title/tt34346087/
tt35652980,Dream Theatre,2025,85,Sci-Fi,7.0,23,https://www.imdb.com/title/tt35652980/
tt3710822,Juego de niños,1999,70,"Action,Animation,Sci-Fi",8.5,23,https://www.imdb.com/title/tt3710822/
tt38794758,Volume 7,2025,105,Sci-Fi,6.3,23,https://www.imdb.com/title/tt38794758/
tt3919858,Canswer,2015,82,"Drama,Horror,Sci-Fi",4.1,23,https://www.imdb.com/title/tt3919858/
tt4115896,Nuntius,2014,60,Sci-Fi,7.1,23,https://www.imdb.com/title/tt4115896/
tt4218340,Moon Rock City,2017,118,"Adventure,Music,Sci-Fi",5.1,23,https://www.imdb.com/title/tt4218340/
tt4293688,Omega 3,2014,74,Sci-Fi,4.9,23,https://www.imdb.com/title/tt4293688/
tt4570788,The Right Eye 2,2015,120,"Fantasy,Sci-Fi",7.8,23,https://www.imdb.com/title/tt4570788/
tt4943544,Steamworld,2015,\N,"Adventure,Sci-Fi",7.1,23,https://www.imdb.com/title/tt4943544/
tt5853662,The Future,2011,86,"Comedy,Sci-Fi",5.5,23,https://www.imdb.com/title/tt5853662/
tt5957180,Star Wars: The Dark Reckoning,2017,45,Sci-Fi,5.1,23,https://www.imdb.com/title/tt5957180/
tt6151414,The End of the Lonely Island,2017,61,"Drama,Sci-Fi",5.4,23,https://www.imdb.com/title/tt6151414/
tt7883448,Mirrors,2018,90,"Sci-Fi,Thriller",3.9,23,https://www.imdb.com/title/tt7883448/
tt8084840,Mars 1001,2018,53,"Adventure,Drama,Sci-Fi",6.8,23,https://www.imdb.com/title/tt8084840/
tt0092178,El vivo retrato,1986,97,"Comedy,Sci-Fi",6.2,22,https://www.imdb.com/title/tt0092178/
tt0106998,The Genius,1993,86,"Comedy,Crime,Sci-Fi",4.3,22,https://www.imdb.com/title/tt0106998/
tt0110467,Marianengraben,1994,51,Sci-Fi,4.1,22,https://www.imdb.com/title/tt0110467/
tt0142778,Prison Planet 2: The Armageddon,1994,\N,"Action,Comedy,Sci-Fi",5.9,22,https://www.imdb.com/title/tt0142778/
tt0150858,Havet stiger,1990,88,"Drama,Sci-Fi",6.4,22,https://www.imdb.com/title/tt0150858/
tt0204679,Astronomy of Errors,2000,84,"Comedy,Romance,Sci-Fi",7.4,22,https://www.imdb.com/title/tt0204679/
tt0233723,Fertilichrome 76 6 6,1989,80,"Comedy,Sci-Fi",6.7,22,https://www.imdb.com/title/tt0233723/
tt0265521,The Pharaoh Project,2001,85,"Action,Adventure,Sci-Fi",6.8,22,https://www.imdb.com/title/tt0265521/
tt0310006,Pioneer 12,1999,\N,"Fantasy,Horror,Sci-Fi",5.9,22,https://www.imdb.com/title/tt0310006/
tt0313950,Daikaijû Tôkyô ni arawaru,1998,102,"Comedy,Sci-Fi",6.1,22,https://www.imdb.com/title/tt0313950/
tt0318667,Scorpion,1989,106,"Horror,Sci-Fi",4.8,22,https://www.imdb.com/title/tt0318667/
tt0410376,Nightclubber,2003,101,Sci-Fi,4.1,22,https://www.imdb.com/title/tt0410376/
tt0453443,2010: A Kitchen Odyssey,2005,\N,"Comedy,Sci-Fi,Thriller",5.5,22,https://www.imdb.com/title/tt0453443/
tt0986260,The Silencer & the Sky,2007,\N,"Action,Drama,Sci-Fi",7.0,22,https://www.imdb.com/title/tt0986260/
tt11121976,In Search Of...,2012,73,Sci-Fi,2.2,22,https://www.imdb.com/title/tt11121976/
tt1131725,2k3,2009,84,"Drama,Sci-Fi,Thriller",6.9,22,https://www.imdb.com/title/tt1131725/
tt12648356,Obscura,2024,\N,"Action,Horror,Sci-Fi",3.4,22,https://www.imdb.com/title/tt12648356/
tt13314738,Das Spiel Endet,2022,100,"Action,Crime,Sci-Fi",4.9,22,https://www.imdb.com/title/tt13314738/
tt13371582,The One,2020,92,"Comedy,Drama,Sci-Fi",6.3,22,https://www.imdb.com/title/tt13371582/
tt1411644,Babula,1985,129,"Drama,Sci-Fi",6.8,22,https://www.imdb.com/title/tt1411644/
tt1422891,Power,2009,78,"Horror,Sci-Fi",5.3,22,https://www.imdb.com/title/tt1422891/
tt1446838,Creature of Habit,2009,\N,"Horror,Sci-Fi",4.2,22,https://www.imdb.com/title/tt1446838/
tt1458624,TapeWorm,2009,115,"Horror,Sci-Fi",6.2,22,https://www.imdb.com/title/tt1458624/
tt15091994,Rikutud hing. Viirus (The Virus),2021,115,Sci-Fi,3.9,22,https://www.imdb.com/title/tt15091994/
tt15139846,Joel D. Wynkoop's the Craiglon Incident III Annihilation,2022,120,Sci-Fi,5.1,22,https://www.imdb.com/title/tt15139846/
tt15806618,The Pines Still Whisper,2023,107,"Drama,Sci-Fi,Thriller",5.4,22,https://www.imdb.com/title/tt15806618/
tt1647470,Casimir Effect,2011,60,Sci-Fi,6.7,22,https://www.imdb.com/title/tt1647470/
tt1679626,Mr Self Destruct,2012,75,"Sci-Fi,Thriller",7.3,22,https://www.imdb.com/title/tt1679626/
tt1807020,Steampunk Samurai Biker Chick,2012,75,Sci-Fi,2.9,22,https://www.imdb.com/title/tt1807020/
tt19042656,Ilk Temas,2022,87,"Sci-Fi,Thriller",2.4,22,https://www.imdb.com/title/tt19042656/
tt19718296,The Future of Us,2022,\N,Sci-Fi,7.2,22,https://www.imdb.com/title/tt19718296/
tt2018096,Marty's Magnificent Day-Glo Dream-A-Thon,2011,87,"Musical,Sci-Fi",7.5,22,https://www.imdb.com/title/tt2018096/
tt2022573,The Time Surgeon,2007,63,"Drama,Sci-Fi",6.0,22,https://www.imdb.com/title/tt2022573/
tt2109129,Genesi: The First Key,2003,69,"Action,Adventure,Sci-Fi",6.5,22,https://www.imdb.com/title/tt2109129/
tt2148538,Back on Track,2011,\N,"Drama,Sci-Fi",7.4,22,https://www.imdb.com/title/tt2148538/
tt22636970,Underneath: Children of the Sun,2022,90,"Adventure,Drama,Sci-Fi",7.6,22,https://www.imdb.com/title/tt22636970/
tt22802312,Universe25,2025,84,"Sci-Fi,Thriller",6.5,22,https://www.imdb.com/title/tt22802312/
tt2352376,April,2014,\N,"Comedy,Drama,Sci-Fi",7.1,22,https://www.imdb.com/title/tt2352376/
tt24053810,Fixion,2022,55,Sci-Fi,8.8,22,https://www.imdb.com/title/tt24053810/
tt2443108,The Paragon Cortex,2013,96,"Drama,Sci-Fi",6.6,22,https://www.imdb.com/title/tt2443108/
tt26230284,Farragut Forward,2024,52,"Action,Adventure,Sci-Fi",7.2,22,https://www.imdb.com/title/tt26230284/
tt2780384,Through the Lens,2014,100,"Action,Sci-Fi,Thriller",5.2,22,https://www.imdb.com/title/tt2780384/
tt27957121,Wisdom from the Apocalypse,2023,75,Sci-Fi,4.3,22,https://www.imdb.com/title/tt27957121/
tt28379567,2015: Future Uncertain,2024,72,"Comedy,Sci-Fi",6.4,22,https://www.imdb.com/title/tt28379567/
tt3087864,Day 1,2016,\N,Sci-Fi,7.2,22,https://www.imdb.com/title/tt3087864/
tt3176926,Dinonauts,2024,77,"Animation,Fantasy,Sci-Fi",5.0,22,https://www.imdb.com/title/tt3176926/
tt31788923,The Blinkless,2024,59,"Adventure,Fantasy,Sci-Fi",6.4,22,https://www.imdb.com/title/tt31788923/
tt32858056,Space Coast Confidential,2025,63,"Drama,Mystery,Sci-Fi",6.2,22,https://www.imdb.com/title/tt32858056/
tt3314260,Speedwagon,2015,92,"Comedy,Drama,Sci-Fi",6.4,22,https://www.imdb.com/title/tt3314260/
tt35823856,Undocumented,2025,62,"Comedy,Drama,Sci-Fi",9.0,22,https://www.imdb.com/title/tt35823856/
tt36579834,Idilia,2025,\N,Sci-Fi,8.8,22,https://www.imdb.com/title/tt36579834/
tt3661518,Mentamorphosis,2019,89,"Drama,Sci-Fi",6.7,22,https://www.imdb.com/title/tt3661518/
tt37626320,Abu: The Giant Monster,2025,97,"Action,Adventure,Sci-Fi",3.8,22,https://www.imdb.com/title/tt37626320/
tt37721761,Regan,2025,84,"Drama,Horror,Sci-Fi",6.5,22,https://www.imdb.com/title/tt37721761/
tt3919130,Plan 17: The Purple King,2002,50,Sci-Fi,8.2,22,https://www.imdb.com/title/tt3919130/
tt4530608,Selene Hollow,2015,45,"Drama,Fantasy,Sci-Fi",6.7,22,https://www.imdb.com/title/tt4530608/
tt4642762,Ana,2015,65,"Horror,Music,Sci-Fi",4.2,22,https://www.imdb.com/title/tt4642762/
tt5667952,Star Man,2014,62,"Action,Adventure,Sci-Fi",7.4,22,https://www.imdb.com/title/tt5667952/
tt5830198,"Komu vgoru, komu vniz",1991,84,"Adventure,Comedy,Sci-Fi",5.6,22,https://www.imdb.com/title/tt5830198/
tt6000692,Clear Skies 2,2009,45,"Action,Animation,Sci-Fi",8.5,22,https://www.imdb.com/title/tt6000692/
tt7050800,23 Horas,2024,\N,"Adventure,Comedy,Sci-Fi",7.3,22,https://www.imdb.com/title/tt7050800/
tt7241974,"USE: Ultimate Social Experiment, Survival Mode",2018,81,Sci-Fi,2.5,22,https://www.imdb.com/title/tt7241974/
tt7741270,Ana Adore,2019,62,"Drama,Sci-Fi,Thriller",4.2,22,https://www.imdb.com/title/tt7741270/
tt9750288,Eleven Eleven,2019,90,"Animation,Sci-Fi",7.6,22,https://www.imdb.com/title/tt9750288/
tt0112975,Equilibrium As Principle,1995,\N,"Horror,Sci-Fi,Thriller",6.9,21,https://www.imdb.com/title/tt0112975/
tt0301244,Norville and Trudy,1997,\N,"Comedy,Family,Sci-Fi",7.4,21,https://www.imdb.com/title/tt0301244/
tt0310967,Daeng Chilly and Sang Light,1990,85,"Action,Family,Sci-Fi",5.1,21,https://www.imdb.com/title/tt0310967/
tt0321722,Clon,2005,95,"Drama,Sci-Fi,Thriller",6.4,21,https://www.imdb.com/title/tt0321722/
tt0362169,Space Specks,2003,85,"Comedy,Sci-Fi",7.1,21,https://www.imdb.com/title/tt0362169/
tt0373851,The Frozen Atlantis,1980,60,"Drama,Sci-Fi",4.4,21,https://www.imdb.com/title/tt0373851/
tt0399584,Roboflash Warrior,1994,80,"Action,Horror,Sci-Fi",4.5,21,https://www.imdb.com/title/tt0399584/
tt0458971,T.ves?,2004,85,Sci-Fi,1.4,21,https://www.imdb.com/title/tt0458971/
tt0850247,Amsteroid,2018,98,Sci-Fi,7.0,21,https://www.imdb.com/title/tt0850247/
tt1070912,Anamnesis,2006,129,"Sci-Fi,Thriller",5.5,21,https://www.imdb.com/title/tt1070912/
tt11235222,Black Substance,2021,82,"Mystery,Sci-Fi",5.1,21,https://www.imdb.com/title/tt11235222/
tt11273952,Santikhiri Sonata,2019,75,"Drama,History,Sci-Fi",6.2,21,https://www.imdb.com/title/tt11273952/
tt1220626,Dust,2012,120,"Drama,Horror,Sci-Fi",6.1,21,https://www.imdb.com/title/tt1220626/
tt1537280,Forge,2010,87,"Drama,Family,Sci-Fi",6.7,21,https://www.imdb.com/title/tt1537280/
tt15761540,Big/Bad/Wolf,2024,\N,"Horror,Sci-Fi,Thriller",4.6,21,https://www.imdb.com/title/tt15761540/
tt1603488,The Lift,2009,89,"Horror,Sci-Fi",5.4,21,https://www.imdb.com/title/tt1603488/
tt16103750,Rifftrax: Avengers: Endgame,2020,\N,"Action,Comedy,Sci-Fi",8.5,21,https://www.imdb.com/title/tt16103750/
tt16492516,Rifftrax: Avatar,2010,\N,"Action,Comedy,Sci-Fi",7.6,21,https://www.imdb.com/title/tt16492516/
tt1706542,The Ah of Life,2010,82,"Drama,Romance,Sci-Fi",7.0,21,https://www.imdb.com/title/tt1706542/
tt1754743,Thomas Mao,2010,77,"Comedy,Fantasy,Sci-Fi",5.6,21,https://www.imdb.com/title/tt1754743/
tt1852060,Oko Boga,2001,92,"Drama,Sci-Fi,Thriller",7.1,21,https://www.imdb.com/title/tt1852060/
tt19784882,"That Alien, Sound",2025,\N,"Adventure,Comedy,Sci-Fi",7.6,21,https://www.imdb.com/title/tt19784882/
tt1997429,Lint the Movie,2011,101,"Biography,Comedy,Sci-Fi",6.8,21,https://www.imdb.com/title/tt1997429/
tt2191621,Beyond,2012,113,Sci-Fi,5.9,21,https://www.imdb.com/title/tt2191621/
tt2258502,As the Earth Turned,2012,89,"Comedy,Drama,Sci-Fi",7.1,21,https://www.imdb.com/title/tt2258502/
tt23842212,Hoshi 35,2023,\N,"Fantasy,Sci-Fi",5.7,21,https://www.imdb.com/title/tt23842212/
tt26340990,Super Legend God Hikoza,2022,71,"Comedy,Sci-Fi",5.3,21,https://www.imdb.com/title/tt26340990/
tt2674046,Station 4,2014,89,"Action,Sci-Fi,Thriller",5.0,21,https://www.imdb.com/title/tt2674046/
tt26755008,Trap,2024,118,"Sci-Fi,Thriller",3.0,21,https://www.imdb.com/title/tt26755008/
tt2771206,Stargirl,2011,86,"Romance,Sci-Fi,Thriller",7.5,21,https://www.imdb.com/title/tt2771206/
tt28800151,Detrimental,2023,79,"Action,Horror,Sci-Fi",6.6,21,https://www.imdb.com/title/tt28800151/
tt2984754,The Long Short,2014,80,"Drama,Sci-Fi,Thriller",7.3,21,https://www.imdb.com/title/tt2984754/
tt31171201,Mars Has Eyes,2024,70,Sci-Fi,3.6,21,https://www.imdb.com/title/tt31171201/
tt32645225,ReUniverse,2025,100,"Sci-Fi,Thriller",7.5,21,https://www.imdb.com/title/tt32645225/
tt33049406,Hinter dem Eisernen Horizont,2024,88,"Comedy,Sci-Fi,Western",7.1,21,https://www.imdb.com/title/tt33049406/
tt3354720,Alien Theory,2019,100,"Action,Sci-Fi,Thriller",5.5,21,https://www.imdb.com/title/tt3354720/
tt34005977,Aliens Uncovered: Portal Encounters 2,2025,\N,"Documentary,Mystery,Sci-Fi",6.5,21,https://www.imdb.com/title/tt34005977/
tt34333434,Frogman Returns,2025,78,"Horror,Sci-Fi",8.2,21,https://www.imdb.com/title/tt34333434/
tt3593358,Capsule,2014,85,"Drama,Sci-Fi",4.1,21,https://www.imdb.com/title/tt3593358/
tt3774094,Harker: The Awakening,2017,92,Sci-Fi,5.8,21,https://www.imdb.com/title/tt3774094/
tt3837024,Aliens,2014,88,"Comedy,Mystery,Sci-Fi",2.4,21,https://www.imdb.com/title/tt3837024/
tt38638779,Glitched,2025,92,"Comedy,Sci-Fi",8.1,21,https://www.imdb.com/title/tt38638779/
tt4171976,Matt Mercury,2015,65,"Comedy,Fantasy,Sci-Fi",6.9,21,https://www.imdb.com/title/tt4171976/
tt4224288,Interstates,2016,95,"Sci-Fi,Western",2.8,21,https://www.imdb.com/title/tt4224288/
tt4546194,Xoris Elpida Epiviosis 2,2016,\N,"Action,Horror,Sci-Fi",6.9,21,https://www.imdb.com/title/tt4546194/
tt4916030,The Lake Drain,2015,\N,"Drama,Fantasy,Sci-Fi",7.8,21,https://www.imdb.com/title/tt4916030/
tt4994884,The X Mas Files,2016,86,"Animation,Comedy,Sci-Fi",6.1,21,https://www.imdb.com/title/tt4994884/
tt5138338,Space 1889: The Secret of Phobos,2018,152,Sci-Fi,6.8,21,https://www.imdb.com/title/tt5138338/
tt5620786,Northern,2017,70,"Drama,Sci-Fi,Thriller",5.3,21,https://www.imdb.com/title/tt5620786/
tt5637852,Ovni,2016,93,"Comedy,Sci-Fi",7.5,21,https://www.imdb.com/title/tt5637852/
tt5667474,The Birth of Narcissus,2018,88,"Drama,Sci-Fi,Thriller",7.6,21,https://www.imdb.com/title/tt5667474/
tt5686348,Time Device,2016,66,Sci-Fi,3.4,21,https://www.imdb.com/title/tt5686348/
tt6193506,The Spiral,2018,87,"Horror,Sci-Fi,Thriller",6.1,21,https://www.imdb.com/title/tt6193506/
tt8012734,Double Riddle,2018,62,"Drama,Mystery,Sci-Fi",4.1,21,https://www.imdb.com/title/tt8012734/
tt8474326,Skin Eating Jungle Vampires,2002,90,"Comedy,Horror,Sci-Fi",3.4,21,https://www.imdb.com/title/tt8474326/
tt9384516,Long Night in Pexington,2025,\N,"Drama,Sci-Fi",3.6,21,https://www.imdb.com/title/tt9384516/
tt0230867,Tera senshi sai boy,1985,101,"Comedy,Sci-Fi",5.6,20,https://www.imdb.com/title/tt0230867/
tt0231791,Ingenue,1999,\N,"Fantasy,Mystery,Sci-Fi",6.2,20,https://www.imdb.com/title/tt0231791/
tt0289531,Terra incognita,1994,115,"Drama,Sci-Fi",6.7,20,https://www.imdb.com/title/tt0289531/
tt0316345,The Aliens and Kong Kong Zombie,1989,80,"Action,Horror,Sci-Fi",4.3,20,https://www.imdb.com/title/tt0316345/
tt0342513,The Synthetic Man,1988,96,Sci-Fi,6.6,20,https://www.imdb.com/title/tt0342513/
tt0377108,Traveller: Red,2006,50,Sci-Fi,5.4,20,https://www.imdb.com/title/tt0377108/
tt10108708,Zinga,2022,\N,"Adventure,Fantasy,Sci-Fi",7.4,20,https://www.imdb.com/title/tt10108708/
tt11275008,S.H.E.,2021,48,"Drama,Romance,Sci-Fi",6.2,20,https://www.imdb.com/title/tt11275008/
tt11416348,Dolwa,2023,100,"Drama,Mystery,Sci-Fi",4.7,20,https://www.imdb.com/title/tt11416348/
tt11962916,Blood Mixed,2025,94,"Action,Horror,Sci-Fi",7.4,20,https://www.imdb.com/title/tt11962916/
tt12739166,The Coming of the Martians,2018,\N,Sci-Fi,7.4,20,https://www.imdb.com/title/tt12739166/
tt12765588,Alliances: A Trick of Light,2019,\N,Sci-Fi,3.4,20,https://www.imdb.com/title/tt12765588/
tt1289381,Chronicles of the Beyond,2009,110,"Sci-Fi,Thriller",7.0,20,https://www.imdb.com/title/tt1289381/
tt1340654,The Formulation of Rectangles,2009,69,"Comedy,Horror,Sci-Fi",6.0,20,https://www.imdb.com/title/tt1340654/
tt1370282,Salvaging Outer Space,2008,78,Sci-Fi,3.3,20,https://www.imdb.com/title/tt1370282/
tt14700628,Max & Maxine,2022,\N,Sci-Fi,9.4,20,https://www.imdb.com/title/tt14700628/
tt14861350,En Masse,2022,74,"Drama,Mystery,Sci-Fi",6.9,20,https://www.imdb.com/title/tt14861350/
tt15366860,Yuzo the Biggest Battle in Tokyo,2022,88,"Comedy,Sci-Fi",3.8,20,https://www.imdb.com/title/tt15366860/
tt1756717,Salvage Dream,2010,51,"Drama,Sci-Fi",7.9,20,https://www.imdb.com/title/tt1756717/
tt1815733,"Hank, Aaron and the Alien from Outer Space",2009,107,"Comedy,Sci-Fi",5.6,20,https://www.imdb.com/title/tt1815733/
tt1870577,We Are All Cylons,2011,45,"Documentary,Sci-Fi",7.9,20,https://www.imdb.com/title/tt1870577/
tt2079498,Dreamscape,2011,\N,Sci-Fi,6.3,20,https://www.imdb.com/title/tt2079498/
tt2231040,Sado Tempest,2012,95,"Fantasy,Musical,Sci-Fi",5.4,20,https://www.imdb.com/title/tt2231040/
tt2249115,The Jet Movie,2012,94,"Action,Fantasy,Sci-Fi",6.0,20,https://www.imdb.com/title/tt2249115/
tt2375645,The Man Near Skitter Creek,2012,57,"Comedy,Horror,Sci-Fi",6.3,20,https://www.imdb.com/title/tt2375645/
tt2482484,Yume no kayoiji,2013,85,"Drama,Romance,Sci-Fi",6.4,20,https://www.imdb.com/title/tt2482484/
tt26245636,A Soul Frame,2023,90,"Drama,Fantasy,Sci-Fi",8.1,20,https://www.imdb.com/title/tt26245636/
tt3093106,Liberation! The Musical,2013,106,"Action,Musical,Sci-Fi",7.3,20,https://www.imdb.com/title/tt3093106/
tt3418092,Celestial Bodies,2013,63,"Comedy,Sci-Fi,Sport",6.2,20,https://www.imdb.com/title/tt3418092/
tt3500644,He lepäävät Pohjoisessa,2013,88,"Adventure,Drama,Sci-Fi",6.3,20,https://www.imdb.com/title/tt3500644/
tt35184696,Owari ni Mita Machi,2024,\N,Sci-Fi,6.8,20,https://www.imdb.com/title/tt35184696/
tt3686104,Dog Men,2015,67,Sci-Fi,5.1,20,https://www.imdb.com/title/tt3686104/
tt37430229,Tamala 2030: A Punk Cat in Dark,2025,129,"Animation,Sci-Fi",4.8,20,https://www.imdb.com/title/tt37430229/
tt37538632,Catching the Stars of This Summer,2025,126,"Drama,Sci-Fi",7.9,20,https://www.imdb.com/title/tt37538632/
tt38523576,Quatro Meninas,2025,89,Sci-Fi,5.5,20,https://www.imdb.com/title/tt38523576/
tt3919090,Plan 15: The Terror of the Time Machine,1986,50,"Crime,Sci-Fi",8.0,20,https://www.imdb.com/title/tt3919090/
tt3919444,Edgar Allan Poe's Plan 13: The House of Elvis,1986,\N,Sci-Fi,8.5,20,https://www.imdb.com/title/tt3919444/
tt3986860,Rod the Stormtrooper: Episode V - The Hidden Darkness,2015,60,"Action,Comedy,Sci-Fi",6.8,20,https://www.imdb.com/title/tt3986860/
tt4026632,Metamorfosia,2014,97,"Horror,Sci-Fi",7.6,20,https://www.imdb.com/title/tt4026632/
tt4085392,Vrem,2015,\N,"Comedy,Mystery,Sci-Fi",7.4,20,https://www.imdb.com/title/tt4085392/
tt4156050,Cast Out Onto Earth,2017,70,"Sci-Fi,Thriller",4.8,20,https://www.imdb.com/title/tt4156050/
tt4544642,Xoris Elpida Epiviosis,2012,68,"Action,Horror,Sci-Fi",7.4,20,https://www.imdb.com/title/tt4544642/
tt4579412,Fallout Wasteland,2014,70,"Action,Drama,Sci-Fi",7.8,20,https://www.imdb.com/title/tt4579412/
tt5044910,One 2 Zero,2021,\N,Sci-Fi,6.0,20,https://www.imdb.com/title/tt5044910/
tt5234316,Dohrnii,2015,57,"Comedy,Sci-Fi,Thriller",7.8,20,https://www.imdb.com/title/tt5234316/
tt5342736,Starwatch,2017,93,"Action,Drama,Sci-Fi",6.9,20,https://www.imdb.com/title/tt5342736/
tt5462694,Ionopsis,1997,104,"Adventure,Fantasy,Sci-Fi",5.7,20,https://www.imdb.com/title/tt5462694/
tt5538098,The Traveling,2016,\N,Sci-Fi,7.4,20,https://www.imdb.com/title/tt5538098/
tt6128970,Fallen Angels,2016,\N,"Sci-Fi,Thriller",6.0,20,https://www.imdb.com/title/tt6128970/
tt6136260,Orishas: The Hidden Pantheon,2016,105,"Action,Adventure,Sci-Fi",6.5,20,https://www.imdb.com/title/tt6136260/
tt6159262,Red Hand,2017,\N,Sci-Fi,7.5,20,https://www.imdb.com/title/tt6159262/
tt6385860,Space People 2,2017,108,"Comedy,Sci-Fi",6.2,20,https://www.imdb.com/title/tt6385860/
tt6409908,Travelers,2017,63,"Action,Animation,Sci-Fi",4.2,20,https://www.imdb.com/title/tt6409908/
tt7369988,I Want the Eternal,2017,74,"Sci-Fi,Thriller",3.3,20,https://www.imdb.com/title/tt7369988/
tt8482258,Breaking the Loop,2022,\N,Sci-Fi,4.6,20,https://www.imdb.com/title/tt8482258/
tt8612254,The Secret of Immortal Code,2018,88,"Action,Horror,Sci-Fi",5.6,20,https://www.imdb.com/title/tt8612254/
tt9691846,Neon Tank,2022,\N,"Drama,Sci-Fi",6.2,20,https://www.imdb.com/title/tt9691846/
tt9878246,The Deserter,2022,82,"Crime,Fantasy,Sci-Fi",6.6,20,https://www.imdb.com/title/tt9878246/
tt0111798,Ymadawiad Arthur,1996,96,"Comedy,Sci-Fi",6.6,19,https://www.imdb.com/title/tt0111798/
tt0166246,The Law,1992,\N,"Adventure,Horror,Sci-Fi",4.7,19,https://www.imdb.com/title/tt0166246/
tt0207111,So Bianca,1990,\N,"Action,Animation,Sci-Fi",4.6,19,https://www.imdb.com/title/tt0207111/
tt0246076,Metal,2001,90,"Drama,Sci-Fi",6.4,19,https://www.imdb.com/title/tt0246076/
tt0319384,Eunhaeseo on Byeolddong wangja je3tan: Eunha yeolcha,1988,95,"Action,Family,Sci-Fi",6.6,19,https://www.imdb.com/title/tt0319384/
tt0398392,Wooly Booly 2: Ang titser kong alien,1990,96,"Comedy,Sci-Fi",6.0,19,https://www.imdb.com/title/tt0398392/
tt0411189,Borrowing Time,2004,93,"Adventure,Animation,Sci-Fi",6.0,19,https://www.imdb.com/title/tt0411189/
tt0464796,The Can,1994,79,Sci-Fi,7.8,19,https://www.imdb.com/title/tt0464796/
tt0997443,Equinoccio y la pirámide mágica,2007,\N,"Adventure,Family,Sci-Fi",2.8,19,https://www.imdb.com/title/tt0997443/
tt10225388,En Rathathin Rathame,1989,171,Sci-Fi,4.6,19,https://www.imdb.com/title/tt10225388/
tt10986262,Yesterday Is Gone,2023,90,"Action,Drama,Sci-Fi",3.3,19,https://www.imdb.com/title/tt10986262/
tt1213636,Circuit,2009,76,"Comedy,Drama,Sci-Fi",6.1,19,https://www.imdb.com/title/tt1213636/
tt1339144,The Paralyzing Agent,2009,88,"Drama,Sci-Fi",6.2,19,https://www.imdb.com/title/tt1339144/
tt1369659,Glitch: Tersesat dalam Waktu,2009,\N,"Sci-Fi,Thriller",5.5,19,https://www.imdb.com/title/tt1369659/
tt1412642,Redemption 101,2007,\N,Sci-Fi,5.8,19,https://www.imdb.com/title/tt1412642/
tt15077468,Savannah Electric,1985,75,Sci-Fi,4.7,19,https://www.imdb.com/title/tt15077468/
tt17054432,Dueños del Tiempo,2020,\N,"Adventure,History,Sci-Fi",7.9,19,https://www.imdb.com/title/tt17054432/
tt17219312,Clan de Amigos,2019,78,Sci-Fi,7.5,19,https://www.imdb.com/title/tt17219312/
tt1764199,Beyond the Realm,2011,\N,"Romance,Sci-Fi,Thriller",6.5,19,https://www.imdb.com/title/tt1764199/
tt1776168,"Earth and Space Peace, Moona History 1",2010,73,"Action,Adventure,Sci-Fi",6.6,19,https://www.imdb.com/title/tt1776168/
tt1871191,1000 Kings,2019,90,"Fantasy,Sci-Fi",4.6,19,https://www.imdb.com/title/tt1871191/
tt1926325,Sparkman,1988,87,"Action,Family,Sci-Fi",6.3,19,https://www.imdb.com/title/tt1926325/
tt2069977,Walrus,2011,76,"Drama,Sci-Fi,Sport",6.9,19,https://www.imdb.com/title/tt2069977/
tt21110596,Travels Inside Foreign Heads,2022,120,"Drama,Sci-Fi",7.0,19,https://www.imdb.com/title/tt21110596/
tt2193814,Stopwatch,2011,52,"Comedy,Romance,Sci-Fi",7.7,19,https://www.imdb.com/title/tt2193814/
tt23874174,War of the Ninja Monsters: Jaron vs Goura,2024,55,"Action,Fantasy,Sci-Fi",3.7,19,https://www.imdb.com/title/tt23874174/
tt2461504,The Problem with Honor,2013,157,"Drama,Sci-Fi,War",8.3,19,https://www.imdb.com/title/tt2461504/
tt2635718,Battle at Beaver Creek,2014,82,"Action,Sci-Fi,War",5.8,19,https://www.imdb.com/title/tt2635718/
tt27108059,Horse with No Name,2024,72,"Drama,Fantasy,Sci-Fi",6.9,19,https://www.imdb.com/title/tt27108059/
tt2712156,Virtual Recall,2010,\N,"Mystery,Romance,Sci-Fi",2.4,19,https://www.imdb.com/title/tt2712156/
tt28455771,Love Nation,2023,118,"Drama,Sci-Fi",4.3,19,https://www.imdb.com/title/tt28455771/
tt29629924,Cyberpunk Romance,2025,98,Sci-Fi,6.2,19,https://www.imdb.com/title/tt29629924/
tt31227545,Asker Zon,2024,109,Sci-Fi,5.7,19,https://www.imdb.com/title/tt31227545/
tt3149206,The Vanished,2016,\N,"Drama,Sci-Fi,Thriller",5.4,19,https://www.imdb.com/title/tt3149206/
tt31912486,Gasmask Girl,2024,56,Sci-Fi,5.2,19,https://www.imdb.com/title/tt31912486/
tt32125415,Megalodon Returns,2024,\N,"Fantasy,Sci-Fi",4.5,19,https://www.imdb.com/title/tt32125415/
tt32400671,Eklo I,2025,\N,Sci-Fi,7.3,19,https://www.imdb.com/title/tt32400671/
tt3301182,Parallel Lines,2014,137,"Drama,Fantasy,Sci-Fi",4.1,19,https://www.imdb.com/title/tt3301182/
tt33733323,The Time Vortex,2025,\N,Sci-Fi,5.3,19,https://www.imdb.com/title/tt33733323/
tt35653123,A Passenger from Ganora,2023,94,"Adventure,Animation,Sci-Fi",5.8,19,https://www.imdb.com/title/tt35653123/
tt35720302,Princess Principal: Crown Handler: Chapter 4,2025,59,"Action,Animation,Sci-Fi",8.2,19,https://www.imdb.com/title/tt35720302/
tt3608914,Deadfall: Ground Zero,2018,\N,"Action,Horror,Sci-Fi",5.5,19,https://www.imdb.com/title/tt3608914/
tt36981724,Laserium,2025,\N,Sci-Fi,4.3,19,https://www.imdb.com/title/tt36981724/
tt3763830,Fool Japan: The ABCs of Tetsudon,2014,95,"Action,Comedy,Sci-Fi",6.5,19,https://www.imdb.com/title/tt3763830/
tt3793232,L'altro Adamo,2014,83,"Sci-Fi,Thriller",4.8,19,https://www.imdb.com/title/tt3793232/
tt38909406,"Dead, White and Blue",2025,85,"Action,Comedy,Sci-Fi",5.2,19,https://www.imdb.com/title/tt38909406/
tt39294645,African Kung-Fu Nazis II: Bum Bum!,2025,99,"Action,Sci-Fi,Thriller",5.2,19,https://www.imdb.com/title/tt39294645/
tt4150196,U.F.O,2011,91,"Drama,Mystery,Sci-Fi",4.0,19,https://www.imdb.com/title/tt4150196/
tt4210884,Remnants of a Disaster,2014,79,"Fantasy,Sci-Fi",2.9,19,https://www.imdb.com/title/tt4210884/
tt4245838,Into the Void,2000,90,"Drama,Sci-Fi",7.5,19,https://www.imdb.com/title/tt4245838/
tt4614516,Transmission: Volume 1,2023,80,Sci-Fi,6.4,19,https://www.imdb.com/title/tt4614516/
tt5947980,Scouts vs Aliens,2016,55,Sci-Fi,7.4,19,https://www.imdb.com/title/tt5947980/
tt6319020,Remembering Return to Oz,2021,95,"Documentary,History,Sci-Fi",5.5,19,https://www.imdb.com/title/tt6319020/
tt6793704,The Invasion of Kelly,2017,\N,Sci-Fi,5.8,19,https://www.imdb.com/title/tt6793704/
tt7123236,Detective Jimmy Apple,2017,48,Sci-Fi,6.5,19,https://www.imdb.com/title/tt7123236/
tt7623310,J1S,2021,88,Sci-Fi,6.0,19,https://www.imdb.com/title/tt7623310/
tt7705106,Never Alone,2019,47,Sci-Fi,7.6,19,https://www.imdb.com/title/tt7705106/
tt7813256,Du wen,1992,91,"Drama,Horror,Sci-Fi",6.2,19,https://www.imdb.com/title/tt7813256/
tt7914308,Messiah,2018,62,"Action,Horror,Sci-Fi",5.7,19,https://www.imdb.com/title/tt7914308/
tt8128856,The Elevator Game,2019,74,"Mystery,Sci-Fi",7.0,19,https://www.imdb.com/title/tt8128856/
tt8864896,T.O.R.R. Dawn of the Red,2011,70,"Action,Horror,Sci-Fi",2.8,19,https://www.imdb.com/title/tt8864896/
tt8908598,A Hero to the End,2014,\N,"Drama,Sci-Fi",8.6,19,https://www.imdb.com/title/tt8908598/
tt9011400,The Strangers,2019,\N,"Sci-Fi,Thriller",5.8,19,https://www.imdb.com/title/tt9011400/
tt9553142,Sensual Psychedelia,2019,89,"Fantasy,Sci-Fi",1.6,19,https://www.imdb.com/title/tt9553142/
tt9648806,Virtual Vendetta,2019,52,Sci-Fi,7.4,19,https://www.imdb.com/title/tt9648806/
tt0112596,Buljong,1995,74,"Drama,Sci-Fi",6.0,18,https://www.imdb.com/title/tt0112596/
tt0230953,Virtue,1999,65,"Comedy,Sci-Fi",6.4,18,https://www.imdb.com/title/tt0230953/
tt0283440,Short Time Heroes,2015,45,Sci-Fi,6.9,18,https://www.imdb.com/title/tt0283440/
tt0307540,Gaghtni khorhrdakane,1989,91,"Comedy,Sci-Fi",4.3,18,https://www.imdb.com/title/tt0307540/
tt0310890,Chronotrip,2002,74,"Documentary,Sci-Fi",4.4,18,https://www.imdb.com/title/tt0310890/
tt0319382,Eunhaeseo on Byeolddong dongja,1987,95,"Action,Family,Sci-Fi",7.2,18,https://www.imdb.com/title/tt0319382/
tt0355053,Zero Prospect,2003,47,Sci-Fi,6.4,18,https://www.imdb.com/title/tt0355053/
tt0465892,Einstein Girl,2005,82,"Drama,Sci-Fi",6.3,18,https://www.imdb.com/title/tt0465892/
tt0480600,The Utilizer,1996,\N,Sci-Fi,6.1,18,https://www.imdb.com/title/tt0480600/
tt0764219,An American Cyborg,2002,73,"Action,Crime,Sci-Fi",6.0,18,https://www.imdb.com/title/tt0764219/
tt10056488,No Time to Run,2020,\N,"Drama,Sci-Fi",7.2,18,https://www.imdb.com/title/tt10056488/
tt1067584,Xenoa,2007,90,"Action,Fantasy,Sci-Fi",5.6,18,https://www.imdb.com/title/tt1067584/
tt1091171,Beta,2007,\N,"Drama,Sci-Fi",5.9,18,https://www.imdb.com/title/tt1091171/
tt11255402,XX Ray III,2019,109,"Adventure,Comedy,Sci-Fi",6.3,18,https://www.imdb.com/title/tt11255402/
tt11687108,The Ringing Bell,2020,70,"Drama,Sci-Fi",7.5,18,https://www.imdb.com/title/tt11687108/
tt11896596,The Washer,2024,90,"Drama,Mystery,Sci-Fi",6.1,18,https://www.imdb.com/title/tt11896596/
tt1198146,Tesla the Superman,2009,\N,Sci-Fi,7.1,18,https://www.imdb.com/title/tt1198146/
tt12162952,Aliens on Halloween,2021,\N,"Comedy,Sci-Fi",8.6,18,https://www.imdb.com/title/tt12162952/
tt12234276,Lock-In,2020,140,"Comedy,Musical,Sci-Fi",8.5,18,https://www.imdb.com/title/tt12234276/
tt13123106,Driftwood,2023,\N,"Mystery,Romance,Sci-Fi",5.8,18,https://www.imdb.com/title/tt13123106/
tt13964562,Brush of the God,2024,74,"Fantasy,Sci-Fi",6.7,18,https://www.imdb.com/title/tt13964562/
tt1400337,The Fourth Pillar,2009,83,"Drama,Sci-Fi",7.0,18,https://www.imdb.com/title/tt1400337/
tt14887812,The Exchange,2021,97,Sci-Fi,3.5,18,https://www.imdb.com/title/tt14887812/
tt15167854,Gods and Monsterss,2021,\N,"Drama,Fantasy,Sci-Fi",6.9,18,https://www.imdb.com/title/tt15167854/
tt1571563,2932,2008,\N,Sci-Fi,7.6,18,https://www.imdb.com/title/tt1571563/
tt1682893,Dual: Herederos del pasado,2008,95,"Action,Drama,Sci-Fi",6.6,18,https://www.imdb.com/title/tt1682893/
tt1745766,Mortifera,2010,81,"Fantasy,Sci-Fi,Thriller",6.3,18,https://www.imdb.com/title/tt1745766/
tt2007358,Iron Man Trio,1983,70,"Action,Animation,Sci-Fi",3.9,18,https://www.imdb.com/title/tt2007358/
tt20859002,Crime Traveler: The Adventures of Dave Slade,2022,85,"Fantasy,Horror,Sci-Fi",6.4,18,https://www.imdb.com/title/tt20859002/
tt2111385,Popular Unrest,2010,71,"Fantasy,Sci-Fi",7.5,18,https://www.imdb.com/title/tt2111385/
tt2150476,Margraue,2013,65,"Drama,Sci-Fi",8.3,18,https://www.imdb.com/title/tt2150476/
tt22884300,Big Dark Energy,2022,67,"Comedy,Sci-Fi",5.1,18,https://www.imdb.com/title/tt22884300/
tt2322864,The Pain Killers,2013,\N,Sci-Fi,7.4,18,https://www.imdb.com/title/tt2322864/
tt2371325,Fields Afire,2014,93,"Drama,Family,Sci-Fi",8.0,18,https://www.imdb.com/title/tt2371325/
tt2393711,Alien Protocol,2013,89,"Drama,Sci-Fi",5.2,18,https://www.imdb.com/title/tt2393711/
tt2455108,Blood Ink: The Tavalou Tales,2013,95,"Drama,Sci-Fi,Thriller",8.4,18,https://www.imdb.com/title/tt2455108/
tt26548535,Eve is Dead,2023,99,Sci-Fi,3.2,18,https://www.imdb.com/title/tt26548535/
tt26689248,The World in 2080,2023,200,"Action,Sci-Fi",7.2,18,https://www.imdb.com/title/tt26689248/
tt2780962,City of Gold,2015,\N,Sci-Fi,5.4,18,https://www.imdb.com/title/tt2780962/
tt3061212,Planet Erde soll brennen,2013,64,"Horror,Sci-Fi",7.4,18,https://www.imdb.com/title/tt3061212/
tt31170728,Alien Attack at Groom Lake,2024,71,Sci-Fi,2.6,18,https://www.imdb.com/title/tt31170728/
tt3125026,"The Girl, the Hunter & the Firefly",2024,98,"Drama,Fantasy,Sci-Fi",7.4,18,https://www.imdb.com/title/tt3125026/
tt36304485,The Other Half of Me and You,2025,147,"Comedy,Romance,Sci-Fi",4.0,18,https://www.imdb.com/title/tt36304485/
tt3667590,Symbiote,2015,90,Sci-Fi,6.1,18,https://www.imdb.com/title/tt3667590/
tt3882440,Memory Transfer,2015,80,"Adventure,Sci-Fi,Thriller",6.9,18,https://www.imdb.com/title/tt3882440/
tt3903558,Dark Galaxy,2019,\N,"Adventure,Sci-Fi",6.5,18,https://www.imdb.com/title/tt3903558/
tt4324852,Untitled UFO Project,2017,\N,"Comedy,Documentary,Sci-Fi",7.9,18,https://www.imdb.com/title/tt4324852/
tt4448504,Levon,2015,48,"Drama,Sci-Fi",8.2,18,https://www.imdb.com/title/tt4448504/
tt4575548,IMperfect,2016,71,"Drama,Romance,Sci-Fi",7.2,18,https://www.imdb.com/title/tt4575548/
tt5710818,Artificial,2016,69,"Sci-Fi,Thriller",7.3,18,https://www.imdb.com/title/tt5710818/
tt6246202,Night of the Shadow People,2016,91,"Fantasy,Sci-Fi",6.9,18,https://www.imdb.com/title/tt6246202/
tt6636716,Last Light of Orion,2017,\N,Sci-Fi,8.5,18,https://www.imdb.com/title/tt6636716/
tt6771130,2029,2024,82,"Sci-Fi,Thriller",4.4,18,https://www.imdb.com/title/tt6771130/
tt7423358,Boneless,2022,85,Sci-Fi,4.6,18,https://www.imdb.com/title/tt7423358/
tt7925024,Chikyuu Monogatari: Telepath 2500,1984,105,"Animation,Sci-Fi",6.6,18,https://www.imdb.com/title/tt7925024/
tt8730732,Ratherman,2012,\N,Sci-Fi,8.5,18,https://www.imdb.com/title/tt8730732/
tt8894778,Light Visions,2019,97,Sci-Fi,4.0,18,https://www.imdb.com/title/tt8894778/
tt9035250,Behind the Bucket: A Garrison Story,2024,\N,"Documentary,Sci-Fi",8.0,18,https://www.imdb.com/title/tt9035250/
tt0189483,A Breath of Air,1983,114,"Drama,Sci-Fi,Thriller",5.2,17,https://www.imdb.com/title/tt0189483/
tt0210416,Tanba Tetsurô no daireikai 2: Shindara odoroita!!,1990,105,"Adventure,Sci-Fi",4.0,17,https://www.imdb.com/title/tt0210416/
tt0303945,E.S.P.,1983,96,Sci-Fi,6.4,17,https://www.imdb.com/title/tt0303945/
tt0356423,Blizkata dalechina,1981,65,"Animation,Comedy,Sci-Fi",8.4,17,https://www.imdb.com/title/tt0356423/
tt0382694,Fiction (+33),2002,54,"Drama,Fantasy,Sci-Fi",7.6,17,https://www.imdb.com/title/tt0382694/
tt0463867,Apparatspott - Dat mokt wie gistern,2008,108,Sci-Fi,6.7,17,https://www.imdb.com/title/tt0463867/
tt0965350,An Incident at Bridgeville,2005,122,"Horror,Mystery,Sci-Fi",6.1,17,https://www.imdb.com/title/tt0965350/
tt1068941,The Ache,2009,\N,"Drama,Sci-Fi",8.3,17,https://www.imdb.com/title/tt1068941/
tt11511078,Welcome to Kittytown,2024,88,"Comedy,Horror,Sci-Fi",7.4,17,https://www.imdb.com/title/tt11511078/
tt11602578,The Winter Prophecy,2024,52,"Action,Sci-Fi",7.1,17,https://www.imdb.com/title/tt11602578/
tt12763776,Monarca,2020,\N,Sci-Fi,8.1,17,https://www.imdb.com/title/tt12763776/
tt13332652,Wesens,2020,90,"Mystery,Sci-Fi",6.2,17,https://www.imdb.com/title/tt13332652/
tt13576832,The Blueprint,2020,104,Sci-Fi,6.2,17,https://www.imdb.com/title/tt13576832/
tt13726852,The Intruder,2020,\N,"Animation,Sci-Fi",7.9,17,https://www.imdb.com/title/tt13726852/
tt13998770,Who Wants to Live Forever?,2022,72,"Drama,Sci-Fi",8.5,17,https://www.imdb.com/title/tt13998770/
tt1432050,Into the Badlands,2005,\N,Sci-Fi,7.2,17,https://www.imdb.com/title/tt1432050/
tt1454723,The Lower Circle,2009,\N,"Fantasy,Horror,Sci-Fi",7.5,17,https://www.imdb.com/title/tt1454723/
tt14672484,Hi How Are You?,2023,96,"Drama,Romance,Sci-Fi",7.2,17,https://www.imdb.com/title/tt14672484/
tt14683902,The Day Today,2021,67,"Drama,Sci-Fi",6.1,17,https://www.imdb.com/title/tt14683902/
tt14912666,The Memory Scanner,2021,106,"Drama,Sci-Fi,Thriller",5.6,17,https://www.imdb.com/title/tt14912666/
tt15152672,John Wynn's One Hour,2022,90,"Drama,Sci-Fi,Thriller",4.8,17,https://www.imdb.com/title/tt15152672/
tt15287198,Shattered,2022,80,Sci-Fi,3.0,17,https://www.imdb.com/title/tt15287198/
tt15470550,Strange Toys,2025,85,"Horror,Sci-Fi",4.4,17,https://www.imdb.com/title/tt15470550/
tt16211482,RiffTrax Presents: The X-Files: Fight the Future,2008,120,"Comedy,Horror,Sci-Fi",6.1,17,https://www.imdb.com/title/tt16211482/
tt1692231,Zombie Epidemic,2009,90,"Comedy,Horror,Sci-Fi",5.9,17,https://www.imdb.com/title/tt1692231/
tt1807055,Time-Men,2009,86,Sci-Fi,5.1,17,https://www.imdb.com/title/tt1807055/
tt1879071,The Fourth Reich,2011,5,Sci-Fi,6.0,17,https://www.imdb.com/title/tt1879071/
tt1920954,Have Sex and Die,2011,90,"Action,Horror,Sci-Fi",5.8,17,https://www.imdb.com/title/tt1920954/
tt20255600,The Elp; A Creature of Legend,2022,78,"Comedy,Mystery,Sci-Fi",5.2,17,https://www.imdb.com/title/tt20255600/
tt2076276,Monolog,2010,82,"Drama,Sci-Fi,Thriller",7.2,17,https://www.imdb.com/title/tt2076276/
tt2078680,Mirage,2011,\N,"Documentary,Sci-Fi",7.3,17,https://www.imdb.com/title/tt2078680/
tt2230916,"Matt Mercury, Plot of the Galactic Mastermind",2012,90,Sci-Fi,6.1,17,https://www.imdb.com/title/tt2230916/
tt2248755,Doppelgänger,2007,66,"Comedy,Musical,Sci-Fi",3.8,17,https://www.imdb.com/title/tt2248755/
tt23557502,2045 Apa Ada Cinta,2022,98,"Drama,Romance,Sci-Fi",6.8,17,https://www.imdb.com/title/tt23557502/
tt2404411,The Abandoned Project X,2013,\N,"Action,Sci-Fi,Thriller",4.6,17,https://www.imdb.com/title/tt2404411/
tt24319092,Nochnoy rezhim,2022,122,"Sci-Fi,Thriller",7.4,17,https://www.imdb.com/title/tt24319092/
tt2536708,Timeshifters 2: Alternate Present,2012,62,Sci-Fi,7.2,17,https://www.imdb.com/title/tt2536708/
tt26629410,Paladin Crossworlds,2022,67,Sci-Fi,7.2,17,https://www.imdb.com/title/tt26629410/
tt27537958,U Bored U Die,2023,55,"Comedy,Mystery,Sci-Fi",8.6,17,https://www.imdb.com/title/tt27537958/
tt27757480,Ozma,2023,81,Sci-Fi,6.3,17,https://www.imdb.com/title/tt27757480/
tt28757845,Fallout: Sunburst,2025,48,"Action,Animation,Sci-Fi",7.9,17,https://www.imdb.com/title/tt28757845/
tt29001961,Synthwave Horror: Metropolis,2023,\N,"Horror,Sci-Fi",5.7,17,https://www.imdb.com/title/tt29001961/
tt29711926,Tomorrow Is Another Dream,2024,80,"Drama,Sci-Fi",6.2,17,https://www.imdb.com/title/tt29711926/
tt29888944,Do zvezdy!,2023,91,"Comedy,Sci-Fi",5.5,17,https://www.imdb.com/title/tt29888944/
tt29924789,The Doom Busters,2025,80,"Comedy,Sci-Fi",6.8,17,https://www.imdb.com/title/tt29924789/
tt31041868,The Planet,2025,111,"Drama,Sci-Fi",7.1,17,https://www.imdb.com/title/tt31041868/
tt3109858,The Box,2024,\N,Sci-Fi,4.9,17,https://www.imdb.com/title/tt3109858/
tt32467085,All Operators are Currently Unavailable,2025,113,"Animation,Drama,Sci-Fi",5.3,17,https://www.imdb.com/title/tt32467085/
tt3307320,Woman of the Ruins,2013,105,"Drama,History,Sci-Fi",6.1,17,https://www.imdb.com/title/tt3307320/
tt3410440,The Third Wave,2014,\N,"Action,Mystery,Sci-Fi",6.3,17,https://www.imdb.com/title/tt3410440/
tt35978348,Aliens Uncovered: Moments of Disclosure,2025,76,Sci-Fi,7.3,17,https://www.imdb.com/title/tt35978348/
tt36644055,Aliens Uncovered: Golden Frequency,2025,70,Sci-Fi,6.4,17,https://www.imdb.com/title/tt36644055/
tt37023798,Visha Gati,2025,68,"Crime,Sci-Fi,Thriller",9.7,17,https://www.imdb.com/title/tt37023798/
tt3922956,Remnant,2014,\N,"Drama,Sci-Fi,War",6.5,17,https://www.imdb.com/title/tt3922956/
tt4025150,Wonogawa,2014,114,Sci-Fi,5.6,17,https://www.imdb.com/title/tt4025150/
tt4038408,The Chronicles of Polyaris,2014,60,"Documentary,Drama,Sci-Fi",5.2,17,https://www.imdb.com/title/tt4038408/
tt4082640,Reminiscentia,2016,89,"Drama,Mystery,Sci-Fi",7.5,17,https://www.imdb.com/title/tt4082640/
tt4184478,The Future World,2001,76,"Adventure,Fantasy,Sci-Fi",2.1,17,https://www.imdb.com/title/tt4184478/
tt4225732,I Am You Are Everyone,2016,\N,"Drama,Sci-Fi",8.5,17,https://www.imdb.com/title/tt4225732/
tt4770784,The Indestructible Spider-Man,2016,\N,Sci-Fi,7.4,17,https://www.imdb.com/title/tt4770784/
tt4793436,1 + 1 = 11,2018,85,Sci-Fi,7.3,17,https://www.imdb.com/title/tt4793436/
tt5151028,Chyornyy kloun,1994,105,"Sci-Fi,Thriller",4.3,17,https://www.imdb.com/title/tt5151028/
tt5198702,The Shadow Zone,2016,78,"Horror,Sci-Fi",5.5,17,https://www.imdb.com/title/tt5198702/
tt5697452,Subconscious Reality,2016,91,"Action,Sci-Fi,Thriller",4.8,17,https://www.imdb.com/title/tt5697452/
tt5706190,Amboy,2015,82,"Fantasy,Mystery,Sci-Fi",4.7,17,https://www.imdb.com/title/tt5706190/
tt6011096,The Light,2016,\N,"Comedy,Horror,Sci-Fi",4.0,17,https://www.imdb.com/title/tt6011096/
tt6152924,Alice and the Last Lottery,2017,49,"Drama,Sci-Fi",5.5,17,https://www.imdb.com/title/tt6152924/
tt6505182,Cyborgs: Year 0,2018,60,Sci-Fi,8.0,17,https://www.imdb.com/title/tt6505182/
tt6967698,The Repairman,2025,91,Sci-Fi,5.3,17,https://www.imdb.com/title/tt6967698/
tt7154136,G.I.A.,2018,46,"Action,Comedy,Sci-Fi",5.6,17,https://www.imdb.com/title/tt7154136/
tt7390046,Mosaic,2017,98,"Drama,Sci-Fi",7.3,17,https://www.imdb.com/title/tt7390046/
tt7425374,Caraba,2019,92,"Drama,Sci-Fi",5.8,17,https://www.imdb.com/title/tt7425374/
tt7880284,Chodenshi Baioman the Movie,1984,\N,"Adventure,Fantasy,Sci-Fi",6.7,17,https://www.imdb.com/title/tt7880284/
tt8115684,Journey to the Docile Pink Planet,2018,100,"Adventure,Sci-Fi",4.8,17,https://www.imdb.com/title/tt8115684/
tt9010880,Alimuom,2018,83,"Action,Drama,Sci-Fi",7.8,17,https://www.imdb.com/title/tt9010880/
tt9067270,Illegal Being,2018,87,"Drama,Romance,Sci-Fi",7.7,17,https://www.imdb.com/title/tt9067270/
tt9074210,Planet of Amoebas,2018,70,"Sci-Fi,Thriller",4.4,17,https://www.imdb.com/title/tt9074210/
tt9145234,Midnight Science,2021,86,Sci-Fi,6.5,17,https://www.imdb.com/title/tt9145234/
tt0087240,Las fantasías de Cuny,1984,92,"Fantasy,Sci-Fi",5.2,16,https://www.imdb.com/title/tt0087240/
tt0106563,Chronos 5.0,1993,89,"Sci-Fi,Thriller",7.1,16,https://www.imdb.com/title/tt0106563/
tt0116054,Deadly Contact,1996,\N,"Horror,Sci-Fi",6.2,16,https://www.imdb.com/title/tt0116054/
tt0362273,Utterance,1997,\N,"Action,Adventure,Sci-Fi",4.8,16,https://www.imdb.com/title/tt0362273/
tt0380050,El virus del poder,1988,90,"Crime,Drama,Sci-Fi",5.5,16,https://www.imdb.com/title/tt0380050/
tt0381723,Super Hong Gil-dong 4: Mixed-Up Hong Gil-dong,1990,86,"Action,Fantasy,Sci-Fi",5.2,16,https://www.imdb.com/title/tt0381723/
tt0398698,De apparatspott,1999,98,Sci-Fi,6.4,16,https://www.imdb.com/title/tt0398698/
tt0399134,Hello Earthlings!,2004,87,Sci-Fi,6.5,16,https://www.imdb.com/title/tt0399134/
tt0969650,Stratagem,2008,89,"Action,Adventure,Sci-Fi",6.6,16,https://www.imdb.com/title/tt0969650/
tt10288242,Existence,2020,105,Sci-Fi,5.3,16,https://www.imdb.com/title/tt10288242/
tt10510546,Terminator the Second,2011,96,"Action,Comedy,Sci-Fi",8.4,16,https://www.imdb.com/title/tt10510546/
tt12179914,Erratum 2037,2017,77,Sci-Fi,6.0,16,https://www.imdb.com/title/tt12179914/
tt1245766,Triptosane,2010,84,Sci-Fi,6.2,16,https://www.imdb.com/title/tt1245766/
tt13105602,Watt Poe to bokura no ohanashi,1988,55,"Animation,Sci-Fi",7.6,16,https://www.imdb.com/title/tt13105602/
tt13173962,Orion,2025,\N,"Sci-Fi,Thriller",7.1,16,https://www.imdb.com/title/tt13173962/
tt1340620,The Tragedy of Mister Geppetto,2008,83,"Drama,Mystery,Sci-Fi",7.3,16,https://www.imdb.com/title/tt1340620/
tt1358291,The Zero Point,2008,46,"Action,Sci-Fi,Thriller",6.5,16,https://www.imdb.com/title/tt1358291/
tt1391084,Killing Schrödinger's Cats,2010,90,"Horror,Sci-Fi,Thriller",4.9,16,https://www.imdb.com/title/tt1391084/
tt1412727,Infest Wisely,2007,86,Sci-Fi,6.4,16,https://www.imdb.com/title/tt1412727/
tt14167766,RiffTrax Presents: Assignment - Outer Space,2020,73,Sci-Fi,4.8,16,https://www.imdb.com/title/tt14167766/
tt14336692,Bird's Eye View - An ET's Solution for Humanity,2020,101,"Adventure,Comedy,Sci-Fi",8.1,16,https://www.imdb.com/title/tt14336692/
tt14924620,AI 1.0,2021,120,Sci-Fi,2.3,16,https://www.imdb.com/title/tt14924620/
tt15211076,Adolescence Changes in the Coronavirus Environment. How does a teenager react to a claustrophobic pandemic?,2021,\N,"Documentary,Drama,Sci-Fi",8.6,16,https://www.imdb.com/title/tt15211076/
tt15554158,The Rogue Barrens,2022,50,"Sci-Fi,Thriller",6.7,16,https://www.imdb.com/title/tt15554158/
tt15747780,Class S,2022,48,"Drama,Sci-Fi",6.1,16,https://www.imdb.com/title/tt15747780/
tt16424722,Hua ji,2018,84,"Horror,Romance,Sci-Fi",3.9,16,https://www.imdb.com/title/tt16424722/
tt1816486,Cat Scratch Fever,2011,73,"Comedy,Sci-Fi",7.4,16,https://www.imdb.com/title/tt1816486/
tt1821410,Double Happiness Uranium,2013,88,Sci-Fi,5.0,16,https://www.imdb.com/title/tt1821410/
tt1846724,Run,2002,48,Sci-Fi,7.7,16,https://www.imdb.com/title/tt1846724/
tt1853646,Queens of the Dead,2011,84,"Comedy,Horror,Sci-Fi",5.6,16,https://www.imdb.com/title/tt1853646/
tt1948011,El Proyecto Rothstein,2011,\N,"Crime,Sci-Fi,Thriller",8.1,16,https://www.imdb.com/title/tt1948011/
tt20235394,Gamodi,2023,98,Sci-Fi,5.6,16,https://www.imdb.com/title/tt20235394/
tt2069845,Marty's Project,2010,58,"Comedy,Sci-Fi",9.1,16,https://www.imdb.com/title/tt2069845/
tt2113095,Transfer,2012,90,"Drama,Romance,Sci-Fi",6.2,16,https://www.imdb.com/title/tt2113095/
tt21287828,Good Time Charley,2025,101,"Drama,Sci-Fi,Thriller",9.6,16,https://www.imdb.com/title/tt21287828/
tt2136889,ED & The Awakening,2011,77,"Comedy,Horror,Sci-Fi",8.6,16,https://www.imdb.com/title/tt2136889/
tt21974150,Junk Space Berlin,2022,106,"Mystery,Sci-Fi",6.2,16,https://www.imdb.com/title/tt21974150/
tt2219638,The Collective,2011,110,"Horror,Sci-Fi,Thriller",6.8,16,https://www.imdb.com/title/tt2219638/
tt26545751,The Harbor Men,2025,85,"Mystery,Sci-Fi",6.8,16,https://www.imdb.com/title/tt26545751/
tt26656676,Isaac,2023,84,"Drama,Horror,Sci-Fi",6.5,16,https://www.imdb.com/title/tt26656676/
tt2690526,Vitaminac,2012,\N,Sci-Fi,5.5,16,https://www.imdb.com/title/tt2690526/
tt2806106,Stunted Trees and Broken Bridges,2013,65,Sci-Fi,7.1,16,https://www.imdb.com/title/tt2806106/
tt2833216,Alan Smithee's Frankenstein,2012,50,"Horror,Sci-Fi",6.0,16,https://www.imdb.com/title/tt2833216/
tt28960442,AN,2024,\N,Sci-Fi,6.8,16,https://www.imdb.com/title/tt28960442/
tt30096212,Devi Danger,2024,99,Sci-Fi,5.1,16,https://www.imdb.com/title/tt30096212/
tt3159522,Strange Sounds,2014,54,"Horror,Mystery,Sci-Fi",3.1,16,https://www.imdb.com/title/tt3159522/
tt33038427,Sharp Teeth,2024,71,"Horror,Sci-Fi,Thriller",2.9,16,https://www.imdb.com/title/tt33038427/
tt33058435,Guardian,2025,50,"Action,Sci-Fi",7.5,16,https://www.imdb.com/title/tt33058435/
tt3307432,Islands,2013,124,"Drama,Romance,Sci-Fi",5.7,16,https://www.imdb.com/title/tt3307432/
tt3349872,Spilt Blood,2015,\N,"Fantasy,Horror,Sci-Fi",6.4,16,https://www.imdb.com/title/tt3349872/
tt3410294,Spaced Man,2013,113,"Comedy,Romance,Sci-Fi",6.4,16,https://www.imdb.com/title/tt3410294/
tt3604020,Darkling,2014,94,"Horror,Sci-Fi,Thriller",7.0,16,https://www.imdb.com/title/tt3604020/
tt36594445,Super Connected,2023,68,"Drama,Music,Sci-Fi",8.9,16,https://www.imdb.com/title/tt36594445/
tt3780978,Ermon County: Gateway of the Fallen,2015,96,"Mystery,Sci-Fi,Thriller",3.1,16,https://www.imdb.com/title/tt3780978/
tt3785760,Galactic Recon,2014,\N,"Action,Sci-Fi,Thriller",6.3,16,https://www.imdb.com/title/tt3785760/
tt4968808,Dead Strange Jam,2015,79,"Comedy,Horror,Sci-Fi",5.5,16,https://www.imdb.com/title/tt4968808/
tt5206576,Future,2016,\N,Sci-Fi,3.7,16,https://www.imdb.com/title/tt5206576/
tt5903680,The Great Guys,2016,90,"Drama,Family,Sci-Fi",6.9,16,https://www.imdb.com/title/tt5903680/
tt6366268,Zoink,2017,\N,"Comedy,Family,Sci-Fi",6.2,16,https://www.imdb.com/title/tt6366268/
tt7033092,The Five in Merseyside,2018,60,"Horror,Sci-Fi",2.3,16,https://www.imdb.com/title/tt7033092/
tt8282964,Aliens with Knives,2018,91,"Comedy,Sci-Fi",6.8,16,https://www.imdb.com/title/tt8282964/
tt8875872,Avengers: Reassembled,2018,52,Sci-Fi,6.3,16,https://www.imdb.com/title/tt8875872/
tt8927852,Continuum,2015,\N,"Drama,Sci-Fi",6.7,16,https://www.imdb.com/title/tt8927852/
tt9178978,Eclipsed,2018,63,"Drama,Fantasy,Sci-Fi",7.4,16,https://www.imdb.com/title/tt9178978/
tt9540282,Owner's Portrait,2018,80,"Documentary,Sci-Fi",5.8,16,https://www.imdb.com/title/tt9540282/
tt9710558,Agent 11,2020,67,"Action,Adventure,Sci-Fi",4.4,16,https://www.imdb.com/title/tt9710558/
tt9765542,ANi,2019,120,"Drama,Fantasy,Sci-Fi",4.5,16,https://www.imdb.com/title/tt9765542/
tt9870502,Star Trek: The Infinite Chain,1994,108,Sci-Fi,4.8,16,https://www.imdb.com/title/tt9870502/
tt0106952,A Força do Atrito,1993,80,Sci-Fi,5.7,15,https://www.imdb.com/title/tt0106952/
tt0311595,Alien Thunder Dragon 2,1988,80,"Action,Family,Sci-Fi",7.7,15,https://www.imdb.com/title/tt0311595/
tt0311596,Alien Thunder Dragon,1987,78,"Action,Family,Sci-Fi",8.0,15,https://www.imdb.com/title/tt0311596/
tt0373046,Jetblast,2002,86,"Action,Sci-Fi",6.5,15,https://www.imdb.com/title/tt0373046/
tt0460481,Karim Patwa's Spaceship,2004,60,"Biography,Comedy,Sci-Fi",8.3,15,https://www.imdb.com/title/tt0460481/
tt1022882,The Outsider,2007,81,Sci-Fi,5.5,15,https://www.imdb.com/title/tt1022882/
tt10468526,Tremor Iê,2019,87,Sci-Fi,6.5,15,https://www.imdb.com/title/tt10468526/
tt10732464,12 Minds,2014,77,"Drama,Sci-Fi",6.9,15,https://www.imdb.com/title/tt10732464/
tt11316304,Project Omicron,1999,60,Sci-Fi,5.8,15,https://www.imdb.com/title/tt11316304/
tt1237836,Archangel Alpha,2016,\N,"Action,Romance,Sci-Fi",7.7,15,https://www.imdb.com/title/tt1237836/
tt1270478,The Men of Action: M.O.A.,2008,111,"Animation,Crime,Sci-Fi",3.4,15,https://www.imdb.com/title/tt1270478/
tt1274272,An Immortal Tale,2010,97,"Action,Adventure,Sci-Fi",4.9,15,https://www.imdb.com/title/tt1274272/
tt13136954,Before the Ferry Arrives,2018,85,"Animation,Comedy,Sci-Fi",6.4,15,https://www.imdb.com/title/tt13136954/
tt13251838,TAWN-19,2020,64,"Comedy,Sci-Fi",7.6,15,https://www.imdb.com/title/tt13251838/
tt1376202,Incubator,2009,51,Sci-Fi,4.0,15,https://www.imdb.com/title/tt1376202/
tt15420348,Galatea,2023,\N,"Drama,Sci-Fi",5.1,15,https://www.imdb.com/title/tt15420348/
tt1659193,Chronoslexia,2011,90,Sci-Fi,5.4,15,https://www.imdb.com/title/tt1659193/
tt1670983,Electric Mind,2010,60,"Documentary,Drama,Sci-Fi",7.9,15,https://www.imdb.com/title/tt1670983/
tt1702405,The Zombie Hero,2010,95,"Action,Comedy,Sci-Fi",6.0,15,https://www.imdb.com/title/tt1702405/
tt17043968,Blackstone - Hand of God,2022,179,"Horror,Sci-Fi",8.1,15,https://www.imdb.com/title/tt17043968/
tt1735277,A Break in the Clouds,2010,98,"Action,Sci-Fi,Thriller",6.9,15,https://www.imdb.com/title/tt1735277/
tt1783415,"Vixens of Virtue, Vixens of Vice",2010,\N,Sci-Fi,7.2,15,https://www.imdb.com/title/tt1783415/
tt1789076,Nicodemus,2012,91,"Drama,Horror,Sci-Fi",6.9,15,https://www.imdb.com/title/tt1789076/
tt1990308,Ratstar,2004,70,"Comedy,Romance,Sci-Fi",7.3,15,https://www.imdb.com/title/tt1990308/
tt2044804,La grata,2009,\N,Sci-Fi,7.1,15,https://www.imdb.com/title/tt2044804/
tt2049502,Memoriam,2013,122,"Mystery,Sci-Fi,Thriller",8.3,15,https://www.imdb.com/title/tt2049502/
tt2181912,Sons of Steel - directors cut,2010,91,"Fantasy,Musical,Sci-Fi",7.2,15,https://www.imdb.com/title/tt2181912/
tt2224297,La Extramigrante,2012,\N,Sci-Fi,4.7,15,https://www.imdb.com/title/tt2224297/
tt2225720,Koyakatsi,2014,\N,"Action,Sci-Fi",7.8,15,https://www.imdb.com/title/tt2225720/
tt23148426,Hybrid Hazards: Revelation,2025,76,"Fantasy,Horror,Sci-Fi",7.0,15,https://www.imdb.com/title/tt23148426/
tt2339956,Twin Reflex,2014,97,"Mystery,Sci-Fi,Thriller",8.1,15,https://www.imdb.com/title/tt2339956/
tt2395441,"The Periphery Project, Vol. I",2012,\N,"Fantasy,Horror,Sci-Fi",7.6,15,https://www.imdb.com/title/tt2395441/
tt24973352,Gemini,2025,107,Sci-Fi,5.6,15,https://www.imdb.com/title/tt24973352/
tt2499388,The Dead Experiment,2013,74,"Drama,Sci-Fi",6.3,15,https://www.imdb.com/title/tt2499388/
tt26455805,El Cinturón de Olivia,2024,87,"Drama,Sci-Fi",8.6,15,https://www.imdb.com/title/tt26455805/
tt28608346,Annihilate All Humans!,2023,74,Sci-Fi,3.8,15,https://www.imdb.com/title/tt28608346/
tt30835324,Astra,2024,80,"Animation,Sci-Fi",6.0,15,https://www.imdb.com/title/tt30835324/
tt3104622,Who's Changing: An Adventure in Time with Fans,2014,81,"Documentary,History,Sci-Fi",8.5,15,https://www.imdb.com/title/tt3104622/
tt31151677,Vacuidad,2023,\N,"Comedy,Drama,Sci-Fi",8.5,15,https://www.imdb.com/title/tt31151677/
tt31529893,Fake Out Fray,2024,66,Sci-Fi,7.9,15,https://www.imdb.com/title/tt31529893/
tt32566624,Onyx,2025,\N,Sci-Fi,5.7,15,https://www.imdb.com/title/tt32566624/
tt32752458,Godzilla: Battle Royale,2014,93,"Action,Sci-Fi",7.2,15,https://www.imdb.com/title/tt32752458/
tt33475684,Quadrant: Noir Version,2024,73,"Horror,Sci-Fi",7.2,15,https://www.imdb.com/title/tt33475684/
tt36854921,The Phantom Budget: A Star Wars Parody,2025,58,Sci-Fi,7.6,15,https://www.imdb.com/title/tt36854921/
tt37531746,Jurassic Park: Spare No Expense,2025,\N,Sci-Fi,5.7,15,https://www.imdb.com/title/tt37531746/
tt3835438,GOTHICMADE,2012,70,"Animation,Romance,Sci-Fi",5.4,15,https://www.imdb.com/title/tt3835438/
tt3846120,Deja Vu,2021,\N,"Sci-Fi,Thriller",6.7,15,https://www.imdb.com/title/tt3846120/
tt4306404,Invincible Fighter Thunderhawk,1993,\N,"Action,Comedy,Sci-Fi",6.0,15,https://www.imdb.com/title/tt4306404/
tt4513110,Entropy,2017,95,"Drama,Sci-Fi",6.0,15,https://www.imdb.com/title/tt4513110/
tt4643666,Not Tryina Die Young: Princess on Vacation,2014,67,Sci-Fi,7.2,15,https://www.imdb.com/title/tt4643666/
tt4687330,Night Passage,2004,96,Sci-Fi,5.2,15,https://www.imdb.com/title/tt4687330/
tt5279332,The Enemy of My Enemy,2015,84,"Horror,Sci-Fi",5.3,15,https://www.imdb.com/title/tt5279332/
tt5720116,DownLoad,2015,85,"Action,Fantasy,Sci-Fi",7.9,15,https://www.imdb.com/title/tt5720116/
tt6011302,Zero City,2017,110,"Horror,Sci-Fi,Thriller",4.7,15,https://www.imdb.com/title/tt6011302/
tt6065846,An Addicting Picture,2017,64,"Drama,Mystery,Sci-Fi",6.7,15,https://www.imdb.com/title/tt6065846/
tt6090642,Gothic Assassins Redux,2016,121,Sci-Fi,7.1,15,https://www.imdb.com/title/tt6090642/
tt6158072,Duel Vision,2017,\N,"Action,Drama,Sci-Fi",2.6,15,https://www.imdb.com/title/tt6158072/
tt6562598,Pill Head,2019,80,"Comedy,Sci-Fi,Thriller",5.0,15,https://www.imdb.com/title/tt6562598/
tt6867320,The Circles of the Vicious,2016,110,Sci-Fi,7.6,15,https://www.imdb.com/title/tt6867320/
tt6893214,The Day I Met Her,2017,120,"Comedy,Romance,Sci-Fi",7.2,15,https://www.imdb.com/title/tt6893214/
tt7243552,USS Angeles: The Price of Duty,1998,72,Sci-Fi,4.7,15,https://www.imdb.com/title/tt7243552/
tt7513360,Enipheres,2020,\N,"Drama,Fantasy,Sci-Fi",6.8,15,https://www.imdb.com/title/tt7513360/
tt8635384,Glia,2020,\N,"Action,Drama,Sci-Fi",5.8,15,https://www.imdb.com/title/tt8635384/
tt9615718,Futurus - Robot contro uomini,2019,50,Sci-Fi,8.5,15,https://www.imdb.com/title/tt9615718/
tt9816310,Paradigm Grey,2018,111,"Fantasy,Horror,Sci-Fi",5.1,15,https://www.imdb.com/title/tt9816310/
tt9874290,Star Trek: Incident at Beta 9,2002,57,Sci-Fi,5.3,15,https://www.imdb.com/title/tt9874290/
tt0176086,Raki II: Raki vs. Nemesis,1996,91,"Family,Sci-Fi",6.4,14,https://www.imdb.com/title/tt0176086/
tt0180767,La jaula,2000,\N,"Horror,Sci-Fi,Thriller",5.7,14,https://www.imdb.com/title/tt0180767/
tt0230833,Super-Coming,1995,\N,"Comedy,Musical,Sci-Fi",6.1,14,https://www.imdb.com/title/tt0230833/
tt0319383,Eunhaeseo on Byeolddong wangja,1987,85,"Action,Family,Sci-Fi",7.5,14,https://www.imdb.com/title/tt0319383/
tt0393469,El mensajero del miedo,1999,90,Sci-Fi,4.1,14,https://www.imdb.com/title/tt0393469/
tt0482063,Pepeng Kuryente,1988,118,"Action,Fantasy,Sci-Fi",4.7,14,https://www.imdb.com/title/tt0482063/
tt0852589,El regreso de la bestia,1998,90,"Action,Horror,Sci-Fi",5.3,14,https://www.imdb.com/title/tt0852589/
tt10558328,Orang Kampung Otak Kimia,1990,83,"Comedy,Romance,Sci-Fi",7.6,14,https://www.imdb.com/title/tt10558328/
tt10617618,Kafka's Supermarket,2019,48,"Horror,Sci-Fi",4.9,14,https://www.imdb.com/title/tt10617618/
tt1116812,Places,2007,96,"Comedy,Drama,Sci-Fi",6.6,14,https://www.imdb.com/title/tt1116812/
tt1119132,Duel,2009,81,"Comedy,Sci-Fi,Thriller",8.3,14,https://www.imdb.com/title/tt1119132/
tt11750042,Avatars of the Astral Worlds,2020,55,"Documentary,Sci-Fi",5.6,14,https://www.imdb.com/title/tt11750042/
tt13478492,Per Aspera,2020,73,"Adventure,Family,Sci-Fi",8.7,14,https://www.imdb.com/title/tt13478492/
tt1493864,The Last Dudes on Earth,2005,90,"Comedy,Sci-Fi",6.7,14,https://www.imdb.com/title/tt1493864/
tt15028942,12-kagetsu no Kai,2021,82,Sci-Fi,5.6,14,https://www.imdb.com/title/tt15028942/
tt1509640,The Parchene Conspiracy,2009,90,Sci-Fi,6.8,14,https://www.imdb.com/title/tt1509640/
tt1546402,Johnny Be Gone,2011,45,"Drama,Romance,Sci-Fi",6.1,14,https://www.imdb.com/title/tt1546402/
tt15574942,Den do...,2019,88,"Drama,Sci-Fi",4.4,14,https://www.imdb.com/title/tt15574942/
tt1622972,Crop Circles: 2010 Update - The Wake Up Call,2010,58,"Adventure,Documentary,Sci-Fi",4.7,14,https://www.imdb.com/title/tt1622972/
tt16426954,Raven Van Slender Saves Christmas!,2023,90,Sci-Fi,4.7,14,https://www.imdb.com/title/tt16426954/
tt1665730,GPS,2010,71,"Comedy,Horror,Sci-Fi",5.8,14,https://www.imdb.com/title/tt1665730/
tt1667470,Parallel Universe,2010,65,"Comedy,Mystery,Sci-Fi",6.8,14,https://www.imdb.com/title/tt1667470/
tt1700742,Blonde Ringlet,2010,87,"Crime,Mystery,Sci-Fi",7.4,14,https://www.imdb.com/title/tt1700742/
tt1732544,All the President's Favorite Foods,2010,99,"Adventure,Comedy,Sci-Fi",6.7,14,https://www.imdb.com/title/tt1732544/
tt1735942,White Whale,2010,96,"Drama,Fantasy,Sci-Fi",7.7,14,https://www.imdb.com/title/tt1735942/
tt1740744,Gol a Gol,2010,89,"Drama,Musical,Sci-Fi",6.4,14,https://www.imdb.com/title/tt1740744/
tt1820678,Space Tours: Mission E.V.A.,2010,95,"Comedy,Sci-Fi",5.5,14,https://www.imdb.com/title/tt1820678/
tt18255182,Geocentric Crisis,2023,70,"Horror,Sci-Fi",4.9,14,https://www.imdb.com/title/tt18255182/
tt1855116,6 for 7,2011,109,"Drama,Sci-Fi,Thriller",5.3,14,https://www.imdb.com/title/tt1855116/
tt1913022,F-3,2013,75,"Fantasy,Horror,Sci-Fi",4.0,14,https://www.imdb.com/title/tt1913022/
tt20202530,SNT Forces,2019,108,"Action,Adventure,Sci-Fi",8.6,14,https://www.imdb.com/title/tt20202530/
tt20218220,Orkes Semesta,2022,\N,"Documentary,Music,Sci-Fi",8.6,14,https://www.imdb.com/title/tt20218220/
tt2040571,The V: Sacrifice of the Constellations,2011,144,"Adventure,Drama,Sci-Fi",6.8,14,https://www.imdb.com/title/tt2040571/
tt21093826,Star Battleship Wars,2021,\N,Sci-Fi,7.1,14,https://www.imdb.com/title/tt21093826/
tt2111254,A Way Out,2011,71,"Action,Horror,Sci-Fi",5.0,14,https://www.imdb.com/title/tt2111254/
tt21232044,Indelible Memories,2022,96,Sci-Fi,6.3,14,https://www.imdb.com/title/tt21232044/
tt21256754,Collision Moon,2021,\N,Sci-Fi,7.0,14,https://www.imdb.com/title/tt21256754/
tt2162146,Gravity & Grace,1996,90,Sci-Fi,5.7,14,https://www.imdb.com/title/tt2162146/
tt2189290,Overturn: Awakening of the Warrior,2013,74,"Action,Mystery,Sci-Fi",4.0,14,https://www.imdb.com/title/tt2189290/
tt2240822,Redshift,2013,116,"Drama,Sci-Fi,Thriller",7.2,14,https://www.imdb.com/title/tt2240822/
tt23746136,RiffTrax: Robot Monster,2022,62,Sci-Fi,7.4,14,https://www.imdb.com/title/tt23746136/
tt26669867,GoShogun,1982,65,"Action,Animation,Sci-Fi",5.3,14,https://www.imdb.com/title/tt26669867/
tt26765793,Habitat,2024,\N,Sci-Fi,4.8,14,https://www.imdb.com/title/tt26765793/
tt26774317,Isolation Zone 5,2024,88,"Horror,Sci-Fi,Thriller",2.8,14,https://www.imdb.com/title/tt26774317/
tt28486713,Aliens in the hood,2023,71,Sci-Fi,1.7,14,https://www.imdb.com/title/tt28486713/
tt28506952,Messenger 666,2025,80,Sci-Fi,5.0,14,https://www.imdb.com/title/tt28506952/
tt28568476,Dream Maker 2023,2023,\N,"Drama,Sci-Fi",5.7,14,https://www.imdb.com/title/tt28568476/
tt29008613,Exit Pangea,2023,80,Sci-Fi,8.6,14,https://www.imdb.com/title/tt29008613/
tt2931404,Jerusalem,2003,78,Sci-Fi,6.4,14,https://www.imdb.com/title/tt2931404/
tt31179204,Seeking the King,2024,\N,"Adventure,Drama,Sci-Fi",6.5,14,https://www.imdb.com/title/tt31179204/
tt3163828,Break Glass in Case of...,2013,106,"Adventure,Comedy,Sci-Fi",5.9,14,https://www.imdb.com/title/tt3163828/
tt31923182,Touch,2024,63,Sci-Fi,7.7,14,https://www.imdb.com/title/tt31923182/
tt3259324,The Summit,2013,76,"Action,Drama,Sci-Fi",5.4,14,https://www.imdb.com/title/tt3259324/
tt3267556,Reconnect,2015,98,"Drama,Sci-Fi",6.9,14,https://www.imdb.com/title/tt3267556/
tt32821479,Consequências Paralelas,2025,80,"Sci-Fi,Thriller",8.0,14,https://www.imdb.com/title/tt32821479/
tt33570923,The Devil You Become,2024,96,"Horror,Sci-Fi,Thriller",8.1,14,https://www.imdb.com/title/tt33570923/
tt33615604,7 Vidas,2024,80,"Comedy,Mystery,Sci-Fi",6.8,14,https://www.imdb.com/title/tt33615604/
tt3390012,Retrieval,2013,106,"Action,Sci-Fi,Thriller",7.2,14,https://www.imdb.com/title/tt3390012/
tt34154087,Gut Instinct,2024,84,Sci-Fi,6.2,14,https://www.imdb.com/title/tt34154087/
tt3437718,Starvation,2015,\N,"Drama,Sci-Fi",7.6,14,https://www.imdb.com/title/tt3437718/
tt3462628,The Genesis Project,2014,89,"Action,Sci-Fi",8.1,14,https://www.imdb.com/title/tt3462628/
tt35109348,Aldnoah.Zero (Re+),2025,120,"Action,Animation,Sci-Fi",6.7,14,https://www.imdb.com/title/tt35109348/
tt3555056,Spaceman,2011,79,Sci-Fi,3.4,14,https://www.imdb.com/title/tt3555056/
tt37341464,Romance Reboot,2025,84,"Drama,Romance,Sci-Fi",5.9,14,https://www.imdb.com/title/tt37341464/
tt37396384,CSO: Operation Power Trip,2025,90,"Action,Comedy,Sci-Fi",8.5,14,https://www.imdb.com/title/tt37396384/
tt3754812,Hellriders,2012,135,"Action,Drama,Sci-Fi",3.6,14,https://www.imdb.com/title/tt3754812/
tt37750675,Human Fiction,2025,60,"Documentary,Sci-Fi",8.5,14,https://www.imdb.com/title/tt37750675/
tt3915574,Karminsky-Grad,2011,90,"Horror,Sci-Fi",5.6,14,https://www.imdb.com/title/tt3915574/
tt3984200,Air No. 3,2014,96,Sci-Fi,7.3,14,https://www.imdb.com/title/tt3984200/
tt4282500,The Egg,2015,\N,Sci-Fi,6.0,14,https://www.imdb.com/title/tt4282500/
tt4452440,Stellar Chronicles,2015,75,"Action,Fantasy,Sci-Fi",6.8,14,https://www.imdb.com/title/tt4452440/
tt5156686,Novogodnyaya istoriya,1997,97,"Comedy,Sci-Fi",5.5,14,https://www.imdb.com/title/tt5156686/
tt5205816,Axiome,2015,48,"Drama,Sci-Fi,Thriller",5.2,14,https://www.imdb.com/title/tt5205816/
tt5527578,Stellar Quasar and the Scrolls of Dadelia,2016,\N,Sci-Fi,4.0,14,https://www.imdb.com/title/tt5527578/
tt5641562,Doctor Who: El Mundo Imperfecto,2013,45,Sci-Fi,6.6,14,https://www.imdb.com/title/tt5641562/
tt5795674,Sanctuary Population One,2017,87,Sci-Fi,6.5,14,https://www.imdb.com/title/tt5795674/
tt5827204,Futur antérieur,2016,81,Sci-Fi,3.1,14,https://www.imdb.com/title/tt5827204/
tt5913550,SG3: Sword of the Samurai,2007,105,"Comedy,Sci-Fi",7.4,14,https://www.imdb.com/title/tt5913550/
tt5926548,Zoe's Security Service,2017,85,Sci-Fi,7.7,14,https://www.imdb.com/title/tt5926548/
tt7042154,Transformed,2017,180,"Drama,Horror,Sci-Fi",7.6,14,https://www.imdb.com/title/tt7042154/
tt7254232,Escape the Dark,2017,100,"Horror,Sci-Fi",6.1,14,https://www.imdb.com/title/tt7254232/
tt7710126,Taken in the Night,2018,\N,"Drama,Sci-Fi",7.9,14,https://www.imdb.com/title/tt7710126/
tt9460600,The Kiss Addict,2018,108,Sci-Fi,5.8,14,https://www.imdb.com/title/tt9460600/
tt9909938,Xenosaga Episode 1: Der Wille Zur Macht,2005,288,"Animation,Sci-Fi",7.4,14,https://www.imdb.com/title/tt9909938/
tt0184787,The Terrifying Revelations of Nostradamus,1994,103,Sci-Fi,3.5,13,https://www.imdb.com/title/tt0184787/
tt0230584,Oazuke,1990,88,"Fantasy,Horror,Sci-Fi",6.6,13,https://www.imdb.com/title/tt0230584/
tt0308244,Fairie,2002,75,"Fantasy,Sci-Fi",6.7,13,https://www.imdb.com/title/tt0308244/
tt0319393,El extraño visitante,1997,90,"Drama,Fantasy,Sci-Fi",6.9,13,https://www.imdb.com/title/tt0319393/
tt0330313,Galactic Raiders,2004,\N,Sci-Fi,6.3,13,https://www.imdb.com/title/tt0330313/
tt0346490,Alamid: Ang alamat,1998,95,"Action,Fantasy,Sci-Fi",6.3,13,https://www.imdb.com/title/tt0346490/
tt10038826,Mohyla,2019,74,"Adventure,Family,Sci-Fi",5.7,13,https://www.imdb.com/title/tt10038826/
tt10167116,The Marked,2020,\N,"Drama,Sci-Fi",8.9,13,https://www.imdb.com/title/tt10167116/
tt10409618,Impulse,2023,\N,"Action,Adventure,Sci-Fi",5.3,13,https://www.imdb.com/title/tt10409618/
tt1116745,The Coming,1981,52,"Drama,Sci-Fi",6.2,13,https://www.imdb.com/title/tt1116745/
tt11328350,Deus Ex Baryon,2016,99,"Animation,Sci-Fi",3.1,13,https://www.imdb.com/title/tt11328350/
tt11377474,Project: Scorpion,2020,82,"Mystery,Sci-Fi,Thriller",5.9,13,https://www.imdb.com/title/tt11377474/
tt11429380,War of the Galaxy,2019,59,Sci-Fi,3.3,13,https://www.imdb.com/title/tt11429380/
tt11662818,Hallucinations,2021,94,"Adventure,Sci-Fi",4.4,13,https://www.imdb.com/title/tt11662818/
tt12509372,Demons of the Inner Universe,2020,90,"Sci-Fi,Thriller",7.4,13,https://www.imdb.com/title/tt12509372/
tt12731390,Fractals,2021,129,Sci-Fi,1.5,13,https://www.imdb.com/title/tt12731390/
tt1478875,Zapping-Alien@Mozart-Balls,2009,115,"Drama,Fantasy,Sci-Fi",4.5,13,https://www.imdb.com/title/tt1478875/
tt15857356,Ravage Nation,2022,\N,"Action,Horror,Sci-Fi",2.9,13,https://www.imdb.com/title/tt15857356/
tt1621805,Into the Game,2011,90,"Comedy,Sci-Fi",7.0,13,https://www.imdb.com/title/tt1621805/
tt16579004,Over the Next Horizon,2022,45,"Adventure,Drama,Sci-Fi",7.4,13,https://www.imdb.com/title/tt16579004/
tt16793330,43 Degrees North,2024,\N,"Drama,Romance,Sci-Fi",5.0,13,https://www.imdb.com/title/tt16793330/
tt1731658,The Black Box,2011,80,"Horror,Sci-Fi",3.7,13,https://www.imdb.com/title/tt1731658/
tt1737684,Qualia,2012,102,"Drama,Sci-Fi,Thriller",7.9,13,https://www.imdb.com/title/tt1737684/
tt1754388,Quam,2010,92,"Sci-Fi,Thriller",4.7,13,https://www.imdb.com/title/tt1754388/
tt1773635,Project-X,2010,80,"Horror,Sci-Fi",6.4,13,https://www.imdb.com/title/tt1773635/
tt1780766,Almost Human,2011,\N,"Horror,Mystery,Sci-Fi",6.4,13,https://www.imdb.com/title/tt1780766/
tt1828965,Dimensions of Failure,2010,51,"Comedy,Mystery,Sci-Fi",8.2,13,https://www.imdb.com/title/tt1828965/
tt1847544,Asolados,2011,86,"Crime,Sci-Fi,Thriller",3.6,13,https://www.imdb.com/title/tt1847544/
tt19365442,Blink,2022,\N,"Sci-Fi,Thriller",8.5,13,https://www.imdb.com/title/tt19365442/
tt1991193,TSC 3: Dawn of the Apocalypse,2011,48,Sci-Fi,6.0,13,https://www.imdb.com/title/tt1991193/
tt2010942,Cassette,2010,75,Sci-Fi,6.1,13,https://www.imdb.com/title/tt2010942/
tt2022323,All One Moment,2011,87,Sci-Fi,6.4,13,https://www.imdb.com/title/tt2022323/
tt21041144,The Battle for First Chair Opening Day Dreams PinPin Twenty,2022,70,Sci-Fi,7.4,13,https://www.imdb.com/title/tt21041144/
tt21092832,Alien Carpathia,2022,75,"Animation,Sci-Fi",5.4,13,https://www.imdb.com/title/tt21092832/
tt2114377,Encarta IV: Dark Hope,2008,100,Sci-Fi,5.8,13,https://www.imdb.com/title/tt2114377/
tt21299364,Broadcast Dead,2015,78,"Action,Sci-Fi",3.1,13,https://www.imdb.com/title/tt21299364/
tt2217864,Dirty Bomb,2012,80,"Action,Sci-Fi,Thriller",5.9,13,https://www.imdb.com/title/tt2217864/
tt2224385,Origins III: Destiny,2012,\N,"Action,Drama,Sci-Fi",6.2,13,https://www.imdb.com/title/tt2224385/
tt2339773,Wonder House,2012,70,Sci-Fi,7.2,13,https://www.imdb.com/title/tt2339773/
tt2380163,Quantum Zeno,2012,53,"Action,Sci-Fi",6.8,13,https://www.imdb.com/title/tt2380163/
tt2543610,Odyssey: 1000 Light Years from Home,2012,124,Sci-Fi,5.8,13,https://www.imdb.com/title/tt2543610/
tt2556756,"Beam Me Up, Sasha!",2014,80,"Comedy,Romance,Sci-Fi",8.2,13,https://www.imdb.com/title/tt2556756/
tt2665072,Eutamnesia,2000,73,Sci-Fi,6.0,13,https://www.imdb.com/title/tt2665072/
tt26690739,The Guardian,2020,101,"Drama,Sci-Fi",7.8,13,https://www.imdb.com/title/tt26690739/
tt26819968,Apocalypse Warrior,2022,75,"Action,Adventure,Sci-Fi",3.0,13,https://www.imdb.com/title/tt26819968/
tt28755186,Stranger Minds,2023,\N,Sci-Fi,5.3,13,https://www.imdb.com/title/tt28755186/
tt29625467,Kaleidoscope Man,2023,96,Sci-Fi,4.3,13,https://www.imdb.com/title/tt29625467/
tt3006856,Exodus,2013,74,Sci-Fi,7.0,13,https://www.imdb.com/title/tt3006856/
tt30274570,Waning Poetic,2024,93,"Comedy,Sci-Fi",8.8,13,https://www.imdb.com/title/tt30274570/
tt3060772,Dragonfly,2013,75,"Action,Adventure,Sci-Fi",8.0,13,https://www.imdb.com/title/tt3060772/
tt3107848,Las aventuras de Jesús María Cristóbal Pequeño,2013,\N,Sci-Fi,7.4,13,https://www.imdb.com/title/tt3107848/
tt31728564,True Dark,2024,\N,Sci-Fi,5.3,13,https://www.imdb.com/title/tt31728564/
tt31895134,Taisu Xilie,2024,97,"Animation,Fantasy,Sci-Fi",5.2,13,https://www.imdb.com/title/tt31895134/
tt3313194,Personal Space Invader,2013,71,"Comedy,Horror,Sci-Fi",6.4,13,https://www.imdb.com/title/tt3313194/
tt3373586,A City to Make Me,2015,\N,Sci-Fi,8.8,13,https://www.imdb.com/title/tt3373586/
tt3385874,Nova Express,2009,180,Sci-Fi,7.5,13,https://www.imdb.com/title/tt3385874/
tt3485968,Dreams of Las Vegas,2021,102,"Drama,Sci-Fi,Thriller",7.4,13,https://www.imdb.com/title/tt3485968/
tt35192812,Reset,2024,95,"Drama,Sci-Fi,Thriller",5.2,13,https://www.imdb.com/title/tt35192812/
tt3638334,408,2014,\N,Sci-Fi,2.8,13,https://www.imdb.com/title/tt3638334/
tt3702980,Chronospunk! The Pursuit of Who?,2014,55,"Comedy,Music,Sci-Fi",7.8,13,https://www.imdb.com/title/tt3702980/
tt3740194,Centerfolds from Hell,1992,90,Sci-Fi,2.3,13,https://www.imdb.com/title/tt3740194/
tt37544796,The Best of Aliens Uncovered: Part 1,2025,74,Sci-Fi,8.9,13,https://www.imdb.com/title/tt37544796/
tt37899555,I: Scream- A Minty Musical,2025,\N,"Musical,Sci-Fi",6.6,13,https://www.imdb.com/title/tt37899555/
tt38504822,The Best of Aliens Uncovered: Part 2,2025,73,Sci-Fi,7.3,13,https://www.imdb.com/title/tt38504822/
tt3868518,e-Virus,2015,57,"Sci-Fi,Thriller",5.6,13,https://www.imdb.com/title/tt3868518/
tt38776602,El hombre de la luz,2025,96,Sci-Fi,6.8,13,https://www.imdb.com/title/tt38776602/
tt4170512,Hindi sila tatanda,2014,108,"Comedy,Drama,Sci-Fi",4.6,13,https://www.imdb.com/title/tt4170512/
tt4306342,Thunderhawk 8: Esperman and the Thunderhawk,1993,\N,"Action,Comedy,Sci-Fi",5.6,13,https://www.imdb.com/title/tt4306342/
tt4704522,Trent,2015,74,"Drama,Sci-Fi,Thriller",7.0,13,https://www.imdb.com/title/tt4704522/
tt4985650,Merge,2015,72,"Drama,Sci-Fi",7.4,13,https://www.imdb.com/title/tt4985650/
tt5556058,Tomb,2016,83,"Sci-Fi,Thriller",4.5,13,https://www.imdb.com/title/tt5556058/
tt5821674,Through a Class Darkly,2016,90,"Musical,Sci-Fi",3.7,13,https://www.imdb.com/title/tt5821674/
tt5864562,Fluffy Marky: Vol 1,2016,49,"Drama,Family,Sci-Fi",7.9,13,https://www.imdb.com/title/tt5864562/
tt6452034,Awakening of 12 Strands,2016,\N,Sci-Fi,7.7,13,https://www.imdb.com/title/tt6452034/
tt7127118,Instalado,2017,104,Sci-Fi,8.0,13,https://www.imdb.com/title/tt7127118/
tt7300144,Devil's Got My Back,2018,\N,Sci-Fi,6.7,13,https://www.imdb.com/title/tt7300144/
tt7604986,Minutia,2017,92,"Comedy,Sci-Fi",8.4,13,https://www.imdb.com/title/tt7604986/
tt7789478,Mirror's Edge Catalyst: Alpha,2017,71,Sci-Fi,7.7,13,https://www.imdb.com/title/tt7789478/
tt7917774,Rogue,2018,\N,Sci-Fi,8.1,13,https://www.imdb.com/title/tt7917774/
tt8446174,PentaQuad,2018,85,"Comedy,Sci-Fi",7.0,13,https://www.imdb.com/title/tt8446174/
tt8918562,Not Another Monster Movie,2019,\N,"Comedy,Sci-Fi",5.1,13,https://www.imdb.com/title/tt8918562/
tt8945080,Last Breach,2018,\N,"Action,Drama,Sci-Fi",7.8,13,https://www.imdb.com/title/tt8945080/
tt9189550,Rangeelay Jasoos,1989,145,"Action,Musical,Sci-Fi",5.4,13,https://www.imdb.com/title/tt9189550/
tt0101791,Daedalus,1991,99,"Drama,Sci-Fi",3.9,12,https://www.imdb.com/title/tt0101791/
tt0161448,Compramos gente,1988,\N,Sci-Fi,5.2,12,https://www.imdb.com/title/tt0161448/
tt0188962,Una notte di pioggia,1984,90,"Drama,Sci-Fi",3.2,12,https://www.imdb.com/title/tt0188962/
tt0272742,Nano-Babies,1998,45,"Documentary,Sci-Fi",8.1,12,https://www.imdb.com/title/tt0272742/
tt0347657,The Night Fisherman,2003,\N,"Mystery,Sci-Fi",7.0,12,https://www.imdb.com/title/tt0347657/
tt0426468,Gargaroth,2004,45,"Comedy,Sci-Fi",8.4,12,https://www.imdb.com/title/tt0426468/
tt0768206,Die letzte Droge,2006,80,"Documentary,Mystery,Sci-Fi",7.4,12,https://www.imdb.com/title/tt0768206/
tt10017502,Lost Einstein,2018,48,"Drama,Sci-Fi",5.3,12,https://www.imdb.com/title/tt10017502/
tt10303842,Jimmy Traynor's Alien Parasite,2023,65,Sci-Fi,6.5,12,https://www.imdb.com/title/tt10303842/
tt10332174,Nothing,2019,75,Sci-Fi,8.7,12,https://www.imdb.com/title/tt10332174/
tt10612336,Hawk Warrior of the Wheelzone,2012,90,Sci-Fi,3.6,12,https://www.imdb.com/title/tt10612336/
tt10941362,"I_religeoux, la película",2019,77,Sci-Fi,3.1,12,https://www.imdb.com/title/tt10941362/
tt1119205,Elixir,2007,88,"Comedy,Sci-Fi",8.4,12,https://www.imdb.com/title/tt1119205/
tt11786308,Ironheart,2020,80,"Mystery,Sci-Fi",4.2,12,https://www.imdb.com/title/tt11786308/
tt11865992,Strangeville,2020,\N,Sci-Fi,7.4,12,https://www.imdb.com/title/tt11865992/
tt12010752,Beyond Metal,2010,84,Sci-Fi,2.7,12,https://www.imdb.com/title/tt12010752/
tt12987950,Dust,2020,93,Sci-Fi,7.5,12,https://www.imdb.com/title/tt12987950/
tt13118014,5D,2020,82,Sci-Fi,6.3,12,https://www.imdb.com/title/tt13118014/
tt13254344,White Light,2007,59,"Horror,Mystery,Sci-Fi",5.6,12,https://www.imdb.com/title/tt13254344/
tt1337583,Alieni a Ponte Mammolo,2008,65,Sci-Fi,3.2,12,https://www.imdb.com/title/tt1337583/
tt1374844,CX2: The Movie,2008,87,Sci-Fi,5.3,12,https://www.imdb.com/title/tt1374844/
tt14111120,Jeremiah the Giver,2015,98,"Action,Fantasy,Sci-Fi",6.1,12,https://www.imdb.com/title/tt14111120/
tt14368204,Time,2021,56,Sci-Fi,6.9,12,https://www.imdb.com/title/tt14368204/
tt1437885,Breaking Symmetry,2001,93,Sci-Fi,5.4,12,https://www.imdb.com/title/tt1437885/
tt14478234,A Voyage to Arcturus,2020,161,"Musical,Sci-Fi",8.3,12,https://www.imdb.com/title/tt14478234/
tt14589202,Forestland,2021,\N,"Horror,Sci-Fi,Thriller",7.4,12,https://www.imdb.com/title/tt14589202/
tt15004888,Enosis,2023,59,"Romance,Sci-Fi",7.7,12,https://www.imdb.com/title/tt15004888/
tt15439746,Faggots,2021,76,"Comedy,Drama,Sci-Fi",6.7,12,https://www.imdb.com/title/tt15439746/
tt16377482,Cloud City Chaos,2022,\N,Sci-Fi,7.7,12,https://www.imdb.com/title/tt16377482/
tt16391254,Synapsy,2021,81,Sci-Fi,2.6,12,https://www.imdb.com/title/tt16391254/
tt1717202,Rex Kyro: Mission to Marry,2010,108,"Comedy,Sci-Fi",4.4,12,https://www.imdb.com/title/tt1717202/
tt17371488,The House,2023,82,Sci-Fi,6.2,12,https://www.imdb.com/title/tt17371488/
tt1772877,Generation Last,2012,76,"Action,Sci-Fi,Thriller",6.4,12,https://www.imdb.com/title/tt1772877/
tt1910508,"Black Hole, Wyoming",2011,111,"Comedy,Sci-Fi",9.2,12,https://www.imdb.com/title/tt1910508/
tt2046122,Mirrorman Reflex,2006,110,Sci-Fi,4.6,12,https://www.imdb.com/title/tt2046122/
tt2083160,Counter-Clockwise,2011,\N,"Romance,Sci-Fi",6.0,12,https://www.imdb.com/title/tt2083160/
tt2174571,Human Core,2011,\N,"Reality-TV,Sci-Fi",7.2,12,https://www.imdb.com/title/tt2174571/
tt2275252,Alien in the Park,2011,\N,"Comedy,Sci-Fi",6.8,12,https://www.imdb.com/title/tt2275252/
tt22854790,The Maidroid,2015,75,"Comedy,Sci-Fi",7.4,12,https://www.imdb.com/title/tt22854790/
tt2375435,Project Breakwater,2012,62,"Action,Sci-Fi,Thriller",6.2,12,https://www.imdb.com/title/tt2375435/
tt24260954,Somsri Program B Pee Nee Song Khuap,1993,118,"Comedy,Sci-Fi",7.5,12,https://www.imdb.com/title/tt24260954/
tt24337968,Sathur,2024,\N,"Action,Sci-Fi,Thriller",6.1,12,https://www.imdb.com/title/tt24337968/
tt2461008,Protocolo 48: El experimento final,2012,\N,"Comedy,Sci-Fi",4.2,12,https://www.imdb.com/title/tt2461008/
tt2628430,Cold Dark Mirror,2015,85,"Action,Adventure,Sci-Fi",5.8,12,https://www.imdb.com/title/tt2628430/
tt26697836,The End of Humanity,2006,86,Sci-Fi,5.6,12,https://www.imdb.com/title/tt26697836/
tt26733855,#SHE,2018,95,"Horror,Sci-Fi",3.1,12,https://www.imdb.com/title/tt26733855/
tt27072720,Hardline 2nd Term,2022,84,Sci-Fi,3.2,12,https://www.imdb.com/title/tt27072720/
tt29270922,Fifteen Children Space Adventure,1980,80,"Adventure,Animation,Sci-Fi",4.0,12,https://www.imdb.com/title/tt29270922/
tt30061610,"Everything, Everywhere",2023,88,Sci-Fi,4.2,12,https://www.imdb.com/title/tt30061610/
tt3074366,Harvest Moon,2013,97,"Adventure,Romance,Sci-Fi",7.5,12,https://www.imdb.com/title/tt3074366/
tt31122376,Dallos Special,1985,83,"Animation,Fantasy,Sci-Fi",6.0,12,https://www.imdb.com/title/tt31122376/
tt31492821,Zen Fist,2024,45,"Action,Comedy,Sci-Fi",7.2,12,https://www.imdb.com/title/tt31492821/
tt3158882,The Quantum Suicide of Sophie Miller,2013,84,"Drama,Romance,Sci-Fi",6.5,12,https://www.imdb.com/title/tt3158882/
tt32560361,The Shaman's Daughter,2021,139,"Drama,Sci-Fi",6.0,12,https://www.imdb.com/title/tt32560361/
tt32909353,The Legend of the Galactic Heroes: Die Neue These Collision 3,2022,95,"Animation,Sci-Fi",6.2,12,https://www.imdb.com/title/tt32909353/
tt3335556,The Motherhood Archives,2013,91,"Documentary,Sci-Fi",7.3,12,https://www.imdb.com/title/tt3335556/
tt33371517,Personal Reset,2024,\N,Sci-Fi,8.2,12,https://www.imdb.com/title/tt33371517/
tt3427276,Stormy Tempest: Fight for the Future,2013,85,Sci-Fi,6.4,12,https://www.imdb.com/title/tt3427276/
tt34359650,Zombucha!,2025,\N,"Comedy,Sci-Fi",7.2,12,https://www.imdb.com/title/tt34359650/
tt34741969,Ondskapens Land,2005,66,"Fantasy,Horror,Sci-Fi",7.0,12,https://www.imdb.com/title/tt34741969/
tt35272016,Lensman: Power of the Lens,1987,100,"Action,Animation,Sci-Fi",5.8,12,https://www.imdb.com/title/tt35272016/
tt35355347,Moon Ghost: Tales from the UnderMoon,2025,90,"Comedy,Horror,Sci-Fi",7.0,12,https://www.imdb.com/title/tt35355347/
tt3894528,11:11,2015,60,"Drama,Music,Sci-Fi",6.0,12,https://www.imdb.com/title/tt3894528/
tt4008584,Evolutionary,2021,\N,"Action,Sci-Fi",5.5,12,https://www.imdb.com/title/tt4008584/
tt4211766,Creatures,2015,\N,Sci-Fi,4.6,12,https://www.imdb.com/title/tt4211766/
tt4423700,After Armageddon,2016,90,"Adventure,Sci-Fi",8.7,12,https://www.imdb.com/title/tt4423700/
tt4600776,Sankofa,2014,77,Sci-Fi,6.9,12,https://www.imdb.com/title/tt4600776/
tt4610490,Space Pirates,2014,55,Sci-Fi,8.0,12,https://www.imdb.com/title/tt4610490/
tt4729320,Breathe Easy,2017,83,Sci-Fi,6.9,12,https://www.imdb.com/title/tt4729320/
tt6330436,Antaries,2019,45,Sci-Fi,6.0,12,https://www.imdb.com/title/tt6330436/
tt6449020,Happy Heroes 2,2014,85,"Action,Animation,Sci-Fi",7.4,12,https://www.imdb.com/title/tt6449020/
tt6882518,Ghost of the Night,2018,45,"Crime,Horror,Sci-Fi",6.0,12,https://www.imdb.com/title/tt6882518/
tt7172436,Failure,2017,\N,Sci-Fi,8.0,12,https://www.imdb.com/title/tt7172436/
tt9603470,El hijo del hombre perseguido por un O.V.N.I.,2020,105,Sci-Fi,6.8,12,https://www.imdb.com/title/tt9603470/
tt0311577,Neveroyatnyy sluchay,1989,68,"Comedy,Sci-Fi",5.8,11,https://www.imdb.com/title/tt0311577/
tt10261878,Kapsul,2015,100,"Adventure,History,Sci-Fi",6.5,11,https://www.imdb.com/title/tt10261878/
tt10274124,Mutiny of the Red Water,2021,98,"Adventure,Animation,Sci-Fi",8.0,11,https://www.imdb.com/title/tt10274124/
tt10378618,Yamata no Orochi no Gyakushu,1985,72,Sci-Fi,6.8,11,https://www.imdb.com/title/tt10378618/
tt10991672,Uncanny Harbor,2020,\N,"Horror,Sci-Fi,Thriller",6.8,11,https://www.imdb.com/title/tt10991672/
tt11434668,Forevers 2: Age of Teeth,2021,179,"Adventure,Animation,Sci-Fi",6.8,11,https://www.imdb.com/title/tt11434668/
tt11841094,Neighbours,2022,\N,Sci-Fi,5.9,11,https://www.imdb.com/title/tt11841094/
tt12649014,Terminator 5: Smert Gollivuda,2004,102,"Action,Comedy,Sci-Fi",6.8,11,https://www.imdb.com/title/tt12649014/
tt13803242,The Last One,2021,90,Sci-Fi,8.6,11,https://www.imdb.com/title/tt13803242/
tt13995274,Gujikjadeul,2020,83,"Drama,Sci-Fi",5.6,11,https://www.imdb.com/title/tt13995274/
tt1440339,The Thin Time,2006,80,Sci-Fi,6.0,11,https://www.imdb.com/title/tt1440339/
tt1464008,Clear,2007,74,"Drama,Sci-Fi",4.3,11,https://www.imdb.com/title/tt1464008/
tt1540764,Anomaly,2010,71,Sci-Fi,7.4,11,https://www.imdb.com/title/tt1540764/
tt1541881,Terrestrials,2010,83,"Documentary,History,Sci-Fi",7.0,11,https://www.imdb.com/title/tt1541881/
tt15513360,Tedor Anomaly,2023,76,Sci-Fi,3.4,11,https://www.imdb.com/title/tt15513360/
tt15526446,Starship Farragut Homecoming,2021,50,Sci-Fi,6.8,11,https://www.imdb.com/title/tt15526446/
tt15675302,84 Taekwon V,1984,78,"Animation,Sci-Fi",3.0,11,https://www.imdb.com/title/tt15675302/
tt16277316,Project Atlantis,2022,\N,Sci-Fi,5.0,11,https://www.imdb.com/title/tt16277316/
tt1906474,The Devil's Window,2010,76,"Horror,Sci-Fi",5.6,11,https://www.imdb.com/title/tt1906474/
tt19830988,UFOs: Earth's Closest Encounters,2021,59,"Documentary,Sci-Fi",4.5,11,https://www.imdb.com/title/tt19830988/
tt2094975,The Wonderland Express,2011,76,"Comedy,Drama,Sci-Fi",6.5,11,https://www.imdb.com/title/tt2094975/
tt21294654,Stardew Xeno,2021,\N,Sci-Fi,7.8,11,https://www.imdb.com/title/tt21294654/
tt21816436,Doraemon: Robot War,1983,\N,Sci-Fi,7.0,11,https://www.imdb.com/title/tt21816436/
tt21917230,Calamity,2022,139,Sci-Fi,7.2,11,https://www.imdb.com/title/tt21917230/
tt21970952,The Cogitators,2017,97,"Sci-Fi,Thriller",7.4,11,https://www.imdb.com/title/tt21970952/
tt22062826,Captain Corpse,2024,105,Sci-Fi,7.6,11,https://www.imdb.com/title/tt22062826/
tt23038682,Down for the Count,2024,50,"Horror,Sci-Fi",3.3,11,https://www.imdb.com/title/tt23038682/
tt2313245,In Carcosa,2012,88,"Drama,Fantasy,Sci-Fi",7.0,11,https://www.imdb.com/title/tt2313245/
tt2347698,Demon God,2012,92,"Action,Fantasy,Sci-Fi",7.2,11,https://www.imdb.com/title/tt2347698/
tt24132268,Fafner: Behind the Line,2023,54,"Animation,Fantasy,Sci-Fi",5.8,11,https://www.imdb.com/title/tt24132268/
tt25177738,Abandoned Creatures,2022,83,"Adventure,Mystery,Sci-Fi",8.0,11,https://www.imdb.com/title/tt25177738/
tt25385294,Varanus Priscus,2021,85,"Sci-Fi,Thriller",4.4,11,https://www.imdb.com/title/tt25385294/
tt26624134,H010N,2024,\N,Sci-Fi,6.7,11,https://www.imdb.com/title/tt26624134/
tt27034936,The Evil Alfred,2022,\N,Sci-Fi,7.5,11,https://www.imdb.com/title/tt27034936/
tt27642270,Art e Fact,2025,\N,"Drama,Mystery,Sci-Fi",8.0,11,https://www.imdb.com/title/tt27642270/
tt28477756,Space-Time Perverted Virgin 2,2023,71,"Comedy,Fantasy,Sci-Fi",4.2,11,https://www.imdb.com/title/tt28477756/
tt28486381,Fragmentos de Olvido,2024,94,"Mystery,Sci-Fi,Thriller",5.6,11,https://www.imdb.com/title/tt28486381/
tt28498626,Superno,2021,\N,"Sci-Fi,Thriller",6.5,11,https://www.imdb.com/title/tt28498626/
tt29346552,Sangi-Gai,2023,\N,"Adventure,Sci-Fi",7.2,11,https://www.imdb.com/title/tt29346552/
tt29485210,Death Cleaning,2023,89,"Comedy,Drama,Sci-Fi",7.2,11,https://www.imdb.com/title/tt29485210/
tt3072114,This Is Why We Fight,2013,99,"Drama,Sci-Fi",5.3,11,https://www.imdb.com/title/tt3072114/
tt3096442,The Soulless,2014,450,"Horror,Sci-Fi",7.6,11,https://www.imdb.com/title/tt3096442/
tt31066103,PW V: Tears of the Fallen,2024,60,"Action,Adventure,Sci-Fi",8.2,11,https://www.imdb.com/title/tt31066103/
tt32909363,Legend of the Galactic Heroes: Die Neue These - Intrigue 1,2022,100,"Animation,Sci-Fi",6.7,11,https://www.imdb.com/title/tt32909363/
tt3337212,All Tomorrow's Children,2017,48,"Drama,Sci-Fi,Thriller",6.2,11,https://www.imdb.com/title/tt3337212/
tt34641011,Mama,2024,100,"Adventure,Drama,Sci-Fi",8.7,11,https://www.imdb.com/title/tt34641011/
tt35227408,The Clashing Elements: Saviors of the Multiverse,2024,91,"Comedy,Musical,Sci-Fi",7.2,11,https://www.imdb.com/title/tt35227408/
tt35971942,The Sanctum,2024,50,Sci-Fi,8.1,11,https://www.imdb.com/title/tt35971942/
tt38876183,Azimuth,2025,\N,"Action,Sci-Fi",8.4,11,https://www.imdb.com/title/tt38876183/
tt4010858,The Future Hero,1997,92,"Action,Sci-Fi",6.7,11,https://www.imdb.com/title/tt4010858/
tt4277518,The Hybrid: Nue no ko,2015,83,"Action,Fantasy,Sci-Fi",7.0,11,https://www.imdb.com/title/tt4277518/
tt5284698,Vtoraya Zemlya,2015,70,"Action,Adventure,Sci-Fi",4.4,11,https://www.imdb.com/title/tt5284698/
tt5593838,B.C.,2013,90,"Horror,Sci-Fi",5.0,11,https://www.imdb.com/title/tt5593838/
tt5732296,The Man with the Golden Hand,2014,79,Sci-Fi,8.4,11,https://www.imdb.com/title/tt5732296/
tt5790928,Sputnik planety Uran,1990,91,Sci-Fi,3.9,11,https://www.imdb.com/title/tt5790928/
tt6936264,Prioni,2017,103,"Horror,Sci-Fi",5.4,11,https://www.imdb.com/title/tt6936264/
tt8742120,RGB,2018,\N,Sci-Fi,6.3,11,https://www.imdb.com/title/tt8742120/
tt8873706,Carbon Copy,2017,88,Sci-Fi,8.0,11,https://www.imdb.com/title/tt8873706/
tt8877104,The Cookbook,2018,83,"Mystery,Sci-Fi",5.5,11,https://www.imdb.com/title/tt8877104/
tt9377748,Monica in Trance,2018,75,Sci-Fi,6.7,11,https://www.imdb.com/title/tt9377748/
tt9869228,Star Trek: Dark Horizon,2015,89,Sci-Fi,3.7,11,https://www.imdb.com/title/tt9869228/
tt0112254,2040: Possibilities by Edward de Bono,1995,98,"Documentary,Sci-Fi",5.8,10,https://www.imdb.com/title/tt0112254/
tt0230912,Uchu kamotsusen Remunanto 6,1996,45,Sci-Fi,7.8,10,https://www.imdb.com/title/tt0230912/
tt0232473,Proibito baciare,2000,77,Sci-Fi,6.0,10,https://www.imdb.com/title/tt0232473/
tt11310098,Space Bangers,2020,88,"Comedy,Sci-Fi",8.2,10,https://www.imdb.com/title/tt11310098/
tt11380046,The Battle for Jericho,2019,75,Sci-Fi,6.3,10,https://www.imdb.com/title/tt11380046/
tt11695082,Arkki,2019,107,Sci-Fi,6.7,10,https://www.imdb.com/title/tt11695082/
tt11718590,Fighting Chupacabra and cartel in Mexico,2020,58,Sci-Fi,6.2,10,https://www.imdb.com/title/tt11718590/
tt11749852,Stem Cells: The Secret to Immortality,2020,46,"Documentary,Sci-Fi",1.8,10,https://www.imdb.com/title/tt11749852/
tt12215330,24 Hours,2021,57,"Drama,Sci-Fi",8.3,10,https://www.imdb.com/title/tt12215330/
tt13920588,The Invisible Doctor,1991,94,"Crime,Drama,Sci-Fi",6.0,10,https://www.imdb.com/title/tt13920588/
tt14124026,Karla,2019,63,Sci-Fi,3.6,10,https://www.imdb.com/title/tt14124026/
tt14224570,Turn Back Night,2021,71,"Drama,Romance,Sci-Fi",4.0,10,https://www.imdb.com/title/tt14224570/
tt14404970,False Front,2024,120,"Sci-Fi,Thriller",6.3,10,https://www.imdb.com/title/tt14404970/
tt17887614,The Edge of Human,2022,48,Sci-Fi,5.5,10,https://www.imdb.com/title/tt17887614/
tt1813458,The Last Survivors,2015,85,"Drama,Mystery,Sci-Fi",4.8,10,https://www.imdb.com/title/tt1813458/
tt1935263,The Darkest Matter,2011,66,"Sci-Fi,Thriller",5.6,10,https://www.imdb.com/title/tt1935263/
tt1950373,Sturmaz (Acto y tempestad),2011,\N,Sci-Fi,7.2,10,https://www.imdb.com/title/tt1950373/
tt21156088,1994,2021,\N,"Fantasy,Mystery,Sci-Fi",7.3,10,https://www.imdb.com/title/tt21156088/
tt21364938,"Wake Up, Wendy!",2022,79,"Comedy,Romance,Sci-Fi",6.5,10,https://www.imdb.com/title/tt21364938/
tt21602764,Christmas Mouse,2022,102,"Adventure,Comedy,Sci-Fi",8.5,10,https://www.imdb.com/title/tt21602764/
tt25806370,Counterclockwise,2023,\N,Sci-Fi,8.0,10,https://www.imdb.com/title/tt25806370/
tt26685303,Population 2 the Director's Cut,2023,110,Sci-Fi,7.2,10,https://www.imdb.com/title/tt26685303/
tt2669712,There Will Be Some Who Will Not Fear Even That Void,2013,54,"Documentary,Sci-Fi",5.6,10,https://www.imdb.com/title/tt2669712/
tt28477688,Space-Time Perverted Virgin,2022,74,"Fantasy,Sci-Fi",3.2,10,https://www.imdb.com/title/tt28477688/
tt28607697,Toumei Hentai Ningen: 60bu no hiyaku,2014,74,"Comedy,Sci-Fi",8.4,10,https://www.imdb.com/title/tt28607697/
tt31789179,2049+jue chu feng sheng,2021,73,"Animation,Sci-Fi",4.6,10,https://www.imdb.com/title/tt31789179/
tt32986426,In the Realm of Ripley,2024,50,"Mystery,Sci-Fi,Thriller",8.2,10,https://www.imdb.com/title/tt32986426/
tt33034367,Man vs Phone,2024,86,Sci-Fi,6.2,10,https://www.imdb.com/title/tt33034367/
tt3335770,Der Imagonaut,2014,48,Sci-Fi,8.8,10,https://www.imdb.com/title/tt3335770/
tt3472862,Synchronicity,2021,\N,Sci-Fi,4.1,10,https://www.imdb.com/title/tt3472862/
tt34986076,Demons vs. Ghosts,2024,92,"Horror,Mystery,Sci-Fi",7.6,10,https://www.imdb.com/title/tt34986076/
tt35198141,Silent Island: Strange Beasts,2024,\N,"Action,Sci-Fi",3.6,10,https://www.imdb.com/title/tt35198141/
tt36444931,GALATEA,2025,83,"Drama,Sci-Fi",4.5,10,https://www.imdb.com/title/tt36444931/
tt36959438,The Chronophage Island,2025,70,"Horror,Sci-Fi",7.6,10,https://www.imdb.com/title/tt36959438/
tt37305218,Blue Skies on Mars,2025,\N,"Drama,Romance,Sci-Fi",5.2,10,https://www.imdb.com/title/tt37305218/
tt38999735,The Alien Next Door,2025,103,"Comedy,Romance,Sci-Fi",7.8,10,https://www.imdb.com/title/tt38999735/
tt39310757,Codigo Rosetta,2025,93,Sci-Fi,2.1,10,https://www.imdb.com/title/tt39310757/
tt4487262,The Follow,2004,\N,Sci-Fi,5.8,10,https://www.imdb.com/title/tt4487262/
tt4708624,Programmed Series: Aznek,2019,\N,"Action,Mystery,Sci-Fi",8.1,10,https://www.imdb.com/title/tt4708624/
tt5321356,In Search of Life,2016,132,"Adventure,Drama,Sci-Fi",7.0,10,https://www.imdb.com/title/tt5321356/
tt5554126,Emocean,2015,68,Sci-Fi,8.3,10,https://www.imdb.com/title/tt5554126/
tt6417620,Caçadores de Espécies e o Símbolo Secreto,2013,70,"Action,Mystery,Sci-Fi",6.0,10,https://www.imdb.com/title/tt6417620/
tt7073634,Hirviökoneet,2015,54,"Action,Sci-Fi",8.0,10,https://www.imdb.com/title/tt7073634/
tt7224724,Snow the Snow Wite Film,2016,\N,Sci-Fi,6.8,10,https://www.imdb.com/title/tt7224724/
tt7316578,Torinoko City,2017,70,"Drama,Sci-Fi",5.3,10,https://www.imdb.com/title/tt7316578/
tt8147030,World War Mud,1982,55,"Action,Horror,Sci-Fi",5.6,10,https://www.imdb.com/title/tt8147030/
tt8483170,Public Axis 3000,2019,65,"Comedy,Sci-Fi",8.2,10,https://www.imdb.com/title/tt8483170/
tt8598200,El Expediente Atlimeyaya,2018,\N,Sci-Fi,4.5,10,https://www.imdb.com/title/tt8598200/
tt0229567,McAllister Affair: The Gathering,2002,70,"Drama,Sci-Fi",8.4,9,https://www.imdb.com/title/tt0229567/
tt0352456,Jaithra Yaathra,1987,\N,Sci-Fi,8.4,9,https://www.imdb.com/title/tt0352456/
tt0427812,The Trio Stars,1991,\N,"Family,Sci-Fi",8.0,9,https://www.imdb.com/title/tt0427812/
tt10293878,Monster Mayhem,2017,83,"Sci-Fi,Thriller",4.3,9,https://www.imdb.com/title/tt10293878/
tt10327176,Doppelgänger,2019,\N,Sci-Fi,6.6,9,https://www.imdb.com/title/tt10327176/
tt10441304,Lapse,2019,82,"Fantasy,Sci-Fi,Thriller",5.1,9,https://www.imdb.com/title/tt10441304/
tt10623866,Mathius Marvellous Shop,2019,94,"Comedy,Fantasy,Sci-Fi",5.9,9,https://www.imdb.com/title/tt10623866/
tt12088246,Sunfall,2020,52,"Horror,Sci-Fi",6.0,9,https://www.imdb.com/title/tt12088246/
tt12145186,2001 Inventor,1991,\N,Sci-Fi,5.2,9,https://www.imdb.com/title/tt12145186/
tt12537572,Another Day Closer to the Sun,2020,65,"Drama,Sci-Fi",6.4,9,https://www.imdb.com/title/tt12537572/
tt12539226,Ek Kassh,2018,52,"Drama,Sci-Fi",8.2,9,https://www.imdb.com/title/tt12539226/
tt13167512,EVE,2021,88,"Adventure,Drama,Sci-Fi",7.7,9,https://www.imdb.com/title/tt13167512/
tt14182090,The Red Queen,2025,94,"Sci-Fi,Thriller",8.5,9,https://www.imdb.com/title/tt14182090/
tt14695534,Terror from Beyond Beyond,2021,\N,"Comedy,Sci-Fi",6.6,9,https://www.imdb.com/title/tt14695534/
tt1489146,Brain Wave,2005,\N,Sci-Fi,4.4,9,https://www.imdb.com/title/tt1489146/
tt14892008,Nova,2019,110,Sci-Fi,5.3,9,https://www.imdb.com/title/tt14892008/
tt15557994,Rabbids Escape,2021,\N,"Action,Sci-Fi",8.0,9,https://www.imdb.com/title/tt15557994/
tt15678602,Lamp the Movie (That Really Shouldn't Exist); *A Dracula Film,2021,77,"Comedy,Fantasy,Sci-Fi",5.8,9,https://www.imdb.com/title/tt15678602/
tt15773174,Algorhythmics,2022,82,Sci-Fi,3.2,9,https://www.imdb.com/title/tt15773174/
tt17072218,Planet Void,2015,55,Sci-Fi,3.8,9,https://www.imdb.com/title/tt17072218/
tt1863235,Fatal Glitch,2007,71,"Comedy,Sci-Fi",7.8,9,https://www.imdb.com/title/tt1863235/
tt1929312,Miljardi vuotta ennen maailmanloppua,1986,130,Sci-Fi,4.6,9,https://www.imdb.com/title/tt1929312/
tt21154958,Inexistentia,2022,106,"Sci-Fi,Thriller",5.2,9,https://www.imdb.com/title/tt21154958/
tt22199976,"Die, Daisy, Die!",2024,90,Sci-Fi,4.0,9,https://www.imdb.com/title/tt22199976/
tt27613870,Doom Zone,2023,119,"Action,Horror,Sci-Fi",6.1,9,https://www.imdb.com/title/tt27613870/
tt27722822,Lars Shrike Walks the Night,2024,\N,Sci-Fi,5.8,9,https://www.imdb.com/title/tt27722822/
tt28330796,Pandemic,2022,85,Sci-Fi,6.4,9,https://www.imdb.com/title/tt28330796/
tt28482462,T.A.S.,2023,75,"Sci-Fi,Thriller",8.7,9,https://www.imdb.com/title/tt28482462/
tt28665183,The Antarctic Octopus,2023,86,"Action,Horror,Sci-Fi",6.4,9,https://www.imdb.com/title/tt28665183/
tt30255375,GG Bond: Diary of Dinosaurs,2021,83,"Adventure,Animation,Sci-Fi",4.4,9,https://www.imdb.com/title/tt30255375/
tt3202448,Caihong City,2025,\N,Sci-Fi,5.6,9,https://www.imdb.com/title/tt3202448/
tt32319512,A Cápsula,2024,92,Sci-Fi,6.3,9,https://www.imdb.com/title/tt32319512/
tt32909366,Legend of the Galactic Heroes: Die Neue These - Intrigue 3,2022,95,"Animation,Sci-Fi",6.6,9,https://www.imdb.com/title/tt32909366/
tt33057354,The Truth on Sendai City,2024,73,Sci-Fi,5.3,9,https://www.imdb.com/title/tt33057354/
tt33131123,The Suit,2024,90,"Drama,Sci-Fi",4.6,9,https://www.imdb.com/title/tt33131123/
tt33305427,The Bear,2025,124,"Action,Comedy,Sci-Fi",6.4,9,https://www.imdb.com/title/tt33305427/
tt35086461,Redneck Mutants,2023,73,Sci-Fi,2.8,9,https://www.imdb.com/title/tt35086461/
tt37674593,Trashcans of Terror,1985,72,"Horror,Sci-Fi",6.4,9,https://www.imdb.com/title/tt37674593/
tt37823371,ResiduuM,2025,103,"Action,Sci-Fi,Thriller",9.0,9,https://www.imdb.com/title/tt37823371/
tt37971109,Spying Stars,2025,99,"Drama,Sci-Fi",5.7,9,https://www.imdb.com/title/tt37971109/
tt38934045,An Empire in Peril,2025,55,Sci-Fi,8.6,9,https://www.imdb.com/title/tt38934045/
tt3920386,Iashmiir Official Version,2014,84,"Action,Sci-Fi",3.5,9,https://www.imdb.com/title/tt3920386/
tt6360858,Werewolves from Outer Space,2017,\N,Sci-Fi,5.5,9,https://www.imdb.com/title/tt6360858/
tt6365758,The Other Side of the Lake the Purple Girl: Episode V - Battle in the Sky,2017,\N,Sci-Fi,7.2,9,https://www.imdb.com/title/tt6365758/
tt7206910,Symphony in Blue,2017,70,"Crime,Drama,Sci-Fi",6.0,9,https://www.imdb.com/title/tt7206910/
tt7235806,Dead Grid,2017,105,"Action,Sci-Fi",8.6,9,https://www.imdb.com/title/tt7235806/
tt7383790,Arrows of Time,2017,\N,Sci-Fi,8.6,9,https://www.imdb.com/title/tt7383790/
tt8298154,Alienígenas,2017,80,Sci-Fi,7.9,9,https://www.imdb.com/title/tt8298154/
tt8304434,Agilem eli fragmentteja Pään elämästä,2018,57,Sci-Fi,7.0,9,https://www.imdb.com/title/tt8304434/
tt8782690,Atrophy,2018,106,Sci-Fi,7.8,9,https://www.imdb.com/title/tt8782690/
tt9477056,Pitasakwala Abirahasa,2011,108,"Fantasy,Horror,Sci-Fi",6.0,9,https://www.imdb.com/title/tt9477056/
tt10724166,The Other Side of Infinity,2024,96,Sci-Fi,6.2,8,https://www.imdb.com/title/tt10724166/
tt11477602,Cosmic,2019,49,Sci-Fi,4.4,8,https://www.imdb.com/title/tt11477602/
tt11665966,Los visitados,2024,\N,"Horror,Mystery,Sci-Fi",7.6,8,https://www.imdb.com/title/tt11665966/
tt11686600,Chetvertaya stena,2020,110,"Drama,Sci-Fi",4.5,8,https://www.imdb.com/title/tt11686600/
tt12235940,Seventh,2020,\N,"Drama,Mystery,Sci-Fi",7.0,8,https://www.imdb.com/title/tt12235940/
tt13021712,The Age of Genesis,2020,131,Sci-Fi,7.3,8,https://www.imdb.com/title/tt13021712/
tt13201882,Dalì 2021,2021,75,"Fantasy,Sci-Fi",8.6,8,https://www.imdb.com/title/tt13201882/
tt13408954,Dark Zone,2015,62,"Sci-Fi,Thriller",5.4,8,https://www.imdb.com/title/tt13408954/
tt13654580,Vaginator: Dawn of the Bitches,2018,49,"Action,Comedy,Sci-Fi",7.0,8,https://www.imdb.com/title/tt13654580/
tt14689798,The Wheel of Heaven,2023,105,Sci-Fi,3.9,8,https://www.imdb.com/title/tt14689798/
tt15190496,Merciless Light,2021,\N,"Drama,Sci-Fi",3.0,8,https://www.imdb.com/title/tt15190496/
tt15520726,Blood of the Covenant,2022,\N,Sci-Fi,7.2,8,https://www.imdb.com/title/tt15520726/
tt17350136,Seji,2020,\N,Sci-Fi,7.8,8,https://www.imdb.com/title/tt17350136/
tt19714242,SI-BO,2025,55,"Action,Sci-Fi",9.0,8,https://www.imdb.com/title/tt19714242/
tt20416562,Lake Monster,2023,90,Sci-Fi,5.2,8,https://www.imdb.com/title/tt20416562/
tt21837294,Aquarel the Movie,2022,85,"Comedy,Musical,Sci-Fi",7.2,8,https://www.imdb.com/title/tt21837294/
tt21949556,Tilae Kon Basa,2022,120,Sci-Fi,8.2,8,https://www.imdb.com/title/tt21949556/
tt22497950,S-Girl,2022,108,"Drama,Sci-Fi",5.6,8,https://www.imdb.com/title/tt22497950/
tt27002983,Godzilla: Across the Multiverse,2022,49,"Action,Animation,Sci-Fi",6.6,8,https://www.imdb.com/title/tt27002983/
tt27077697,Hell Toupee,2021,75,"Animation,Comedy,Sci-Fi",5.6,8,https://www.imdb.com/title/tt27077697/
tt27410822,Hope Circle,2023,\N,"Drama,Sci-Fi",8.5,8,https://www.imdb.com/title/tt27410822/
tt27850600,Ho provato un acido proveniente dallo spazio,2023,69,"Animation,Horror,Sci-Fi",7.0,8,https://www.imdb.com/title/tt27850600/
tt28607629,Toumei Hentai Ningen,2013,74,"Comedy,Sci-Fi",5.6,8,https://www.imdb.com/title/tt28607629/
tt29348391,The Future Soul,2024,130,"Drama,Sci-Fi",9.0,8,https://www.imdb.com/title/tt29348391/
tt31828762,The Divinity of a City,2024,64,Sci-Fi,6.0,8,https://www.imdb.com/title/tt31828762/
tt31861943,The Jump,2024,45,"Drama,Sci-Fi",8.3,8,https://www.imdb.com/title/tt31861943/
tt32868949,Roboman the Movie,2024,\N,"Family,Sci-Fi",6.3,8,https://www.imdb.com/title/tt32868949/
tt32909350,The Legend of the Galactic Heroes: Die Neue These Collision 2,2022,100,"Animation,Sci-Fi",5.4,8,https://www.imdb.com/title/tt32909350/
tt32909365,Legend of the Galactic Heroes: Die Neue These - Intrigue 2,2022,95,"Animation,Sci-Fi",6.4,8,https://www.imdb.com/title/tt32909365/
tt33087557,Jim vs the Future,2025,\N,"Drama,Romance,Sci-Fi",7.2,8,https://www.imdb.com/title/tt33087557/
tt33256622,Fallen Star,2025,\N,"Drama,Horror,Sci-Fi",8.7,8,https://www.imdb.com/title/tt33256622/
tt3411580,Aurora,2015,107,"Drama,Sci-Fi",6.0,8,https://www.imdb.com/title/tt3411580/
tt34286482,Bob's Hops,2024,90,"Comedy,Fantasy,Sci-Fi",7.5,8,https://www.imdb.com/title/tt34286482/
tt34382702,Neun Metro,2024,\N,Sci-Fi,8.4,8,https://www.imdb.com/title/tt34382702/
tt34657012,Gostya iz kosmosa,2024,70,"Adventure,Sci-Fi",8.7,8,https://www.imdb.com/title/tt34657012/
tt36387391,Welcome to Praeris,2025,65,"Horror,Sci-Fi,Thriller",4.8,8,https://www.imdb.com/title/tt36387391/
tt38453463,Benji IG: The Movie,2025,142,"Action,Comedy,Sci-Fi",6.0,8,https://www.imdb.com/title/tt38453463/
tt38580066,Centopeia,2008,80,Sci-Fi,8.5,8,https://www.imdb.com/title/tt38580066/
tt4018322,Abductee,2024,102,"Horror,Sci-Fi,Thriller",6.2,8,https://www.imdb.com/title/tt4018322/
tt4147978,M-Theory,2014,48,"Sci-Fi,Thriller",7.8,8,https://www.imdb.com/title/tt4147978/
tt5481128,The Code,2014,\N,"Action,Adventure,Sci-Fi",8.6,8,https://www.imdb.com/title/tt5481128/
tt5597690,Zero Crash,2016,90,"Comedy,Musical,Sci-Fi",6.8,8,https://www.imdb.com/title/tt5597690/
tt5673816,Spelonk,2024,\N,Sci-Fi,4.0,8,https://www.imdb.com/title/tt5673816/
tt6646898,Amar Kahini,1993,154,"Action,Adventure,Sci-Fi",6.0,8,https://www.imdb.com/title/tt6646898/
tt7167192,The Chorus,2018,170,Sci-Fi,6.0,8,https://www.imdb.com/title/tt7167192/
tt7238958,Prioni II,2018,\N,"Horror,Sci-Fi",4.3,8,https://www.imdb.com/title/tt7238958/
tt7319080,Stringer,2004,\N,Sci-Fi,3.6,8,https://www.imdb.com/title/tt7319080/
tt7776316,Star Wars: The World Invasion,2019,80,Sci-Fi,5.2,8,https://www.imdb.com/title/tt7776316/
tt13142704,War of the Worlds,2020,\N,Sci-Fi,3.6,7,https://www.imdb.com/title/tt13142704/
tt13332634,Grandfather's Century,2020,\N,Sci-Fi,6.4,7,https://www.imdb.com/title/tt13332634/
tt14029890,Super Nova,2020,108,Sci-Fi,4.0,7,https://www.imdb.com/title/tt14029890/
tt14529024,Lo que pudo ser 2084,2021,141,Sci-Fi,7.6,7,https://www.imdb.com/title/tt14529024/
tt15618058,"Akai Shouzou: Char, Soshite Frontal e",2010,98,Sci-Fi,4.2,7,https://www.imdb.com/title/tt15618058/
tt18400496,Plissken,2021,76,"Action,Sci-Fi",9.3,7,https://www.imdb.com/title/tt18400496/
tt20357062,Fahrenheit 451,2022,55,Sci-Fi,6.4,7,https://www.imdb.com/title/tt20357062/
tt21151694,Diario de la Niebla,2016,\N,Sci-Fi,6.6,7,https://www.imdb.com/title/tt21151694/
tt21299932,Cyber Lady,1998,\N,Sci-Fi,7.6,7,https://www.imdb.com/title/tt21299932/
tt27384754,Bigoli Bang,2024,95,"Mystery,Sci-Fi,Thriller",7.5,7,https://www.imdb.com/title/tt27384754/
tt27931170,The Boy Who Counted Cars,2024,\N,"Drama,Romance,Sci-Fi",6.8,7,https://www.imdb.com/title/tt27931170/
tt32394367,No Budget Theater Double Feature,2024,97,"Comedy,Horror,Sci-Fi",2.6,7,https://www.imdb.com/title/tt32394367/
tt34651655,Voltus 5,1983,75,"Action,Animation,Sci-Fi",5.6,7,https://www.imdb.com/title/tt34651655/
tt35323316,La fin de l'Âge de fer,2025,78,Sci-Fi,8.5,7,https://www.imdb.com/title/tt35323316/
tt35728629,Fake Out Fray 2: Phantom Phase,2025,64,Sci-Fi,6.6,7,https://www.imdb.com/title/tt35728629/
tt36770980,DoorN°7,2025,\N,"Adventure,Sci-Fi,Thriller",8.4,7,https://www.imdb.com/title/tt36770980/
tt37344908,Korenovy vezen,2025,\N,"Comedy,Horror,Sci-Fi",7.8,7,https://www.imdb.com/title/tt37344908/
tt38514380,Bastardos radioactivos del apocalipsis mutante,2025,70,"Action,Sci-Fi",8.2,7,https://www.imdb.com/title/tt38514380/
tt6416112,Everything Happens at Once,2024,79,"Comedy,Sci-Fi",3.4,7,https://www.imdb.com/title/tt6416112/
tt6524276,Billy's Got a Bad Brain,2017,76,"Comedy,Horror,Sci-Fi",6.4,7,https://www.imdb.com/title/tt6524276/
tt6742210,Sufferosa,2010,\N,Sci-Fi,6.6,7,https://www.imdb.com/title/tt6742210/
tt8135316,Bloggers,2017,75,Sci-Fi,7.2,7,https://www.imdb.com/title/tt8135316/
tt9758500,The Juniors y La Fórmula Imperial,2023,\N,"Comedy,Fantasy,Sci-Fi",1.3,7,https://www.imdb.com/title/tt9758500/
tt11307362,Circle of Lerel,2019,60,"Comedy,Fantasy,Sci-Fi",6.4,6,https://www.imdb.com/title/tt11307362/
tt31326084,Tin: Parabiosis,2024,90,Sci-Fi,8.2,6,https://www.imdb.com/title/tt31326084/
tt35112545,Planetagatik,2024,579,Sci-Fi,5.4,6,https://www.imdb.com/title/tt35112545/
tt36857472,As One,2025,91,"Action,Animation,Sci-Fi",4.0,6,https://www.imdb.com/title/tt36857472/
tt37882117,Earth Defense Girl Iko-chan,1987,47,"Action,Comedy,Sci-Fi",5.8,6,https://www.imdb.com/title/tt37882117/
tt38907933,Wormhole: The another paradise,2025,\N,Sci-Fi,7.8,6,https://www.imdb.com/title/tt38907933/
tt39305939,Les Mikails,2025,178,"Animation,Sci-Fi,Western",4.0,5,https://www.imdb.com/title/tt39305939/
