tconst,title,year,runtime_min,genres,imdb_rating,num_votes,imdb_url
tt0475784,Westworld,2016,60,"Drama,Mystery,Sci-Fi",8.4,559885,https://www.imdb.com/title/tt0475784/
tt11280740,Severance,2022,50,"Drama,Mystery,Sci-Fi",8.6,400239,https://www.imdb.com/title/tt11280740/
tt1844624,American Horror Story,2011,60,"Drama,Horror,Sci-Fi",7.9,363260,https://www.imdb.com/title/tt1844624/
tt0303461,Firefly,2002,45,"Adventure,Sci-Fi",8.9,303326,https://www.imdb.com/title/tt0303461/
tt5834204,The Handmaid's Tale,2017,60,"Drama,Sci-Fi,Thriller",8.3,302909,https://www.imdb.com/title/tt5834204/
tt1119644,Fringe,2008,46,"Drama,Mystery,Sci-Fi",8.4,271755,https://www.imdb.com/title/tt1119644/
tt8466564,Obi-Wan Kenobi,2022,45,"Action,Adventure,Sci-Fi",7.0,265568,https://www.imdb.com/title/tt8466564/
tt0436992,Doctor Who,2005,45,"Adventure,Drama,Sci-Fi",8.5,263537,https://www.imdb.com/title/tt0436992/
tt2364582,Agents of S.H.I.E.L.D.,2013,45,"Action,Adventure,Sci-Fi",7.5,236395,https://www.imdb.com/title/tt2364582/
tt14688458,Silo,2023,49,"Drama,Mystery,Sci-Fi",8.1,225693,https://www.imdb.com/title/tt14688458/
tt13668894,The Book of Boba Fett,2021,50,"Action,Adventure,Sci-Fi",7.1,212063,https://www.imdb.com/title/tt13668894/
tt3230854,The Expanse,2015,60,"Drama,Mystery,Sci-Fi",8.5,193835,https://www.imdb.com/title/tt3230854/
tt2431438,Sense8,2015,60,"Drama,Mystery,Sci-Fi",8.2,172336,https://www.imdb.com/title/tt2431438/
tt22202452,Pluribus,2025,60,"Drama,Sci-Fi",7.9,167880,https://www.imdb.com/title/tt22202452/
tt3743822,Fear the Walking Dead,2015,44,"Drama,Horror,Sci-Fi",6.7,154741,https://www.imdb.com/title/tt3743822/
tt0804484,Foundation,2021,60,"Drama,Sci-Fi",7.6,127996,https://www.imdb.com/title/tt0804484/
tt1740299,The Man in the High Castle,2015,60,"Drama,Sci-Fi,Thriller",7.9,125624,https://www.imdb.com/title/tt1740299/
tt2234222,Orphan Black,2013,44,"Drama,Sci-Fi,Thriller",8.3,125586,https://www.imdb.com/title/tt2234222/
tt1553656,Under the Dome,2013,43,"Drama,Mystery,Sci-Fi",6.5,119306,https://www.imdb.com/title/tt1553656/
tt7949218,See,2019,60,"Action,Drama,Sci-Fi",7.6,111844,https://www.imdb.com/title/tt7949218/
tt2934286,Halo,2022,60,"Action,Adventure,Sci-Fi",7.3,110928,https://www.imdb.com/title/tt2934286/
tt5691552,The Orville,2017,45,"Adventure,Comedy,Sci-Fi",8.0,110236,https://www.imdb.com/title/tt5691552/
tt13623632,Alien: Earth,2025,55,"Horror,Sci-Fi,Thriller",7.1,108024,https://www.imdb.com/title/tt13623632/
tt8421350,Manifest,2018,43,"Drama,Mystery,Sci-Fi",7.0,106089,https://www.imdb.com/title/tt8421350/
tt5114356,Legion,2017,60,"Action,Sci-Fi,Thriller",8.1,104254,https://www.imdb.com/title/tt5114356/
tt5580146,Maniac,2018,40,"Comedy,Drama,Sci-Fi",7.6,93756,https://www.imdb.com/title/tt5580146/
tt9170108,Raised by Wolves,2020,55,"Drama,Fantasy,Sci-Fi",7.4,93341,https://www.imdb.com/title/tt9170108/
tt7772588,For All Mankind,2019,60,"Drama,Sci-Fi",8.1,92211,https://www.imdb.com/title/tt7772588/
tt8291284,The Peripheral,2022,60,"Drama,Mystery,Sci-Fi",7.5,92176,https://www.imdb.com/title/tt8291284/
tt7826376,Upload,2020,30,"Comedy,Mystery,Sci-Fi",7.7,90915,https://www.imdb.com/title/tt7826376/
tt12327578,Star Trek: Strange New Worlds,2022,52,"Action,Adventure,Sci-Fi",8.2,76900,https://www.imdb.com/title/tt12327578/
tt19231492,Dark Matter,2024,\N,"Drama,Sci-Fi,Thriller",7.6,76388,https://www.imdb.com/title/tt19231492/
tt6156584,Snowpiercer,2020,60,"Action,Drama,Sci-Fi",6.9,75656,https://www.imdb.com/title/tt6156584/
tt5651844,Travelers,2016,45,"Drama,Mystery,Sci-Fi",8.0,72874,https://www.imdb.com/title/tt5651844/
tt2402207,The Last Ship,2014,60,"Action,Drama,Sci-Fi",7.4,70329,https://www.imdb.com/title/tt2402207/
tt1954347,Continuum,2012,45,"Action,Sci-Fi,Thriller",7.6,66923,https://www.imdb.com/title/tt1954347/
tt1441135,Flashforward,2009,42,"Drama,Mystery,Sci-Fi",7.6,63500,https://www.imdb.com/title/tt1441135/
tt17220216,Monarch: Legacy of Monsters,2023,\N,"Action,Adventure,Sci-Fi",7.0,62913,https://www.imdb.com/title/tt17220216/
tt1307824,V,2009,42,"Drama,Sci-Fi,Thriller",6.8,61330,https://www.imdb.com/title/tt1307824/
tt8134186,Devs,2020,51,"Drama,Mystery,Sci-Fi",7.6,58514,https://www.imdb.com/title/tt8134186/
tt9737326,Invasion,2021,60,"Drama,Fantasy,Sci-Fi",6.2,58201,https://www.imdb.com/title/tt9737326/
tt2384811,Utopia,2013,50,"Drama,Mystery,Sci-Fi",8.4,56200,https://www.imdb.com/title/tt2384811/
tt1286039,Stargate Universe,2009,43,"Drama,Sci-Fi",7.6,55945,https://www.imdb.com/title/tt1286039/
tt1135300,Dollhouse,2009,44,"Drama,Mystery,Sci-Fi",7.7,53837,https://www.imdb.com/title/tt1135300/
tt9660182,Resident Evil,2022,60,"Action,Horror,Sci-Fi",4.2,50026,https://www.imdb.com/title/tt9660182/
tt0389564,The 4400,2004,43,"Drama,Mystery,Sci-Fi",7.3,48631,https://www.imdb.com/title/tt0389564/
tt2189221,Defiance,2013,43,"Action,Drama,Sci-Fi",7.0,46944,https://www.imdb.com/title/tt2189221/
tt6656238,The Rain,2018,45,"Drama,Sci-Fi,Thriller",6.3,46621,https://www.imdb.com/title/tt6656238/
tt4122068,Humans,2015,42,"Drama,Sci-Fi",7.9,46308,https://www.imdb.com/title/tt4122068/
tt20600980,Skeleton Crew,2024,40,"Action,Adventure,Sci-Fi",7.0,45791,https://www.imdb.com/title/tt20600980/
tt1227926,Dr. Horrible's Sing-Along Blog,2008,42,"Comedy,Musical,Sci-Fi",8.4,45143,https://www.imdb.com/title/tt1227926/
tt1821681,Touch,2012,43,"Drama,Mystery,Sci-Fi",7.3,44026,https://www.imdb.com/title/tt1821681/
tt8778064,The Society,2019,58,"Drama,Mystery,Sci-Fi",7.1,43086,https://www.imdb.com/title/tt8778064/
tt4396630,The Gifted,2017,45,"Action,Fantasy,Sci-Fi",7.2,40994,https://www.imdb.com/title/tt4396630/
tt10919486,Into the Night,2020,35,"Drama,Sci-Fi,Thriller",7.0,39410,https://www.imdb.com/title/tt10919486/
tt2660734,The Tomorrow People,2013,43,"Action,Drama,Sci-Fi",7.1,38187,https://www.imdb.com/title/tt2660734/
tt8694364,Years and Years,2019,60,"Drama,Sci-Fi",8.2,37894,https://www.imdb.com/title/tt8694364/
tt8880894,Living with Yourself,2019,\N,"Comedy,Drama,Sci-Fi",7.1,37735,https://www.imdb.com/title/tt8880894/
tt4643084,Counterpart,2017,60,"Drama,Sci-Fi,Thriller",8.0,34923,https://www.imdb.com/title/tt4643084/
tt14379784,The Devil's Hour,2022,60,"Drama,Mystery,Sci-Fi",7.6,33897,https://www.imdb.com/title/tt14379784/
tt4154858,Inhumans,2017,45,"Action,Adventure,Sci-Fi",4.9,31392,https://www.imdb.com/title/tt4154858/
tt1236246,Runaways,2017,60,"Action,Drama,Sci-Fi",6.8,30551,https://www.imdb.com/title/tt1236246/
tt1183865,Alphas,2011,44,"Action,Drama,Sci-Fi",7.2,30419,https://www.imdb.com/title/tt1183865/
tt4922804,3%,2016,49,"Action,Drama,Sci-Fi",7.2,30387,https://www.imdb.com/title/tt4922804/
tt3556944,Heroes Reborn,2015,46,"Drama,Fantasy,Sci-Fi",6.6,29811,https://www.imdb.com/title/tt3556944/
tt6045840,Black Lightning,2018,43,"Action,Drama,Sci-Fi",6.1,29247,https://www.imdb.com/title/tt6045840/
tt36988358,Takopi's Original Sin,2025,30,"Animation,Drama,Sci-Fi",8.7,28635,https://www.imdb.com/title/tt36988358/
tt1235547,Better Off Ted,2009,30,"Comedy,Sci-Fi",8.2,28530,https://www.imdb.com/title/tt1235547/
tt0799862,Caprica,2009,60,"Action,Drama,Sci-Fi",7.1,27573,https://www.imdb.com/title/tt0799862/
tt8787802,Away,2020,50,"Drama,Romance,Sci-Fi",6.6,27205,https://www.imdb.com/title/tt8787802/
tt8741290,Tales from the Loop,2020,50,"Drama,Sci-Fi",7.4,26895,https://www.imdb.com/title/tt8741290/
tt2262308,Halo 4: Forward Unto Dawn,2012,15,"Action,Sci-Fi,Thriller",6.7,26842,https://www.imdb.com/title/tt2262308/
tt31433814,Doctor Who,2023,45,"Adventure,Drama,Sci-Fi",6.1,26504,https://www.imdb.com/title/tt31433814/
tt3155320,Extant,2014,42,"Drama,Sci-Fi,Thriller",6.5,25982,https://www.imdb.com/title/tt3155320/
tt6170874,Salvation,2017,43,"Drama,Sci-Fi,Thriller",6.9,25607,https://www.imdb.com/title/tt6170874/
tt10234362,Avenue 5,2020,30,"Comedy,Sci-Fi",6.7,25441,https://www.imdb.com/title/tt10234362/
tt0142032,Dune,2000,265,"Adventure,Drama,Sci-Fi",6.9,25127,https://www.imdb.com/title/tt0142032/
tt3952222,Killjoys,2015,42,"Action,Adventure,Sci-Fi",7.2,24861,https://www.imdb.com/title/tt3952222/
tt4192782,Glitch,2015,45,"Drama,Horror,Sci-Fi",7.2,23461,https://www.imdb.com/title/tt4192782/
tt11640018,La Brea,2021,\N,"Drama,Mystery,Sci-Fi",5.8,22870,https://www.imdb.com/title/tt11640018/
tt0289830,Taken,2002,68,"Drama,Mystery,Sci-Fi",7.8,22387,https://www.imdb.com/title/tt0289830/
tt19395018,Constellation,2024,53,"Sci-Fi,Thriller",6.7,22281,https://www.imdb.com/title/tt19395018/
tt29135600,Cassandra,2025,50,"Drama,Horror,Sci-Fi",6.7,21069,https://www.imdb.com/title/tt29135600/
tt14531842,Extraordinary,2023,30,"Comedy,Sci-Fi",7.7,20987,https://www.imdb.com/title/tt14531842/
tt9686194,War of the Worlds,2019,50,"Drama,Mystery,Sci-Fi",6.5,20520,https://www.imdb.com/title/tt9686194/
tt5711280,Electric Dreams,2017,60,"Drama,Sci-Fi",7.2,20517,https://www.imdb.com/title/tt5711280/
tt2693776,Intelligence,2014,\N,"Action,Drama,Sci-Fi",6.8,20398,https://www.imdb.com/title/tt2693776/
tt8783930,The Time Traveler's Wife,2022,45,"Drama,Romance,Sci-Fi",7.6,20326,https://www.imdb.com/title/tt8783930/
tt9900092,Motherland: Fort Salem,2020,42,"Drama,Fantasy,Sci-Fi",7.3,20185,https://www.imdb.com/title/tt9900092/
tt3696720,Ascension,2014,77,"Drama,Sci-Fi",7.1,20141,https://www.imdb.com/title/tt3696720/
tt9814116,Brave New World,2020,\N,"Drama,Sci-Fi,Thriller",7.0,19385,https://www.imdb.com/title/tt9814116/
tt2657262,Star-Crossed,2014,60,"Drama,Romance,Sci-Fi",7.1,18626,https://www.imdb.com/title/tt2657262/
tt7826108,Raising Dion,2019,50,"Drama,Sci-Fi",7.1,18156,https://www.imdb.com/title/tt7826108/
tt14273790,The Rig,2023,51,"Drama,Mystery,Sci-Fi",5.9,18084,https://www.imdb.com/title/tt14273790/
tt9151230,To the Lake,2019,48,"Drama,Sci-Fi,Thriller",7.2,16794,https://www.imdb.com/title/tt9151230/
tt0287839,Children of Dune,2003,89,"Adventure,Drama,Sci-Fi",7.2,16312,https://www.imdb.com/title/tt0287839/
tt7403736,V-Wars,2019,60,"Drama,Horror,Sci-Fi",6.0,16286,https://www.imdb.com/title/tt7403736/
tt2592094,Believe,2014,42,"Drama,Fantasy,Sci-Fi",7.1,15628,https://www.imdb.com/title/tt2592094/
tt4939064,Mars,2016,60,"Adventure,Drama,Sci-Fi",7.4,15628,https://www.imdb.com/title/tt4939064/
tt6632666,Project Blue Book,2019,45,"Drama,Mystery,Sci-Fi",7.6,15608,https://www.imdb.com/title/tt6632666/
tt0910812,Tin Man,2007,90,"Adventure,Fantasy,Sci-Fi",7.0,15442,https://www.imdb.com/title/tt0910812/
tt14759574,Mrs. Davis,2023,57,"Comedy,Drama,Sci-Fi",7.3,15323,https://www.imdb.com/title/tt14759574/
tt7588054,"Roswell, New Mexico",2019,45,"Drama,Romance,Sci-Fi",6.4,15304,https://www.imdb.com/title/tt7588054/
tt0424600,The Andromeda Strain,2008,44,"Drama,Mystery,Sci-Fi",6.1,15089,https://www.imdb.com/title/tt0424600/
tt17043230,Quantum Leap,2022,42,"Drama,Mystery,Sci-Fi",6.3,14597,https://www.imdb.com/title/tt17043230/
tt4146128,Childhood's End,2015,82,"Drama,Sci-Fi,Thriller",6.8,14427,https://www.imdb.com/title/tt4146128/
tt3868848,Stitchers,2015,60,"Crime,Drama,Sci-Fi",6.8,14248,https://www.imdb.com/title/tt3868848/
tt8332130,Beforeigners,2019,45,"Crime,Drama,Sci-Fi",7.7,13284,https://www.imdb.com/title/tt8332130/
tt10623646,Paper Girls,2022,40,"Adventure,Drama,Sci-Fi",7.3,13208,https://www.imdb.com/title/tt10623646/
tt27031263,Teacup,2024,\N,"Horror,Sci-Fi,Thriller",6.3,13196,https://www.imdb.com/title/tt27031263/
tt4378456,Second Chance,2016,42,"Drama,Sci-Fi",7.4,13100,https://www.imdb.com/title/tt4378456/
tt0294097,"Harvey Birdman, Attorney at Law",2000,15,"Animation,Comedy,Sci-Fi",8.0,12699,https://www.imdb.com/title/tt0294097/
tt8285216,Better Than Us,2018,52,"Drama,Sci-Fi",7.3,12698,https://www.imdb.com/title/tt8285216/
tt9849210,Biohackers,2020,44,"Drama,Sci-Fi,Thriller",6.8,12670,https://www.imdb.com/title/tt9849210/
tt10758074,The Man Who Fell to Earth,2022,60,"Drama,Sci-Fi",7.2,11697,https://www.imdb.com/title/tt10758074/
tt10946316,The Institute,2025,55,"Horror,Sci-Fi,Thriller",6.7,11249,https://www.imdb.com/title/tt10946316/
tt0840800,Battlestar Galactica: The Resistance,2006,26,"Drama,Sci-Fi,Short",7.8,11201,https://www.imdb.com/title/tt0840800/
tt4132692,Between,2015,60,"Drama,Mystery,Sci-Fi",6.0,11109,https://www.imdb.com/title/tt4132692/
tt10369484,The Power,2023,\N,"Drama,Fantasy,Sci-Fi",6.7,10873,https://www.imdb.com/title/tt10369484/
tt6461824,The Crossing,2018,42,"Adventure,Drama,Sci-Fi",7.1,10820,https://www.imdb.com/title/tt6461824/
tt8001226,The War of the Worlds,2019,54,"Drama,History,Sci-Fi",5.2,10771,https://www.imdb.com/title/tt8001226/
tt7441984,JL50,2020,42,"Drama,Sci-Fi,Thriller",7.3,10635,https://www.imdb.com/title/tt7441984/
tt4131818,The Hot Zone,2019,45,"Drama,History,Sci-Fi",7.3,10431,https://www.imdb.com/title/tt4131818/
tt0219446,The Oblongs,2001,284,"Animation,Comedy,Sci-Fi",7.1,10252,https://www.imdb.com/title/tt0219446/
tt1319690,Defying Gravity,2009,60,"Drama,Sci-Fi",7.3,10220,https://www.imdb.com/title/tt1319690/
tt11640020,Debris,2021,\N,"Drama,Mystery,Sci-Fi",6.5,10089,https://www.imdb.com/title/tt11640020/
tt0948538,Journeyman,2007,\N,"Fantasy,Romance,Sci-Fi",8.0,9889,https://www.imdb.com/title/tt0948538/
tt7521778,I'm Not a Robot,2017,35,"Comedy,Romance,Sci-Fi",8.0,9828,https://www.imdb.com/title/tt7521778/
tt0305011,Clone High,2002,30,"Animation,Comedy,Sci-Fi",8.1,9704,https://www.imdb.com/title/tt0305011/
tt13317454,Yakamoz S-245,2022,45,"Drama,Sci-Fi,Thriller",6.2,9676,https://www.imdb.com/title/tt13317454/
tt9337588,Leila,2019,48,"Drama,Sci-Fi",5.1,9561,https://www.imdb.com/title/tt9337588/
tt27111295,Citadel: Honey Bunny,2024,60,"Action,Drama,Sci-Fi",6.2,9391,https://www.imdb.com/title/tt27111295/
tt17371078,The Ark,2023,50,"Drama,Mystery,Sci-Fi",5.8,9386,https://www.imdb.com/title/tt17371078/
tt13457822,Welcome to Eden,2022,40,"Action,Drama,Sci-Fi",5.7,9297,https://www.imdb.com/title/tt13457822/
tt1258189,Survivors,2008,60,"Drama,Sci-Fi",7.5,9195,https://www.imdb.com/title/tt1258189/
tt1137462,Kings,2009,60,"Drama,Sci-Fi",8.1,9018,https://www.imdb.com/title/tt1137462/
tt25375256,The Signal,2024,62,"Drama,Mystery,Sci-Fi",6.0,8936,https://www.imdb.com/title/tt25375256/
tt0880557,Bionic Woman,2007,43,"Action,Sci-Fi,Thriller",5.8,8910,https://www.imdb.com/title/tt0880557/
tt13821126,Extrapolations,2023,51,"Drama,Mystery,Sci-Fi",6.2,8849,https://www.imdb.com/title/tt13821126/
tt0801425,Day Break,2006,60,"Action,Drama,Sci-Fi",8.0,8788,https://www.imdb.com/title/tt0801425/
tt0278877,Sealab 2021,2000,11,"Animation,Comedy,Sci-Fi",7.8,8741,https://www.imdb.com/title/tt0278877/
tt4695530,People of Earth,2016,30,"Comedy,Mystery,Sci-Fi",7.7,8638,https://www.imdb.com/title/tt4695530/
tt11988676,Hot Skull,2022,60,"Drama,Sci-Fi",7.1,8602,https://www.imdb.com/title/tt11988676/
tt0320038,John Doe,2002,60,"Drama,Mystery,Sci-Fi",7.8,8566,https://www.imdb.com/title/tt0320038/
tt7412482,The First,2018,45,"Drama,Sci-Fi",6.6,8561,https://www.imdb.com/title/tt7412482/
tt4337894,"You, Me and the Apocalypse",2015,43,"Comedy,Drama,Sci-Fi",7.6,8404,https://www.imdb.com/title/tt4337894/
tt8236556,Memories of the Alhambra,2018,60,"Drama,Romance,Sci-Fi",7.7,8381,https://www.imdb.com/title/tt8236556/
tt31314791,The Copenhagen Test,2025,\N,"Action,Fantasy,Sci-Fi",7.1,8312,https://www.imdb.com/title/tt31314791/
tt1043714,The Prisoner,2009,45,"Drama,Sci-Fi,Thriller",6.1,8294,https://www.imdb.com/title/tt1043714/
tt7801780,Origin,2018,45,"Horror,Mystery,Sci-Fi",7.0,8259,https://www.imdb.com/title/tt7801780/
tt20242042,Three-Body,2023,45,"Drama,Mystery,Sci-Fi",7.6,8232,https://www.imdb.com/title/tt20242042/
tt0497298,Jekyll,2007,56,"Crime,Horror,Sci-Fi",8.0,8034,https://www.imdb.com/title/tt0497298/
tt0865409,Frisky Dingo,2006,11,"Animation,Comedy,Sci-Fi",8.1,7990,https://www.imdb.com/title/tt0865409/
tt0808491,The Swarm,2023,46,"Drama,Mystery,Sci-Fi",5.9,7964,https://www.imdb.com/title/tt0808491/
tt5083928,Powerless,2016,21,"Comedy,Fantasy,Sci-Fi",6.4,7899,https://www.imdb.com/title/tt5083928/
tt14903834,Class of '09,2023,40,"Crime,Drama,Sci-Fi",6.6,7789,https://www.imdb.com/title/tt14903834/
tt0928414,New Amsterdam,2008,60,"Crime,Drama,Sci-Fi",7.3,7720,https://www.imdb.com/title/tt0928414/
tt26443935,Earth Abides,2024,\N,"Drama,Sci-Fi",6.3,7599,https://www.imdb.com/title/tt26443935/
tt6467294,Somewhere Between,2017,41,"Drama,Mystery,Sci-Fi",6.3,7503,https://www.imdb.com/title/tt6467294/
tt14596212,Hello Tomorrow!,2023,31,"Comedy,Drama,Sci-Fi",6.3,7402,https://www.imdb.com/title/tt14596212/
tt2180271,Real Humans,2012,60,"Drama,Sci-Fi,Thriller",7.8,7065,https://www.imdb.com/title/tt2180271/
tt32596156,Talamasca: The Secret Order,2025,\N,"Drama,Fantasy,Sci-Fi",6.5,6897,https://www.imdb.com/title/tt32596156/
tt20918756,Robyn Hood,2023,\N,"Action,Drama,Sci-Fi",1.0,6685,https://www.imdb.com/title/tt20918756/
tt10207090,Pandora,2019,42,"Action,Drama,Sci-Fi",4.3,6542,https://www.imdb.com/title/tt10207090/
tt9315054,Next,2020,45,"Crime,Drama,Sci-Fi",6.7,6437,https://www.imdb.com/title/tt9315054/
tt0242949,The Tick,2001,25,"Action,Comedy,Sci-Fi",7.7,6397,https://www.imdb.com/title/tt0242949/
tt13356646,Solos,2021,26,"Drama,Fantasy,Sci-Fi",6.0,6370,https://www.imdb.com/title/tt13356646/
tt0460686,Threshold,2005,60,"Action,Drama,Sci-Fi",7.2,6217,https://www.imdb.com/title/tt0460686/
tt10394844,Soulmates,2020,45,"Drama,Romance,Sci-Fi",6.4,6206,https://www.imdb.com/title/tt10394844/
tt6456546,The Cheat,2017,20,"Action,Drama,Sci-Fi",8.2,5948,https://www.imdb.com/title/tt6456546/
tt4118466,Incorporated,2016,43,"Crime,Drama,Sci-Fi",7.2,5941,https://www.imdb.com/title/tt4118466/
tt1697793,Outcasts,2010,50,"Drama,Sci-Fi",6.6,5940,https://www.imdb.com/title/tt1697793/
tt6038584,Crazyhead,2016,44,"Comedy,Horror,Sci-Fi",7.2,5766,https://www.imdb.com/title/tt6038584/
tt2022190,The Walking Dead: Webisodes,2011,15,"Drama,Horror,Sci-Fi",7.5,5756,https://www.imdb.com/title/tt2022190/
tt9174724,Beacon 23,2023,\N,"Drama,Mystery,Sci-Fi",5.6,5693,https://www.imdb.com/title/tt9174724/
tt16351432,Oats Studios,2017,20,"Horror,Sci-Fi,Short",6.3,5670,https://www.imdb.com/title/tt16351432/
tt6402362,Hard Sun,2018,60,"Crime,Drama,Sci-Fi",6.6,5641,https://www.imdb.com/title/tt6402362/
tt7395992,The Rook,2019,50,"Drama,Fantasy,Sci-Fi",6.8,5498,https://www.imdb.com/title/tt7395992/
tt9319770,4400,2021,42,"Drama,Sci-Fi",3.9,5405,https://www.imdb.com/title/tt9319770/
tt22754212,Citadel: Diana,2024,50,"Action,Drama,Sci-Fi",6.1,5282,https://www.imdb.com/title/tt22754212/
tt20863294,The Backrooms,2022,\N,"Horror,Mystery,Sci-Fi",8.0,5181,https://www.imdb.com/title/tt20863294/
tt1332653,The Day of the Triffids,2009,93,"Action,Horror,Sci-Fi",5.6,5061,https://www.imdb.com/title/tt1332653/
tt26760483,Kübra,2024,45,"Drama,Sci-Fi",6.2,5016,https://www.imdb.com/title/tt26760483/
tt0290966,Jeremiah,2002,45,"Action,Drama,Sci-Fi",7.0,4953,https://www.imdb.com/title/tt0290966/
tt5079788,Class,2016,45,"Drama,Sci-Fi",6.8,4751,https://www.imdb.com/title/tt5079788/
tt5797772,Aftermath,2016,60,"Adventure,Sci-Fi,Thriller",4.9,4657,https://www.imdb.com/title/tt5797772/
tt9460858,The Barrier,2020,50,"Drama,Sci-Fi",6.8,4627,https://www.imdb.com/title/tt9460858/
tt2098308,Nichijou: My Ordinary Life,2011,24,"Animation,Comedy,Sci-Fi",8.3,4619,https://www.imdb.com/title/tt2098308/
tt13464340,Alien Worlds,2020,\N,"Animation,Documentary,Sci-Fi",6.5,4606,https://www.imdb.com/title/tt13464340/
tt2944454,Riley Rewind,2013,70,"Drama,Sci-Fi",6.6,4531,https://www.imdb.com/title/tt2944454/
tt1558128,Todd and the Book of Pure Evil,2010,\N,"Comedy,Horror,Sci-Fi",8.1,4505,https://www.imdb.com/title/tt1558128/
tt0816398,Planetes,2003,25,"Animation,Drama,Sci-Fi",8.1,4499,https://www.imdb.com/title/tt0816398/
tt0297512,The Brak Show,2000,15,"Animation,Comedy,Sci-Fi",7.1,4470,https://www.imdb.com/title/tt0297512/
tt5730690,Kiss Me First,2018,46,"Drama,Mystery,Sci-Fi",6.2,4413,https://www.imdb.com/title/tt5730690/
tt6461746,Reverie,2018,60,"Drama,Sci-Fi,Thriller",6.6,4281,https://www.imdb.com/title/tt6461746/
tt13944138,Maggie,2022,30,"Comedy,Sci-Fi",7.1,4258,https://www.imdb.com/title/tt13944138/
tt14192428,Moonhaven,2022,60,"Drama,Sci-Fi",5.7,4177,https://www.imdb.com/title/tt14192428/
tt10016724,Orphan Black: Echoes,2023,\N,"Drama,Mystery,Sci-Fi",6.4,4174,https://www.imdb.com/title/tt10016724/
tt5031234,Time After Time,2017,60,"Drama,Sci-Fi",6.7,4174,https://www.imdb.com/title/tt5031234/
tt4939950,SS-GB,2017,60,"Action,Drama,Sci-Fi",6.6,4091,https://www.imdb.com/title/tt4939950/
tt1338724,Battlestar Galactica: The Face of the Enemy,2008,3,"Drama,Sci-Fi,Short",7.5,4081,https://www.imdb.com/title/tt1338724/
tt5337806,Charité,2017,45,"Drama,History,Sci-Fi",7.8,4073,https://www.imdb.com/title/tt5337806/
tt26672563,Duty After School,2023,\N,"Sci-Fi,Thriller",6.9,3991,https://www.imdb.com/title/tt26672563/
tt5831366,Passengers,2009,\N,"Comedy,Sci-Fi",6.1,3939,https://www.imdb.com/title/tt5831366/
tt0289800,The Clone,2001,60,"Drama,Romance,Sci-Fi",8.1,3931,https://www.imdb.com/title/tt0289800/
tt2732442,Star Trek Continues,2013,45,"Action,Adventure,Sci-Fi",8.1,3925,https://www.imdb.com/title/tt2732442/
tt0367344,Jake 2.0,2003,60,"Drama,Sci-Fi",6.7,3888,https://www.imdb.com/title/tt0367344/
tt2621446,Star Trek: Renegades,2015,88,"Action,Adventure,Sci-Fi",4.9,3846,https://www.imdb.com/title/tt2621446/
tt8594164,Moonbase 8,2020,30,"Comedy,Sci-Fi",5.9,3816,https://www.imdb.com/title/tt8594164/
tt5095238,Fear the Walking Dead: Flight 462,2015,1,"Drama,Horror,Sci-Fi",6.7,3801,https://www.imdb.com/title/tt5095238/
tt4649420,Cleverman,2016,50,"Drama,Fantasy,Sci-Fi",6.4,3711,https://www.imdb.com/title/tt4649420/
tt0429422,ReGenesis,2004,49,"Drama,Mystery,Sci-Fi",7.8,3687,https://www.imdb.com/title/tt0429422/
tt7043380,Osmosis,2019,55,"Romance,Sci-Fi",5.8,3679,https://www.imdb.com/title/tt7043380/
tt0220238,The Invisible Man,2000,120,"Action,Comedy,Sci-Fi",7.4,3651,https://www.imdb.com/title/tt0220238/
tt9103772,Limetown,2019,30,"Crime,Mystery,Sci-Fi",6.6,3607,https://www.imdb.com/title/tt9103772/
tt4520992,Falling Water,2016,60,"Drama,Mystery,Sci-Fi",6.4,3582,https://www.imdb.com/title/tt4520992/
tt6445112,Missions,2017,26,"Drama,Sci-Fi",6.6,3580,https://www.imdb.com/title/tt6445112/
tt1334430,Battlestar Galactica: Razor Flashbacks,2007,20,"Sci-Fi,Short",7.5,3536,https://www.imdb.com/title/tt1334430/
tt1217239,My Own Worst Enemy,2008,60,"Action,Drama,Sci-Fi",7.3,3518,https://www.imdb.com/title/tt1217239/
tt15758760,Dr. Brain,2021,60,"Drama,Mystery,Sci-Fi",6.7,3411,https://www.imdb.com/title/tt15758760/
tt1500910,Smosh,2005,\N,"Comedy,Fantasy,Sci-Fi",7.0,3407,https://www.imdb.com/title/tt1500910/
tt2184980,Do No Harm,2013,60,"Drama,Sci-Fi",6.8,3323,https://www.imdb.com/title/tt2184980/
tt0297120,Firestarter: Rekindled,2002,82,"Action,Horror,Sci-Fi",4.9,3319,https://www.imdb.com/title/tt0297120/
tt0866432,Painkiller Jane,2007,44,"Action,Sci-Fi",5.8,3234,https://www.imdb.com/title/tt0866432/
tt1122770,The Middleman,2008,43,"Comedy,Drama,Sci-Fi",8.0,3211,https://www.imdb.com/title/tt1122770/
tt11248266,The Collapse,2019,21,"Adventure,Sci-Fi",7.7,3137,https://www.imdb.com/title/tt11248266/
tt9849186,Intergalactic,2021,45,"Action,Adventure,Sci-Fi",4.7,3076,https://www.imdb.com/title/tt9849186/
tt0220008,RoboCop: Prime Directives,2001,375,"Action,Crime,Sci-Fi",4.6,3054,https://www.imdb.com/title/tt0220008/
tt1302522,Sanctuary,2007,15,"Drama,Mystery,Sci-Fi",7.6,3051,https://www.imdb.com/title/tt1302522/
tt9845070,Last Light,2022,43,"Drama,Sci-Fi,Thriller",5.5,3029,https://www.imdb.com/title/tt9845070/
tt2573338,Mighty Med,2013,25,"Comedy,Family,Sci-Fi",6.6,3003,https://www.imdb.com/title/tt2573338/
tt3348258,Arrow: Blood Rush,2013,1,"Action,Drama,Sci-Fi",7.5,2949,https://www.imdb.com/title/tt3348258/
tt10384106,The Island,2020,48,"Drama,Sci-Fi,Thriller",6.8,2933,https://www.imdb.com/title/tt10384106/
tt4850642,Heroes Reborn: Dark Matters,2015,5,"Sci-Fi,Short",6.9,2924,https://www.imdb.com/title/tt4850642/
tt8098956,Noughts + Crosses,2020,60,"Drama,Romance,Sci-Fi",6.3,2889,https://www.imdb.com/title/tt8098956/
tt8633518,Weird City,2019,30,"Comedy,Sci-Fi",6.0,2861,https://www.imdb.com/title/tt8633518/
tt11542920,Omniscient,2020,\N,"Drama,Sci-Fi,Thriller",6.5,2805,https://www.imdb.com/title/tt11542920/
tt4561950,Other Space,2015,30,"Adventure,Comedy,Sci-Fi",7.1,2791,https://www.imdb.com/title/tt4561950/
tt4983204,Hunters,2016,60,"Crime,Drama,Sci-Fi",5.4,2765,https://www.imdb.com/title/tt4983204/
tt13229934,Godzilla Singular Point,2021,24,"Action,Animation,Sci-Fi",6.5,2700,https://www.imdb.com/title/tt13229934/
tt12963502,Families Like Ours,2024,49,"Drama,Sci-Fi",6.7,2658,https://www.imdb.com/title/tt12963502/
tt1260995,Meteor,2009,94,"Action,Drama,Sci-Fi",4.3,2634,https://www.imdb.com/title/tt1260995/
tt5240222,God Eater,2015,24,"Action,Animation,Sci-Fi",6.9,2605,https://www.imdb.com/title/tt5240222/
tt6791088,Chrome,2020,31,"Adventure,Sci-Fi",4.6,2602,https://www.imdb.com/title/tt6791088/
tt8005176,The Feed,2019,\N,"Drama,Mystery,Sci-Fi",6.3,2593,https://www.imdb.com/title/tt8005176/
tt6374028,8 Days,2019,43,"Drama,Sci-Fi",6.7,2591,https://www.imdb.com/title/tt6374028/
tt0981216,Cavemen,2007,30,"Comedy,Sci-Fi",4.4,2578,https://www.imdb.com/title/tt0981216/
tt11262762,Someday or One Day,2019,72,"Drama,Romance,Sci-Fi",8.4,2556,https://www.imdb.com/title/tt11262762/
tt0481449,Hyperdrive,2006,30,"Comedy,Sci-Fi",6.6,2518,https://www.imdb.com/title/tt0481449/
tt10404664,Zomboat!,2019,24,"Comedy,Horror,Sci-Fi",7.0,2513,https://www.imdb.com/title/tt10404664/
tt17506706,Reset,2022,45,"Drama,Sci-Fi,Thriller",8.1,2503,https://www.imdb.com/title/tt17506706/
tt4576352,Quantum Break,2016,25,"Action,Mystery,Sci-Fi",7.7,2471,https://www.imdb.com/title/tt4576352/
tt0206476,Cleopatra 2525,2000,60,"Action,Fantasy,Sci-Fi",5.9,2424,https://www.imdb.com/title/tt0206476/
tt13865736,Wolf 2039,2021,60,"Action,Sci-Fi,Thriller",6.2,2399,https://www.imdb.com/title/tt13865736/
tt4507442,Best Friends Whenever,2015,25,"Comedy,Family,Sci-Fi",6.0,2366,https://www.imdb.com/title/tt4507442/
tt2132641,Coma,2012,80,"Drama,Mystery,Sci-Fi",5.8,2352,https://www.imdb.com/title/tt2132641/
tt27507828,Fired on Mars,2023,25,"Animation,Comedy,Sci-Fi",6.9,2311,https://www.imdb.com/title/tt27507828/
tt4501242,Agents of S.H.I.E.L.D.: Double Agent,2015,55,"Comedy,Sci-Fi",7.3,2289,https://www.imdb.com/title/tt4501242/
tt10394778,Vagrant Queen,2020,43,"Adventure,Sci-Fi",5.4,2253,https://www.imdb.com/title/tt10394778/
tt13495314,Open Your Eyes,2021,50,"Drama,Mystery,Sci-Fi",6.6,2218,https://www.imdb.com/title/tt13495314/
tt10193046,Utopia Falls,2020,60,"Drama,Music,Sci-Fi",5.4,2194,https://www.imdb.com/title/tt10193046/
tt4218824,Jeff & Some Aliens,2017,21,"Animation,Comedy,Sci-Fi",7.9,2149,https://www.imdb.com/title/tt4218824/
tt1460746,Paradox,2009,60,"Crime,Drama,Sci-Fi",6.9,2110,https://www.imdb.com/title/tt1460746/
tt2453016,Marvin Marvin,2012,30,"Comedy,Family,Sci-Fi",2.4,2110,https://www.imdb.com/title/tt2453016/
tt8888322,Bloom,2019,60,"Drama,Mystery,Sci-Fi",6.7,2081,https://www.imdb.com/title/tt8888322/
tt1150692,Lost: Missing Pieces,2007,33,"Drama,Fantasy,Sci-Fi",7.8,2079,https://www.imdb.com/title/tt1150692/
tt8747882,Switched,2018,35,"Drama,Sci-Fi",7.1,2046,https://www.imdb.com/title/tt8747882/
tt3314228,The Lottery,2014,40,Sci-Fi,6.0,2038,https://www.imdb.com/title/tt3314228/
tt1690621,Fact or Faked: Paranormal Files,2010,47,"Documentary,Sci-Fi",6.3,2021,https://www.imdb.com/title/tt1690621/
tt1629348,Metal Hurlant Chronicles,2012,22,"Action,Sci-Fi",5.7,1978,https://www.imdb.com/title/tt1629348/
tt14028208,Clone High,2023,\N,"Animation,Comedy,Sci-Fi",6.2,1965,https://www.imdb.com/title/tt14028208/
tt5562058,Time Traveling Bong,2016,22,"Comedy,Sci-Fi",6.8,1944,https://www.imdb.com/title/tt5562058/
tt9184592,The Unlisted,2019,22,"Crime,Family,Sci-Fi",6.7,1891,https://www.imdb.com/title/tt9184592/
tt4032214,Chernobyl: Zone of Exclusion,2014,99,"Drama,Mystery,Sci-Fi",6.5,1858,https://www.imdb.com/title/tt4032214/
tt16492950,Chosen,2022,41,"Drama,Mystery,Sci-Fi",4.7,1856,https://www.imdb.com/title/tt16492950/
tt0368730,Frankenstein,2004,177,"Drama,Horror,Sci-Fi",6.3,1854,https://www.imdb.com/title/tt0368730/
tt11948642,Mulligan,2023,25,"Animation,Comedy,Sci-Fi",5.0,1843,https://www.imdb.com/title/tt11948642/
tt1433058,Life After People,2009,45,"Documentary,Sci-Fi",7.5,1840,https://www.imdb.com/title/tt1433058/
tt13475676,Tom Swift,2022,42,"Drama,Mystery,Sci-Fi",3.4,1838,https://www.imdb.com/title/tt13475676/
tt17492848,Goodbye Earth,2024,60,"Drama,Sci-Fi,Thriller",4.4,1741,https://www.imdb.com/title/tt17492848/
tt1510984,Ice,2011,92,"Action,Sci-Fi,Thriller",4.6,1738,https://www.imdb.com/title/tt1510984/
tt9648870,White Wall,2020,\N,"Drama,Mystery,Sci-Fi",6.3,1707,https://www.imdb.com/title/tt9648870/
tt17037878,Arcadia,2023,385,"Drama,Sci-Fi",6.4,1701,https://www.imdb.com/title/tt17037878/
tt1861312,Doctor Who: Space and Time,2011,8,"Comedy,Sci-Fi,Short",8.3,1700,https://www.imdb.com/title/tt1861312/
tt10488234,Don't Look Deeper,2020,9,"Drama,Sci-Fi,Short",6.1,1667,https://www.imdb.com/title/tt10488234/
tt5895314,Kuromukuro,2016,24,"Action,Animation,Sci-Fi",7.1,1642,https://www.imdb.com/title/tt5895314/
tt11769798,Rugal,2020,60,"Action,Crime,Sci-Fi",6.3,1639,https://www.imdb.com/title/tt11769798/
tt8116380,A.I.C.O. Incarnation,2018,25,"Action,Animation,Sci-Fi",6.3,1630,https://www.imdb.com/title/tt8116380/
tt3950102,World Trigger,2014,\N,"Action,Animation,Sci-Fi",7.4,1624,https://www.imdb.com/title/tt3950102/
tt2316306,Delete,2013,90,"Action,Drama,Sci-Fi",5.5,1622,https://www.imdb.com/title/tt2316306/
tt26009468,The Tyrant,2024,60,"Action,Drama,Sci-Fi",6.7,1611,https://www.imdb.com/title/tt26009468/
tt4113712,Nightwing: The Series,2014,\N,"Action,Sci-Fi",7.0,1594,https://www.imdb.com/title/tt4113712/
tt1506339,Time of Eve,2008,18,"Animation,Drama,Sci-Fi",7.7,1587,https://www.imdb.com/title/tt1506339/
tt19724076,A Girl and an Astronaut,2023,45,"Drama,Romance,Sci-Fi",5.0,1586,https://www.imdb.com/title/tt19724076/
tt11827694,Train,2020,60,"Fantasy,Mystery,Sci-Fi",7.7,1501,https://www.imdb.com/title/tt11827694/
tt13259622,Bee & Puppycat: Lazy in Space,2022,25,"Animation,Comedy,Sci-Fi",8.5,1499,https://www.imdb.com/title/tt13259622/
tt14301316,Creamerie,2021,24,"Comedy,Sci-Fi",6.8,1493,https://www.imdb.com/title/tt14301316/
tt4699514,Tripped,2015,50,"Comedy,Sci-Fi",7.3,1446,https://www.imdb.com/title/tt4699514/
tt14932842,Kudi Yedamaithe,2021,33,"Crime,Sci-Fi,Thriller",8.1,1439,https://www.imdb.com/title/tt14932842/
tt10768876,UFOs,2021,30,"Comedy,Sci-Fi",7.7,1436,https://www.imdb.com/title/tt10768876/
tt0458122,Star Trek Phase II,2004,45,"Action,Adventure,Sci-Fi",6.7,1364,https://www.imdb.com/title/tt0458122/
tt2361190,Pond Life,2012,5,"Comedy,Sci-Fi,Short",8.0,1344,https://www.imdb.com/title/tt2361190/
tt7943036,Twice Upon a Time,2019,192,"Drama,Romance,Sci-Fi",6.2,1331,https://www.imdb.com/title/tt7943036/
tt37539292,Project D2O,2025,50,"Horror,Sci-Fi,Thriller",8.1,1324,https://www.imdb.com/title/tt37539292/
tt35377276,The Hot Spot,2025,\N,"Comedy,Sci-Fi",7.9,1304,https://www.imdb.com/title/tt35377276/
tt6203010,Fear the Walking Dead: Passage,2016,1,"Drama,Horror,Sci-Fi",6.1,1302,https://www.imdb.com/title/tt6203010/
tt7651452,Bahu Hamari Rajni Kant,2016,20,"Comedy,Sci-Fi",9.0,1293,https://www.imdb.com/title/tt7651452/
tt4497794,The Last Ship Prequel: Dr. Scott's Video Journal,2014,\N,"Action,Drama,Sci-Fi",7.8,1284,https://www.imdb.com/title/tt4497794/
tt5296048,WHIH News Front,2015,9,"News,Sci-Fi",6.5,1277,https://www.imdb.com/title/tt5296048/
tt16359848,Be My Favorite,2023,\N,"Comedy,Romance,Sci-Fi",8.2,1269,https://www.imdb.com/title/tt16359848/
tt7636244,S.O.Z: Soldiers or Zombies,2021,45,"Action,Horror,Sci-Fi",5.4,1240,https://www.imdb.com/title/tt7636244/
tt10016814,Unidentified: Inside America's UFO Investigation,2019,\N,"Documentary,History,Sci-Fi",7.5,1193,https://www.imdb.com/title/tt10016814/
tt14902026,Infiniti,2022,\N,"Mystery,Sci-Fi,Thriller",6.6,1189,https://www.imdb.com/title/tt14902026/
tt15475278,Plan B,2023,\N,"Drama,Sci-Fi",6.1,1189,https://www.imdb.com/title/tt15475278/
tt32245125,Project UFO,2025,50,"Drama,Sci-Fi",5.8,1183,https://www.imdb.com/title/tt32245125/
tt10328494,Angels of Death,2021,\N,"Animation,Sci-Fi",7.6,1176,https://www.imdb.com/title/tt10328494/
tt5620962,I Am Frankie,2017,22,"Drama,Sci-Fi",6.1,1159,https://www.imdb.com/title/tt5620962/
tt0870980,Spaceballs: The Animated Series,2008,94,"Animation,Comedy,Sci-Fi",4.3,1154,https://www.imdb.com/title/tt0870980/
tt2047677,Astonishing X-Men,2009,69,"Action,Animation,Sci-Fi",7.1,1139,https://www.imdb.com/title/tt2047677/
tt3652662,Matador,2014,48,"Action,Crime,Sci-Fi",5.8,1137,https://www.imdb.com/title/tt3652662/
tt1064739,Doctor Who: The Infinite Quest,2007,45,"Adventure,Animation,Sci-Fi",6.4,1130,https://www.imdb.com/title/tt1064739/
tt4428284,Flowers for Algernon,2015,54,Sci-Fi,7.0,1121,https://www.imdb.com/title/tt4428284/
tt14644726,Silverpoint,2022,22,"Family,Mystery,Sci-Fi",7.1,1113,https://www.imdb.com/title/tt14644726/
tt5334292,Dimension W,2016,25,"Action,Animation,Sci-Fi",6.8,1098,https://www.imdb.com/title/tt5334292/
tt3552688,Hangar 1: The UFO Files,2014,\N,"Mystery,Reality-TV,Sci-Fi",7.2,1087,https://www.imdb.com/title/tt3552688/
tt31158590,Tomorrow and I,2024,70,"Drama,Sci-Fi",6.2,1086,https://www.imdb.com/title/tt31158590/
tt7224994,Restaurant to Another World,2017,23,"Animation,Fantasy,Sci-Fi",7.2,1078,https://www.imdb.com/title/tt7224994/
tt2315850,Ring of Fire,2012,\N,"Drama,Sci-Fi",4.7,1072,https://www.imdb.com/title/tt2315850/
tt0247095,FreakyLinks,2000,60,"Horror,Mystery,Sci-Fi",7.9,1057,https://www.imdb.com/title/tt0247095/
tt1314008,Lost Tapes,2008,30,"Horror,Mystery,Sci-Fi",6.1,1054,https://www.imdb.com/title/tt1314008/
tt5176266,"Neon Joe, Werewolf Hunter",2015,22,"Comedy,Horror,Sci-Fi",7.1,1048,https://www.imdb.com/title/tt5176266/
tt0247119,Mysterious Ways,2000,60,"Drama,Fantasy,Sci-Fi",7.9,1041,https://www.imdb.com/title/tt0247119/
tt2056910,Fallout: Nuka Break,2011,\N,"Action,Adventure,Sci-Fi",7.9,1038,https://www.imdb.com/title/tt2056910/
tt1176951,UFO Hunters,2008,\N,"Documentary,History,Sci-Fi",6.4,1037,https://www.imdb.com/title/tt1176951/
tt6531888,Transfers,2017,56,"Sci-Fi,Thriller",7.2,1027,https://www.imdb.com/title/tt6531888/
tt10094546,The Sentinels,2025,\N,"Drama,Fantasy,Sci-Fi",6.5,1024,https://www.imdb.com/title/tt10094546/
tt6943298,Ending So Gently,2017,30,"Comedy,Sci-Fi",6.8,1018,https://www.imdb.com/title/tt6943298/
tt0462097,Eleventh Hour,2006,90,"Sci-Fi,Thriller",6.7,998,https://www.imdb.com/title/tt0462097/
tt9642406,In Hand,2019,46,"Adventure,Mystery,Sci-Fi",6.8,988,https://www.imdb.com/title/tt9642406/
tt23805348,The Cyberfarm,2023,30,"Comedy,Sci-Fi",7.2,971,https://www.imdb.com/title/tt23805348/
tt2014554,Dark Matters: Twisted But True,2011,30,"Documentary,Horror,Sci-Fi",7.9,963,https://www.imdb.com/title/tt2014554/
tt27789542,Blood Free,2024,50,"Sci-Fi,Thriller",7.1,962,https://www.imdb.com/title/tt27789542/
tt0250750,Starhunter,2000,45,"Action,Sci-Fi",6.1,959,https://www.imdb.com/title/tt0250750/
tt0455253,The Future Is Wild,2003,25,"Animation,Documentary,Sci-Fi",7.6,958,https://www.imdb.com/title/tt0455253/
tt10981954,No Guns Life,2019,\N,"Action,Animation,Sci-Fi",6.6,951,https://www.imdb.com/title/tt10981954/
tt5338744,Age of the Living Dead,2018,60,"Action,Horror,Sci-Fi",4.4,951,https://www.imdb.com/title/tt5338744/
tt9336256,Steins;Gate - The Sagacious Wisdom of Cognitive Computing,2014,3,"Animation,Comedy,Sci-Fi",6.9,937,https://www.imdb.com/title/tt9336256/
tt7034646,Lifeline,2017,25,"Action,Sci-Fi,Thriller",6.1,923,https://www.imdb.com/title/tt7034646/
tt2433570,Unsealed: Alien Files,2012,30,"Documentary,History,Sci-Fi",6.4,921,https://www.imdb.com/title/tt2433570/
tt1748166,Pioneer One,2010,\N,"Drama,Sci-Fi",6.6,909,https://www.imdb.com/title/tt1748166/
tt38991276,Lyonheart Universe,2025,\N,"Action,Sci-Fi,Thriller",9.9,903,https://www.imdb.com/title/tt38991276/
tt3692970,Night and the Doctor,2011,16,"Sci-Fi,Short",8.2,900,https://www.imdb.com/title/tt3692970/
tt2196825,Alien Surf Girls,2012,\N,"Family,Sci-Fi",7.0,885,https://www.imdb.com/title/tt2196825/
tt33274694,Omar affendi,2024,\N,"Drama,History,Sci-Fi",7.3,879,https://www.imdb.com/title/tt33274694/
tt5143438,JonTron's StarCade,2015,\N,"Comedy,Sci-Fi",7.9,870,https://www.imdb.com/title/tt5143438/
tt1139655,Madan Senki Ryukendo,2006,30,"Action,Sci-Fi",8.6,852,https://www.imdb.com/title/tt1139655/
tt0865414,Saul of the Mole Men,2007,\N,"Adventure,Comedy,Sci-Fi",5.4,836,https://www.imdb.com/title/tt0865414/
tt2315896,Eve of Destruction,2013,176,"Action,Drama,Sci-Fi",4.4,828,https://www.imdb.com/title/tt2315896/
tt14544588,Covid 25,2021,\N,"Horror,Sci-Fi,Thriller",5.9,824,https://www.imdb.com/title/tt14544588/
tt12914570,Beleznica profesora Miskovica,2021,50,"Mystery,Sci-Fi,Thriller",7.1,823,https://www.imdb.com/title/tt12914570/
tt15474794,Dva holma,2022,30,"Comedy,Sci-Fi",6.1,823,https://www.imdb.com/title/tt15474794/
tt9522354,Revisions,2019,36,"Action,Animation,Sci-Fi",5.9,823,https://www.imdb.com/title/tt9522354/
tt27591951,Pending Train,2023,\N,"Drama,Sci-Fi,Thriller",5.9,816,https://www.imdb.com/title/tt27591951/
tt8026466,Critters: A New Binge,2019,10,"Comedy,Horror,Sci-Fi",5.0,809,https://www.imdb.com/title/tt8026466/
tt1730523,H+,2011,5,Sci-Fi,7.0,804,https://www.imdb.com/title/tt1730523/
tt0978537,Ijon Tichy: Raumpilot,2007,15,"Comedy,Sci-Fi",7.5,801,https://www.imdb.com/title/tt0978537/
tt3152670,Ultimate Wolverine vs. Hulk,2013,67,"Action,Animation,Sci-Fi",6.9,791,https://www.imdb.com/title/tt3152670/
tt7879138,Killing Bites,2018,24,"Action,Animation,Sci-Fi",6.3,781,https://www.imdb.com/title/tt7879138/
tt15567434,Japan Sinks: People of Hope,2021,55,"Adventure,Drama,Sci-Fi",6.6,778,https://www.imdb.com/title/tt15567434/
tt2212455,Iron Man: Extremis,2010,\N,"Action,Animation,Sci-Fi",6.7,774,https://www.imdb.com/title/tt2212455/
tt1868207,Atop the Fourth Wall,2008,\N,"Comedy,Sci-Fi",7.0,772,https://www.imdb.com/title/tt1868207/
tt1415244,The Storm,2009,240,"Action,Drama,Sci-Fi",3.5,771,https://www.imdb.com/title/tt1415244/
tt0377191,Hot Wheels Highway 35 World Race,2003,\N,"Action,Animation,Sci-Fi",7.3,765,https://www.imdb.com/title/tt0377191/
tt10619444,Levius,2019,25,"Action,Animation,Sci-Fi",7.0,755,https://www.imdb.com/title/tt10619444/
tt35494557,We Come in Peace,2025,45,"Sci-Fi,Thriller",4.7,745,https://www.imdb.com/title/tt35494557/
tt11324616,The Commons,2019,55,"Drama,Sci-Fi",6.2,739,https://www.imdb.com/title/tt11324616/
tt8629136,Spides,2020,47,Sci-Fi,5.6,733,https://www.imdb.com/title/tt8629136/
tt6945708,Year Million,2017,47,"Documentary,Drama,Sci-Fi",7.4,732,https://www.imdb.com/title/tt6945708/
tt6243582,Marvel's Agents of S.H.I.E.L.D.: Academy,2016,4,"Action,Sci-Fi,Short",6.6,729,https://www.imdb.com/title/tt6243582/
tt5745872,A.I.SHA: My Virtual Girlfriend,2016,\N,"Sci-Fi,Thriller",7.3,726,https://www.imdb.com/title/tt5745872/
tt7701694,Mob Psycho 100,2018,24,"Action,Comedy,Sci-Fi",5.2,726,https://www.imdb.com/title/tt7701694/
tt9561968,Ingress: The Animation,2018,24,"Animation,Sci-Fi",6.4,720,https://www.imdb.com/title/tt9561968/
tt4589246,Dystopia,2019,60,Sci-Fi,3.8,714,https://www.imdb.com/title/tt4589246/
tt13752928,L.U.C.A.: The Beginning,2021,60,"Action,Fantasy,Sci-Fi",6.4,708,https://www.imdb.com/title/tt13752928/
tt1460534,Stranger Things,2008,30,Sci-Fi,8.4,704,https://www.imdb.com/title/tt1460534/
tt2267446,Space Brothers,2012,24,"Animation,Comedy,Sci-Fi",8.2,704,https://www.imdb.com/title/tt2267446/
tt8030700,Coincoin and the Extra-Humans,2018,211,"Comedy,Sci-Fi",7.1,701,https://www.imdb.com/title/tt8030700/
tt3544772,Kirby Buckets,2014,25,"Comedy,Family,Sci-Fi",5.0,691,https://www.imdb.com/title/tt3544772/
tt17055330,Time Up,2022,26,"Comedy,Sci-Fi,Thriller",8.3,687,https://www.imdb.com/title/tt17055330/
tt0387749,Jesus & Josefine,2003,23,"Family,Sci-Fi",6.3,684,https://www.imdb.com/title/tt0387749/
tt0991047,Gun x Sword,2005,24,"Action,Animation,Sci-Fi",7.1,683,https://www.imdb.com/title/tt0991047/
tt19818714,Visitors,2022,26,"Comedy,Sci-Fi",5.5,675,https://www.imdb.com/title/tt19818714/
tt4333474,Trepalium,2016,52,"Drama,Sci-Fi,Thriller",6.4,655,https://www.imdb.com/title/tt4333474/
tt3846904,El Ragol El A'inab,2013,45,"Comedy,Drama,Sci-Fi",7.4,649,https://www.imdb.com/title/tt3846904/
tt21154618,Helgoland 513,2024,\N,"Drama,Mystery,Sci-Fi",5.7,648,https://www.imdb.com/title/tt21154618/
tt1405466,This Is Not My Life,2010,44,"Sci-Fi,Thriller",7.7,643,https://www.imdb.com/title/tt1405466/
tt4122348,Tatau,2015,\N,"Mystery,Sci-Fi",6.1,635,https://www.imdb.com/title/tt4122348/
tt1132201,Bokurano,2007,\N,"Animation,Drama,Sci-Fi",7.3,634,https://www.imdb.com/title/tt1132201/
tt36919952,Three Mirrors Creature's Flashes of Flesh,2023,60,"Drama,Horror,Sci-Fi",7.5,631,https://www.imdb.com/title/tt36919952/
tt5302168,Street Fighter: Resurrection,2016,\N,"Action,Crime,Sci-Fi",6.0,630,https://www.imdb.com/title/tt5302168/
tt1669774,Voltron Force,2011,30,"Animation,Sci-Fi",6.6,628,https://www.imdb.com/title/tt1669774/
tt1300170,Xam'd: Lost Memories,2008,\N,"Adventure,Animation,Sci-Fi",7.3,626,https://www.imdb.com/title/tt1300170/
tt6666218,Circle,2017,60,"Mystery,Sci-Fi",7.9,620,https://www.imdb.com/title/tt6666218/
tt9861934,Alien: Isolation,2019,\N,"Animation,Horror,Sci-Fi",6.3,602,https://www.imdb.com/title/tt9861934/
tt2309131,Continuum,2012,\N,Sci-Fi,6.2,601,https://www.imdb.com/title/tt2309131/
tt31924877,Extremely Inappropriate!,2024,\N,"Comedy,Sci-Fi",7.6,596,https://www.imdb.com/title/tt31924877/
tt14578626,Star Wars Vehicle Flythroughs,2021,4,"Sci-Fi,Short",6.2,593,https://www.imdb.com/title/tt14578626/
tt16442600,The Expanse: One Ship,2021,6,Sci-Fi,7.8,593,https://www.imdb.com/title/tt16442600/
tt35636155,Apocalypse Hotel,2025,\N,"Animation,Comedy,Sci-Fi",7.4,585,https://www.imdb.com/title/tt35636155/
tt39100726,Heartiley Battery,2025,\N,"Romance,Sci-Fi",4.2,584,https://www.imdb.com/title/tt39100726/
tt14839616,Life's a Glitch with Julien Bam,2021,35,"Comedy,Sci-Fi",4.6,578,https://www.imdb.com/title/tt14839616/
tt37532634,Dusk Beyond the End of the World,2025,\N,"Animation,Romance,Sci-Fi",6.3,574,https://www.imdb.com/title/tt37532634/
tt17819196,Gemini Home Entertainment,2019,\N,"Horror,Mystery,Sci-Fi",8.2,571,https://www.imdb.com/title/tt17819196/
tt21432090,The Brave Ones,2022,45,"Drama,Fantasy,Sci-Fi",4.9,568,https://www.imdb.com/title/tt21432090/
tt23857504,Samsara,2023,45,"Drama,Sci-Fi",7.1,563,https://www.imdb.com/title/tt23857504/
tt27500129,Stars on Mars,2023,\N,"Reality-TV,Sci-Fi",5.5,563,https://www.imdb.com/title/tt27500129/
tt13880128,Survived,2021,52,"Drama,Sci-Fi,Thriller",6.5,562,https://www.imdb.com/title/tt13880128/
tt8792866,Gabby Duran & The Unsittables,2019,30,"Comedy,Family,Sci-Fi",6.0,559,https://www.imdb.com/title/tt8792866/
tt1480072,Hero Corp,2008,26,"Action,Comedy,Sci-Fi",6.9,556,https://www.imdb.com/title/tt1480072/
tt15450042,The Daily Bugle,2019,1,"News,Sci-Fi,Short",5.8,554,https://www.imdb.com/title/tt15450042/
tt0855326,A Step Into the Past,2001,60,"Action,Comedy,Sci-Fi",7.9,545,https://www.imdb.com/title/tt0855326/
tt33332442,The Tithes,2024,18,"Action,Animation,Sci-Fi",6.9,545,https://www.imdb.com/title/tt33332442/
tt4045340,Missie Aarde,2015,24,"Comedy,Sci-Fi",7.2,535,https://www.imdb.com/title/tt4045340/
tt11916116,UFO Witness,2021,42,"Documentary,Sci-Fi",6.4,533,https://www.imdb.com/title/tt11916116/
tt2980052,The Real History of Science Fiction,2014,43,"Documentary,History,Sci-Fi",7.3,532,https://www.imdb.com/title/tt2980052/
tt15516280,Star Wars: Galaxy of Sounds,2021,\N,Sci-Fi,6.8,528,https://www.imdb.com/title/tt15516280/
tt3639836,DRAMAtical Murder,2014,24,"Action,Animation,Sci-Fi",5.7,528,https://www.imdb.com/title/tt3639836/
tt27843403,Tozkoparan: Iskender - Gölge,2023,\N,"Adventure,Sci-Fi",4.1,526,https://www.imdb.com/title/tt27843403/
tt0292776,Crossing Over with John Edward,2001,30,"Sci-Fi,Talk-Show",1.9,525,https://www.imdb.com/title/tt0292776/
tt1020167,Ghost Whisperer: The Other Side,2007,\N,Sci-Fi,7.2,511,https://www.imdb.com/title/tt1020167/
tt8507402,On Children,2018,\N,"Drama,Family,Sci-Fi",7.4,510,https://www.imdb.com/title/tt8507402/
tt0459618,Biker Mice from Mars,2006,22,"Action,Animation,Sci-Fi",6.4,509,https://www.imdb.com/title/tt0459618/
tt0835249,Superstorm,2007,59,"Drama,Sci-Fi,Thriller",5.4,507,https://www.imdb.com/title/tt0835249/
tt1839632,The Alien's Wife,2011,\N,Sci-Fi,7.0,507,https://www.imdb.com/title/tt1839632/
tt0928385,Freedom,2006,30,"Animation,Sci-Fi",7.2,500,https://www.imdb.com/title/tt0928385/
tt0388894,Doctor Who: Scream of the Shalka,2003,90,"Animation,Sci-Fi",6.7,498,https://www.imdb.com/title/tt0388894/
tt0408377,New Captain Scarlet,2005,21,"Action,Animation,Sci-Fi",7.5,497,https://www.imdb.com/title/tt0408377/
tt10708060,Fear the Walking Dead: The Althea Tapes,2019,\N,"Drama,Horror,Sci-Fi",5.4,497,https://www.imdb.com/title/tt10708060/
tt18952884,Dumbsday,2023,25,"Comedy,Sci-Fi",6.8,496,https://www.imdb.com/title/tt18952884/
tt3857398,The Day After,2013,48,"Sci-Fi,Thriller",6.3,493,https://www.imdb.com/title/tt3857398/
tt11867066,ANNdroid,2020,51,"Comedy,Drama,Sci-Fi",6.1,488,https://www.imdb.com/title/tt11867066/
tt2824920,Inhumans,2013,132,"Action,Animation,Sci-Fi",6.5,487,https://www.imdb.com/title/tt2824920/
tt8116200,Atropa,2018,\N,Sci-Fi,7.1,480,https://www.imdb.com/title/tt8116200/
tt4011172,The Refugees,2014,50,"Drama,Sci-Fi,Thriller",5.5,473,https://www.imdb.com/title/tt4011172/
tt0813709,Gilgamesh,2003,\N,"Animation,Drama,Sci-Fi",6.6,471,https://www.imdb.com/title/tt0813709/
tt11176048,Earth to Ned,2020,30,"Comedy,Sci-Fi,Talk-Show",6.7,470,https://www.imdb.com/title/tt11176048/
tt3007348,Fallout: Red Star,2013,\N,"Action,Drama,Sci-Fi",7.7,470,https://www.imdb.com/title/tt3007348/
tt19899752,The Fortress,2023,\N,"Drama,Sci-Fi,Thriller",5.7,468,https://www.imdb.com/title/tt19899752/
tt3141172,The Unexplained Files,2013,\N,Sci-Fi,7.1,468,https://www.imdb.com/title/tt3141172/
tt1945805,Marvel Anime,2010,\N,"Action,Animation,Sci-Fi",6.7,462,https://www.imdb.com/title/tt1945805/
tt3712472,Deep Space 69,2012,\N,"Animation,Comedy,Sci-Fi",7.3,462,https://www.imdb.com/title/tt3712472/
tt21265298,Once Upon a Time Mars,2022,\N,"Comedy,Sci-Fi",6.0,461,https://www.imdb.com/title/tt21265298/
tt3012532,Annedroids,2013,24,"Action,Family,Sci-Fi",6.5,458,https://www.imdb.com/title/tt3012532/
tt3981388,Tidsrejsen,2014,25,"Adventure,Sci-Fi",7.3,458,https://www.imdb.com/title/tt3981388/
tt15251106,Demascus,2023,\N,"Comedy,Sci-Fi",7.2,452,https://www.imdb.com/title/tt15251106/
tt2629496,Level E,2011,24,"Animation,Comedy,Sci-Fi",6.8,451,https://www.imdb.com/title/tt2629496/
tt2266399,Space Janitors,2012,\N,"Comedy,Sci-Fi",7.1,447,https://www.imdb.com/title/tt2266399/
tt5894272,Cyborg 009: Call of Justice,2016,100,"Action,Animation,Sci-Fi",5.9,447,https://www.imdb.com/title/tt5894272/
tt10488860,Home Invasion,2021,\N,"Comedy,Sci-Fi",5.2,442,https://www.imdb.com/title/tt10488860/
tt27468963,Zoe,2023,45,"Comedy,Drama,Sci-Fi",8.0,436,https://www.imdb.com/title/tt27468963/
tt1756988,Appleseed XIII,2011,\N,"Animation,Sci-Fi",5.3,430,https://www.imdb.com/title/tt1756988/
tt14127648,Déjà Vu,2021,45,"Drama,Sci-Fi",7.1,422,https://www.imdb.com/title/tt14127648/
tt36051687,Secrets Declassified with David Duchovny,2025,\N,"Documentary,History,Sci-Fi",6.7,421,https://www.imdb.com/title/tt36051687/
tt1648680,SGU Stargate Universe Kino,2009,\N,"Drama,Sci-Fi,Short",7.2,420,https://www.imdb.com/title/tt1648680/
tt3673346,Green Arrow,2014,1,"Animation,Sci-Fi,Short",7.2,420,https://www.imdb.com/title/tt3673346/
tt0824091,Race to Mars,2007,45,"Adventure,Sci-Fi",6.5,419,https://www.imdb.com/title/tt0824091/
tt10267798,Endlings,2020,30,"Action,Adventure,Sci-Fi",5.6,419,https://www.imdb.com/title/tt10267798/
tt1830042,Kapitan Bomba,2008,\N,"Animation,Comedy,Sci-Fi",7.7,416,https://www.imdb.com/title/tt1830042/
tt32344752,Kaalpurush,2024,\N,"Crime,Sci-Fi,Thriller",7.1,415,https://www.imdb.com/title/tt32344752/
tt1102732,K9,2009,30,"Family,Sci-Fi",5.2,414,https://www.imdb.com/title/tt1102732/
tt7896392,Dallas & Robo,2018,\N,"Animation,Comedy,Sci-Fi",6.4,411,https://www.imdb.com/title/tt7896392/
tt0242733,The Chronicle,2001,48,"Comedy,Horror,Sci-Fi",7.0,409,https://www.imdb.com/title/tt0242733/
tt6917250,Duel,2017,60,"Crime,Sci-Fi,Thriller",7.5,408,https://www.imdb.com/title/tt6917250/
tt5835180,Plan B,2017,30,"Drama,Sci-Fi",8.1,403,https://www.imdb.com/title/tt5835180/
tt12571272,GGO Football,2009,\N,"Animation,Sci-Fi,Sport",7.5,400,https://www.imdb.com/title/tt12571272/
tt1245696,Plutón B.R.B. Nero,2008,35,"Comedy,Sci-Fi",6.0,397,https://www.imdb.com/title/tt1245696/
tt3605208,The Fifth Sun,2010,45,"Mystery,Sci-Fi",4.4,395,https://www.imdb.com/title/tt3605208/
tt11011652,The Alaska Triangle,2020,\N,"Documentary,Mystery,Sci-Fi",5.7,391,https://www.imdb.com/title/tt11011652/
tt0942905,Fat Guy Stuck in Internet,2007,11,"Comedy,Sci-Fi",5.5,389,https://www.imdb.com/title/tt0942905/
tt9287050,Alien News Desk,2019,30,"Animation,Comedy,Sci-Fi",6.5,389,https://www.imdb.com/title/tt9287050/
tt0363277,Malice@Doll,2001,78,"Animation,Horror,Sci-Fi",5.8,384,https://www.imdb.com/title/tt0363277/
tt1315861,The Xtacles,2008,22,"Animation,Comedy,Sci-Fi",7.5,382,https://www.imdb.com/title/tt1315861/
tt1520150,Starhyke,2009,26,"Comedy,Sci-Fi",3.6,380,https://www.imdb.com/title/tt1520150/
tt37437763,Milky Subway: The Galactic Limited Express,2022,4,"Animation,Comedy,Sci-Fi",7.6,380,https://www.imdb.com/title/tt37437763/
tt0299357,NieA under 7,2000,\N,"Animation,Comedy,Sci-Fi",7.1,379,https://www.imdb.com/title/tt0299357/
tt0426265,Trava: Fist Planet,2002,52,"Animation,Sci-Fi",6.7,372,https://www.imdb.com/title/tt0426265/
tt32306399,From Tomorrow,2024,\N,Sci-Fi,6.2,371,https://www.imdb.com/title/tt32306399/
tt1728863,Hero Factory,2010,88,"Adventure,Animation,Sci-Fi",5.7,370,https://www.imdb.com/title/tt1728863/
tt2473544,Visitor from the Future,2009,\N,"Comedy,Sci-Fi",8.0,367,https://www.imdb.com/title/tt2473544/
tt5779830,Starhunter Redux,2017,43,"Action,Adventure,Sci-Fi",5.4,364,https://www.imdb.com/title/tt5779830/
tt0178161,The Secret Adventures of Jules Verne,2000,60,"Adventure,Horror,Sci-Fi",6.9,361,https://www.imdb.com/title/tt0178161/
tt10379670,Alien Highway,2019,44,"Documentary,Mystery,Sci-Fi",4.6,361,https://www.imdb.com/title/tt10379670/
tt28082724,Davey & Jonesie's Locker,2024,33,"Comedy,Family,Sci-Fi",6.0,361,https://www.imdb.com/title/tt28082724/
tt1320317,Hotbox,2009,\N,"Comedy,Sci-Fi",4.2,356,https://www.imdb.com/title/tt1320317/
tt29703514,Doctor Who: Tales of the TARDIS,2023,\N,"Drama,Sci-Fi",7.4,354,https://www.imdb.com/title/tt29703514/
tt12262154,Dynamo Dream,2021,\N,"Fantasy,Sci-Fi",8.4,348,https://www.imdb.com/title/tt12262154/
tt28522135,Ami Ki Tumi,2023,\N,"Mystery,Sci-Fi,Thriller",7.3,346,https://www.imdb.com/title/tt28522135/
tt3012540,Creative Galaxy,2013,\N,"Animation,Family,Sci-Fi",5.4,342,https://www.imdb.com/title/tt3012540/
tt5490630,Crunch Time,2016,\N,"Comedy,Sci-Fi",7.0,341,https://www.imdb.com/title/tt5490630/
tt9454344,Helsreach,2017,\N,"Animation,Sci-Fi,War",8.6,341,https://www.imdb.com/title/tt9454344/
tt0467491,Star Trek: Hidden Frontier,2000,30,"Action,Sci-Fi",5.2,340,https://www.imdb.com/title/tt0467491/
tt28744259,MY3,2023,\N,"Comedy,Romance,Sci-Fi",5.8,340,https://www.imdb.com/title/tt28744259/
tt2100816,Divine: The Series,2011,10,"Action,Horror,Sci-Fi",7.0,335,https://www.imdb.com/title/tt2100816/
tt5894518,Kosmo,2016,\N,"Comedy,Sci-Fi",8.2,334,https://www.imdb.com/title/tt5894518/
tt11316324,Life Beyond,2019,30,"Documentary,Sci-Fi",9.1,329,https://www.imdb.com/title/tt11316324/
tt8829226,My Three Body,2014,20,"Animation,Sci-Fi",8.3,329,https://www.imdb.com/title/tt8829226/
tt0487183,IGPX: Immortal Grand Prix,2005,\N,"Action,Animation,Sci-Fi",7.3,327,https://www.imdb.com/title/tt0487183/
tt3668942,Wolverine vs. Sabretooth,2014,99,"Action,Animation,Sci-Fi",6.4,327,https://www.imdb.com/title/tt3668942/
tt32526678,Mecha-Ude: Mechanical Arms,2024,\N,"Action,Animation,Sci-Fi",6.4,325,https://www.imdb.com/title/tt32526678/
tt0348943,I Am Not an Animal,2004,29,"Animation,Comedy,Sci-Fi",7.9,323,https://www.imdb.com/title/tt0348943/
tt6026166,Planetarian: The Reverie of a Little Planet,2016,\N,"Animation,Drama,Sci-Fi",7.0,322,https://www.imdb.com/title/tt6026166/
tt13503990,Synchronous,2021,45,"Drama,Sci-Fi,Thriller",5.9,321,https://www.imdb.com/title/tt13503990/
tt3410888,Mad Max Motion Comic,2013,5,"Action,Animation,Sci-Fi",4.9,320,https://www.imdb.com/title/tt3410888/
tt14271876,Scarlet Nexus,2021,\N,"Action,Animation,Sci-Fi",5.7,319,https://www.imdb.com/title/tt14271876/
tt15758108,Tokyo 24th Ward,2022,24,"Animation,Mystery,Sci-Fi",6.1,317,https://www.imdb.com/title/tt15758108/
tt0388225,Mazinkaiser,2001,210,"Animation,Sci-Fi",7.8,313,https://www.imdb.com/title/tt0388225/
tt1411817,Mazinger Edition Z: The Impact!,2009,23,"Action,Animation,Sci-Fi",7.3,313,https://www.imdb.com/title/tt1411817/
tt28796315,Obvious Incredible,2023,30,"Comedy,Sci-Fi",6.5,313,https://www.imdb.com/title/tt28796315/
tt0455244,Battle B-Daman,2002,30,"Adventure,Animation,Sci-Fi",5.2,309,https://www.imdb.com/title/tt0455244/
tt0830161,Grand Star,2007,24,Sci-Fi,5.5,308,https://www.imdb.com/title/tt0830161/
tt2556306,Everyone Is Psychic!,2013,29,"Comedy,Sci-Fi",6.9,306,https://www.imdb.com/title/tt2556306/
tt0977682,2057,2007,53,"Documentary,Drama,Sci-Fi",7.2,305,https://www.imdb.com/title/tt0977682/
tt2963340,Grayson: Earth One,2013,16,"Drama,Sci-Fi",7.1,305,https://www.imdb.com/title/tt2963340/
tt0377153,Century City,2004,60,"Drama,Sci-Fi",6.7,303,https://www.imdb.com/title/tt0377153/
tt1215996,Blassreiter,2008,23,"Action,Animation,Sci-Fi",6.5,303,https://www.imdb.com/title/tt1215996/
tt0419367,Silversun,2004,30,Sci-Fi,7.4,302,https://www.imdb.com/title/tt0419367/
tt2361621,Alien Dawn,2013,30,"Adventure,Family,Sci-Fi",6.2,300,https://www.imdb.com/title/tt2361621/
tt12046930,A Thousand Suns,2023,5,Sci-Fi,7.2,298,https://www.imdb.com/title/tt12046930/
tt8315772,Shigunaru,2018,\N,"Crime,Drama,Sci-Fi",7.0,297,https://www.imdb.com/title/tt8315772/
tt1126666,Afterworld,2007,\N,Sci-Fi,7.3,296,https://www.imdb.com/title/tt1126666/
tt1994439,Warehouse 13: Of Monsters and Men,2011,\N,Sci-Fi,7.6,296,https://www.imdb.com/title/tt1994439/
tt21942776,Circuit Breakers,2022,25,"Family,Sci-Fi",5.4,296,https://www.imdb.com/title/tt21942776/
tt2229453,The Tommy Wi-Show,2011,10,"Comedy,Sci-Fi,Talk-Show",5.9,295,https://www.imdb.com/title/tt2229453/
tt18554728,Beyblade Burst Surge,2020,\N,"Animation,Family,Sci-Fi",6.8,290,https://www.imdb.com/title/tt18554728/
tt7665014,Human Kind Of,2018,5,"Animation,Comedy,Sci-Fi",7.2,282,https://www.imdb.com/title/tt7665014/
tt29064560,Star Trek: Very Short Treks,2023,\N,"Animation,Comedy,Sci-Fi",5.5,280,https://www.imdb.com/title/tt29064560/
tt10235886,Supercops V/S Supervillains,2012,\N,"Crime,Horror,Sci-Fi",6.5,279,https://www.imdb.com/title/tt10235886/
tt17501844,API Cybersecurity 101,2021,\N,Sci-Fi,8.3,279,https://www.imdb.com/title/tt17501844/
tt32174044,My Hero Academia: Memories,2017,24,"Action,Animation,Sci-Fi",6.7,279,https://www.imdb.com/title/tt32174044/
tt23015076,Ginormo,2023,\N,"Action,Comedy,Sci-Fi",8.2,278,https://www.imdb.com/title/tt23015076/
tt0897331,Tardisodes,2006,1,"Drama,Sci-Fi,Short",7.1,274,https://www.imdb.com/title/tt0897331/
tt35039982,The Best Immigrant,2025,\N,"Drama,Sci-Fi,Thriller",6.4,274,https://www.imdb.com/title/tt35039982/
tt0443301,Argai: The Prophecy,2000,24,"Adventure,Animation,Sci-Fi",8.0,269,https://www.imdb.com/title/tt0443301/
tt20765194,Sny,2022,30,"Mystery,Sci-Fi",6.5,268,https://www.imdb.com/title/tt20765194/
tt2254454,Dark Rising: Warrior of Worlds,2014,45,Sci-Fi,3.7,265,https://www.imdb.com/title/tt2254454/
tt13505052,Unseen,2020,48,"Drama,Sci-Fi",6.5,262,https://www.imdb.com/title/tt13505052/
tt1718249,BlackBoxTV,2010,5,"Horror,Mystery,Sci-Fi",7.1,262,https://www.imdb.com/title/tt1718249/
tt7493176,The Back Pages,2017,\N,"Fantasy,Sci-Fi",4.6,261,https://www.imdb.com/title/tt7493176/
tt13652552,Futmalls,2020,42,Sci-Fi,6.5,260,https://www.imdb.com/title/tt13652552/
tt18313946,Time Hustler,2022,30,"Comedy,Sci-Fi,Western",5.8,257,https://www.imdb.com/title/tt18313946/
tt31891466,Two Worlds,2024,\N,"Romance,Sci-Fi",7.2,256,https://www.imdb.com/title/tt31891466/
tt1786211,Bar Karma,2010,\N,Sci-Fi,5.9,254,https://www.imdb.com/title/tt1786211/
tt1440502,Heroes: Nowhere Man,2009,\N,"Drama,Sci-Fi",7.2,252,https://www.imdb.com/title/tt1440502/
tt33354944,Anaon,2025,52,"Drama,Fantasy,Sci-Fi",5.7,252,https://www.imdb.com/title/tt33354944/
tt5214252,Never Let Me Go,2016,54,"Drama,Romance,Sci-Fi",7.2,252,https://www.imdb.com/title/tt5214252/
tt1915535,Alien Nine,2001,30,"Animation,Horror,Sci-Fi",6.3,251,https://www.imdb.com/title/tt1915535/
tt0379641,Little Robots,2003,10,"Animation,Family,Sci-Fi",6.1,250,https://www.imdb.com/title/tt0379641/
tt1169424,Clone,2008,30,"Comedy,Sci-Fi",5.2,250,https://www.imdb.com/title/tt1169424/
tt2616614,Mercedes-Benz: MacGyver and the new Citan,2012,\N,Sci-Fi,7.1,249,https://www.imdb.com/title/tt2616614/
tt29143189,16bit Sensation: Another Layer,2023,\N,"Animation,Comedy,Sci-Fi",6.4,249,https://www.imdb.com/title/tt29143189/
tt37532849,Alma-chan Wants to Be a Family!,2025,\N,"Animation,Comedy,Sci-Fi",6.8,249,https://www.imdb.com/title/tt37532849/
tt10732758,Til Death Do Us Part,2019,\N,"Sci-Fi,Thriller",6.2,248,https://www.imdb.com/title/tt10732758/
tt35006637,Eternal Butler,2024,\N,"Drama,Romance,Sci-Fi",6.6,248,https://www.imdb.com/title/tt35006637/
tt2257878,Alien Encounters,2012,60,Sci-Fi,7.0,246,https://www.imdb.com/title/tt2257878/
tt10686866,Ghosts of Morgan City,2019,\N,"Documentary,Sci-Fi",5.9,245,https://www.imdb.com/title/tt10686866/
tt1821156,School Spirits,2011,60,"Mystery,Reality-TV,Sci-Fi",5.8,245,https://www.imdb.com/title/tt1821156/
tt22988950,"Project ""Prometheus""",2024,45,"Mystery,Sci-Fi,Thriller",5.4,245,https://www.imdb.com/title/tt22988950/
tt6401430,Hand Shakers,2017,23,"Action,Animation,Sci-Fi",3.3,244,https://www.imdb.com/title/tt6401430/
tt5788812,Crow's Blood,2016,39,"Drama,Horror,Sci-Fi",6.6,243,https://www.imdb.com/title/tt5788812/
tt5715678,The Star Wars Show,2016,7,"Sci-Fi,Short,Talk-Show",7.4,242,https://www.imdb.com/title/tt5715678/
tt2408488,Cursed,2012,60,"Documentary,Horror,Sci-Fi",5.2,240,https://www.imdb.com/title/tt2408488/
tt3105504,Kyôsôgiga,2013,\N,"Animation,Fantasy,Sci-Fi",7.4,240,https://www.imdb.com/title/tt3105504/
tt6558262,Top 10 Secrets and Mysteries,2016,26,"Documentary,Sci-Fi",5.2,239,https://www.imdb.com/title/tt6558262/
tt26470023,Command Z,2023,\N,"Comedy,Sci-Fi",6.0,236,https://www.imdb.com/title/tt26470023/
tt3124420,Andô Lloyd: A.I. Knows Love?,2013,54,"Romance,Sci-Fi",6.7,235,https://www.imdb.com/title/tt3124420/
tt5375996,Schwarzesmarken,2016,24,"Animation,Drama,Sci-Fi",6.1,235,https://www.imdb.com/title/tt5375996/
tt6143076,Mahakaal (The Superhero),2016,\N,Sci-Fi,7.2,235,https://www.imdb.com/title/tt6143076/
tt2673546,Türk'ün Uzayla Imtihani,2012,\N,"Comedy,Sci-Fi",3.2,234,https://www.imdb.com/title/tt2673546/
tt2699588,The Adventures of Figaro Pho,2012,\N,"Animation,Fantasy,Sci-Fi",7.5,232,https://www.imdb.com/title/tt2699588/
tt6813314,Chaos;Child,2017,24,"Animation,Mystery,Sci-Fi",5.7,231,https://www.imdb.com/title/tt6813314/
tt22882128,Yonder,2022,\N,"Drama,Sci-Fi",6.3,230,https://www.imdb.com/title/tt22882128/
tt0274262,Heavy Gear,2001,30,"Action,Animation,Sci-Fi",5.5,228,https://www.imdb.com/title/tt0274262/
tt2404379,Space Command,2020,\N,"Adventure,Sci-Fi",5.4,228,https://www.imdb.com/title/tt2404379/
tt5292052,Ready Jet Go!,2016,26,"Animation,Family,Sci-Fi",5.9,227,https://www.imdb.com/title/tt5292052/
tt0305128,Tracey McBean,2001,11,"Animation,Family,Sci-Fi",6.6,224,https://www.imdb.com/title/tt0305128/
tt3401416,Tenkai Knights,2013,30,"Action,Animation,Sci-Fi",6.5,224,https://www.imdb.com/title/tt3401416/
tt0292760,Arzak Rhapsody,2003,4,"Animation,Fantasy,Sci-Fi",7.1,223,https://www.imdb.com/title/tt0292760/
tt0783417,Smallville: Vengeance Chronicles,2006,19,"Mystery,Sci-Fi,Short",6.3,223,https://www.imdb.com/title/tt0783417/
tt3830828,Temporarily Dead,2014,45,"Drama,Mystery,Sci-Fi",7.4,223,https://www.imdb.com/title/tt3830828/
tt6096648,Ai no Kusabi: Remake,2012,\N,"Animation,Drama,Sci-Fi",6.2,221,https://www.imdb.com/title/tt6096648/
tt15754974,Project 863,2018,30,"Fantasy,Mystery,Sci-Fi",8.9,220,https://www.imdb.com/title/tt15754974/
tt2138727,Na rubu znanosti,2002,45,"Mystery,Sci-Fi,Talk-Show",9.2,220,https://www.imdb.com/title/tt2138727/
tt0279556,Cybergirl,2001,25,"Family,Fantasy,Sci-Fi",6.5,219,https://www.imdb.com/title/tt0279556/
tt21339080,Nasledie,2022,43,"Drama,Sci-Fi",6.4,219,https://www.imdb.com/title/tt21339080/
tt29427695,Rivages,2025,52,"Drama,Mystery,Sci-Fi",6.0,218,https://www.imdb.com/title/tt29427695/
tt29738782,Anti Reset,2024,26,"Romance,Sci-Fi",6.5,218,https://www.imdb.com/title/tt29738782/
tt1802564,Dark Rising: The Savage Tales of Summer Vale,2011,22,Sci-Fi,5.4,216,https://www.imdb.com/title/tt1802564/
tt10484890,TO BE HERO,2016,25,"Animation,Comedy,Sci-Fi",6.6,215,https://www.imdb.com/title/tt10484890/
tt3904962,Eve,2015,28,"Drama,Family,Sci-Fi",6.3,215,https://www.imdb.com/title/tt3904962/
tt4164522,Wolf's Rain OVA,2004,\N,"Animation,Drama,Sci-Fi",8.0,215,https://www.imdb.com/title/tt4164522/
tt0478870,Laser Fart,2004,47,"Action,Comedy,Sci-Fi",6.5,211,https://www.imdb.com/title/tt0478870/
tt35955429,Touring After the Apocalypse,2025,24,"Adventure,Animation,Sci-Fi",6.8,211,https://www.imdb.com/title/tt35955429/
tt7293158,Will vs. The Future,2017,24,"Adventure,Family,Sci-Fi",6.7,211,https://www.imdb.com/title/tt7293158/
tt1230421,The Awakening,2009,52,"Mystery,Sci-Fi",5.5,210,https://www.imdb.com/title/tt1230421/
tt9569556,Dream Raider,2020,50,"Crime,Mystery,Sci-Fi",5.0,210,https://www.imdb.com/title/tt9569556/
tt2806258,Project: SERA,2013,\N,"Action,Horror,Sci-Fi",6.9,209,https://www.imdb.com/title/tt2806258/
tt0235944,The Strangerers,2000,22,"Comedy,Sci-Fi",6.7,208,https://www.imdb.com/title/tt0235944/
tt0462108,The Hoobs,2001,24,"Family,Fantasy,Sci-Fi",6.0,207,https://www.imdb.com/title/tt0462108/
tt1878572,Primeval: Webisodes,2010,\N,"Drama,Sci-Fi,Short",6.7,207,https://www.imdb.com/title/tt1878572/
tt6089872,Automata,2017,58,"Drama,Mystery,Sci-Fi",6.8,206,https://www.imdb.com/title/tt6089872/
tt0763243,Cuarto milenio,2005,120,"History,Mystery,Sci-Fi",7.8,202,https://www.imdb.com/title/tt0763243/
tt1706186,Q.10,2010,54,"Drama,Sci-Fi",6.7,202,https://www.imdb.com/title/tt1706186/
tt1432761,The Ennead,2009,\N,Sci-Fi,6.0,201,https://www.imdb.com/title/tt1432761/
tt11692246,De utvalda,2020,104,"Sci-Fi,Thriller",4.1,200,https://www.imdb.com/title/tt11692246/
tt1470828,Saber,2009,2,"Action,Sci-Fi,Short",6.0,200,https://www.imdb.com/title/tt1470828/
tt28038239,The Gene of AI,2023,24,"Animation,Drama,Sci-Fi",6.0,198,https://www.imdb.com/title/tt28038239/
tt3359196,Spooked,2014,\N,"Comedy,Horror,Sci-Fi",7.0,198,https://www.imdb.com/title/tt3359196/
tt3704970,Space Riders: Division Earth,2014,\N,"Comedy,Sci-Fi",6.2,198,https://www.imdb.com/title/tt3704970/
tt0338574,Alienated,2003,30,"Comedy,Drama,Sci-Fi",6.0,197,https://www.imdb.com/title/tt0338574/
tt3851668,Creature Commandos,2014,1,"Animation,Fantasy,Sci-Fi",7.0,197,https://www.imdb.com/title/tt3851668/
tt5921398,Belushi's Toilet,2014,\N,"Comedy,Drama,Sci-Fi",4.2,196,https://www.imdb.com/title/tt5921398/
tt14904678,Gosti iz proshlogo,2020,23,"Comedy,History,Sci-Fi",6.1,192,https://www.imdb.com/title/tt14904678/
tt3399762,Buddy Complex,2014,24,"Action,Animation,Sci-Fi",6.9,192,https://www.imdb.com/title/tt3399762/
tt30257765,Tidsrejsen 2,2024,\N,"Drama,Family,Sci-Fi",6.1,191,https://www.imdb.com/title/tt30257765/
tt0435563,Computerman,2003,5,"Action,Comedy,Sci-Fi",6.4,190,https://www.imdb.com/title/tt0435563/
tt0963150,Zipang,2004,24,"Animation,Drama,Sci-Fi",7.3,189,https://www.imdb.com/title/tt0963150/
tt4178838,Batman Beyond,2015,\N,"Action,Sci-Fi",6.4,189,https://www.imdb.com/title/tt4178838/
tt9247818,Salvage Marines,2022,\N,Sci-Fi,4.8,189,https://www.imdb.com/title/tt9247818/
tt3913562,El incidente,2017,\N,"Drama,Mystery,Sci-Fi",4.5,187,https://www.imdb.com/title/tt3913562/
tt9272378,Baymax Dreams,2018,3,"Animation,Comedy,Sci-Fi",6.0,187,https://www.imdb.com/title/tt9272378/
tt2328145,Mobile Suit Gundam MS IGLOO: The Hidden One Year War,2004,30,"Action,Animation,Sci-Fi",6.1,186,https://www.imdb.com/title/tt2328145/
tt5851562,Renegades,2017,\N,Sci-Fi,6.0,185,https://www.imdb.com/title/tt5851562/
tt2732742,Mission Backup Earth,2013,\N,Sci-Fi,5.6,183,https://www.imdb.com/title/tt2732742/
tt1357770,Heroes: Hard Knox,2008,2,Sci-Fi,6.2,181,https://www.imdb.com/title/tt1357770/
tt15203594,Overlord and the Underwoods,2021,\N,"Comedy,Family,Sci-Fi",5.1,179,https://www.imdb.com/title/tt15203594/
tt2912048,Tales of Metropolis,2013,1,"Action,Animation,Sci-Fi",7.6,178,https://www.imdb.com/title/tt2912048/
tt8579302,Reflections: Project Chameleon,2021,\N,Sci-Fi,2.7,178,https://www.imdb.com/title/tt8579302/
tt36041841,"Food, Love, Robots",2025,\N,"Romance,Sci-Fi",7.8,177,https://www.imdb.com/title/tt36041841/
tt0247096,Freedom,2000,60,"Action,Drama,Sci-Fi",7.1,176,https://www.imdb.com/title/tt0247096/
tt10404752,Stories from Our Future,2019,\N,Sci-Fi,7.0,176,https://www.imdb.com/title/tt10404752/
tt1261559,Gemini Division,2008,\N,Sci-Fi,5.3,176,https://www.imdb.com/title/tt1261559/
tt13975422,Kometernes jul,2021,25,"Adventure,Family,Sci-Fi",5.1,176,https://www.imdb.com/title/tt13975422/
tt2296421,The Proxy,2012,\N,"Action,Sci-Fi,Thriller",7.0,176,https://www.imdb.com/title/tt2296421/
tt4291722,Fight of the Living Dead,2015,22,"Reality-TV,Sci-Fi",4.6,176,https://www.imdb.com/title/tt4291722/
tt5808866,XKWX,2016,\N,"Horror,Mystery,Sci-Fi",7.6,175,https://www.imdb.com/title/tt5808866/
tt9798750,Doctor Who: The Macra Terror,2019,96,"Animation,Sci-Fi",7.1,174,https://www.imdb.com/title/tt9798750/
tt6343290,Marvel Video Comics,2016,4,"Action,Animation,Sci-Fi",5.8,173,https://www.imdb.com/title/tt6343290/
tt0296326,Chris Colorado,2000,26,"Action,Animation,Sci-Fi",8.3,172,https://www.imdb.com/title/tt0296326/
tt10189204,The Pact,2022,40,"Adventure,Drama,Sci-Fi",5.2,172,https://www.imdb.com/title/tt10189204/
tt2375360,Airlock,2015,\N,"Crime,Mystery,Sci-Fi",5.3,172,https://www.imdb.com/title/tt2375360/
tt5354314,Aokana: Four Rhythm Across the Blue,2016,24,"Animation,Drama,Sci-Fi",6.4,172,https://www.imdb.com/title/tt5354314/
tt5660604,The Cul De Sac,2016,30,"Drama,Mystery,Sci-Fi",5.8,172,https://www.imdb.com/title/tt5660604/
tt1259071,Heroes: Going Postal,2008,3,"Drama,Sci-Fi",5.6,171,https://www.imdb.com/title/tt1259071/
tt1570914,Gotham Tonight,2008,8,"Adventure,Sci-Fi",7.0,170,https://www.imdb.com/title/tt1570914/
tt0385399,Delta State,2004,22,"Animation,Sci-Fi",7.2,169,https://www.imdb.com/title/tt0385399/
tt0307710,The 5th Quadrant,2002,27,"Comedy,Fantasy,Sci-Fi",6.4,167,https://www.imdb.com/title/tt0307710/
tt2303377,Doom Patrol,2013,1,"Action,Animation,Sci-Fi",7.3,165,https://www.imdb.com/title/tt2303377/
tt2466292,Mazinkaiser SKL,2010,27,"Action,Animation,Sci-Fi",6.4,164,https://www.imdb.com/title/tt2466292/
tt8958108,RObotzi,2011,4,"Animation,Comedy,Sci-Fi",9.0,163,https://www.imdb.com/title/tt8958108/
tt1345784,Ark,2009,\N,"Sci-Fi,Thriller",7.5,162,https://www.imdb.com/title/tt1345784/
tt28613565,Distinct Society,2024,\N,"Drama,Mystery,Sci-Fi",7.4,162,https://www.imdb.com/title/tt28613565/
tt8184618,Kanaga,2018,20,"Adventure,Fantasy,Sci-Fi",7.3,162,https://www.imdb.com/title/tt8184618/
tt0874001,Flag,2006,\N,"Action,Animation,Sci-Fi",6.5,160,https://www.imdb.com/title/tt0874001/
tt8774888,Planet With,2018,24,"Action,Animation,Sci-Fi",6.6,159,https://www.imdb.com/title/tt8774888/
tt4950034,The Parallax Theory,2015,\N,"Adventure,Drama,Sci-Fi",5.5,158,https://www.imdb.com/title/tt4950034/
tt5822812,Miss 2059,2016,\N,"Comedy,Sci-Fi",6.9,158,https://www.imdb.com/title/tt5822812/
tt1995142,The Mercury Men,2011,7,Sci-Fi,7.9,157,https://www.imdb.com/title/tt1995142/
tt23147672,Angels of Death: Origins,2022,\N,"Action,Animation,Sci-Fi",7.6,156,https://www.imdb.com/title/tt23147672/
tt0833572,Galaxy Angel,2000,16,"Animation,Comedy,Sci-Fi",6.7,154,https://www.imdb.com/title/tt0833572/
tt34984479,765874,2022,1,Sci-Fi,8.6,154,https://www.imdb.com/title/tt34984479/
tt15442064,El Refugio,2022,\N,"Drama,Mystery,Sci-Fi",5.7,152,https://www.imdb.com/title/tt15442064/
tt2246016,Resist666,2012,24,"Action,Horror,Sci-Fi",6.9,152,https://www.imdb.com/title/tt2246016/
tt29730199,Otmorozhennye,2023,24,"Comedy,Crime,Sci-Fi",5.8,152,https://www.imdb.com/title/tt29730199/
tt1000946,eX-Driver,2000,24,"Action,Animation,Sci-Fi",6.3,151,https://www.imdb.com/title/tt1000946/
tt13526150,Star Trek: Discovery Logs,2020,\N,"Comedy,Drama,Sci-Fi",5.8,151,https://www.imdb.com/title/tt13526150/
tt2906890,Dark Secrets,2013,\N,"Horror,Mystery,Sci-Fi",6.0,151,https://www.imdb.com/title/tt2906890/
tt4586146,Mythwits,2014,\N,"Sci-Fi,Talk-Show",5.6,151,https://www.imdb.com/title/tt4586146/
tt9308014,RobiHachi,2019,\N,"Animation,Comedy,Sci-Fi",5.9,151,https://www.imdb.com/title/tt9308014/
tt1428076,The Platoon of Power Squadron,2009,418,"Comedy,Drama,Sci-Fi",8.5,150,https://www.imdb.com/title/tt1428076/
tt2074442,Star Trek: Odyssey,2007,\N,"Sci-Fi,Short",5.1,150,https://www.imdb.com/title/tt2074442/
tt10366148,Skyfire,2019,\N,Sci-Fi,4.3,149,https://www.imdb.com/title/tt10366148/
tt4824394,Terminator Genisys: The YouTube Chronicles,2015,\N,"Action,Comedy,Sci-Fi",4.1,149,https://www.imdb.com/title/tt4824394/
tt13898130,Girls' Frontline,2022,\N,"Action,Animation,Sci-Fi",5.4,147,https://www.imdb.com/title/tt13898130/
tt2649502,Flaman,2013,\N,Sci-Fi,7.0,147,https://www.imdb.com/title/tt2649502/
tt2789534,The Next Generation: Patlabor,2014,48,"Action,Comedy,Sci-Fi",5.0,145,https://www.imdb.com/title/tt2789534/
tt10448912,Dani Who?,2019,60,"Mystery,Sci-Fi,Thriller",7.1,144,https://www.imdb.com/title/tt10448912/
tt13580438,Birchpunk,2020,7,"Comedy,Music,Sci-Fi",8.4,144,https://www.imdb.com/title/tt13580438/
tt3654206,Defiance: The Lost Ones,2014,\N,"Action,Drama,Sci-Fi",7.3,144,https://www.imdb.com/title/tt3654206/
tt1306124,Heroes: Destiny,2008,22,"Action,Sci-Fi",5.4,143,https://www.imdb.com/title/tt1306124/
tt2197331,Star Trek: GENESIS,2012,30,"Action,Adventure,Sci-Fi",5.5,143,https://www.imdb.com/title/tt2197331/
tt2374870,Out of Time,2012,30,Sci-Fi,2.6,143,https://www.imdb.com/title/tt2374870/
tt27450217,Too Cute Crisis,2023,23,"Animation,Comedy,Sci-Fi",6.4,143,https://www.imdb.com/title/tt27450217/
tt27548095,The Plague,2024,\N,"Drama,Sci-Fi,Thriller",5.3,143,https://www.imdb.com/title/tt27548095/
tt3991298,"Frankenstein, MD",2014,5,"Comedy,Horror,Sci-Fi",7.3,141,https://www.imdb.com/title/tt3991298/
tt0498448,Starship Operators,2005,25,"Animation,Drama,Sci-Fi",6.6,140,https://www.imdb.com/title/tt0498448/
tt1343007,Heroes: The Recruit,2008,3,"Drama,Sci-Fi",5.7,139,https://www.imdb.com/title/tt1343007/
tt8192824,Journey,2018,\N,"Comedy,Sci-Fi",5.0,139,https://www.imdb.com/title/tt8192824/
tt1926555,Freaks!,2011,\N,"Action,Sci-Fi,Thriller",6.0,138,https://www.imdb.com/title/tt1926555/
tt21142854,Strange Angels,2024,\N,"Drama,Sci-Fi",4.9,136,https://www.imdb.com/title/tt21142854/
tt2703708,Majestic Prince,2013,24,"Animation,Sci-Fi",6.7,136,https://www.imdb.com/title/tt2703708/
tt6344334,Ultraman Orb: The Origin Saga,2016,\N,"Action,Sci-Fi",7.3,136,https://www.imdb.com/title/tt6344334/
tt0421455,New Getter Robo,2004,25,"Animation,Horror,Sci-Fi",7.1,134,https://www.imdb.com/title/tt0421455/
tt11905968,Doctor Who: The Faceless Ones,2020,25,"Animation,Sci-Fi",7.3,133,https://www.imdb.com/title/tt11905968/
tt13339430,Ultra Galaxy Fight: The Absolute Conspiracy,2020,\N,"Action,Fantasy,Sci-Fi",8.2,133,https://www.imdb.com/title/tt13339430/
tt1815065,Heroman,2010,\N,"Action,Animation,Sci-Fi",6.3,133,https://www.imdb.com/title/tt1815065/
tt21636200,Kuppel 16,2022,230,"Adventure,Romance,Sci-Fi",6.7,133,https://www.imdb.com/title/tt21636200/
tt32810545,Loop 11:47,2024,\N,"Comedy,Sci-Fi,Thriller",7.2,133,https://www.imdb.com/title/tt32810545/
tt0937344,The Future Is Wild,2007,22,"Animation,Family,Sci-Fi",6.6,132,https://www.imdb.com/title/tt0937344/
tt0997268,Lost Signs,2007,52,"Mystery,Sci-Fi",4.5,132,https://www.imdb.com/title/tt0997268/
tt15128210,AMAIM Warrior at the Borderline,2021,\N,"Action,Animation,Sci-Fi",5.8,132,https://www.imdb.com/title/tt15128210/
tt1728933,The Resistance,2010,\N,Sci-Fi,6.1,130,https://www.imdb.com/title/tt1728933/
tt7019968,Proyecto Tiempo,2017,63,Sci-Fi,5.1,130,https://www.imdb.com/title/tt7019968/
tt0369035,Tyranny,2008,\N,"Drama,Romance,Sci-Fi",7.7,129,https://www.imdb.com/title/tt0369035/
tt0424658,El inquilino,2004,65,"Comedy,Sci-Fi",3.1,129,https://www.imdb.com/title/tt0424658/
tt0994706,Zoids Genesis,2005,24,"Adventure,Animation,Sci-Fi",7.6,129,https://www.imdb.com/title/tt0994706/
tt2163805,Galaxy Park,2011,10,"Family,Sci-Fi",7.4,129,https://www.imdb.com/title/tt2163805/
tt18272438,FreakAngels,2022,\N,"Action,Animation,Sci-Fi",6.5,128,https://www.imdb.com/title/tt18272438/
tt0429377,Invasion Iowa,2005,\N,"Comedy,Sci-Fi",6.5,127,https://www.imdb.com/title/tt0429377/
tt2146268,TOME: Terrain of Magical Expertise,2011,15,"Animation,Fantasy,Sci-Fi",7.2,127,https://www.imdb.com/title/tt2146268/
tt2891516,Puchi Eva: Evangelion@School,2007,\N,"Animation,Comedy,Sci-Fi",4.6,127,https://www.imdb.com/title/tt2891516/
tt13057928,Daleks!,2020,75,"Animation,Sci-Fi",6.0,126,https://www.imdb.com/title/tt13057928/
tt5066074,Classroom Crisis,2015,\N,"Animation,Drama,Sci-Fi",6.3,126,https://www.imdb.com/title/tt5066074/
tt11268354,Ultra Galaxy Fight: New Generation Heroes,2019,5,"Action,Sci-Fi",7.4,125,https://www.imdb.com/title/tt11268354/
tt2057790,RCVR,2011,\N,Sci-Fi,7.5,124,https://www.imdb.com/title/tt2057790/
tt10100318,Phoenix,2024,\N,"Action,Drama,Sci-Fi",4.9,123,https://www.imdb.com/title/tt10100318/
tt13017162,Doctor Who: Fury from the Deep,2020,124,"Animation,Sci-Fi",7.6,123,https://www.imdb.com/title/tt13017162/
tt1980688,Sacred Seven,2011,\N,"Action,Animation,Sci-Fi",5.8,123,https://www.imdb.com/title/tt1980688/
tt0376397,Gunparade March,2003,25,"Action,Animation,Sci-Fi",6.1,122,https://www.imdb.com/title/tt0376397/
tt14924740,Deep Insanity: The Lost Child,2021,\N,"Action,Animation,Sci-Fi",4.5,122,https://www.imdb.com/title/tt14924740/
tt9684162,The 7th Rule,2019,82,Sci-Fi,8.4,121,https://www.imdb.com/title/tt9684162/
tt3874752,Starbarians,2010,\N,"Animation,Comedy,Sci-Fi",7.9,120,https://www.imdb.com/title/tt3874752/
tt2071758,Futurestates,2010,\N,Sci-Fi,7.0,119,https://www.imdb.com/title/tt2071758/
tt4277712,Pikmin,2014,\N,"Animation,Family,Sci-Fi",7.4,118,https://www.imdb.com/title/tt4277712/
tt8643968,Silent Eye,2018,\N,"Fantasy,Sci-Fi",5.0,118,https://www.imdb.com/title/tt8643968/
tt13903258,Power Rangers Unworthy,2018,\N,"Action,Fantasy,Sci-Fi",7.9,117,https://www.imdb.com/title/tt13903258/
tt1697785,"10,000 Days",2010,\N,"Action,Drama,Sci-Fi",4.9,117,https://www.imdb.com/title/tt1697785/
tt35679128,Beth,2025,36,"Drama,Sci-Fi,Thriller",6.0,116,https://www.imdb.com/title/tt35679128/
tt5599232,Battle Girls: Time Paradox,2011,24,"Animation,Sci-Fi",6.2,116,https://www.imdb.com/title/tt5599232/
tt9573902,Kemurikusa.,2019,24,"Action,Animation,Sci-Fi",6.5,116,https://www.imdb.com/title/tt9573902/
tt0885407,Extraterrestrial,2005,47,"Animation,Documentary,Sci-Fi",6.6,115,https://www.imdb.com/title/tt0885407/
tt1587391,Battle Programmer Shirase,2003,12,"Animation,Comedy,Sci-Fi",6.2,115,https://www.imdb.com/title/tt1587391/
tt2384747,The Unknown,2012,\N,"Horror,Sci-Fi",6.7,115,https://www.imdb.com/title/tt2384747/
tt30014217,Gipnozis,2025,48,"Mystery,Sci-Fi,Thriller",6.0,114,https://www.imdb.com/title/tt30014217/
tt3233980,Naked Vegas,2013,\N,"Comedy,Reality-TV,Sci-Fi",6.9,114,https://www.imdb.com/title/tt3233980/
tt0390708,Geneshaft,2001,\N,"Adventure,Animation,Sci-Fi",6.3,113,https://www.imdb.com/title/tt0390708/
tt1132616,Stormworld,2009,24,"Fantasy,Sci-Fi",6.5,113,https://www.imdb.com/title/tt1132616/
tt0443717,UFO Ultramaiden Valkyrie,2002,\N,"Animation,Comedy,Sci-Fi",5.9,112,https://www.imdb.com/title/tt0443717/
tt2737064,Revolution: Enemies of the State,2013,\N,"Sci-Fi,Short",8.1,112,https://www.imdb.com/title/tt2737064/
tt28711820,Kazachok,2024,30,"Adventure,Comedy,Sci-Fi",4.4,112,https://www.imdb.com/title/tt28711820/
tt15053138,No Through Road,2009,20,"Horror,Mystery,Sci-Fi",7.0,111,https://www.imdb.com/title/tt15053138/
tt2399652,The Record Keeper,2012,8,Sci-Fi,7.9,111,https://www.imdb.com/title/tt2399652/
tt6021862,Deep Space,2016,\N,"Documentary,History,Sci-Fi",6.5,111,https://www.imdb.com/title/tt6021862/
tt8301398,Subnautica,2017,\N,Sci-Fi,8.1,111,https://www.imdb.com/title/tt8301398/
tt1253691,IQ-145,2008,\N,Sci-Fi,7.7,110,https://www.imdb.com/title/tt1253691/
tt25406454,Hedshot,2023,46,"Comedy,Drama,Sci-Fi",4.8,110,https://www.imdb.com/title/tt25406454/
tt2542954,Space Racers,2014,22,"Animation,Family,Sci-Fi",7.5,110,https://www.imdb.com/title/tt2542954/
tt0477535,Samurai Gun,2004,\N,"Action,Animation,Sci-Fi",6.0,109,https://www.imdb.com/title/tt0477535/
tt0813706,Gad Guard,2003,30,"Animation,Sci-Fi",7.0,109,https://www.imdb.com/title/tt0813706/
tt14489144,Build Divide: Code Black,2021,\N,"Action,Animation,Sci-Fi",6.4,109,https://www.imdb.com/title/tt14489144/
tt0835005,2030 - Aufstand der Alten,2007,45,"Drama,Sci-Fi",6.4,108,https://www.imdb.com/title/tt0835005/
tt2140395,Shelf Life,2011,\N,"Comedy,Sci-Fi",8.2,108,https://www.imdb.com/title/tt2140395/
tt2648204,Alien Mysteries,2013,60,Sci-Fi,7.5,108,https://www.imdb.com/title/tt2648204/
tt5620048,Dead Hand,2013,10,"Animation,Sci-Fi,War",8.1,108,https://www.imdb.com/title/tt5620048/
tt0478947,The New Tomorrow,2005,24,"Drama,Family,Sci-Fi",6.3,107,https://www.imdb.com/title/tt0478947/
tt1223203,Ultraviolet: Code 044,2008,23,"Action,Animation,Sci-Fi",6.1,107,https://www.imdb.com/title/tt1223203/
tt7160640,Mysteries of the Outdoors,2017,\N,"Documentary,Sci-Fi",7.0,107,https://www.imdb.com/title/tt7160640/
tt8525622,MoonQuest,2013,18,"Adventure,Comedy,Sci-Fi",9.0,107,https://www.imdb.com/title/tt8525622/
tt0352099,Shutsugeki! Machine Robo Rescue,2003,\N,"Animation,Family,Sci-Fi",8.4,106,https://www.imdb.com/title/tt0352099/
tt0870976,Glass Fleet: La Legende du Vent de l'Univers,2006,24,"Adventure,Animation,Sci-Fi",6.5,106,https://www.imdb.com/title/tt0870976/
tt10478502,Captain Disillusion,2007,\N,"Comedy,Documentary,Sci-Fi",9.1,106,https://www.imdb.com/title/tt10478502/
tt2242637,The 99,2011,\N,"Animation,Sci-Fi",7.0,106,https://www.imdb.com/title/tt2242637/
tt10685392,Crash the System,2022,\N,"Drama,Sci-Fi,Thriller",8.4,105,https://www.imdb.com/title/tt10685392/
tt1943326,Absolute Boyfriend,2012,90,"Comedy,Romance,Sci-Fi",7.4,105,https://www.imdb.com/title/tt1943326/
tt0309122,2030 CE,2002,\N,"Adventure,Sci-Fi",7.0,104,https://www.imdb.com/title/tt0309122/
tt2380850,Drone,2012,\N,"Action,Sci-Fi,Short",7.3,104,https://www.imdb.com/title/tt2380850/
tt30984193,Reset - Wie weit willst du gehen?,2024,45,"Drama,Sci-Fi",6.7,104,https://www.imdb.com/title/tt30984193/
tt3662888,Teen Titans Project,2014,\N,"Fantasy,Sci-Fi",8.4,104,https://www.imdb.com/title/tt3662888/
tt1386576,Mars Daybreak,2004,\N,"Adventure,Animation,Sci-Fi",7.0,103,https://www.imdb.com/title/tt1386576/
tt2779140,Star Trek: Intrepid,2007,\N,Sci-Fi,6.5,103,https://www.imdb.com/title/tt2779140/
tt29475143,Alien Disclosure Files,2024,\N,"Documentary,Sci-Fi",7.0,103,https://www.imdb.com/title/tt29475143/
tt5754594,Crane Game Girls,2016,5,"Animation,Comedy,Sci-Fi",5.5,103,https://www.imdb.com/title/tt5754594/
tt2062778,Day Zero: The Series,2011,22,"Drama,Sci-Fi",6.8,102,https://www.imdb.com/title/tt2062778/
tt23850206,The SMILE Tapes,2021,15,"Horror,Sci-Fi,Short",6.8,102,https://www.imdb.com/title/tt23850206/
tt32022233,Operaatio Valhalla,2024,\N,"Drama,Mystery,Sci-Fi",5.9,102,https://www.imdb.com/title/tt32022233/
tt6263302,Atom the Beginning,2017,25,"Action,Animation,Sci-Fi",6.5,102,https://www.imdb.com/title/tt6263302/
tt8192576,Brobot,2018,\N,"Family,Sci-Fi",7.8,102,https://www.imdb.com/title/tt8192576/
tt9111512,ClaireVoyant,2018,4,"Comedy,Drama,Sci-Fi",8.1,102,https://www.imdb.com/title/tt9111512/
tt5924020,Fallout: Revelation,2016,\N,"Adventure,Drama,Sci-Fi",7.4,101,https://www.imdb.com/title/tt5924020/
tt7513142,Barut,2017,\N,"Action,Comedy,Sci-Fi",6.4,101,https://www.imdb.com/title/tt7513142/
tt8303808,Caligula,2018,23,"Action,Animation,Sci-Fi",5.7,101,https://www.imdb.com/title/tt8303808/
tt10954084,Sakura Wars: The Animation,2020,\N,"Action,Animation,Sci-Fi",6.2,100,https://www.imdb.com/title/tt10954084/
tt13664658,DUST Collection,2020,\N,"Horror,Mystery,Sci-Fi",7.4,100,https://www.imdb.com/title/tt13664658/
tt22000632,Bloody Bites,2020,\N,"Horror,Sci-Fi,Thriller",6.8,100,https://www.imdb.com/title/tt22000632/
tt3411198,Future Card Buddyfight,2014,22,"Action,Animation,Sci-Fi",7.2,100,https://www.imdb.com/title/tt3411198/
tt6023834,Star Wars: Go Rogue,2016,3,"Animation,Comedy,Sci-Fi",6.3,100,https://www.imdb.com/title/tt6023834/
tt13175482,Next of Kin,2022,\N,"Drama,Mystery,Sci-Fi",6.4,99,https://www.imdb.com/title/tt13175482/
tt7745364,The Web of Spider-Man,2017,\N,"Action,Sci-Fi",7.1,99,https://www.imdb.com/title/tt7745364/
tt25013200,Olivye i roboty,2023,30,"Comedy,Sci-Fi",6.3,98,https://www.imdb.com/title/tt25013200/
tt4136764,Kosmos,2015,\N,Sci-Fi,8.1,98,https://www.imdb.com/title/tt4136764/
tt1334572,Basquash!,2009,24,"Adventure,Animation,Sci-Fi",6.6,97,https://www.imdb.com/title/tt1334572/
tt2137103,Malice,2012,\N,"Drama,Mystery,Sci-Fi",7.1,97,https://www.imdb.com/title/tt2137103/
tt30005621,Mindblow,2024,\N,Sci-Fi,7.5,97,https://www.imdb.com/title/tt30005621/
tt4046242,Ai Tenchi Muyo!,2014,\N,"Animation,Comedy,Sci-Fi",6.0,97,https://www.imdb.com/title/tt4046242/
tt0419344,Kaput and Zösky: The Ultimate Obliterators,2002,30,"Animation,Sci-Fi",8.0,96,https://www.imdb.com/title/tt0419344/
tt0959395,Devyat neizvestnykh,2006,\N,"Fantasy,Sci-Fi",7.4,96,https://www.imdb.com/title/tt0959395/
tt12669884,Alone Together: A DS9 Companion,2020,33,"Drama,Sci-Fi",7.9,96,https://www.imdb.com/title/tt12669884/
tt12798292,Bhanwar,2020,\N,"Drama,Mystery,Sci-Fi",3.8,96,https://www.imdb.com/title/tt12798292/
tt1986607,Planet of the Apemen: Battle for Earth,2011,\N,"Documentary,Drama,Sci-Fi",6.6,96,https://www.imdb.com/title/tt1986607/
tt24714892,Los Protegidos: A.D.N.,2022,50,"Comedy,Drama,Sci-Fi",7.1,96,https://www.imdb.com/title/tt24714892/
tt25393106,Année Zéro,2023,\N,"Crime,Drama,Sci-Fi",6.1,96,https://www.imdb.com/title/tt25393106/
tt6178894,Invisible,2016,\N,"Drama,Sci-Fi,Thriller",4.1,96,https://www.imdb.com/title/tt6178894/
tt8631252,Space Battleship Tiramisu,2018,7,"Animation,Comedy,Sci-Fi",6.1,96,https://www.imdb.com/title/tt8631252/
tt10395126,Granbelm,2019,24,"Action,Animation,Sci-Fi",6.4,95,https://www.imdb.com/title/tt10395126/
tt11634420,Super Mero,2019,30,"Comedy,Sci-Fi",5.0,95,https://www.imdb.com/title/tt11634420/
tt23803716,On Marriage,2022,\N,"Drama,Sci-Fi",7.3,95,https://www.imdb.com/title/tt23803716/
tt4900224,Invizimals,2013,24,"Animation,Sci-Fi",6.2,95,https://www.imdb.com/title/tt4900224/
tt1092076,Mega Man Star Force,2006,90,"Action,Animation,Sci-Fi",7.3,94,https://www.imdb.com/title/tt1092076/
tt1470942,Aftermath,2008,\N,"Horror,Sci-Fi",7.2,94,https://www.imdb.com/title/tt1470942/
tt2341758,Glitch,2012,15,"Comedy,Fantasy,Sci-Fi",8.2,94,https://www.imdb.com/title/tt2341758/
tt8337238,Czarne lusterko,2018,\N,"Drama,Sci-Fi,Thriller",7.3,94,https://www.imdb.com/title/tt8337238/
tt8888392,Orbital Redux,2018,\N,"Comedy,Drama,Sci-Fi",8.2,94,https://www.imdb.com/title/tt8888392/
tt1570825,Heroes: Slow Burn,2009,\N,"Drama,Sci-Fi",6.3,93,https://www.imdb.com/title/tt1570825/
tt6075002,Prisoner Zero,2016,\N,"Animation,Sci-Fi",8.0,93,https://www.imdb.com/title/tt6075002/
tt0429439,Stratos 4,2003,\N,"Action,Animation,Sci-Fi",6.9,92,https://www.imdb.com/title/tt0429439/
tt2898664,Super-Pets,2013,1,"Animation,Sci-Fi,Short",6.6,92,https://www.imdb.com/title/tt2898664/
tt2387766,Submarine 707R,2003,100,"Action,Animation,Sci-Fi",5.7,91,https://www.imdb.com/title/tt2387766/
tt26914529,P@St Forward,2023,\N,"Comedy,Drama,Sci-Fi",6.9,91,https://www.imdb.com/title/tt26914529/
tt28364856,Ministerstvo vsego khoroshego,2025,30,"Comedy,Sci-Fi",5.9,91,https://www.imdb.com/title/tt28364856/
tt30219248,Tales from the Stranger Side,2021,\N,"Horror,Sci-Fi,Short",3.4,91,https://www.imdb.com/title/tt30219248/
tt1779569,Alpha 0.7 - The Enemy Within You,2010,22,"Drama,Sci-Fi",5.9,90,https://www.imdb.com/title/tt1779569/
tt2319439,Sword of the Atom,2012,1,"Animation,Sci-Fi,Short",7.2,90,https://www.imdb.com/title/tt2319439/
tt3198678,Galilei Donna,2013,\N,"Adventure,Animation,Sci-Fi",6.1,90,https://www.imdb.com/title/tt3198678/
tt3691598,The Gifted,2013,8,"Comedy,Drama,Sci-Fi",7.8,90,https://www.imdb.com/title/tt3691598/
tt7386654,NarcoLeap,2018,\N,Sci-Fi,7.9,90,https://www.imdb.com/title/tt7386654/
tt8606894,Mister Tachyon,2018,\N,"Documentary,Sci-Fi",4.5,90,https://www.imdb.com/title/tt8606894/
tt3741584,Argevollen,2014,23,"Action,Animation,Sci-Fi",5.9,88,https://www.imdb.com/title/tt3741584/
tt1752761,The True Heroines,2011,\N,"Drama,Sci-Fi",7.9,87,https://www.imdb.com/title/tt1752761/
tt21001320,Prima Doll,2022,\N,"Animation,Drama,Sci-Fi",6.8,87,https://www.imdb.com/title/tt21001320/
tt3356610,All American Doctor Who,2013,\N,"Adventure,Comedy,Sci-Fi",2.5,87,https://www.imdb.com/title/tt3356610/
tt3747452,Dynamo,2012,19,Sci-Fi,7.7,87,https://www.imdb.com/title/tt3747452/
tt39089506,Nayanam,2025,30,"Mystery,Sci-Fi",6.3,87,https://www.imdb.com/title/tt39089506/
tt5801706,Syn,2017,54,"Crime,Mystery,Sci-Fi",8.1,87,https://www.imdb.com/title/tt5801706/
tt6096030,Emma,2016,\N,"Crime,Drama,Sci-Fi",7.5,87,https://www.imdb.com/title/tt6096030/
tt11006850,The Awakening,2021,50,"Drama,Sci-Fi",6.6,86,https://www.imdb.com/title/tt11006850/
tt26738069,Tender Hearts,2023,\N,"Comedy,Romance,Sci-Fi",6.2,86,https://www.imdb.com/title/tt26738069/
tt2750596,Aperture R&D,2013,\N,"Comedy,Sci-Fi",7.4,86,https://www.imdb.com/title/tt2750596/
tt1772493,Drenaje Profundo,2010,42,"Drama,Sci-Fi,Thriller",7.6,85,https://www.imdb.com/title/tt1772493/
tt7313314,Star Trek Continues: The Vignettes,2012,\N,Sci-Fi,7.7,85,https://www.imdb.com/title/tt7313314/
tt0769997,Jinki: Extend,2005,\N,"Animation,Drama,Sci-Fi",6.2,84,https://www.imdb.com/title/tt0769997/
tt10269312,Big Chibi 6: The Shorts,2018,1,"Animation,Comedy,Sci-Fi",6.8,84,https://www.imdb.com/title/tt10269312/
tt30689921,Midwest Angelica,2022,\N,"Horror,Mystery,Sci-Fi",8.2,84,https://www.imdb.com/title/tt30689921/
tt0348979,Zixx Level One,2004,25,"Animation,Family,Sci-Fi",7.3,83,https://www.imdb.com/title/tt0348979/
tt13118474,Bucketheads,2021,\N,Sci-Fi,8.1,83,https://www.imdb.com/title/tt13118474/
tt18573684,You0 DECO,2022,\N,"Animation,Mystery,Sci-Fi",5.5,83,https://www.imdb.com/title/tt18573684/
tt2492720,Omega,2013,120,"Action,Drama,Sci-Fi",6.1,83,https://www.imdb.com/title/tt2492720/
tt0377237,Overman King Gainer,2002,30,"Adventure,Animation,Sci-Fi",6.9,82,https://www.imdb.com/title/tt0377237/
tt2384617,State of Syn,2013,5,"Sci-Fi,Short",7.2,82,https://www.imdb.com/title/tt2384617/
tt2549054,Scan2Go,2012,24,"Animation,Family,Sci-Fi",7.0,82,https://www.imdb.com/title/tt2549054/
tt32079785,Janani - AI Ki Kahani,2024,24,Sci-Fi,8.9,82,https://www.imdb.com/title/tt32079785/
tt13397462,Pubgoa,2020,\N,"Action,Mystery,Sci-Fi",6.6,81,https://www.imdb.com/title/tt13397462/
tt1601140,Vid vintergatans slut,2010,\N,"Adventure,Family,Sci-Fi",7.3,81,https://www.imdb.com/title/tt1601140/
tt4595498,Starship Icarus,2014,\N,"Comedy,Sci-Fi",5.8,81,https://www.imdb.com/title/tt4595498/
tt5709604,The Girl Who Leapt Through Time,2016,54,"Drama,Sci-Fi",7.2,81,https://www.imdb.com/title/tt5709604/
tt0299418,outTHERE,2001,30,"Horror,Sci-Fi",7.8,80,https://www.imdb.com/title/tt0299418/
tt0872302,The Melody of Oblivion,2004,25,"Animation,Horror,Sci-Fi",5.6,80,https://www.imdb.com/title/tt0872302/
tt25402382,RZR,2024,14,"Crime,Sci-Fi,Thriller",7.5,80,https://www.imdb.com/title/tt25402382/
tt3111586,Half Life Lambda Protocol,2013,10,"Action,Sci-Fi,Short",6.8,80,https://www.imdb.com/title/tt3111586/
tt4142044,Wireless,2014,\N,"Crime,Drama,Sci-Fi",8.3,80,https://www.imdb.com/title/tt4142044/
tt7879744,2077 - 10 Segundos Para o Futuro,2018,50,"Documentary,History,Sci-Fi",8.5,80,https://www.imdb.com/title/tt7879744/
tt11465292,Last One Standing,2019,45,"Drama,Mystery,Sci-Fi",7.1,79,https://www.imdb.com/title/tt11465292/
tt13041916,Scar on the Praeter,2021,\N,"Action,Animation,Sci-Fi",5.8,79,https://www.imdb.com/title/tt13041916/
tt6792912,Whovians,2017,30,"Comedy,Sci-Fi,Talk-Show",6.5,79,https://www.imdb.com/title/tt6792912/
tt0218538,Leven en dood van Quidam Quidam,2001,46,"Drama,Sci-Fi",6.7,78,https://www.imdb.com/title/tt0218538/
tt2033910,Viper's Creed,2009,\N,"Action,Animation,Sci-Fi",6.4,78,https://www.imdb.com/title/tt2033910/
tt0874634,My Date with a Vampire II,2000,60,"Action,Romance,Sci-Fi",8.0,77,https://www.imdb.com/title/tt0874634/
tt10462972,Sarah's Channel,2019,\N,"Comedy,Sci-Fi",8.1,77,https://www.imdb.com/title/tt10462972/
tt10855390,Hargrave,2020,\N,"Crime,Mystery,Sci-Fi",3.8,77,https://www.imdb.com/title/tt10855390/
tt2935032,Doctor Who: Death Comes to Time,2001,179,"Animation,Drama,Sci-Fi",6.2,77,https://www.imdb.com/title/tt2935032/
tt10635624,L.I.F.E.,2020,\N,"Drama,Sci-Fi",8.5,76,https://www.imdb.com/title/tt10635624/
tt18352748,For the Empire: A Star Wars Fan Webseries,2021,\N,"Animation,Comedy,Sci-Fi",8.6,76,https://www.imdb.com/title/tt18352748/
tt5635832,Personal Space,2018,\N,Sci-Fi,6.4,76,https://www.imdb.com/title/tt5635832/
tt0248620,The King of the Braves GaoGaiGar Final,2000,\N,"Action,Animation,Sci-Fi",7.6,75,https://www.imdb.com/title/tt0248620/
tt14738778,Manifest,2019,2,Sci-Fi,6.7,75,https://www.imdb.com/title/tt14738778/
tt1554785,My Giant Friend,2009,22,"Animation,Sci-Fi",7.4,75,https://www.imdb.com/title/tt1554785/
tt26337419,Nuvvu Evaru,2023,\N,Sci-Fi,9.2,75,https://www.imdb.com/title/tt26337419/
tt0435555,The Adventures of Edward the Less,2001,\N,"Animation,Sci-Fi",6.4,74,https://www.imdb.com/title/tt0435555/
tt11084442,Ultramechatron Team Go!,2019,\N,"Action,Comedy,Sci-Fi",8.9,74,https://www.imdb.com/title/tt11084442/
tt2294159,Superman of Tokyo,2012,1,"Animation,Comedy,Sci-Fi",6.2,74,https://www.imdb.com/title/tt2294159/
tt2354747,Dream Machines,2012,60,"Reality-TV,Sci-Fi",7.8,74,https://www.imdb.com/title/tt2354747/
tt29476307,Bullbuster,2023,23,"Action,Animation,Sci-Fi",5.9,74,https://www.imdb.com/title/tt29476307/
tt29977926,The Scarlet Ring,2023,\N,"Crime,Sci-Fi,Thriller",9.0,74,https://www.imdb.com/title/tt29977926/
tt3022508,Captain Canuck,2013,\N,"Action,Animation,Sci-Fi",7.9,74,https://www.imdb.com/title/tt3022508/
tt32152441,Seven Orifices,2024,\N,"Drama,Mystery,Sci-Fi",5.1,74,https://www.imdb.com/title/tt32152441/
tt3475116,Cops and Monsters,2014,\N,Sci-Fi,5.4,74,https://www.imdb.com/title/tt3475116/
tt2300428,Dirigible Days,2012,\N,Sci-Fi,8.1,73,https://www.imdb.com/title/tt2300428/
tt2737954,11-11 En mi cuadra nada cuadra,2013,\N,"Family,Fantasy,Sci-Fi",8.0,73,https://www.imdb.com/title/tt2737954/
tt36149959,Tozkoparan: Iskender - SIR,2024,\N,"Adventure,Mystery,Sci-Fi",5.4,73,https://www.imdb.com/title/tt36149959/
tt0450381,Scooter: Secret Agent,2005,30,"Comedy,Sci-Fi",6.8,72,https://www.imdb.com/title/tt0450381/
tt23784994,Christmas Always Finds Its Way,2022,\N,"Comedy,Drama,Sci-Fi",7.6,72,https://www.imdb.com/title/tt23784994/
tt31826977,Stardust Telepath,2024,\N,"Romance,Sci-Fi",8.9,72,https://www.imdb.com/title/tt31826977/
tt3583890,Paranormal Solutions Inc.,2016,\N,"Drama,Mystery,Sci-Fi",7.0,72,https://www.imdb.com/title/tt3583890/
tt37536894,Mau Makan Apa?,2024,\N,"Animation,Sci-Fi",9.4,72,https://www.imdb.com/title/tt37536894/
tt4996654,Horizon,2015,53,"Adventure,Drama,Sci-Fi",6.9,72,https://www.imdb.com/title/tt4996654/
tt6772706,Star Wars Celebration 2017,2017,\N,"Reality-TV,Sci-Fi",8.1,72,https://www.imdb.com/title/tt6772706/
tt7150412,The Formula,2017,36,"Comedy,Romance,Sci-Fi",7.4,72,https://www.imdb.com/title/tt7150412/
tt0425677,Gravion Zwei,2004,\N,"Animation,Comedy,Sci-Fi",6.8,71,https://www.imdb.com/title/tt0425677/
tt10101306,"I Hate You, Juliet!",2019,\N,"Romance,Sci-Fi",6.2,71,https://www.imdb.com/title/tt10101306/
tt1206165,D.I.C.E.,2005,\N,"Action,Animation,Sci-Fi",7.4,71,https://www.imdb.com/title/tt1206165/
tt1704677,Universal Dead,2010,\N,"Horror,Sci-Fi",6.2,71,https://www.imdb.com/title/tt1704677/
tt38025130,Tozkoparan Iskender: Chaos,2025,\N,"Adventure,Mystery,Sci-Fi",7.9,71,https://www.imdb.com/title/tt38025130/
tt6506490,Zenith: Supercharged Family,2017,25,"Action,Adventure,Sci-Fi",7.3,71,https://www.imdb.com/title/tt6506490/
tt15440418,Doctor Who: Galaxy 4,2021,98,"Animation,Drama,Sci-Fi",7.1,70,https://www.imdb.com/title/tt15440418/
tt1804804,Freak Encounters,2010,\N,Sci-Fi,6.1,70,https://www.imdb.com/title/tt1804804/
tt2404277,L5,2012,26,Sci-Fi,6.8,70,https://www.imdb.com/title/tt2404277/
tt30138533,You from the Future,2023,30,"Romance,Sci-Fi",7.8,70,https://www.imdb.com/title/tt30138533/
tt6302538,Riley Parra,2017,\N,"Action,Sci-Fi,Thriller",8.0,70,https://www.imdb.com/title/tt6302538/
tt6697296,Infini-T Force,2017,\N,"Action,Animation,Sci-Fi",7.4,70,https://www.imdb.com/title/tt6697296/
tt7920028,Bawathra,2005,\N,"Drama,Mystery,Sci-Fi",8.5,70,https://www.imdb.com/title/tt7920028/
tt14979584,Rumble Garanndoll,2021,\N,"Action,Animation,Sci-Fi",5.4,69,https://www.imdb.com/title/tt14979584/
tt2251112,Untitled Web Series About a Space Traveler Who Can Also Travel Through Time,2012,10,"Comedy,Sci-Fi",7.2,69,https://www.imdb.com/title/tt2251112/
tt25381916,Sotsseti,2023,25,"Comedy,Drama,Sci-Fi",7.2,69,https://www.imdb.com/title/tt25381916/
tt32638141,Star Wars: Fun with Nubs,2024,1,"Animation,Family,Sci-Fi",5.0,69,https://www.imdb.com/title/tt32638141/
tt32851793,Doctor Who: Special 2009: The Waters of Mars,2009,\N,Sci-Fi,9.1,69,https://www.imdb.com/title/tt32851793/
tt4774374,Ultra Fight Victory,2015,\N,"Action,Adventure,Sci-Fi",7.7,69,https://www.imdb.com/title/tt4774374/
tt7555554,Anime e sangue,2017,120,"Adventure,Fantasy,Sci-Fi",7.5,69,https://www.imdb.com/title/tt7555554/
tt8951394,Cabinet of curiosities,2019,\N,"Adventure,Animation,Sci-Fi",5.7,69,https://www.imdb.com/title/tt8951394/
tt1852893,"Robot, Ninja & Gay Guy",2010,18,"Comedy,Sci-Fi",6.2,68,https://www.imdb.com/title/tt1852893/
tt29111625,Sala. 2029,2023,\N,"Drama,Fantasy,Sci-Fi",4.2,68,https://www.imdb.com/title/tt29111625/
tt1196655,My-Otome 0: S.ifr,2008,\N,"Animation,Fantasy,Sci-Fi",7.1,67,https://www.imdb.com/title/tt1196655/
tt11967302,The Sojourn Audio Drama,2020,\N,Sci-Fi,8.9,67,https://www.imdb.com/title/tt11967302/
tt1779872,Aidan 5,2009,\N,Sci-Fi,8.3,67,https://www.imdb.com/title/tt1779872/
tt21221166,Baron and Toluca,2022,\N,Sci-Fi,8.5,67,https://www.imdb.com/title/tt21221166/
tt32268996,Mocos the miniseries,2023,30,"Horror,Sci-Fi",8.9,67,https://www.imdb.com/title/tt32268996/
tt39046093,Queen of Mars,2025,\N,Sci-Fi,6.5,67,https://www.imdb.com/title/tt39046093/
tt6963508,Voltron 84,2017,\N,"Action,Animation,Sci-Fi",8.5,67,https://www.imdb.com/title/tt6963508/
tt19042654,Halo the Series: Declassified,2022,30,"Action,Sci-Fi",7.6,66,https://www.imdb.com/title/tt19042654/
tt33072290,Teaching My Robot Boyfriend How to Love,2024,\N,"Comedy,Romance,Sci-Fi",7.6,66,https://www.imdb.com/title/tt33072290/
tt8299746,Slime Rancher,2018,\N,"Adventure,Fantasy,Sci-Fi",7.1,66,https://www.imdb.com/title/tt8299746/
tt0925656,Space Top 10 Countdown,2006,30,Sci-Fi,4.4,65,https://www.imdb.com/title/tt0925656/
tt10042548,Neurotica.,2019,\N,Sci-Fi,7.7,65,https://www.imdb.com/title/tt10042548/
tt1272031,Gen Mishima,2008,\N,Sci-Fi,8.1,65,https://www.imdb.com/title/tt1272031/
tt2009083,MetaJets,2011,22,"Action,Animation,Sci-Fi",7.8,65,https://www.imdb.com/title/tt2009083/
tt3651546,Spirit of Wonder: Scientific Boys Club,2001,60,"Adventure,Animation,Sci-Fi",6.6,65,https://www.imdb.com/title/tt3651546/
tt6860672,Ultra Fight Orb,2017,28,"Action,Sci-Fi",7.9,65,https://www.imdb.com/title/tt6860672/
tt0190841,Aeon - Countdown im All,2000,95,Sci-Fi,5.6,64,https://www.imdb.com/title/tt0190841/
tt0995028,Zixx: Level Three,2007,\N,"Family,Sci-Fi",6.6,64,https://www.imdb.com/title/tt0995028/
tt10873682,Mysteries of the Unknown,2020,\N,Sci-Fi,7.2,64,https://www.imdb.com/title/tt10873682/
tt1211530,Fireball,2008,1,"Animation,Comedy,Sci-Fi",7.0,64,https://www.imdb.com/title/tt1211530/
tt13620182,The Space Apart,2020,54,"Drama,Sci-Fi",6.5,64,https://www.imdb.com/title/tt13620182/
tt1758416,SJA: Alien Files,2010,30,"Family,Sci-Fi",6.2,64,https://www.imdb.com/title/tt1758416/
tt1134529,O Sistema,2007,\N,"Comedy,Mystery,Sci-Fi",7.3,63,https://www.imdb.com/title/tt1134529/
tt1683323,Solo: The Series,2010,\N,"Comedy,Sci-Fi",7.5,63,https://www.imdb.com/title/tt1683323/
tt0780993,Shibuya Fifteen,2005,\N,"Action,Sci-Fi",5.8,62,https://www.imdb.com/title/tt0780993/
tt7787050,How the World Ends,2017,\N,"Documentary,Sci-Fi",6.1,62,https://www.imdb.com/title/tt7787050/
tt9140858,Dröm,2019,13,"Drama,Mystery,Sci-Fi",7.2,62,https://www.imdb.com/title/tt9140858/
tt12415562,LBX Girls,2021,\N,"Action,Animation,Sci-Fi",6.6,61,https://www.imdb.com/title/tt12415562/
tt2902622,Omega 1,2013,54,"Animation,Sci-Fi",4.7,61,https://www.imdb.com/title/tt2902622/
tt7307124,Terra Formars: Bugs 2-hen,2014,\N,"Action,Horror,Sci-Fi",5.1,61,https://www.imdb.com/title/tt7307124/
tt0223639,Life Force,2000,25,"Drama,Family,Sci-Fi",8.0,60,https://www.imdb.com/title/tt0223639/
tt0983982,Project Blue Chikyû SOS,2006,\N,"Action,Animation,Sci-Fi",5.6,60,https://www.imdb.com/title/tt0983982/
tt3138800,Tales from the Future,2010,\N,"Documentary,Sci-Fi",7.8,60,https://www.imdb.com/title/tt3138800/
tt33059513,Ancient Aliens: Special Presentation,2022,85,"Documentary,History,Sci-Fi",7.1,60,https://www.imdb.com/title/tt33059513/
tt37094843,Chasing My Frozen Wife,2025,\N,"Drama,Romance,Sci-Fi",7.4,60,https://www.imdb.com/title/tt37094843/
tt5270848,Star Trek: Progeny,2016,55,Sci-Fi,5.8,60,https://www.imdb.com/title/tt5270848/
tt5491802,Doctor Who Fan Film Series,2013,\N,"Adventure,Drama,Sci-Fi",7.2,60,https://www.imdb.com/title/tt5491802/
tt8761326,The Weird Place,2019,\N,"Reality-TV,Sci-Fi",7.6,60,https://www.imdb.com/title/tt8761326/
tt11236038,Interstellar Ranger Commence,2022,\N,"Action,Animation,Sci-Fi",8.0,59,https://www.imdb.com/title/tt11236038/
tt19780750,Gayliens,2022,\N,Sci-Fi,5.8,59,https://www.imdb.com/title/tt19780750/
tt23016854,Meta Ask,2022,15,"Drama,Romance,Sci-Fi",3.4,59,https://www.imdb.com/title/tt23016854/
tt2976264,Doctor Who: The Forgotten Doctor,2013,\N,"Fantasy,Sci-Fi",6.7,59,https://www.imdb.com/title/tt2976264/
tt7050462,Magic Mobile Phone,2008,\N,Sci-Fi,7.2,59,https://www.imdb.com/title/tt7050462/
tt9269288,The Vault,2018,10,Sci-Fi,7.9,59,https://www.imdb.com/title/tt9269288/
tt2187472,Revelations,2012,\N,Sci-Fi,7.7,58,https://www.imdb.com/title/tt2187472/
tt4939036,Vedro,2013,30,"Comedy,Horror,Sci-Fi",4.0,58,https://www.imdb.com/title/tt4939036/
tt4981448,Nikola Tesla and the End of the World,2015,\N,Sci-Fi,4.8,58,https://www.imdb.com/title/tt4981448/
tt5315156,Osmosis,2015,73,"Drama,Sci-Fi,Thriller",6.7,58,https://www.imdb.com/title/tt5315156/
tt8139848,Darken: Before the Dark,2018,\N,"Fantasy,Sci-Fi",6.1,58,https://www.imdb.com/title/tt8139848/
tt0361226,Portal,2002,30,"Adventure,Fantasy,Sci-Fi",8.8,57,https://www.imdb.com/title/tt0361226/
tt0449551,La septima puerta,2004,\N,Sci-Fi,7.4,57,https://www.imdb.com/title/tt0449551/
tt1842167,Rise of the Rebellion,2010,10,"Action,Adventure,Sci-Fi",7.0,57,https://www.imdb.com/title/tt1842167/
tt19037400,Estab Life: Great Escape,2022,\N,"Action,Animation,Sci-Fi",6.3,57,https://www.imdb.com/title/tt19037400/
tt3151764,Community: The Spanish Video,2010,4,"Comedy,Sci-Fi,Short",6.9,57,https://www.imdb.com/title/tt3151764/
tt32742424,Astro-Mano,2024,30,"Comedy,Fantasy,Sci-Fi",7.0,57,https://www.imdb.com/title/tt32742424/
tt1094233,Sky Girls,2007,\N,"Action,Animation,Sci-Fi",6.5,56,https://www.imdb.com/title/tt1094233/
tt11536468,Lieutenant Kabura,2019,\N,"Animation,Comedy,Sci-Fi",6.3,56,https://www.imdb.com/title/tt11536468/
tt2006485,Shin Jeeg,2007,23,"Action,Animation,Sci-Fi",6.7,56,https://www.imdb.com/title/tt2006485/
tt2190124,Milgram and the Fastwalkers,2012,\N,Sci-Fi,5.4,56,https://www.imdb.com/title/tt2190124/
tt39183779,Stranger Things: Stranger Morning Cartoons,2022,\N,Sci-Fi,7.7,56,https://www.imdb.com/title/tt39183779/
tt6546876,Star Tech,2016,20,"Sci-Fi,Talk-Show",8.5,56,https://www.imdb.com/title/tt6546876/
tt7810684,Örgü,2018,\N,Sci-Fi,7.0,56,https://www.imdb.com/title/tt7810684/
tt14161342,Bloodline of the Grid,2021,15,"Action,Sci-Fi,Short",8.3,55,https://www.imdb.com/title/tt14161342/
tt16123826,Viss Norm,2021,\N,"Drama,Sci-Fi",6.9,55,https://www.imdb.com/title/tt16123826/
tt19323668,DreaMars,2023,25,"Action,Drama,Sci-Fi",5.4,55,https://www.imdb.com/title/tt19323668/
tt1936332,Fireball Charming,2011,2,"Animation,Comedy,Sci-Fi",7.3,55,https://www.imdb.com/title/tt1936332/
tt21397968,Doctor Who: The Abominable Snowmen,2022,170,"Animation,Drama,Sci-Fi",7.8,55,https://www.imdb.com/title/tt21397968/
tt34816651,Planetyane,2025,24,"Comedy,Sci-Fi",5.2,55,https://www.imdb.com/title/tt34816651/
tt5464332,Halcyon,2016,5,"Crime,Sci-Fi",5.5,55,https://www.imdb.com/title/tt5464332/
tt5989844,BUSINESSMEN VS ALIENS,2016,\N,"Comedy,Sci-Fi",4.8,55,https://www.imdb.com/title/tt5989844/
tt6415888,Android Employed,2017,\N,"Comedy,Sci-Fi",7.6,55,https://www.imdb.com/title/tt6415888/
tt6416100,Deep Six,2018,\N,Sci-Fi,6.2,55,https://www.imdb.com/title/tt6416100/
tt7862562,Code: Fu shi de you xi,2016,\N,Sci-Fi,7.1,55,https://www.imdb.com/title/tt7862562/
tt1073442,HaNefilim,2007,30,Sci-Fi,7.0,54,https://www.imdb.com/title/tt1073442/
tt1380835,Dork Hunters from Outer Space,2008,22,"Animation,Family,Sci-Fi",5.9,54,https://www.imdb.com/title/tt1380835/
tt14271936,UFO Europe: The Untold Stories,2012,46,"Reality-TV,Sci-Fi",6.4,54,https://www.imdb.com/title/tt14271936/
tt25431554,Vaser Claw,2022,63,Sci-Fi,8.5,54,https://www.imdb.com/title/tt25431554/
tt4759154,Anamnesis,2015,\N,"Drama,Mystery,Sci-Fi",7.5,54,https://www.imdb.com/title/tt4759154/
tt6249298,Ultraman Zero Side Story: Killer the Beatstar,2011,32,"Action,Adventure,Sci-Fi",7.3,54,https://www.imdb.com/title/tt6249298/
tt7151678,Toonami: The Intruder,2000,3,"Animation,Horror,Sci-Fi",8.6,54,https://www.imdb.com/title/tt7151678/
tt0448196,Zixx: Level Two,2005,30,"Family,Sci-Fi",7.2,53,https://www.imdb.com/title/tt0448196/
tt14564578,Nebula-75,2020,15,"Action,Sci-Fi",6.9,53,https://www.imdb.com/title/tt14564578/
tt1592239,Trenches,2010,\N,"Action,Horror,Sci-Fi",7.6,53,https://www.imdb.com/title/tt1592239/
tt2374562,The Cell,2014,\N,"Action,Drama,Sci-Fi",6.6,53,https://www.imdb.com/title/tt2374562/
tt35828691,Deebo,2024,40,"Adventure,Comedy,Sci-Fi",6.2,53,https://www.imdb.com/title/tt35828691/
tt4664096,Starship Farragut,2007,\N,"Action,Adventure,Sci-Fi",6.0,53,https://www.imdb.com/title/tt4664096/
tt5037152,Beginnings,2015,75,Sci-Fi,4.8,53,https://www.imdb.com/title/tt5037152/
tt6837672,Sand Whale and Me,2017,5,Sci-Fi,5.6,53,https://www.imdb.com/title/tt6837672/
tt0439969,Space Symphony Maetel,2004,25,"Animation,Sci-Fi",7.0,52,https://www.imdb.com/title/tt0439969/
tt0874635,My Date with a Vampire III,2004,60,"Action,Romance,Sci-Fi",7.4,52,https://www.imdb.com/title/tt0874635/
tt1210338,Immortal Grand Prix,2003,23,"Adventure,Animation,Sci-Fi",7.3,52,https://www.imdb.com/title/tt1210338/
tt1772607,Nanolyubov,2010,47,"Comedy,Drama,Sci-Fi",6.2,52,https://www.imdb.com/title/tt1772607/
tt2163233,Chronicles of the Dead,2012,\N,"Horror,Sci-Fi",6.3,52,https://www.imdb.com/title/tt2163233/
tt2300068,Família Imperial,2012,\N,"Family,Fantasy,Sci-Fi",8.7,52,https://www.imdb.com/title/tt2300068/
tt24139426,Koolhoven Presenteert,2024,\N,"Documentary,Horror,Sci-Fi",7.5,52,https://www.imdb.com/title/tt24139426/
tt4503366,Blade of Honor,2017,\N,"Action,Sci-Fi",6.9,52,https://www.imdb.com/title/tt4503366/
tt8751722,The Big Nothing,2018,43,Sci-Fi,6.3,52,https://www.imdb.com/title/tt8751722/
tt0397775,Dan Dare: Pilot of the Future,2002,30,"Animation,Sci-Fi",6.8,51,https://www.imdb.com/title/tt0397775/
tt0989787,Reideen,2007,24,"Action,Animation,Sci-Fi",6.8,51,https://www.imdb.com/title/tt0989787/
tt10157808,Lisboa Azul,2019,20,"Drama,Sci-Fi",5.8,51,https://www.imdb.com/title/tt10157808/
tt10261286,Voyage of the Chimera,2020,\N,Sci-Fi,5.6,51,https://www.imdb.com/title/tt10261286/
tt1280169,Destination Truth 2.5,2008,60,"Adventure,Reality-TV,Sci-Fi",7.9,51,https://www.imdb.com/title/tt1280169/
tt1678041,Chadam,2010,\N,Sci-Fi,6.8,51,https://www.imdb.com/title/tt1678041/
tt2068796,The Exorcist Files,2011,60,"Horror,Sci-Fi",6.5,51,https://www.imdb.com/title/tt2068796/
tt27688827,Ultraman Regulos,2023,\N,Sci-Fi,7.8,51,https://www.imdb.com/title/tt27688827/
tt5024734,Roadside Picnic,2016,\N,"Drama,Sci-Fi",8.4,51,https://www.imdb.com/title/tt5024734/
tt7142196,Shield of Tomorrow,2017,160,"Adventure,Sci-Fi",8.7,51,https://www.imdb.com/title/tt7142196/
tt7256266,Yochô: Sanpo suru Shinryakusha,2017,60,"Horror,Sci-Fi,Thriller",6.1,51,https://www.imdb.com/title/tt7256266/
tt8980720,Ghost Adventures: Graveyard of the Pacific,2018,\N,"History,Sci-Fi,Thriller",6.7,51,https://www.imdb.com/title/tt8980720/
tt2071222,That Sci-Fi Guy,2010,\N,"Comedy,Sci-Fi",6.2,50,https://www.imdb.com/title/tt2071222/
tt2512472,Star Trek: Osiris,2008,\N,Sci-Fi,4.5,50,https://www.imdb.com/title/tt2512472/
tt36206372,Twins Hinahima,2025,\N,"Animation,Fantasy,Sci-Fi",3.1,50,https://www.imdb.com/title/tt36206372/
tt6263274,Ultraman Zero the Chronicle,2017,30,Sci-Fi,8.2,50,https://www.imdb.com/title/tt6263274/
tt14728224,A Captain's Log,2021,28,"Sci-Fi,Talk-Show",8.4,49,https://www.imdb.com/title/tt14728224/
tt3004008,Atomic Kingdom,2013,50,"Action,Fantasy,Sci-Fi",6.3,49,https://www.imdb.com/title/tt3004008/
tt3529406,Genesis 7,2012,23,"Adventure,Family,Sci-Fi",7.0,49,https://www.imdb.com/title/tt3529406/
tt7927422,Prologue of Blame!,2007,4,"Action,Animation,Sci-Fi",3.8,49,https://www.imdb.com/title/tt7927422/
tt0255108,De: vadasy,2000,75,"Action,Animation,Sci-Fi",4.4,48,https://www.imdb.com/title/tt0255108/
tt29515560,The Bionic Life,2023,\N,"Romance,Sci-Fi",7.1,48,https://www.imdb.com/title/tt29515560/
tt36986796,Godspeed,2023,\N,"Animation,Sci-Fi",8.3,48,https://www.imdb.com/title/tt36986796/
tt6244594,Wham Bam Thank You Ma'am,2016,\N,"Comedy,Sci-Fi",6.6,48,https://www.imdb.com/title/tt6244594/
tt8386640,Abracadavers,2019,\N,"Action,Comedy,Sci-Fi",7.7,48,https://www.imdb.com/title/tt8386640/
tt1112799,Rocket Girls,2007,\N,"Adventure,Animation,Sci-Fi",6.7,47,https://www.imdb.com/title/tt1112799/
tt1178524,Malo Korrigan and the Space Tracers,2002,\N,"Adventure,Animation,Sci-Fi",8.4,47,https://www.imdb.com/title/tt1178524/
tt1739275,Hollywood Wasteland,2010,\N,"Comedy,Sci-Fi",7.9,47,https://www.imdb.com/title/tt1739275/
tt2981210,The Zombie Apocalypse,2013,30,"Horror,Sci-Fi",4.6,47,https://www.imdb.com/title/tt2981210/
tt4695154,Abandoned,2018,13,"Action,Drama,Sci-Fi",6.4,47,https://www.imdb.com/title/tt4695154/
tt6715270,Game Station 2.0,2012,\N,"Comedy,Sci-Fi",6.5,47,https://www.imdb.com/title/tt6715270/
tt8964354,Armored Trooper VOTOMS: Pailsen Files,2007,25,"Animation,Sci-Fi,War",6.8,47,https://www.imdb.com/title/tt8964354/
tt0475899,Alien Racers,2005,30,"Adventure,Animation,Sci-Fi",7.4,46,https://www.imdb.com/title/tt0475899/
tt1280152,InnerSpace,2008,30,"Sci-Fi,Talk-Show",7.6,46,https://www.imdb.com/title/tt1280152/
tt13032878,League of Nations Air Force Aviation Magic Band Luminous Witches,2022,\N,"Animation,Music,Sci-Fi",6.3,46,https://www.imdb.com/title/tt13032878/
tt16357480,Apex Legends: Stories from the Outlands,2019,\N,"Animation,Sci-Fi,Short",7.4,46,https://www.imdb.com/title/tt16357480/
tt18938186,Nania Lain Dunia,2022,\N,"Drama,Sci-Fi",1.9,46,https://www.imdb.com/title/tt18938186/
tt21210862,Westworld: Adapt or Die,2022,\N,Sci-Fi,8.2,46,https://www.imdb.com/title/tt21210862/
tt21243568,Doctor Who: Dark Eyes,2012,\N,Sci-Fi,8.6,46,https://www.imdb.com/title/tt21243568/
tt32851634,Dr. Who: Planet of the Dead,2009,\N,Sci-Fi,7.7,46,https://www.imdb.com/title/tt32851634/
tt3712836,Encryption,2014,25,Sci-Fi,5.3,46,https://www.imdb.com/title/tt3712836/
tt7966246,The Ten Doctors,2009,47,Sci-Fi,8.6,46,https://www.imdb.com/title/tt7966246/
tt9014802,109 Strange Things,2017,\N,Sci-Fi,5.1,46,https://www.imdb.com/title/tt9014802/
tt1876229,6 Angels,2001,100,"Action,Animation,Sci-Fi",4.4,45,https://www.imdb.com/title/tt1876229/
tt2738928,Resident Evil: Welcome to Raccoon City,2013,\N,"Action,Sci-Fi",5.4,45,https://www.imdb.com/title/tt2738928/
tt3080836,Body Jumpers,2012,\N,Sci-Fi,6.7,45,https://www.imdb.com/title/tt3080836/
tt4529802,10 Ways to End the World,2010,\N,"Documentary,Sci-Fi",8.4,45,https://www.imdb.com/title/tt4529802/
tt9015686,See You In Time,2017,\N,"Drama,Romance,Sci-Fi",7.0,45,https://www.imdb.com/title/tt9015686/
tt0421426,Panda Zetto: The Robonimation,2004,5,"Animation,Comedy,Sci-Fi",6.6,44,https://www.imdb.com/title/tt0421426/
tt1059869,Night Is Day,2007,15,"Drama,Sci-Fi",4.1,44,https://www.imdb.com/title/tt1059869/
tt11599792,Suitboy,2020,\N,"Drama,Sci-Fi",8.5,44,https://www.imdb.com/title/tt11599792/
tt1256064,Captain Mack,2008,\N,"Family,Sci-Fi",7.1,44,https://www.imdb.com/title/tt1256064/
tt14818442,Cassex,2021,\N,"Comedy,Sci-Fi",5.7,44,https://www.imdb.com/title/tt14818442/
tt1491857,Twin Spica,2003,25,"Animation,Drama,Sci-Fi",6.9,44,https://www.imdb.com/title/tt1491857/
tt19766580,The Resonator,2022,\N,"Horror,Sci-Fi",6.4,44,https://www.imdb.com/title/tt19766580/
tt23613544,Superpozitsiya,2022,30,"Adventure,Sci-Fi",5.8,44,https://www.imdb.com/title/tt23613544/
tt2994696,Infinite,2013,30,Sci-Fi,6.9,44,https://www.imdb.com/title/tt2994696/
tt3096648,Southeast of Reason,2013,\N,"Adventure,Sci-Fi",7.6,44,https://www.imdb.com/title/tt3096648/
tt38040166,Star Envoy,2025,200,"Sci-Fi,Thriller",9.4,44,https://www.imdb.com/title/tt38040166/
tt7221514,I Am...,2017,\N,"Drama,Sci-Fi",6.4,44,https://www.imdb.com/title/tt7221514/
tt8952172,Starship Goldfish,2013,\N,"Animation,Comedy,Sci-Fi",8.7,44,https://www.imdb.com/title/tt8952172/
tt0307715,Anarchy Online: The Animated Series,2001,\N,"Action,Animation,Sci-Fi",4.7,43,https://www.imdb.com/title/tt0307715/
tt0791204,Cluster Edge,2005,\N,"Action,Animation,Sci-Fi",6.5,43,https://www.imdb.com/title/tt0791204/
tt12961182,Overwatch Origin Stories,2014,2,"Animation,Sci-Fi,Short",8.6,43,https://www.imdb.com/title/tt12961182/
tt14645658,SCP Animated: Tales from the Foundation,2020,\N,Sci-Fi,7.0,43,https://www.imdb.com/title/tt14645658/
tt15867612,Bugarach,2024,\N,Sci-Fi,6.1,43,https://www.imdb.com/title/tt15867612/
tt16410492,UMG,2023,\N,"Mystery,Romance,Sci-Fi",7.4,43,https://www.imdb.com/title/tt16410492/
tt2121145,The Invasion Report,2011,\N,"Comedy,News,Sci-Fi",7.3,43,https://www.imdb.com/title/tt2121145/
tt2711760,Pete Winning and the Pirates,2013,\N,"Adventure,Comedy,Sci-Fi",6.9,43,https://www.imdb.com/title/tt2711760/
tt28626558,Kiber Ivan,2023,24,"Comedy,Sci-Fi",5.9,43,https://www.imdb.com/title/tt28626558/
tt32105157,Podrostki v kosmose,2024,30,"Adventure,Mystery,Sci-Fi",5.5,43,https://www.imdb.com/title/tt32105157/
tt5890692,Star Wars Celebration 2016,2016,\N,"Reality-TV,Sci-Fi",7.9,43,https://www.imdb.com/title/tt5890692/
tt8297266,Immortality,2018,80,"Drama,Sci-Fi",5.9,43,https://www.imdb.com/title/tt8297266/
tt8804250,Sona,2018,\N,Sci-Fi,8.4,43,https://www.imdb.com/title/tt8804250/
tt11198918,Oddbhuturey,2019,\N,Sci-Fi,5.2,42,https://www.imdb.com/title/tt11198918/
tt13009154,Battle Athletess Daiundoukai Restart!,2021,\N,"Animation,Comedy,Sci-Fi",4.9,42,https://www.imdb.com/title/tt13009154/
tt1862768,IT-planeet,2011,\N,"Comedy,Family,Sci-Fi",7.3,42,https://www.imdb.com/title/tt1862768/
tt31107360,Chinook: Zulu Delta 576,2024,\N,"Documentary,Sci-Fi",7.4,42,https://www.imdb.com/title/tt31107360/
tt37668969,Commander land,2025,\N,"Action,Fantasy,Sci-Fi",5.2,42,https://www.imdb.com/title/tt37668969/
tt39239495,Son's Will,2025,\N,"Action,Adventure,Sci-Fi",7.8,42,https://www.imdb.com/title/tt39239495/
tt7151746,Toonami: Lockdown,2001,5,"Animation,Sci-Fi",8.5,42,https://www.imdb.com/title/tt7151746/
tt7275066,Chronofilm,2020,\N,Sci-Fi,4.2,42,https://www.imdb.com/title/tt7275066/
tt7340770,Borg Mom,2017,60,"Comedy,Drama,Sci-Fi",6.7,42,https://www.imdb.com/title/tt7340770/
tt1800877,Hounded,2010,28,"Comedy,Family,Sci-Fi",6.2,41,https://www.imdb.com/title/tt1800877/
tt3920078,Wight Space,2016,\N,"Horror,Sci-Fi",2.6,41,https://www.imdb.com/title/tt3920078/
tt4612084,Star Wars Celebration 2015,2015,\N,"Reality-TV,Sci-Fi",7.8,41,https://www.imdb.com/title/tt4612084/
tt7221066,Dread the Walking Dead,2018,\N,"Drama,Horror,Sci-Fi",5.2,41,https://www.imdb.com/title/tt7221066/
tt8861024,Marvel TL;DR,2016,\N,"Animation,Fantasy,Sci-Fi",7.6,41,https://www.imdb.com/title/tt8861024/
tt0433669,Ground Defense Force Mao-chan,2002,12,"Animation,Family,Sci-Fi",6.5,40,https://www.imdb.com/title/tt0433669/
tt11383906,The 7th Rule: Captain Nog Forever,2019,\N,Sci-Fi,8.8,40,https://www.imdb.com/title/tt11383906/
tt13913412,Squadron,2021,\N,"Action,Sci-Fi",8.5,40,https://www.imdb.com/title/tt13913412/
tt15366688,Star Wars: Heir to the Empire,2019,\N,Sci-Fi,7.5,40,https://www.imdb.com/title/tt15366688/
tt2105622,Mal.com,2011,15,"Comedy,Sci-Fi",6.5,40,https://www.imdb.com/title/tt2105622/
tt22008338,Revenge of the Sith,2021,\N,"Action,Drama,Sci-Fi",6.5,40,https://www.imdb.com/title/tt22008338/
tt27511261,Zakrytyy uroven,2023,46,"Adventure,Drama,Sci-Fi",5.8,40,https://www.imdb.com/title/tt27511261/
tt39127919,Eyes in the Woods,2025,\N,"Drama,Mystery,Sci-Fi",6.6,40,https://www.imdb.com/title/tt39127919/
tt4165184,Ghostbusters: Station 6,2017,\N,"Comedy,Family,Sci-Fi",5.5,40,https://www.imdb.com/title/tt4165184/
tt5083810,Jeff 1000,2014,\N,"Action,Comedy,Sci-Fi",6.6,40,https://www.imdb.com/title/tt5083810/
tt8719070,Shin Gojira awakening,2018,8,"Action,Horror,Sci-Fi",7.4,40,https://www.imdb.com/title/tt8719070/
tt10684302,The Luna Squad,2020,120,Sci-Fi,7.9,39,https://www.imdb.com/title/tt10684302/
tt11188846,Apocalypse Goals,2019,\N,"Adventure,Comedy,Sci-Fi",7.9,39,https://www.imdb.com/title/tt11188846/
tt1820976,Jeff & Ravi Fail History,2011,\N,"Adventure,Comedy,Sci-Fi",3.2,39,https://www.imdb.com/title/tt1820976/
tt21939220,Ghosts of Ruin,2024,\N,"Action,Animation,Sci-Fi",3.8,39,https://www.imdb.com/title/tt21939220/
tt2599758,Sadamitsu the Destroyer,2001,22,"Action,Animation,Sci-Fi",6.5,39,https://www.imdb.com/title/tt2599758/
tt33318919,Doctor Who: The Celestial Toymaker,2024,92,"Animation,Drama,Sci-Fi",6.8,39,https://www.imdb.com/title/tt33318919/
tt4145286,The Hunger Games: Mockingjay - District Voices,2014,\N,Sci-Fi,6.4,39,https://www.imdb.com/title/tt4145286/
tt4286252,Leaps in Evolution,2015,\N,"Documentary,Sci-Fi",8.2,39,https://www.imdb.com/title/tt4286252/
tt16318772,Family Sized,2020,15,"Animation,Comedy,Sci-Fi",8.6,38,https://www.imdb.com/title/tt16318772/
tt27921165,Professor King,2022,\N,"Adventure,Drama,Sci-Fi",8.6,38,https://www.imdb.com/title/tt27921165/
tt27956160,Forbidden Frontier,2022,\N,"Sci-Fi,Talk-Show",5.8,38,https://www.imdb.com/title/tt27956160/
tt36277015,Power Rangers Star Force,2025,\N,Sci-Fi,7.2,38,https://www.imdb.com/title/tt36277015/
tt4023072,Man vs. the Universe,2014,\N,Sci-Fi,6.9,38,https://www.imdb.com/title/tt4023072/
tt6163962,Donyatsu,2013,2,"Animation,Comedy,Sci-Fi",5.4,38,https://www.imdb.com/title/tt6163962/
tt6304964,Finding Soul,2016,\N,Sci-Fi,7.0,38,https://www.imdb.com/title/tt6304964/
tt6600112,Trip for Biscuits,2017,10,"Comedy,Sci-Fi",7.9,38,https://www.imdb.com/title/tt6600112/
tt8288778,Local,2018,\N,"Horror,Sci-Fi",6.4,38,https://www.imdb.com/title/tt8288778/
tt8723662,Artificial,2018,\N,"Drama,Sci-Fi",8.5,38,https://www.imdb.com/title/tt8723662/
tt0467724,The Daichis: Earth's Defense Family,2001,\N,"Animation,Comedy,Sci-Fi",6.9,37,https://www.imdb.com/title/tt0467724/
tt1260906,Time Belt,2003,41,"Comedy,Sci-Fi",6.3,37,https://www.imdb.com/title/tt1260906/
tt13097906,Alt,2020,\N,Sci-Fi,7.0,37,https://www.imdb.com/title/tt13097906/
tt2198375,Beckinfield,2010,\N,Sci-Fi,8.7,37,https://www.imdb.com/title/tt2198375/
tt2295861,Ôoku: Tanjô - Arikoto · Iemitsu-hen,2012,\N,"Drama,Sci-Fi",7.5,37,https://www.imdb.com/title/tt2295861/
tt31015468,Hawa & Adam,2024,24,Sci-Fi,7.6,37,https://www.imdb.com/title/tt31015468/
tt31530046,Half-Life,2022,\N,"Action,Animation,Sci-Fi",7.8,37,https://www.imdb.com/title/tt31530046/
tt33015723,Billion×School,2024,58,"Comedy,Drama,Sci-Fi",7.9,37,https://www.imdb.com/title/tt33015723/
tt7135754,Creepy Chronicles,2017,22,"Drama,Horror,Sci-Fi",4.0,37,https://www.imdb.com/title/tt7135754/
tt0451509,Una familia especial,2005,60,"Comedy,Family,Sci-Fi",5.3,36,https://www.imdb.com/title/tt0451509/
tt10132506,Alice in Chains: Black Antenna,2019,\N,"Music,Sci-Fi,Thriller",8.6,36,https://www.imdb.com/title/tt10132506/
tt23137320,The Super Milk Chan Show,2004,\N,"Animation,Comedy,Sci-Fi",6.6,36,https://www.imdb.com/title/tt23137320/
tt2718332,More Than Human,2013,\N,"Action,Drama,Sci-Fi",8.2,36,https://www.imdb.com/title/tt2718332/
tt3387414,Starpocalypse,2013,\N,"Comedy,Sci-Fi",6.9,36,https://www.imdb.com/title/tt3387414/
tt4971768,Pixcodelics,2005,5,"Animation,Family,Sci-Fi",6.4,36,https://www.imdb.com/title/tt4971768/
tt5622794,Pulse,2022,\N,"Horror,Sci-Fi,Thriller",4.4,36,https://www.imdb.com/title/tt5622794/
tt5891552,Regalia: The Three Sacred Stars,2016,\N,"Action,Animation,Sci-Fi",6.1,36,https://www.imdb.com/title/tt5891552/
tt5901752,The Few,2016,\N,Sci-Fi,8.6,36,https://www.imdb.com/title/tt5901752/
tt6026086,Dogma,2017,60,"Sci-Fi,Thriller",6.2,36,https://www.imdb.com/title/tt6026086/
tt11252208,SOMA: Transmissions,2015,5,"Horror,Sci-Fi,Short",6.6,35,https://www.imdb.com/title/tt11252208/
tt14763662,Foresight,2021,\N,Sci-Fi,5.0,35,https://www.imdb.com/title/tt14763662/
tt21194812,Galaktyczne lektury,2013,\N,"Animation,Comedy,Sci-Fi",8.2,35,https://www.imdb.com/title/tt21194812/
tt2196603,Drifter: Broken Road,2012,\N,"Drama,Sci-Fi",7.1,35,https://www.imdb.com/title/tt2196603/
tt2382332,The Most Extraordinary Space Investigations,2005,5,"Comedy,Sci-Fi,Short",3.3,35,https://www.imdb.com/title/tt2382332/
tt29712426,Ultra Galaxy Mega Monster Battle,2007,30,"Action,Sci-Fi",7.2,35,https://www.imdb.com/title/tt29712426/
tt29791566,Kamen Rider Jeanne & Kamen Rider Aguilera with Girls Remix,2022,21,"Action,Drama,Sci-Fi",7.3,35,https://www.imdb.com/title/tt29791566/
tt4620850,En delad värld,2015,14,Sci-Fi,5.9,35,https://www.imdb.com/title/tt4620850/
tt6287306,Aliens,2016,2,"Animation,Comedy,Sci-Fi",6.4,35,https://www.imdb.com/title/tt6287306/
tt10725090,Wildfire,2019,\N,Sci-Fi,5.7,34,https://www.imdb.com/title/tt10725090/
tt12142142,Instaverso,2020,\N,"Drama,Fantasy,Sci-Fi",6.6,34,https://www.imdb.com/title/tt12142142/
tt12419778,Quarantine Leap,2020,\N,Sci-Fi,8.1,34,https://www.imdb.com/title/tt12419778/
tt13004300,Null & Peta,2019,5,"Animation,Comedy,Sci-Fi",5.5,34,https://www.imdb.com/title/tt13004300/
tt1327666,LG15: The Resistance,2008,\N,"Horror,Sci-Fi",7.0,34,https://www.imdb.com/title/tt1327666/
tt14131062,"Félix, Maude et la fin du monde",2021,13,"Adventure,Comedy,Sci-Fi",7.2,34,https://www.imdb.com/title/tt14131062/
tt1712145,Asylum,2010,\N,"Drama,Mystery,Sci-Fi",7.0,34,https://www.imdb.com/title/tt1712145/
tt18556330,Beyond the Veil,2022,23,"Drama,Horror,Sci-Fi",6.6,34,https://www.imdb.com/title/tt18556330/
tt39072677,Science Fiction Revolution,2025,53,"Documentary,Sci-Fi",6.4,34,https://www.imdb.com/title/tt39072677/
tt4399688,Starhunter Transformation,2017,50,Sci-Fi,7.8,34,https://www.imdb.com/title/tt4399688/
tt5473782,Future Girl,2016,8,"Comedy,Sci-Fi",8.2,34,https://www.imdb.com/title/tt5473782/
tt5601540,Terra Formars: A New Hope,2016,\N,"Action,Sci-Fi",2.7,34,https://www.imdb.com/title/tt5601540/
tt7685660,Door Monster,2010,\N,"Adventure,Comedy,Sci-Fi",8.5,34,https://www.imdb.com/title/tt7685660/
tt8787946,Size Matters,2018,58,"Documentary,Sci-Fi",6.2,34,https://www.imdb.com/title/tt8787946/
tt8964432,Armored Trooper VOTOMS: Phantom Chapter,2010,\N,"Action,Animation,Sci-Fi",5.9,34,https://www.imdb.com/title/tt8964432/
tt0222568,Hollywood Off-Ramp,2000,30,Sci-Fi,4.8,33,https://www.imdb.com/title/tt0222568/
tt0972644,Galaxy Angel Rune,2006,\N,"Animation,Comedy,Sci-Fi",6.3,33,https://www.imdb.com/title/tt0972644/
tt13122812,Shadow Society,2021,\N,"Sci-Fi,Thriller",5.2,33,https://www.imdb.com/title/tt13122812/
tt1425020,Wandaba Style,2003,\N,"Animation,Comedy,Sci-Fi",6.0,33,https://www.imdb.com/title/tt1425020/
tt1840798,Shifters,2011,23,Sci-Fi,7.5,33,https://www.imdb.com/title/tt1840798/
tt1957374,Osiris,2011,\N,"Action,Sci-Fi,Thriller",7.9,33,https://www.imdb.com/title/tt1957374/
tt25026740,Darknet,2022,25,"Action,Drama,Sci-Fi",4.4,33,https://www.imdb.com/title/tt25026740/
tt2692442,Tales from the Dark,2013,21,"Sci-Fi,Thriller",6.2,33,https://www.imdb.com/title/tt2692442/
tt26928931,Bashar Shorts,2022,45,"Drama,Fantasy,Sci-Fi",5.9,33,https://www.imdb.com/title/tt26928931/
tt3291428,Dark Armada,2006,\N,Sci-Fi,6.6,33,https://www.imdb.com/title/tt3291428/
tt3363930,Hell Bent,2014,\N,Sci-Fi,6.0,33,https://www.imdb.com/title/tt3363930/
tt3425232,Gaiking: Legend of Daikû Maryû,2005,25,"Adventure,Animation,Sci-Fi",6.6,33,https://www.imdb.com/title/tt3425232/
tt35331840,Uchuujin Muumuu,2025,\N,"Comedy,Sci-Fi",6.4,33,https://www.imdb.com/title/tt35331840/
tt40071812,The Mirage,2025,50,"Mystery,Sci-Fi,Thriller",8.2,33,https://www.imdb.com/title/tt40071812/
tt6768550,Gojira awakening,2017,5,"Action,Horror,Sci-Fi",7.9,33,https://www.imdb.com/title/tt6768550/
tt7179032,Sora to umi no aida,2018,\N,"Animation,Sci-Fi",5.0,33,https://www.imdb.com/title/tt7179032/
tt0271324,Tribu.com,2001,59,"Comedy,Drama,Sci-Fi",6.7,32,https://www.imdb.com/title/tt0271324/
tt0423716,Proof Positive: Evidence of the Paranormal,2004,\N,"Documentary,Sci-Fi",6.9,32,https://www.imdb.com/title/tt0423716/
tt11724248,Wish Upon the Pleiades,2015,23,"Animation,Fantasy,Sci-Fi",6.0,32,https://www.imdb.com/title/tt11724248/
tt11897234,Humans,2021,\N,Sci-Fi,7.0,32,https://www.imdb.com/title/tt11897234/
tt12434402,Missing Persons,2020,50,"Drama,Mystery,Sci-Fi",6.9,32,https://www.imdb.com/title/tt12434402/
tt1954405,Exile,2010,30,"Drama,Sci-Fi,Thriller",8.2,32,https://www.imdb.com/title/tt1954405/
tt2667838,Max's Midnight Movies,2012,30,"Horror,Sci-Fi",8.5,32,https://www.imdb.com/title/tt2667838/
tt5135944,The Fourth Door,2015,\N,"Adventure,Horror,Sci-Fi",7.2,32,https://www.imdb.com/title/tt5135944/
tt5798112,Galactic War Room,2016,5,"Comedy,Sci-Fi",5.6,32,https://www.imdb.com/title/tt5798112/
tt6090152,Starfleet Academy SCISEC Briefs,2009,3,"Sci-Fi,Short",6.2,32,https://www.imdb.com/title/tt6090152/
tt6478640,Schoolgirl Strikers: Animation Channel,2017,\N,"Action,Animation,Sci-Fi",5.8,32,https://www.imdb.com/title/tt6478640/
tt0318098,Svenska slut,2002,28,Sci-Fi,7.8,31,https://www.imdb.com/title/tt0318098/
tt0943757,SCI FI Investigates,2006,\N,"Mystery,Reality-TV,Sci-Fi",5.2,31,https://www.imdb.com/title/tt0943757/
tt11517878,Le 422,2019,22,"Adventure,Sci-Fi,Thriller",8.2,31,https://www.imdb.com/title/tt11517878/
tt1216133,Kyôran kazoku nikki,2008,\N,"Animation,Comedy,Sci-Fi",6.2,31,https://www.imdb.com/title/tt1216133/
tt1281953,The Galaxy Railways: A Letter from the Abandoned Planet,2006,\N,"Animation,Drama,Sci-Fi",5.8,31,https://www.imdb.com/title/tt1281953/
tt13009374,Godziban,2019,\N,"Comedy,Fantasy,Sci-Fi",6.9,31,https://www.imdb.com/title/tt13009374/
tt19513012,Historias de Protegidos,2022,8,"Drama,Sci-Fi",6.7,31,https://www.imdb.com/title/tt19513012/
tt1977921,Star Trek: Federation One,2008,\N,"Action,Adventure,Sci-Fi",6.3,31,https://www.imdb.com/title/tt1977921/
tt2125987,Once Upon,2011,\N,Sci-Fi,6.1,31,https://www.imdb.com/title/tt2125987/
tt22178760,Nochnoy rezhim,2022,20,"Sci-Fi,Thriller",6.7,31,https://www.imdb.com/title/tt22178760/
tt2275412,La Supercafetera,2010,\N,Sci-Fi,8.4,31,https://www.imdb.com/title/tt2275412/
tt26694023,Knight Watchmen,2022,\N,"Action,Drama,Sci-Fi",5.3,31,https://www.imdb.com/title/tt26694023/
tt3004580,Element Hunters,2009,24,"Adventure,Animation,Sci-Fi",7.2,31,https://www.imdb.com/title/tt3004580/
tt37539072,Autodale: The Animated Series,2017,\N,"Animation,Horror,Sci-Fi",8.0,31,https://www.imdb.com/title/tt37539072/
tt37847251,"Ostorozhno, lyudi!",2025,25,"Comedy,Sci-Fi",5.6,31,https://www.imdb.com/title/tt37847251/
tt4381812,Cozmo's,2016,\N,"Comedy,Sci-Fi",9.3,31,https://www.imdb.com/title/tt4381812/
tt5173358,Horizonte B,2015,26,"Adventure,Sci-Fi",6.0,31,https://www.imdb.com/title/tt5173358/
tt5945854,Prelude to Transformers: Combiner Wars,2016,3,"Action,Animation,Sci-Fi",6.1,31,https://www.imdb.com/title/tt5945854/
tt7816868,The PsyBorgs,2019,\N,Sci-Fi,6.0,31,https://www.imdb.com/title/tt7816868/
tt9193892,Passage,2019,\N,Sci-Fi,6.0,31,https://www.imdb.com/title/tt9193892/
tt0457239,The Fugitives,2005,22,"Drama,Family,Sci-Fi",8.1,30,https://www.imdb.com/title/tt0457239/
tt1010361,Kontora,2006,551,"Mystery,Sci-Fi,Thriller",6.4,30,https://www.imdb.com/title/tt1010361/
tt10305000,The Foundation,2019,\N,Sci-Fi,7.9,30,https://www.imdb.com/title/tt10305000/
tt1073082,Zakon myshelovki,2007,\N,"Drama,Sci-Fi,Thriller",6.5,30,https://www.imdb.com/title/tt1073082/
tt14477030,The Red Box,2024,\N,"Action,Comedy,Sci-Fi",5.5,30,https://www.imdb.com/title/tt14477030/
tt1633358,The Gunrunner Billy Kane,2021,\N,Sci-Fi,6.6,30,https://www.imdb.com/title/tt1633358/
tt2360980,Inner Dimension,2015,\N,Sci-Fi,7.5,30,https://www.imdb.com/title/tt2360980/
tt2849842,Epilogue,2012,\N,Sci-Fi,4.2,30,https://www.imdb.com/title/tt2849842/
tt31108359,Gundam Build Metaverse,2023,\N,"Animation,Sci-Fi",5.5,30,https://www.imdb.com/title/tt31108359/
tt3209212,Doctor Who Online Adventures,2009,\N,"Sci-Fi,Short",7.7,30,https://www.imdb.com/title/tt3209212/
tt36461133,Found Footage Finds,2025,\N,"Documentary,Horror,Sci-Fi",9.1,30,https://www.imdb.com/title/tt36461133/
tt38782651,Up All Night with Rhonda Shear,2025,\N,"Comedy,Horror,Sci-Fi",8.7,30,https://www.imdb.com/title/tt38782651/
tt39319596,Sunny Side Down,2025,\N,"Action,Animation,Sci-Fi",7.9,30,https://www.imdb.com/title/tt39319596/
tt4498758,Petlya vremeni,2013,\N,Sci-Fi,6.1,30,https://www.imdb.com/title/tt4498758/
tt5192182,Reboot,2015,10,"Comedy,Sci-Fi",6.8,30,https://www.imdb.com/title/tt5192182/
tt7468570,PillA,2017,\N,Sci-Fi,6.9,30,https://www.imdb.com/title/tt7468570/
tt8544348,Santo vs the Clones,2004,3,"Action,Horror,Sci-Fi",7.3,30,https://www.imdb.com/title/tt8544348/
tt0458276,Master Blasters,2005,\N,"Reality-TV,Sci-Fi",7.5,29,https://www.imdb.com/title/tt0458276/
tt10005906,Dry Shores,2019,\N,Sci-Fi,6.9,29,https://www.imdb.com/title/tt10005906/
tt10243804,Staying Positive in the Apocalypse,2014,\N,"Animation,Comedy,Sci-Fi",8.6,29,https://www.imdb.com/title/tt10243804/
tt11070000,Z/X: Code Reunion,2019,25,"Action,Animation,Sci-Fi",5.8,29,https://www.imdb.com/title/tt11070000/
tt1223982,Ape Escape,2008,\N,"Animation,Comedy,Sci-Fi",6.5,29,https://www.imdb.com/title/tt1223982/
tt12539180,Dr. Who FA,2015,\N,"Action,Animation,Sci-Fi",8.8,29,https://www.imdb.com/title/tt12539180/
tt1296050,Pop Secret,2006,25,"Animation,Comedy,Sci-Fi",7.1,29,https://www.imdb.com/title/tt1296050/
tt2226754,Edge of Normal,2013,\N,Sci-Fi,8.4,29,https://www.imdb.com/title/tt2226754/
tt2414994,Chô Soku Henkei Gyrozetter,2012,\N,"Action,Animation,Sci-Fi",5.7,29,https://www.imdb.com/title/tt2414994/
tt2613448,Robokop,2004,2,"Action,Animation,Sci-Fi",2.9,29,https://www.imdb.com/title/tt2613448/
tt2891408,Death Game Park,2010,\N,"Action,Horror,Sci-Fi",6.2,29,https://www.imdb.com/title/tt2891408/
tt29610160,Enderslime SMP,2003,60,Sci-Fi,8.5,29,https://www.imdb.com/title/tt29610160/
tt3315382,My Life as a Video Game,2013,\N,"Action,Comedy,Sci-Fi",7.8,29,https://www.imdb.com/title/tt3315382/
tt37170589,Spice Frontier,2025,\N,"Animation,Sci-Fi",7.8,29,https://www.imdb.com/title/tt37170589/
tt4621002,The RockMan,2017,\N,"Comedy,Sci-Fi",6.5,29,https://www.imdb.com/title/tt4621002/
tt4827588,Nomade 7,2015,\N,Sci-Fi,4.8,29,https://www.imdb.com/title/tt4827588/
tt5039792,Space Debris,2015,10,"Comedy,Sci-Fi",5.7,29,https://www.imdb.com/title/tt5039792/
tt7667694,Neighbours vs. Time Travel,2017,\N,Sci-Fi,8.0,29,https://www.imdb.com/title/tt7667694/
tt8527010,Voltz,2013,18,"Comedy,Sci-Fi,War",8.2,29,https://www.imdb.com/title/tt8527010/
tt1059670,Satacracy 88,2006,4,Sci-Fi,5.5,28,https://www.imdb.com/title/tt1059670/
tt12602670,Fireball Humorous,2017,2,"Animation,Comedy,Sci-Fi",6.8,28,https://www.imdb.com/title/tt12602670/
tt1366315,Neglected,2007,\N,Sci-Fi,7.1,28,https://www.imdb.com/title/tt1366315/
tt2258506,Divergence,2012,\N,"Action,Sci-Fi",6.6,28,https://www.imdb.com/title/tt2258506/
tt2387179,Sleepwalker,2012,\N,"Action,Sci-Fi,Thriller",8.6,28,https://www.imdb.com/title/tt2387179/
tt2753526,Destiny,2013,26,Sci-Fi,6.8,28,https://www.imdb.com/title/tt2753526/
tt2909984,The Day They Came to Suck Out Our Brains!,2013,\N,"Comedy,Sci-Fi",7.7,28,https://www.imdb.com/title/tt2909984/
tt31090190,Transformers Arrival,2023,\N,Sci-Fi,8.0,28,https://www.imdb.com/title/tt31090190/
tt3359362,935: A Nazi Zombies Series,2013,\N,Sci-Fi,7.5,28,https://www.imdb.com/title/tt3359362/
tt4393136,The Great Dying,2010,\N,"Drama,Horror,Sci-Fi",5.9,28,https://www.imdb.com/title/tt4393136/
tt4639148,Origin: Beyond the Impact,2015,\N,Sci-Fi,7.2,28,https://www.imdb.com/title/tt4639148/
tt5423824,Under Construction,2015,8,"Comedy,Sci-Fi",1.4,28,https://www.imdb.com/title/tt5423824/
tt5516692,Before the Dawn,2014,\N,"Action,Drama,Sci-Fi",6.0,28,https://www.imdb.com/title/tt5516692/
tt8267738,Westworld Interactive Experience,2018,\N,"Sci-Fi,Western",7.5,28,https://www.imdb.com/title/tt8267738/
tt8286236,Chaser,2024,\N,"Comedy,Sci-Fi,Thriller",7.8,28,https://www.imdb.com/title/tt8286236/
tt0899228,Bunker ili Uchenye pod zemley,2006,420,Sci-Fi,2.9,27,https://www.imdb.com/title/tt0899228/
tt10022234,Dead End,2019,5,"Animation,Comedy,Sci-Fi",7.3,27,https://www.imdb.com/title/tt10022234/
tt12215762,Planetorama,2017,\N,"Animation,Comedy,Sci-Fi",7.2,27,https://www.imdb.com/title/tt12215762/
tt12938692,Civvie's Dungeon,2017,30,"Comedy,Documentary,Sci-Fi",9.2,27,https://www.imdb.com/title/tt12938692/
tt13871228,Frame Arms Girl,2017,23,"Animation,Sci-Fi",5.2,27,https://www.imdb.com/title/tt13871228/
tt14701300,Red vs. Blue PSA,2003,4,"Animation,Comedy,Sci-Fi",7.4,27,https://www.imdb.com/title/tt14701300/
tt16295758,Hanoka,2006,5,"Animation,Sci-Fi,Short",4.1,27,https://www.imdb.com/title/tt16295758/
tt16658152,Safe Mode,2021,\N,"Animation,Fantasy,Sci-Fi",8.1,27,https://www.imdb.com/title/tt16658152/
tt20196132,Never Let Me Go,2023,\N,"Drama,Romance,Sci-Fi",5.3,27,https://www.imdb.com/title/tt20196132/
tt2026020,Heavy Sedation,2006,30,Sci-Fi,8.8,27,https://www.imdb.com/title/tt2026020/
tt23725498,Teen Regime,2022,50,Sci-Fi,7.0,27,https://www.imdb.com/title/tt23725498/
tt23847182,Jaunais Norm,2022,\N,"Drama,Sci-Fi",6.9,27,https://www.imdb.com/title/tt23847182/
tt2644780,"Machete Girl, the Hacker Chronicles Promo",2012,10,Sci-Fi,2.9,27,https://www.imdb.com/title/tt2644780/
tt30744069,"Umneye, chem ya",2023,25,"Comedy,Sci-Fi",6.0,27,https://www.imdb.com/title/tt30744069/
tt3226042,Outlands,2013,13,"Animation,Comedy,Sci-Fi",6.9,27,https://www.imdb.com/title/tt3226042/
tt34773190,.hack//Liminality,2002,\N,"Animation,Mystery,Sci-Fi",5.7,27,https://www.imdb.com/title/tt34773190/
tt36593030,M3real1ty,2025,90,Sci-Fi,9.3,27,https://www.imdb.com/title/tt36593030/
tt38808029,The Black Box,2025,\N,"Drama,Fantasy,Sci-Fi",6.0,27,https://www.imdb.com/title/tt38808029/
tt5291868,Aydamaya,2015,42,"Adventure,Family,Sci-Fi",4.5,27,https://www.imdb.com/title/tt5291868/
tt5956554,The Star Wars After Show,2016,10,"Sci-Fi,Short,Talk-Show",7.4,27,https://www.imdb.com/title/tt5956554/
tt6275170,The Catterson Chronicles,2016,47,Sci-Fi,9.0,27,https://www.imdb.com/title/tt6275170/
tt7884304,Red vs. Blue: Out of Mind,2006,3,"Animation,Comedy,Sci-Fi",7.4,27,https://www.imdb.com/title/tt7884304/
tt13142936,Wixoss Diva(A)Live,2021,\N,"Animation,Music,Sci-Fi",5.6,26,https://www.imdb.com/title/tt13142936/
tt21235582,Strange Days at Blake Holsey High: Echoes,2022,\N,Sci-Fi,6.0,26,https://www.imdb.com/title/tt21235582/
tt22353332,V rayu mest net,2021,20,"Drama,Romance,Sci-Fi",7.7,26,https://www.imdb.com/title/tt22353332/
tt2257905,Temps Mort,2009,\N,"Drama,Sci-Fi",7.8,26,https://www.imdb.com/title/tt2257905/
tt2556068,Moonbound24: The Webseries,2013,240,"Comedy,Sci-Fi",8.0,26,https://www.imdb.com/title/tt2556068/
tt27001576,Authority Thirteen,2023,40,Sci-Fi,3.1,26,https://www.imdb.com/title/tt27001576/
tt2777500,Star Trek: The Helena Chronicles,2008,\N,Sci-Fi,7.0,26,https://www.imdb.com/title/tt2777500/
tt3496702,Hardboiled Eggheads,2014,13,"Adventure,Animation,Sci-Fi",6.7,26,https://www.imdb.com/title/tt3496702/
tt36414919,Gurren Lagann: Parallel Works,2008,\N,"Animation,Music,Sci-Fi",6.8,26,https://www.imdb.com/title/tt36414919/
tt4892716,Afterlife,2015,40,"Drama,Sci-Fi",4.1,26,https://www.imdb.com/title/tt4892716/
tt6019548,Scorpion Girl,2017,\N,"Action,Fantasy,Sci-Fi",6.7,26,https://www.imdb.com/title/tt6019548/
tt7579980,Chosen Kin Origins,2017,\N,"Action,Fantasy,Sci-Fi",6.3,26,https://www.imdb.com/title/tt7579980/
tt8618970,FraXtur,2020,\N,Sci-Fi,5.6,26,https://www.imdb.com/title/tt8618970/
tt9266114,Spirits: Reawaken,2018,\N,"Adventure,Fantasy,Sci-Fi",7.8,26,https://www.imdb.com/title/tt9266114/
tt15057400,Strange Places,2021,23,Sci-Fi,6.8,25,https://www.imdb.com/title/tt15057400/
tt18252718,SmallTown Outsiders,2022,20,"Mystery,Sci-Fi,Short",8.7,25,https://www.imdb.com/title/tt18252718/
tt19884416,Lightning Wolves,2022,\N,"Animation,Comedy,Sci-Fi",5.1,25,https://www.imdb.com/title/tt19884416/
tt20451294,Pop Culture Breakdown with Overlord DVD,2021,\N,"Comedy,Sci-Fi,Talk-Show",7.5,25,https://www.imdb.com/title/tt20451294/
tt25968178,AI Generated Object Show,2023,\N,"Animation,Comedy,Sci-Fi",7.7,25,https://www.imdb.com/title/tt25968178/
tt28760462,Visitors,2024,\N,"Comedy,Drama,Sci-Fi",5.1,25,https://www.imdb.com/title/tt28760462/
tt32351247,Scary Tales,2024,\N,"Horror,Sci-Fi",2.7,25,https://www.imdb.com/title/tt32351247/
tt3611066,Les Opérateurs,2012,\N,"Comedy,Sci-Fi",7.3,25,https://www.imdb.com/title/tt3611066/
tt36162434,Ne v svoey tarelke,2025,24,"Comedy,Sci-Fi",5.9,25,https://www.imdb.com/title/tt36162434/
tt4109918,A Spirit of the Sun,2006,77,"Animation,Drama,Sci-Fi",6.7,25,https://www.imdb.com/title/tt4109918/
tt5342006,Time Machine,2015,\N,"Adventure,Sci-Fi",7.7,25,https://www.imdb.com/title/tt5342006/
tt6741388,The Horror Zone,2017,25,"Fantasy,Horror,Sci-Fi",4.1,25,https://www.imdb.com/title/tt6741388/
tt7906038,ExHumans,2018,\N,Sci-Fi,6.0,25,https://www.imdb.com/title/tt7906038/
tt8300450,Transformers Prime: Legacy,2013,\N,Sci-Fi,7.0,25,https://www.imdb.com/title/tt8300450/
tt8305810,No Man's Sky,2017,\N,Sci-Fi,8.3,25,https://www.imdb.com/title/tt8305810/
tt0496462,Sakupljac,2005,10,Sci-Fi,7.3,24,https://www.imdb.com/title/tt0496462/
tt10383870,H.A.N.D,2019,120,Sci-Fi,8.3,24,https://www.imdb.com/title/tt10383870/
tt13633798,Rival Speak,2020,\N,Sci-Fi,4.3,24,https://www.imdb.com/title/tt13633798/
tt14152850,The Buddy Holly Conspiracy,2017,\N,"Crime,Sci-Fi",8.1,24,https://www.imdb.com/title/tt14152850/
tt14489278,Indemnity,2021,10,"Drama,Mystery,Sci-Fi",7.2,24,https://www.imdb.com/title/tt14489278/
tt22186268,Inter-Stitch-als,2001,1,"Animation,Comedy,Sci-Fi",8.1,24,https://www.imdb.com/title/tt22186268/
tt2825816,Gaia: The Series,2012,12,"Drama,Sci-Fi,Thriller",7.8,24,https://www.imdb.com/title/tt2825816/
tt3088530,Star Trek: Invincible,2013,\N,"Action,Adventure,Sci-Fi",6.1,24,https://www.imdb.com/title/tt3088530/
tt31709623,Titanfall: New Frontiers,2024,\N,Sci-Fi,6.7,24,https://www.imdb.com/title/tt31709623/
tt3272076,The World of Steam,2013,\N,Sci-Fi,5.5,24,https://www.imdb.com/title/tt3272076/
tt39177746,The Blackout,2020,283,"Action,Sci-Fi,Thriller",7.0,24,https://www.imdb.com/title/tt39177746/
tt4908938,Star Trek: Outlaws,2015,42,Sci-Fi,4.7,24,https://www.imdb.com/title/tt4908938/
tt4917526,In Absentia,2017,48,"Drama,Mystery,Sci-Fi",8.7,24,https://www.imdb.com/title/tt4917526/
tt5282528,Chase Champion,2015,\N,"Action,Comedy,Sci-Fi",5.2,24,https://www.imdb.com/title/tt5282528/
tt5444466,Dystopia: Capitol City,2016,\N,"Action,Drama,Sci-Fi",7.7,24,https://www.imdb.com/title/tt5444466/
tt7354414,Star Trek: The Romulan Wars,2006,\N,Sci-Fi,5.6,24,https://www.imdb.com/title/tt7354414/
tt8124534,Old Who vs. New Who,2017,\N,Sci-Fi,2.7,24,https://www.imdb.com/title/tt8124534/
tt0414753,Mystikes diadromes,2001,45,"Mystery,Sci-Fi,Thriller",7.7,23,https://www.imdb.com/title/tt0414753/
tt0838345,BASToF Syndrome,2001,\N,"Adventure,Animation,Sci-Fi",4.5,23,https://www.imdb.com/title/tt0838345/
tt11483032,Who You Are,2019,\N,"Comedy,Sci-Fi",7.3,23,https://www.imdb.com/title/tt11483032/
tt1480341,The Cabonauts,2009,\N,"Comedy,Musical,Sci-Fi",6.4,23,https://www.imdb.com/title/tt1480341/
tt1579913,Xeque-Mate,2010,\N,"Drama,Sci-Fi,Thriller",5.3,23,https://www.imdb.com/title/tt1579913/
tt15809636,Gundam Build Fighters: Battlogue,2017,\N,"Action,Animation,Sci-Fi",6.7,23,https://www.imdb.com/title/tt15809636/
tt16366872,Disney Television Discovers: Talent Showcase,2021,\N,"Comedy,Drama,Sci-Fi",8.0,23,https://www.imdb.com/title/tt16366872/
tt1639486,Broken Toy,2009,\N,Sci-Fi,8.5,23,https://www.imdb.com/title/tt1639486/
tt17540088,The Picco Incident,2022,70,"Horror,Sci-Fi,Thriller",6.8,23,https://www.imdb.com/title/tt17540088/
tt1911145,Safelight 19,2012,\N,Sci-Fi,2.8,23,https://www.imdb.com/title/tt1911145/
tt19399308,Tunnel in Time,2022,\N,"Action,Mystery,Sci-Fi",8.8,23,https://www.imdb.com/title/tt19399308/
tt2331083,Stratos 4,2004,\N,"Action,Animation,Sci-Fi",6.2,23,https://www.imdb.com/title/tt2331083/
tt2635406,Abigail,2012,\N,"Action,Drama,Sci-Fi",7.9,23,https://www.imdb.com/title/tt2635406/
tt2644944,Les Argonautes,2013,25,"Family,Sci-Fi",7.2,23,https://www.imdb.com/title/tt2644944/
tt2646922,Marksmen,2013,\N,"Action,Animation,Sci-Fi",4.9,23,https://www.imdb.com/title/tt2646922/
tt2754774,Déjà Vu,2013,10,"Action,Sci-Fi,Thriller",8.0,23,https://www.imdb.com/title/tt2754774/
tt3293912,Still,2013,\N,Sci-Fi,7.0,23,https://www.imdb.com/title/tt3293912/
tt34881559,Sick Boi,2024,\N,Sci-Fi,9.1,23,https://www.imdb.com/title/tt34881559/
tt3721492,T.R.A.C.E.: A Doctor Who Fan Film,2014,6,Sci-Fi,8.1,23,https://www.imdb.com/title/tt3721492/
tt4648424,The Watch,2015,\N,Sci-Fi,6.3,23,https://www.imdb.com/title/tt4648424/
tt6422680,Mysteries of the Unexplained,2017,30,Sci-Fi,7.9,23,https://www.imdb.com/title/tt6422680/
tt7502328,Glimpse,2017,\N,Sci-Fi,5.9,23,https://www.imdb.com/title/tt7502328/
tt8084548,Red vs. Blue: Relocated,2009,4,"Animation,Comedy,Sci-Fi",8.2,23,https://www.imdb.com/title/tt8084548/
tt8252848,Decrypting Krypton,2018,\N,Sci-Fi,8.5,23,https://www.imdb.com/title/tt8252848/
tt8861702,Callisto 6,2018,\N,"Adventure,Fantasy,Sci-Fi",8.2,23,https://www.imdb.com/title/tt8861702/
tt10564768,Torchwood Rebirth,2019,7,Sci-Fi,7.2,22,https://www.imdb.com/title/tt10564768/
tt13009848,I'm Home! Chibi Godzilla,2020,\N,"Animation,Sci-Fi",6.1,22,https://www.imdb.com/title/tt13009848/
tt13759828,Happenstance,2020,\N,"Drama,Romance,Sci-Fi",5.6,22,https://www.imdb.com/title/tt13759828/
tt1425398,Time Trackers,2008,24,"Adventure,Family,Sci-Fi",7.0,22,https://www.imdb.com/title/tt1425398/
tt1483553,Kishin Taisen Gigantic Formula,2007,\N,"Animation,Drama,Sci-Fi",6.4,22,https://www.imdb.com/title/tt1483553/
tt18924172,Professor King,2020,\N,Sci-Fi,3.8,22,https://www.imdb.com/title/tt18924172/
tt2331087,Stratos 4 Advance Kanketsuhen,2006,\N,"Action,Animation,Sci-Fi",6.2,22,https://www.imdb.com/title/tt2331087/
tt2483390,Cakey! The Cake from Outer Space,2006,5,"Comedy,Sci-Fi,Short",6.5,22,https://www.imdb.com/title/tt2483390/
tt25399678,17776,2017,\N,"Animation,Sci-Fi,Sport",9.2,22,https://www.imdb.com/title/tt25399678/
tt28247124,Ever More,2025,\N,Sci-Fi,5.2,22,https://www.imdb.com/title/tt28247124/
tt2912068,NWO,2014,\N,"Sci-Fi,Thriller",5.9,22,https://www.imdb.com/title/tt2912068/
tt31963236,The Little Witch,2024,2,"Drama,Sci-Fi",6.5,22,https://www.imdb.com/title/tt31963236/
tt32160126,Shinkalion Change the World,2024,\N,"Action,Animation,Sci-Fi",6.0,22,https://www.imdb.com/title/tt32160126/
tt3230750,2020: The Series,2013,\N,"Sci-Fi,Thriller",8.4,22,https://www.imdb.com/title/tt3230750/
tt36831992,Randomkom,2025,10,"Action,Comedy,Sci-Fi",8.1,22,https://www.imdb.com/title/tt36831992/
tt3838930,Gifted Corporation,2014,\N,"Sci-Fi,Thriller",6.9,22,https://www.imdb.com/title/tt3838930/
tt4505912,Rapt,2015,25,"Drama,Sci-Fi",5.9,22,https://www.imdb.com/title/tt4505912/
tt5389686,End of Term,2015,\N,Sci-Fi,7.5,22,https://www.imdb.com/title/tt5389686/
tt6807832,Dead Survivorz,2017,\N,"Action,Horror,Sci-Fi",4.1,22,https://www.imdb.com/title/tt6807832/
tt7293576,Nexus VI,2014,22,Sci-Fi,7.2,22,https://www.imdb.com/title/tt7293576/
tt7435134,Clyde Vanilla,2017,\N,"Comedy,Sci-Fi",8.0,22,https://www.imdb.com/title/tt7435134/
tt7520608,Played,2017,10,"Action,Drama,Sci-Fi",7.2,22,https://www.imdb.com/title/tt7520608/
tt7520728,Cutie Cubies,2017,11,"Adventure,Animation,Sci-Fi",6.1,22,https://www.imdb.com/title/tt7520728/
tt8435288,Captain Isotope & the Enemy of Space,2018,\N,"Adventure,Drama,Sci-Fi",8.4,22,https://www.imdb.com/title/tt8435288/
tt8526826,Hole Diggers,2014,17,"Comedy,Sci-Fi",8.2,22,https://www.imdb.com/title/tt8526826/
tt9065206,Tokyo Alien Bros,2018,26,"Comedy,Drama,Sci-Fi",6.9,22,https://www.imdb.com/title/tt9065206/
tt12038850,Circlet Princess,2019,\N,"Action,Animation,Sci-Fi",6.2,21,https://www.imdb.com/title/tt12038850/
tt13800032,Ultraman Chronicle Z: Heroes' Odyssey,2021,\N,"Action,Sci-Fi",8.3,21,https://www.imdb.com/title/tt13800032/
tt14099964,2041,2022,30,"Comedy,Sci-Fi",7.3,21,https://www.imdb.com/title/tt14099964/
tt15858186,Red vs. Blue: Family Shatters,2021,\N,"Animation,Comedy,Sci-Fi",5.8,21,https://www.imdb.com/title/tt15858186/
tt1873845,Enigma,2010,\N,Sci-Fi,7.2,21,https://www.imdb.com/title/tt1873845/
tt1949954,Space Ninja,2011,\N,Sci-Fi,7.6,21,https://www.imdb.com/title/tt1949954/
tt2004105,Transitions: The Series,2010,\N,Sci-Fi,5.0,21,https://www.imdb.com/title/tt2004105/
tt21618204,Soundtrack to Our Teenage Zombie Apocalypse,2022,30,"Drama,Sci-Fi",8.4,21,https://www.imdb.com/title/tt21618204/
tt2572398,The Battle Below,2012,\N,"Action,Fantasy,Sci-Fi",7.7,21,https://www.imdb.com/title/tt2572398/
tt27547844,Event Horizon,2023,\N,"Horror,Sci-Fi",5.8,21,https://www.imdb.com/title/tt27547844/
tt3026026,Desert Friends,2013,\N,Sci-Fi,8.0,21,https://www.imdb.com/title/tt3026026/
tt30697779,Vyzhivshie. Yana,2021,9,"Drama,Sci-Fi,Thriller",6.5,21,https://www.imdb.com/title/tt30697779/
tt30699272,Vyzhivshie. Podrostki,2021,10,"Drama,Sci-Fi,Thriller",6.8,21,https://www.imdb.com/title/tt30699272/
tt3166258,Starship Orion,2014,\N,Sci-Fi,5.5,21,https://www.imdb.com/title/tt3166258/
tt3566264,Terminator Salvation: TechCom,2009,\N,"Action,Drama,Sci-Fi",4.1,21,https://www.imdb.com/title/tt3566264/
tt4030240,Son of Somerset Files,2014,\N,"Mystery,Sci-Fi",7.9,21,https://www.imdb.com/title/tt4030240/
tt5685416,Waterside,2013,\N,"Drama,Sci-Fi",6.7,21,https://www.imdb.com/title/tt5685416/
tt5919920,UnSuper,2016,\N,"Action,Comedy,Sci-Fi",7.7,21,https://www.imdb.com/title/tt5919920/
tt6249344,Urban Jungle,2016,10,"Sci-Fi,Thriller",5.9,21,https://www.imdb.com/title/tt6249344/
tt7475496,Doctor Who Velocity: A Fan Special,2017,\N,"Adventure,Sci-Fi",6.7,21,https://www.imdb.com/title/tt7475496/
tt7684778,Thuththiri,2018,\N,"Comedy,Sci-Fi",8.7,21,https://www.imdb.com/title/tt7684778/
tt8390938,Red vs. Blue: Recovery One,2007,16,"Animation,Comedy,Sci-Fi",7.4,21,https://www.imdb.com/title/tt8390938/
tt8892364,Chosen Kin Origins: New Breed,2018,\N,"Fantasy,Sci-Fi",7.4,21,https://www.imdb.com/title/tt8892364/
tt9201132,Blink Twice,2018,1,Sci-Fi,6.4,21,https://www.imdb.com/title/tt9201132/
tt9881050,Star Trek: Explorer,2013,\N,"Animation,Sci-Fi",2.9,21,https://www.imdb.com/title/tt9881050/
tt0398546,Powers,2004,25,"Drama,Family,Sci-Fi",8.0,20,https://www.imdb.com/title/tt0398546/
tt10635534,Taylor'd Vision: Doctor Who,2018,\N,"Animation,Drama,Sci-Fi",9.0,20,https://www.imdb.com/title/tt10635534/
tt11315802,Torchwood 2000,2020,\N,Sci-Fi,7.8,20,https://www.imdb.com/title/tt11315802/
tt11426598,Proof,2020,\N,Sci-Fi,5.6,20,https://www.imdb.com/title/tt11426598/
tt13254364,Focus,2021,\N,Sci-Fi,5.5,20,https://www.imdb.com/title/tt13254364/
tt13729248,The Storyteller: Fallout,2013,\N,"Adventure,Sci-Fi",8.2,20,https://www.imdb.com/title/tt13729248/
tt1647440,Semi-Dead,2009,\N,"Comedy,Horror,Sci-Fi",6.0,20,https://www.imdb.com/title/tt1647440/
tt1737792,Time Jumper,2009,\N,Sci-Fi,6.5,20,https://www.imdb.com/title/tt1737792/
tt17505676,GenZeroes,2022,\N,Sci-Fi,6.1,20,https://www.imdb.com/title/tt17505676/
tt20419902,Gebaude-Baude,2020,2,"Animation,Comedy,Sci-Fi",6.1,20,https://www.imdb.com/title/tt20419902/
tt2313196,Jedi Camp,2012,\N,"Family,Sci-Fi",6.4,20,https://www.imdb.com/title/tt2313196/
tt28477088,O Limite do Universo: Além da Fronteira Infinita,2023,9,"Documentary,Mystery,Sci-Fi",9.0,20,https://www.imdb.com/title/tt28477088/
tt2950974,Apex,2013,\N,"Drama,Horror,Sci-Fi",5.8,20,https://www.imdb.com/title/tt2950974/
tt30698512,Vyzhivshie. BLOGGGER,2021,11,"Drama,Sci-Fi,Thriller",6.5,20,https://www.imdb.com/title/tt30698512/
tt30699457,Vyzhivshie. Blagie namereniya,2021,8,"Drama,Sci-Fi,Thriller",6.8,20,https://www.imdb.com/title/tt30699457/
tt33144177,Enderslime SMP Reborn,2023,45,Sci-Fi,8.4,20,https://www.imdb.com/title/tt33144177/
tt35238155,Snorkel Shorts,2024,\N,"Animation,Comedy,Sci-Fi",8.9,20,https://www.imdb.com/title/tt35238155/
tt3539960,Blood Type,2014,\N,Sci-Fi,8.1,20,https://www.imdb.com/title/tt3539960/
tt5210258,Cyrano 2022,2001,\N,"Action,Animation,Sci-Fi",8.2,20,https://www.imdb.com/title/tt5210258/
tt5326346,Seraphim,2016,\N,Sci-Fi,6.9,20,https://www.imdb.com/title/tt5326346/
tt5328250,Made in Mosjøen,2015,\N,"Fantasy,Mystery,Sci-Fi",8.2,20,https://www.imdb.com/title/tt5328250/
tt5639794,The Federation Files,2016,\N,Sci-Fi,7.6,20,https://www.imdb.com/title/tt5639794/
tt6077398,The Natural,2016,\N,"Action,Drama,Sci-Fi",7.7,20,https://www.imdb.com/title/tt6077398/
tt6993190,The Flash Minecraft,2017,30,Sci-Fi,7.9,20,https://www.imdb.com/title/tt6993190/
tt0472959,Katbot,2005,30,"Animation,Comedy,Sci-Fi",7.7,19,https://www.imdb.com/title/tt0472959/
tt0991106,Kôtetsu tenshi Kurumi: Zero,2001,\N,"Animation,Romance,Sci-Fi",6.4,19,https://www.imdb.com/title/tt0991106/
tt10222692,The Orpheus Protocol,2019,\N,Sci-Fi,8.8,19,https://www.imdb.com/title/tt10222692/
tt10230000,Farrah Rogue - Awakening,2019,\N,"Action,Animation,Sci-Fi",6.9,19,https://www.imdb.com/title/tt10230000/
tt10567448,Comando Squad: La presencia,2019,\N,"Horror,Mystery,Sci-Fi",6.1,19,https://www.imdb.com/title/tt10567448/
tt11634530,Analog Archives,2019,\N,"Horror,Sci-Fi",7.9,19,https://www.imdb.com/title/tt11634530/
tt12474116,Piple: AI to Kekkon Seikatsu Hajimemashita,2020,\N,"Comedy,Romance,Sci-Fi",7.0,19,https://www.imdb.com/title/tt12474116/
tt12901482,Phungus & Mowld,2020,22,"Animation,Comedy,Sci-Fi",6.0,19,https://www.imdb.com/title/tt12901482/
tt13573540,TrekCulture,2020,\N,"Documentary,Sci-Fi,Talk-Show",7.6,19,https://www.imdb.com/title/tt13573540/
tt14457622,Star Citizen: Nocturne,2020,\N,Sci-Fi,8.5,19,https://www.imdb.com/title/tt14457622/
tt14984644,Jurnee's Revenge,2021,\N,"Sci-Fi,Short,Thriller",6.4,19,https://www.imdb.com/title/tt14984644/
tt1666935,Infamous,2010,\N,Sci-Fi,8.3,19,https://www.imdb.com/title/tt1666935/
tt2048900,Seer: Death Sight,2016,16,"Action,Sci-Fi,Thriller",8.6,19,https://www.imdb.com/title/tt2048900/
tt2117506,Reality on Demand,2012,\N,Sci-Fi,6.1,19,https://www.imdb.com/title/tt2117506/
tt22244598,The Midnight Hour,2022,\N,"Horror,Sci-Fi,Thriller",5.9,19,https://www.imdb.com/title/tt22244598/
tt2331085,Stratos 4 Advance,2005,\N,"Action,Animation,Sci-Fi",6.1,19,https://www.imdb.com/title/tt2331085/
tt26574529,Kaiju Girls,2016,4,"Animation,Comedy,Sci-Fi",5.8,19,https://www.imdb.com/title/tt26574529/
tt27737209,Abhimanyu Ki Alien Family,2023,\N,"Comedy,Sci-Fi",7.2,19,https://www.imdb.com/title/tt27737209/
tt27914024,Early to Rise,2022,\N,Sci-Fi,8.1,19,https://www.imdb.com/title/tt27914024/
tt3715746,Frequency,2013,\N,"Fantasy,Sci-Fi",4.4,19,https://www.imdb.com/title/tt3715746/
tt3824066,Space Men,2014,\N,Sci-Fi,8.4,19,https://www.imdb.com/title/tt3824066/
tt4252664,Send Me: An Original Web Series,2015,40,"Drama,Fantasy,Sci-Fi",6.6,19,https://www.imdb.com/title/tt4252664/
tt4478278,Ambient,2015,\N,Sci-Fi,3.6,19,https://www.imdb.com/title/tt4478278/
tt4664860,Chronos,2015,\N,Sci-Fi,6.5,19,https://www.imdb.com/title/tt4664860/
tt4788698,Marc-en-Peluche,2016,\N,"Comedy,Drama,Sci-Fi",8.4,19,https://www.imdb.com/title/tt4788698/
tt5081930,Surviving...,2015,15,"Drama,Horror,Sci-Fi",7.4,19,https://www.imdb.com/title/tt5081930/
tt5660848,The Orphans,2016,\N,Sci-Fi,8.1,19,https://www.imdb.com/title/tt5660848/
tt5823542,Contacto Extraterrestre,2013,\N,Sci-Fi,8.4,19,https://www.imdb.com/title/tt5823542/
tt6086180,Galactic Galaxy: The Series,2018,27,Sci-Fi,7.8,19,https://www.imdb.com/title/tt6086180/
tt7151786,Toonami: Trapped in Hyperspace,2002,1,"Adventure,Animation,Sci-Fi",7.2,19,https://www.imdb.com/title/tt7151786/
tt7289544,Vast,2016,\N,Sci-Fi,8.6,19,https://www.imdb.com/title/tt7289544/
tt7588390,Thrashtopia,2017,\N,"Comedy,Sci-Fi,Talk-Show",6.3,19,https://www.imdb.com/title/tt7588390/
tt7626194,Toonami: Countdown,2017,\N,Sci-Fi,8.3,19,https://www.imdb.com/title/tt7626194/
tt8045094,Stellar Hosts,2018,\N,"Comedy,Sci-Fi",7.5,19,https://www.imdb.com/title/tt8045094/
tt9310266,Memory Eclipse,2020,120,"Mystery,Romance,Sci-Fi",7.6,19,https://www.imdb.com/title/tt9310266/
tt9904298,Star Trek: Enterprise E,2011,\N,Sci-Fi,6.2,19,https://www.imdb.com/title/tt9904298/
tt0298064,Millennium Mann,2001,46,"Action,Sci-Fi",5.8,18,https://www.imdb.com/title/tt0298064/
tt0440239,Great Yamato No. 0,2004,\N,"Animation,Sci-Fi",5.8,18,https://www.imdb.com/title/tt0440239/
tt0997026,SouthTrek,2007,\N,"Animation,Comedy,Sci-Fi",8.1,18,https://www.imdb.com/title/tt0997026/
tt10182080,After Hours Cinema,2018,\N,"Horror,Mystery,Sci-Fi",8.0,18,https://www.imdb.com/title/tt10182080/
tt10799508,Ultraman New Generation Chronicle,2019,5,"Action,Sci-Fi",8.3,18,https://www.imdb.com/title/tt10799508/
tt12623248,Cocoon Cake,2020,135,"Adventure,Comedy,Sci-Fi",7.8,18,https://www.imdb.com/title/tt12623248/
tt12814426,22 Vinte e Dois,2020,\N,"Action,Comedy,Sci-Fi",9.0,18,https://www.imdb.com/title/tt12814426/
tt13808352,Cyberpunk 2077 - Night City Wire,2020,\N,"News,Sci-Fi",7.5,18,https://www.imdb.com/title/tt13808352/
tt15543212,Adrift - A Star Citizen Machinima,2021,\N,Sci-Fi,7.8,18,https://www.imdb.com/title/tt15543212/
tt17451982,Haiyoru! Nyaruani: Remember My Mr. Lovecraft,2010,\N,"Animation,Comedy,Sci-Fi",4.7,18,https://www.imdb.com/title/tt17451982/
tt2006574,"Star Trek: Henglaar, M.D.",2009,\N,Sci-Fi,7.6,18,https://www.imdb.com/title/tt2006574/
tt22439618,Itopia,2022,\N,Sci-Fi,6.9,18,https://www.imdb.com/title/tt22439618/
tt2262639,Bounty: Inner Orbs,2012,\N,"Action,Comedy,Sci-Fi",6.7,18,https://www.imdb.com/title/tt2262639/
tt24973048,Ultraman New Generation Stars,2023,25,"Action,Biography,Sci-Fi",6.5,18,https://www.imdb.com/title/tt24973048/
tt2719148,Breast Friends,2013,\N,"Comedy,Sci-Fi",5.9,18,https://www.imdb.com/title/tt2719148/
tt2753240,Astro Space Hero,2010,\N,Sci-Fi,6.7,18,https://www.imdb.com/title/tt2753240/
tt27696380,Sentika F8ABA6 Jisariz,2023,\N,Sci-Fi,7.1,18,https://www.imdb.com/title/tt27696380/
tt29567384,Power Rangers Rail Riders,2023,\N,"Action,Comedy,Sci-Fi",7.0,18,https://www.imdb.com/title/tt29567384/
tt3002648,Maron in Space,2013,2,"Comedy,Sci-Fi,Short",6.9,18,https://www.imdb.com/title/tt3002648/
tt3201608,Time Travel Gangster Chronicles,2013,\N,Sci-Fi,7.3,18,https://www.imdb.com/title/tt3201608/
tt32377479,Larva in Mars,2024,20,"Animation,Comedy,Sci-Fi",5.2,18,https://www.imdb.com/title/tt32377479/
tt3402890,Number of Silence,2013,\N,"Mystery,Sci-Fi,Thriller",8.8,18,https://www.imdb.com/title/tt3402890/
tt3458586,Genesis,2013,45,"Drama,Sci-Fi",4.6,18,https://www.imdb.com/title/tt3458586/
tt37846743,Fell Upon Me,2025,\N,"Drama,Romance,Sci-Fi",8.4,18,https://www.imdb.com/title/tt37846743/
tt4820688,Land of the Outlaws,2018,60,"Action,Drama,Sci-Fi",6.9,18,https://www.imdb.com/title/tt4820688/
tt5169752,Galactic Blitz,2015,10,"Animation,Sci-Fi",5.1,18,https://www.imdb.com/title/tt5169752/
tt5478670,The Deadpool Series: Fan Films,2008,8,"Action,Comedy,Sci-Fi",8.2,18,https://www.imdb.com/title/tt5478670/
tt6158972,Les Critiques de Touxani,2016,\N,"Action,Comedy,Sci-Fi",6.4,18,https://www.imdb.com/title/tt6158972/
tt6457454,Galaxy Angel Z,2002,24,"Animation,Comedy,Sci-Fi",6.7,18,https://www.imdb.com/title/tt6457454/
tt6795518,King of the Braves GaoGaiGar Final Grand Glorious Gathering,2005,24,"Action,Animation,Sci-Fi",6.6,18,https://www.imdb.com/title/tt6795518/
tt6865096,Found Footage,2017,\N,"Horror,Sci-Fi",3.7,18,https://www.imdb.com/title/tt6865096/
tt8206976,The Templin Institute,2017,\N,Sci-Fi,8.7,18,https://www.imdb.com/title/tt8206976/
tt8344792,The Cure,2018,\N,"Drama,Sci-Fi,Thriller",5.6,18,https://www.imdb.com/title/tt8344792/
tt8526862,Deep Space Mine,2014,16,"Comedy,Sci-Fi",7.7,18,https://www.imdb.com/title/tt8526862/
tt9775956,Searching for Salai,2019,15,Sci-Fi,8.4,18,https://www.imdb.com/title/tt9775956/
tt0362383,Wired for Sex,2003,22,"Documentary,Drama,Sci-Fi",6.6,17,https://www.imdb.com/title/tt0362383/
tt10210114,Hawa Badle Hassu,2019,\N,"Sci-Fi,Thriller",7.6,17,https://www.imdb.com/title/tt10210114/
tt10545822,This Room Does Not Exist,2018,\N,"Drama,Sci-Fi,Short",8.3,17,https://www.imdb.com/title/tt10545822/
tt15333776,Eternal Variance,2022,\N,Sci-Fi,2.6,17,https://www.imdb.com/title/tt15333776/
tt16296118,Venus on Mars,2023,\N,"Comedy,Romance,Sci-Fi",7.9,17,https://www.imdb.com/title/tt16296118/
tt17499614,GalacticCraft,2013,\N,"Comedy,Game-Show,Sci-Fi",8.6,17,https://www.imdb.com/title/tt17499614/
tt21103786,They Nonce,2022,\N,"Comedy,Sci-Fi",4.5,17,https://www.imdb.com/title/tt21103786/
tt21996830,Evenfall,2021,\N,"Adventure,Drama,Sci-Fi",8.3,17,https://www.imdb.com/title/tt21996830/
tt2247625,Lucidity Web Saga,2010,126,"Comedy,Fantasy,Sci-Fi",8.2,17,https://www.imdb.com/title/tt2247625/
tt2576590,Death Star PR,2012,\N,"Comedy,Sci-Fi,Short",5.2,17,https://www.imdb.com/title/tt2576590/
tt3007580,The Rocks,2013,22,"Comedy,Drama,Sci-Fi",5.3,17,https://www.imdb.com/title/tt3007580/
tt30138102,Tenchi Muyo! GXP Paradise Starting,2023,\N,"Animation,Sci-Fi",6.4,17,https://www.imdb.com/title/tt30138102/
tt30696594,Vyzhivshie. 3200 km,2021,7,"Drama,Sci-Fi,Thriller",7.1,17,https://www.imdb.com/title/tt30696594/
tt30698114,Vyzhivshie. Seno,2021,13,"Drama,Sci-Fi,Thriller",7.3,17,https://www.imdb.com/title/tt30698114/
tt30699597,Vyzhivshie. Ogni,2021,14,"Drama,Sci-Fi,Thriller",7.0,17,https://www.imdb.com/title/tt30699597/
tt31389853,Vyzhivshie. Beremennaya,2024,9,"Drama,Sci-Fi,Thriller",6.4,17,https://www.imdb.com/title/tt31389853/
tt31591495,Vyzhivshie. Ded,2024,11,"Drama,Sci-Fi,Thriller",6.1,17,https://www.imdb.com/title/tt31591495/
tt32991357,Q18 Quantum Dice,2024,\N,"Drama,Sci-Fi",7.9,17,https://www.imdb.com/title/tt32991357/
tt3899694,Sentient,2014,\N,Sci-Fi,6.9,17,https://www.imdb.com/title/tt3899694/
tt4335008,Redenção,2016,\N,Sci-Fi,7.2,17,https://www.imdb.com/title/tt4335008/
tt5015752,Time Traveller,2014,\N,"Drama,Sci-Fi",8.6,17,https://www.imdb.com/title/tt5015752/
tt5135744,The Ridge: Origins,2016,\N,"Comedy,Drama,Sci-Fi",6.0,17,https://www.imdb.com/title/tt5135744/
tt5174124,Castle of Contagion: The Series,2016,\N,"Crime,Drama,Sci-Fi",5.5,17,https://www.imdb.com/title/tt5174124/
tt5342150,Pen & Paper & Laser Guns,2015,\N,"Adventure,Comedy,Sci-Fi",7.3,17,https://www.imdb.com/title/tt5342150/
tt7277662,Infected,2017,\N,Sci-Fi,5.7,17,https://www.imdb.com/title/tt7277662/
tt7649832,Evolve: Year Zero,2018,\N,Sci-Fi,8.0,17,https://www.imdb.com/title/tt7649832/
tt10003818,Star Trek: Aurora,2012,\N,"Animation,Sci-Fi",6.8,16,https://www.imdb.com/title/tt10003818/
tt10195388,"Tot, kto ne spit",2017,45,"Crime,Drama,Sci-Fi",5.6,16,https://www.imdb.com/title/tt10195388/
tt10319384,Portal: Meet the Cores,2012,\N,Sci-Fi,8.9,16,https://www.imdb.com/title/tt10319384/
tt10611014,Holycross,2019,\N,Sci-Fi,6.6,16,https://www.imdb.com/title/tt10611014/
tt12915522,Close Encounters of the Third Kind: Amended,2022,\N,"Sci-Fi,Short",7.9,16,https://www.imdb.com/title/tt12915522/
tt13256124,Doctor Who: The Pescatons,2009,\N,Sci-Fi,5.8,16,https://www.imdb.com/title/tt13256124/
tt1404752,After Judgment,2008,7,"Sci-Fi,Thriller",6.8,16,https://www.imdb.com/title/tt1404752/
tt14087400,SpacePop,2016,\N,"Animation,Family,Sci-Fi",8.1,16,https://www.imdb.com/title/tt14087400/
tt16589992,Twitch Game,2021,9,"Comedy,Drama,Sci-Fi",6.5,16,https://www.imdb.com/title/tt16589992/
tt18234982,Volleyball and Coffee,2021,\N,"Animation,Comedy,Sci-Fi",7.4,16,https://www.imdb.com/title/tt18234982/
tt1824608,"Oh, Inverted World",2010,\N,"Comedy,Drama,Sci-Fi",8.2,16,https://www.imdb.com/title/tt1824608/
tt18413002,The Missing 8,2021,13,Sci-Fi,7.0,16,https://www.imdb.com/title/tt18413002/
tt2258613,Space Guys in Space,2012,6,"Comedy,Sci-Fi",7.5,16,https://www.imdb.com/title/tt2258613/
tt25398666,The Cloaked Realm,2022,\N,Sci-Fi,7.6,16,https://www.imdb.com/title/tt25398666/
tt2651836,Dark Age,2013,\N,Sci-Fi,7.2,16,https://www.imdb.com/title/tt2651836/
tt2707894,Silverwood: Final Recordings,2012,\N,"Horror,Mystery,Sci-Fi",4.0,16,https://www.imdb.com/title/tt2707894/
tt28490318,Star Wars Audio Comics: YouTube Channel,2014,\N,Sci-Fi,5.2,16,https://www.imdb.com/title/tt28490318/
tt29084846,Al-Espitalia,2018,\N,Sci-Fi,7.0,16,https://www.imdb.com/title/tt29084846/
tt2931850,Doctor Stew,2012,15,"Comedy,Sci-Fi",7.9,16,https://www.imdb.com/title/tt2931850/
tt30699011,Vyzhivshie. Iona,2021,12,"Drama,Sci-Fi,Thriller",6.7,16,https://www.imdb.com/title/tt30699011/
tt3112784,Level 17,2013,\N,Sci-Fi,7.0,16,https://www.imdb.com/title/tt3112784/
tt31502989,Vyzhivshie. Krugi,2024,9,"Drama,Sci-Fi,Thriller",7.1,16,https://www.imdb.com/title/tt31502989/
tt33498457,Holt,2025,11,"Adventure,Fantasy,Sci-Fi",8.6,16,https://www.imdb.com/title/tt33498457/
tt3676602,The Invaders: Angie's Logs,2014,\N,"Comedy,Sci-Fi",6.7,16,https://www.imdb.com/title/tt3676602/
tt3733362,La dernière série avant la fin du monde,2012,5,"Comedy,Sci-Fi",7.8,16,https://www.imdb.com/title/tt3733362/
tt3778246,The Nevermore Chronicles,2014,\N,"Drama,Mystery,Sci-Fi",5.6,16,https://www.imdb.com/title/tt3778246/
tt3867242,Kill Day,2014,\N,Sci-Fi,6.9,16,https://www.imdb.com/title/tt3867242/
tt4012832,Invincible King Tri-Zenon,2000,\N,"Animation,Sci-Fi",5.6,16,https://www.imdb.com/title/tt4012832/
tt4484406,Star Trek: Unity,2005,\N,Sci-Fi,6.7,16,https://www.imdb.com/title/tt4484406/
tt4592126,The Siberian Wolf,2015,\N,"Action,Sci-Fi",8.2,16,https://www.imdb.com/title/tt4592126/
tt5339830,The Crossing Hero,2015,45,"History,Sci-Fi",7.1,16,https://www.imdb.com/title/tt5339830/
tt6482812,BANA: Heart of Darkness,2017,\N,Sci-Fi,7.6,16,https://www.imdb.com/title/tt6482812/
tt6732202,3rd Eye,2018,\N,"Action,Horror,Sci-Fi",7.4,16,https://www.imdb.com/title/tt6732202/
tt7830108,Snowshoe & Monster,2018,\N,Sci-Fi,8.7,16,https://www.imdb.com/title/tt7830108/
tt10633406,2121,2020,\N,Sci-Fi,5.5,15,https://www.imdb.com/title/tt10633406/
tt10968650,Doctor Who: Remastered,2019,\N,Sci-Fi,6.8,15,https://www.imdb.com/title/tt10968650/
tt13587294,Project Elementals,2021,\N,"Drama,Sci-Fi",8.4,15,https://www.imdb.com/title/tt13587294/
tt13696454,Comando Squad: Rabia,2020,\N,"Sci-Fi,Thriller",7.2,15,https://www.imdb.com/title/tt13696454/
tt14374066,Suplicium,2021,274,"Fantasy,Horror,Sci-Fi",6.8,15,https://www.imdb.com/title/tt14374066/
tt1960692,Odessa,2012,\N,Sci-Fi,8.9,15,https://www.imdb.com/title/tt1960692/
tt1990026,Space Hospital,2007,\N,Sci-Fi,7.2,15,https://www.imdb.com/title/tt1990026/
tt20204516,Discontent,2022,\N,"Comedy,Drama,Sci-Fi",4.8,15,https://www.imdb.com/title/tt20204516/
tt2221878,Residenz,2012,\N,Sci-Fi,6.0,15,https://www.imdb.com/title/tt2221878/
tt2977674,Once Upon A... Anonymous,2013,9,"Comedy,Fantasy,Sci-Fi",8.2,15,https://www.imdb.com/title/tt2977674/
tt31214870,Starship Q Star,2024,3,"Animation,Comedy,Sci-Fi",6.8,15,https://www.imdb.com/title/tt31214870/
tt31390838,Ladyspo,2018,\N,"Animation,Comedy,Sci-Fi",3.4,15,https://www.imdb.com/title/tt31390838/
tt3156954,Peacekeepers,2014,\N,Sci-Fi,8.5,15,https://www.imdb.com/title/tt3156954/
tt31703329,Vyzhivshie. Patrul,2024,11,"Drama,Sci-Fi,Thriller",6.8,15,https://www.imdb.com/title/tt31703329/
tt33059190,Spirit of Wonder: Miss China Short Stories,2001,\N,"Adventure,Animation,Sci-Fi",6.4,15,https://www.imdb.com/title/tt33059190/
tt33934117,Complicated Fear,2021,19,"Horror,Sci-Fi",5.1,15,https://www.imdb.com/title/tt33934117/
tt3550806,Ramsey Has a Time Machine,2014,\N,"Comedy,Sci-Fi",7.3,15,https://www.imdb.com/title/tt3550806/
tt37986523,The Time Travel Watch,2025,\N,Sci-Fi,8.8,15,https://www.imdb.com/title/tt37986523/
tt4006316,Clairvoyance the Ellis Files,2015,55,"Horror,Mystery,Sci-Fi",7.6,15,https://www.imdb.com/title/tt4006316/
tt4045144,Sakura Wars: Ecole de Paris,2003,30,"Action,Animation,Sci-Fi",7.0,15,https://www.imdb.com/title/tt4045144/
tt4434664,Silk,2015,\N,Sci-Fi,6.1,15,https://www.imdb.com/title/tt4434664/
tt5512184,Chosen Kin,2015,\N,"Fantasy,Sci-Fi",8.1,15,https://www.imdb.com/title/tt5512184/
tt6915402,Romanos,2015,74,"Comedy,Sci-Fi",8.2,15,https://www.imdb.com/title/tt6915402/
tt7225000,Gold Squad,2016,\N,"Adventure,Comedy,Sci-Fi",6.3,15,https://www.imdb.com/title/tt7225000/
tt7431016,I-Art,2018,\N,Sci-Fi,6.0,15,https://www.imdb.com/title/tt7431016/
tt8412754,Wake up,2018,20,Sci-Fi,5.3,15,https://www.imdb.com/title/tt8412754/
tt10627676,Primitive,2020,\N,Sci-Fi,8.3,14,https://www.imdb.com/title/tt10627676/
tt13393142,Star Wars Audio Comics,2014,\N,Sci-Fi,7.2,14,https://www.imdb.com/title/tt13393142/
tt13630906,Timelapse: A JxM Production,2021,229,Sci-Fi,5.9,14,https://www.imdb.com/title/tt13630906/
tt13846554,Not A Robot,2019,12,"Romance,Sci-Fi",7.0,14,https://www.imdb.com/title/tt13846554/
tt16001140,G.O.D.TECH New World Order,2022,\N,"Sci-Fi,Thriller",8.6,14,https://www.imdb.com/title/tt16001140/
tt1615945,Bumps in the Night,2009,\N,"Comedy,Horror,Sci-Fi",5.4,14,https://www.imdb.com/title/tt1615945/
tt1630621,A Demon's Destiny: The Lone Warrior,2009,\N,Sci-Fi,4.1,14,https://www.imdb.com/title/tt1630621/
tt1871121,The End.,2010,\N,"Action,Comedy,Sci-Fi",8.4,14,https://www.imdb.com/title/tt1871121/
tt1933130,Overturn,2011,5,"Action,Mystery,Sci-Fi",5.8,14,https://www.imdb.com/title/tt1933130/
tt1934657,Guides,2012,\N,"Comedy,Sci-Fi",8.7,14,https://www.imdb.com/title/tt1934657/
tt2032920,Primary Faction,2011,\N,Sci-Fi,6.9,14,https://www.imdb.com/title/tt2032920/
tt21237620,KJ File,2022,\N,"Action,Animation,Sci-Fi",3.2,14,https://www.imdb.com/title/tt21237620/
tt2366724,Help! I'm Alive,2012,22,"Drama,Horror,Sci-Fi",6.7,14,https://www.imdb.com/title/tt2366724/
tt3133892,The Super Alliance,2013,5,"Action,Comedy,Sci-Fi",6.2,14,https://www.imdb.com/title/tt3133892/
tt3171312,Doctor Puppet,2012,\N,Sci-Fi,8.8,14,https://www.imdb.com/title/tt3171312/
tt31986371,Sarah Jane Smith,2002,\N,Sci-Fi,7.4,14,https://www.imdb.com/title/tt31986371/
tt3212732,Zhon: The Alien Interviews,2012,\N,Sci-Fi,7.3,14,https://www.imdb.com/title/tt3212732/
tt32158870,Himitsu no AiPri,2024,\N,"Animation,Music,Sci-Fi",4.5,14,https://www.imdb.com/title/tt32158870/
tt3234708,Ultraman Retsuden,2011,30,"Biography,Sci-Fi",5.8,14,https://www.imdb.com/title/tt3234708/
tt3432248,Double Circle,2013,\N,"Animation,Sci-Fi",3.6,14,https://www.imdb.com/title/tt3432248/
tt35684733,The Earth Guy,2023,\N,"Animation,Comedy,Sci-Fi",7.4,14,https://www.imdb.com/title/tt35684733/
tt3729770,Rapture,2017,\N,"Horror,Mystery,Sci-Fi",5.2,14,https://www.imdb.com/title/tt3729770/
tt38363416,Night Visions,2025,23,"Horror,Sci-Fi",7.0,14,https://www.imdb.com/title/tt38363416/
tt3991184,Star Trek: Elokomin,2015,\N,"Action,Adventure,Sci-Fi",6.6,14,https://www.imdb.com/title/tt3991184/
tt4080182,Do smerti krasiva,2013,46,"Comedy,Drama,Sci-Fi",4.1,14,https://www.imdb.com/title/tt4080182/
tt4793332,Dreadnought Dominion,2015,22,Sci-Fi,5.9,14,https://www.imdb.com/title/tt4793332/
tt5368832,Tales of a Broken Reality,2015,25,Sci-Fi,8.4,14,https://www.imdb.com/title/tt5368832/
tt6650714,"Carlinos, la serie",2017,\N,"Comedy,Sci-Fi",8.5,14,https://www.imdb.com/title/tt6650714/
tt6917294,Like Them,2017,52,Sci-Fi,5.8,14,https://www.imdb.com/title/tt6917294/
tt7087194,Lost Tales of the Republic: The Purge,2017,5,"Action,Sci-Fi,Short",5.6,14,https://www.imdb.com/title/tt7087194/
tt7510300,The Blackwood Prophecies,2017,\N,Sci-Fi,4.0,14,https://www.imdb.com/title/tt7510300/
tt7772560,StarCube: Galaxy,2016,\N,"Adventure,Animation,Sci-Fi",8.8,14,https://www.imdb.com/title/tt7772560/
tt7890784,Science and Star Wars,2017,5,Sci-Fi,4.7,14,https://www.imdb.com/title/tt7890784/
tt8054064,Chronomega,2018,24,Sci-Fi,5.0,14,https://www.imdb.com/title/tt8054064/
tt8647660,Fundamentally Cynical,2019,5,"Animation,Sci-Fi",6.4,14,https://www.imdb.com/title/tt8647660/
tt0288910,2001: A Space Road Odyssey,2001,\N,"Reality-TV,Sci-Fi",5.2,13,https://www.imdb.com/title/tt0288910/
tt10147672,Commanders,2019,\N,"Comedy,Sci-Fi",7.2,13,https://www.imdb.com/title/tt10147672/
tt10210668,Clocking Out,2016,11,Sci-Fi,6.0,13,https://www.imdb.com/title/tt10210668/
tt10418058,Encounters,2019,\N,"Horror,Sci-Fi",6.6,13,https://www.imdb.com/title/tt10418058/
tt10492606,Yeni Dalga,2018,\N,"Sci-Fi,Thriller",4.8,13,https://www.imdb.com/title/tt10492606/
tt1242502,Meta4orce,2008,32,"Animation,Crime,Sci-Fi",8.8,13,https://www.imdb.com/title/tt1242502/
tt12892750,InHouse-CON,2020,\N,Sci-Fi,9.1,13,https://www.imdb.com/title/tt12892750/
tt1427167,In2ition,2008,3,"Drama,Mystery,Sci-Fi",7.6,13,https://www.imdb.com/title/tt1427167/
tt14938844,Danyah,2014,\N,"Animation,Sci-Fi",7.2,13,https://www.imdb.com/title/tt14938844/
tt16310988,Fall in Love with Him,2021,\N,"Fantasy,Romance,Sci-Fi",7.2,13,https://www.imdb.com/title/tt16310988/
tt1753429,Alpha Planet,2010,50,"Adventure,Drama,Sci-Fi",7.1,13,https://www.imdb.com/title/tt1753429/
tt1781689,The Icarus II Project,2011,\N,Sci-Fi,5.9,13,https://www.imdb.com/title/tt1781689/
tt1839300,The Deconstructor,2008,\N,"Animation,Comedy,Sci-Fi",6.0,13,https://www.imdb.com/title/tt1839300/
tt2254692,The Sleaze Box,2012,10,"Horror,Sci-Fi,Talk-Show",6.7,13,https://www.imdb.com/title/tt2254692/
tt23633508,MediaMasters,2019,\N,"Family,Sci-Fi",8.6,13,https://www.imdb.com/title/tt23633508/
tt23710414,The Night Sky,2001,45,"Sci-Fi,Talk-Show",4.9,13,https://www.imdb.com/title/tt23710414/
tt25630802,The Game Catchers,2022,\N,"Animation,Comedy,Sci-Fi",7.7,13,https://www.imdb.com/title/tt25630802/
tt2624156,Lantern City,2014,\N,Sci-Fi,6.2,13,https://www.imdb.com/title/tt2624156/
tt2728170,The Fly Trap,2013,\N,"Sci-Fi,Short",7.9,13,https://www.imdb.com/title/tt2728170/
tt3004806,Shadow 44,2013,\N,Sci-Fi,8.6,13,https://www.imdb.com/title/tt3004806/
tt30275622,Kaliber 200 volt,2010,\N,"Comedy,Sci-Fi",7.2,13,https://www.imdb.com/title/tt30275622/
tt31713482,Vyzhivshie. Dopros,2024,11,"Drama,Sci-Fi,Thriller",6.8,13,https://www.imdb.com/title/tt31713482/
tt32235683,Alienated,2023,\N,"Drama,Sci-Fi",6.3,13,https://www.imdb.com/title/tt32235683/
tt34765138,Outsider Trading,2024,\N,"Animation,Comedy,Sci-Fi",7.7,13,https://www.imdb.com/title/tt34765138/
tt34911051,Privier,2024,\N,Sci-Fi,8.6,13,https://www.imdb.com/title/tt34911051/
tt3913294,The Last Client,2015,8,Sci-Fi,8.9,13,https://www.imdb.com/title/tt3913294/
tt4077110,The Marvelous M Show,2011,\N,"Action,Comedy,Sci-Fi",6.4,13,https://www.imdb.com/title/tt4077110/
tt4218556,Northbound,2015,\N,"Sci-Fi,Thriller",7.1,13,https://www.imdb.com/title/tt4218556/
tt4355190,Doctor Who: Lucky 13,2015,\N,"Adventure,Sci-Fi",7.5,13,https://www.imdb.com/title/tt4355190/
tt4509280,The Source,2015,10,Sci-Fi,6.4,13,https://www.imdb.com/title/tt4509280/
tt4619160,Mercs,2014,\N,"Adventure,Comedy,Sci-Fi",7.9,13,https://www.imdb.com/title/tt4619160/
tt5975696,Wars,2018,\N,Sci-Fi,7.0,13,https://www.imdb.com/title/tt5975696/
tt6017376,AFTER Episode I: Lucy (VR Experience),2017,6,"Drama,Fantasy,Sci-Fi",8.4,13,https://www.imdb.com/title/tt6017376/
tt6078792,Yemoja: Rise of the Orisha,2016,42,"Fantasy,Mystery,Sci-Fi",8.7,13,https://www.imdb.com/title/tt6078792/
tt6182868,Persona,2016,10,"Crime,Sci-Fi",8.3,13,https://www.imdb.com/title/tt6182868/
tt6649548,Space Dad,2017,\N,"Adventure,Comedy,Sci-Fi",6.6,13,https://www.imdb.com/title/tt6649548/
tt6984092,Declassified,2017,\N,Sci-Fi,8.7,13,https://www.imdb.com/title/tt6984092/
tt8877326,Share Your Scare,2019,\N,"Horror,Reality-TV,Sci-Fi",4.8,13,https://www.imdb.com/title/tt8877326/
tt9545238,Haunted USA,2017,\N,Sci-Fi,5.0,13,https://www.imdb.com/title/tt9545238/
tt10322826,Entangled,2019,\N,Sci-Fi,1.7,12,https://www.imdb.com/title/tt10322826/
tt10351218,Bishonure Tantei Mizuno Hagoromo,2019,\N,"Mystery,Sci-Fi",4.1,12,https://www.imdb.com/title/tt10351218/
tt10765344,The Supercat Video Universe: Volume 3,2022,\N,"Action,Drama,Sci-Fi",8.9,12,https://www.imdb.com/title/tt10765344/
tt13198804,Pallidus,2020,\N,Sci-Fi,8.0,12,https://www.imdb.com/title/tt13198804/
tt13458234,The Gamers 2037,2020,\N,Sci-Fi,6.6,12,https://www.imdb.com/title/tt13458234/
tt13831528,Science Vs Introverts,2020,\N,"Sci-Fi,Short,Talk-Show",7.5,12,https://www.imdb.com/title/tt13831528/
tt14702732,Les voyages extraordinaires de Jules Verne,2000,\N,"Adventure,Animation,Sci-Fi",5.6,12,https://www.imdb.com/title/tt14702732/
tt15156882,Joe & Robot Kopi,2021,\N,"Adventure,Family,Sci-Fi",8.6,12,https://www.imdb.com/title/tt15156882/
tt1524300,Labirinty razuma,2006,\N,"Documentary,Mystery,Sci-Fi",7.0,12,https://www.imdb.com/title/tt1524300/
tt1954262,Battle Hero Absolute,2010,12,"Action,Drama,Sci-Fi",7.8,12,https://www.imdb.com/title/tt1954262/
tt2103564,Indy Christian Review,2011,5,"News,Sci-Fi",7.7,12,https://www.imdb.com/title/tt2103564/
tt2130340,Teppei 1990,2012,60,"Comedy,Sci-Fi",5.8,12,https://www.imdb.com/title/tt2130340/
tt3299790,#LawstinWoods,2013,\N,Sci-Fi,7.3,12,https://www.imdb.com/title/tt3299790/
tt3425836,Shinseikiden Mâzu,2002,24,"Animation,Sci-Fi",4.2,12,https://www.imdb.com/title/tt3425836/
tt3515662,Polaris,2014,\N,Sci-Fi,5.8,12,https://www.imdb.com/title/tt3515662/
tt3614332,Karaté Boy,2010,\N,"Action,Comedy,Sci-Fi",8.1,12,https://www.imdb.com/title/tt3614332/
tt3622326,Run=Dim,2001,\N,"Adventure,Animation,Sci-Fi",4.6,12,https://www.imdb.com/title/tt3622326/
tt3980330,Chronic Misadventures of Slackers in Space,2014,\N,"Comedy,Sci-Fi",7.0,12,https://www.imdb.com/title/tt3980330/
tt4159420,Superhuman,2014,\N,Sci-Fi,7.3,12,https://www.imdb.com/title/tt4159420/
tt4508640,The Hitch-Hiker,2015,\N,"Drama,Horror,Sci-Fi",3.9,12,https://www.imdb.com/title/tt4508640/
tt4549588,Death Row Democracy,2015,\N,"Crime,Drama,Sci-Fi",7.2,12,https://www.imdb.com/title/tt4549588/
tt5290244,Star Trek: Absolution,2015,42,"Animation,Sci-Fi",6.2,12,https://www.imdb.com/title/tt5290244/
tt7287552,Revenge of the Sith: Web Documentaries,2005,6,"Documentary,Sci-Fi,Short",6.7,12,https://www.imdb.com/title/tt7287552/
tt7652094,Astronogeek,2015,\N,Sci-Fi,4.6,12,https://www.imdb.com/title/tt7652094/
tt7979382,Total Warriors: Alpha Squad,2018,\N,"Animation,Sci-Fi",7.4,12,https://www.imdb.com/title/tt7979382/
tt8243302,The Manos Chronicles,2023,60,"Fantasy,Sci-Fi",7.4,12,https://www.imdb.com/title/tt8243302/
tt0452102,P.E.T. Detectives,2003,23,Sci-Fi,6.0,11,https://www.imdb.com/title/tt0452102/
tt10057860,Kun Lun Gui,2020,\N,"Action,Fantasy,Sci-Fi",8.5,11,https://www.imdb.com/title/tt10057860/
tt10173872,Doctor Who: The Cravat Doctor Adventures,2016,\N,"Animation,Drama,Sci-Fi",6.0,11,https://www.imdb.com/title/tt10173872/
tt1069956,Into the Unknown with George Noory,2007,30,"Fantasy,Reality-TV,Sci-Fi",7.0,11,https://www.imdb.com/title/tt1069956/
tt11328566,Heily,2019,\N,"Action,Romance,Sci-Fi",5.1,11,https://www.imdb.com/title/tt11328566/
tt11951034,What If,2018,\N,Sci-Fi,8.8,11,https://www.imdb.com/title/tt11951034/
tt1296842,Tales from Dark Fall,2008,\N,Sci-Fi,6.8,11,https://www.imdb.com/title/tt1296842/
tt1383370,Star Chicks,2009,\N,"Comedy,Sci-Fi",6.4,11,https://www.imdb.com/title/tt1383370/
tt14278078,Dream Job,2022,\N,"Comedy,Mystery,Sci-Fi",7.7,11,https://www.imdb.com/title/tt14278078/
tt14371386,Tomatohead,2020,1,"Animation,Comedy,Sci-Fi",8.0,11,https://www.imdb.com/title/tt14371386/
tt15226288,Parallel,2021,12,Sci-Fi,5.6,11,https://www.imdb.com/title/tt15226288/
tt1618950,American Paranormal,2010,\N,Sci-Fi,4.5,11,https://www.imdb.com/title/tt1618950/
tt1630646,Multinauts,2010,40,"Adventure,Sci-Fi",8.0,11,https://www.imdb.com/title/tt1630646/
tt1772518,Hard Drive 13,2010,\N,"Action,Adventure,Sci-Fi",7.1,11,https://www.imdb.com/title/tt1772518/
tt1790063,Cyphers,2010,\N,"Sci-Fi,Thriller",6.7,11,https://www.imdb.com/title/tt1790063/
tt1793167,Time Scoop Hunter,2009,30,"History,Sci-Fi",5.9,11,https://www.imdb.com/title/tt1793167/
tt18933142,Doctor Who: UNIT Dominion,2012,\N,Sci-Fi,6.6,11,https://www.imdb.com/title/tt18933142/
tt1988207,2012 the Webseries,2011,\N,Sci-Fi,6.8,11,https://www.imdb.com/title/tt1988207/
tt19894894,300... kai dyo,2021,15,"Comedy,Sci-Fi",5.0,11,https://www.imdb.com/title/tt19894894/
tt2074366,Frontier Guard,2010,\N,Sci-Fi,6.7,11,https://www.imdb.com/title/tt2074366/
tt2204329,Chi-Chian: The Black Seed,2000,\N,Sci-Fi,6.0,11,https://www.imdb.com/title/tt2204329/
tt2286276,City Streets,2012,\N,Sci-Fi,8.3,11,https://www.imdb.com/title/tt2286276/
tt2293915,O-Parts,2012,\N,Sci-Fi,6.0,11,https://www.imdb.com/title/tt2293915/
tt2365155,Fallout,2007,\N,"Comedy,Drama,Sci-Fi",8.8,11,https://www.imdb.com/title/tt2365155/
tt25041652,Max vs. the Metaverse,2022,12,"Adventure,Animation,Sci-Fi",7.6,11,https://www.imdb.com/title/tt25041652/
tt2584366,Always Night,2013,\N,Sci-Fi,7.4,11,https://www.imdb.com/title/tt2584366/
tt27028429,Mokei Senshi Gunpla Builders Beginning G,2010,15,"Action,Sci-Fi",6.9,11,https://www.imdb.com/title/tt27028429/
tt27588717,Reiwa no Di Gi Charat,2022,4,"Animation,Comedy,Sci-Fi",4.5,11,https://www.imdb.com/title/tt27588717/
tt27812683,Eva. Svyaz skvoz vremya,2023,5,Sci-Fi,5.4,11,https://www.imdb.com/title/tt27812683/
tt28762839,The rocket city,2021,22,"Adventure,Animation,Sci-Fi",4.8,11,https://www.imdb.com/title/tt28762839/
tt2959060,Double Tone - Futari no Yumi,2013,\N,Sci-Fi,7.6,11,https://www.imdb.com/title/tt2959060/
tt3122952,Star Trek: Origins,2013,30,Sci-Fi,4.2,11,https://www.imdb.com/title/tt3122952/
tt31490653,AMAIM: Warrior at the Borderline: UltraSteel Ogre-Gear,2023,\N,"Action,Animation,Sci-Fi",4.2,11,https://www.imdb.com/title/tt31490653/
tt31547646,PressuRx,2024,\N,"Drama,Sci-Fi",7.3,11,https://www.imdb.com/title/tt31547646/
tt31796902,Ayuda Mundial,2008,\N,"Animation,Comedy,Sci-Fi",8.5,11,https://www.imdb.com/title/tt31796902/
tt32021255,Living with Siblings,2020,\N,"Drama,Sci-Fi,Sport",7.5,11,https://www.imdb.com/title/tt32021255/
tt3432564,The Last Kind,2014,\N,"Drama,Horror,Sci-Fi",7.3,11,https://www.imdb.com/title/tt3432564/
tt3446754,Chipped,2014,\N,"Action,Drama,Sci-Fi",6.8,11,https://www.imdb.com/title/tt3446754/
tt3461290,Blackout,2014,\N,Sci-Fi,8.2,11,https://www.imdb.com/title/tt3461290/
tt3482566,STC: The Falkenhorst Chronicles,2013,\N,"Animation,Sci-Fi",5.3,11,https://www.imdb.com/title/tt3482566/
tt38690229,Takeover,2025,20,"Action,Crime,Sci-Fi",9.1,11,https://www.imdb.com/title/tt38690229/
tt5009292,Superman,2015,22,"Animation,Sci-Fi",8.9,11,https://www.imdb.com/title/tt5009292/
tt5009870,Kimagure Robot,2004,2,"Animation,Comedy,Sci-Fi",4.6,11,https://www.imdb.com/title/tt5009870/
tt5023824,The Midnight Anthology,2015,\N,Sci-Fi,7.8,11,https://www.imdb.com/title/tt5023824/
tt5190116,Panopticon,2016,\N,"Sci-Fi,Thriller",5.9,11,https://www.imdb.com/title/tt5190116/
tt5209390,Simulated Dead People,2015,\N,Sci-Fi,7.2,11,https://www.imdb.com/title/tt5209390/
tt5373482,Na Zadupiu Natury,2011,\N,"Adventure,Comedy,Sci-Fi",8.1,11,https://www.imdb.com/title/tt5373482/
tt5830364,Whovians,2015,18,"Comedy,Drama,Sci-Fi",7.7,11,https://www.imdb.com/title/tt5830364/
tt5856466,Strange City,2016,\N,Sci-Fi,7.6,11,https://www.imdb.com/title/tt5856466/
tt6873560,The Enhanced,2018,\N,"Drama,Fantasy,Sci-Fi",7.8,11,https://www.imdb.com/title/tt6873560/
tt7122558,Vincent Kosmos: The Time-Thief,2008,\N,Sci-Fi,7.2,11,https://www.imdb.com/title/tt7122558/
tt7309442,Star Trek: Antyllus,2013,\N,Sci-Fi,7.4,11,https://www.imdb.com/title/tt7309442/
tt7425148,The Wasteland,2017,92,Sci-Fi,6.1,11,https://www.imdb.com/title/tt7425148/
tt7846090,Ewan's Doctor Who (Fan-Film),2015,\N,Sci-Fi,2.5,11,https://www.imdb.com/title/tt7846090/
tt7874312,Red vs. Blue: MIA,2011,3,"Animation,Comedy,Sci-Fi",7.7,11,https://www.imdb.com/title/tt7874312/
tt8223252,Doctor Who: Fractured Timeline,2018,\N,Sci-Fi,7.4,11,https://www.imdb.com/title/tt8223252/
tt8451694,Cold Walls,2017,44,Sci-Fi,7.1,11,https://www.imdb.com/title/tt8451694/
tt9149834,Star Trek: Secret Voyage,2012,\N,Sci-Fi,6.5,11,https://www.imdb.com/title/tt9149834/
tt9407336,Abducidos,2018,\N,"Comedy,Drama,Sci-Fi",7.2,11,https://www.imdb.com/title/tt9407336/
tt9639868,The Blood Crystal: A Star Wars Story,2019,\N,Sci-Fi,4.8,11,https://www.imdb.com/title/tt9639868/
tt9802792,Voltz - With Sips and Sjin!,2013,16,"Comedy,Sci-Fi,War",7.6,11,https://www.imdb.com/title/tt9802792/
tt0415402,Ayoye,2001,24,Sci-Fi,7.3,10,https://www.imdb.com/title/tt0415402/
tt10102888,Stone Trek,2001,\N,"Animation,Comedy,Sci-Fi",7.4,10,https://www.imdb.com/title/tt10102888/
tt11218448,El sueño del pibe,2020,\N,Sci-Fi,8.1,10,https://www.imdb.com/title/tt11218448/
tt1123242,Pierre 41,2007,\N,"Biography,Documentary,Sci-Fi",8.5,10,https://www.imdb.com/title/tt1123242/
tt11537906,Star Wars: Dark Empire,2019,\N,"Adventure,Animation,Sci-Fi",7.5,10,https://www.imdb.com/title/tt11537906/
tt1176256,The Adventures of Stephen Brown,2000,\N,Sci-Fi,5.5,10,https://www.imdb.com/title/tt1176256/
tt11899058,Heroes Reborn: Damen Peak,2015,\N,Sci-Fi,5.2,10,https://www.imdb.com/title/tt11899058/
tt12126840,Mem 39,2020,\N,"Drama,Sci-Fi",8.7,10,https://www.imdb.com/title/tt12126840/
tt13248596,Tales from the 501st,2020,\N,Sci-Fi,7.9,10,https://www.imdb.com/title/tt13248596/
tt13293328,Augmented Reality Girls Trinary,2017,7,"Animation,Sci-Fi",6.8,10,https://www.imdb.com/title/tt13293328/
tt13496292,Project Fuhr,2020,53,"Drama,Sci-Fi,Thriller",8.3,10,https://www.imdb.com/title/tt13496292/
tt14924852,1881,2022,60,"Crime,History,Sci-Fi",6.5,10,https://www.imdb.com/title/tt14924852/
tt17080752,Drafted: Origins,2024,98,Sci-Fi,7.0,10,https://www.imdb.com/title/tt17080752/
tt1746356,Faiâsutômu,2003,25,"Animation,Sci-Fi,War",5.0,10,https://www.imdb.com/title/tt1746356/
tt1887418,Projecte Oracle,2011,\N,Sci-Fi,8.4,10,https://www.imdb.com/title/tt1887418/
tt1922512,Edebits,2006,15,"Animation,Family,Sci-Fi",6.4,10,https://www.imdb.com/title/tt1922512/
tt21160314,Night Shift,2019,\N,"Action,Horror,Sci-Fi",5.4,10,https://www.imdb.com/title/tt21160314/
tt21809170,AI.5YA,2022,30,"Comedy,Romance,Sci-Fi",9.0,10,https://www.imdb.com/title/tt21809170/
tt23736534,A Week to Time Travel,2023,58,"Drama,Sci-Fi",5.6,10,https://www.imdb.com/title/tt23736534/
tt2393471,The New Kind,2012,\N,"Animation,Fantasy,Sci-Fi",6.4,10,https://www.imdb.com/title/tt2393471/
tt2494544,Dark Pool,2011,\N,Sci-Fi,6.3,10,https://www.imdb.com/title/tt2494544/
tt2620314,Diario del Apocalipsis,2012,6,Sci-Fi,8.1,10,https://www.imdb.com/title/tt2620314/
tt27502688,Roswell 75: The Final Evidence,2022,\N,"Mystery,Sci-Fi",6.8,10,https://www.imdb.com/title/tt27502688/
tt27704569,Alter-Naratif,2023,45,"Drama,Mystery,Sci-Fi",7.7,10,https://www.imdb.com/title/tt27704569/
tt3040802,The Eye of Horus,2013,\N,"Action,Fantasy,Sci-Fi",9.0,10,https://www.imdb.com/title/tt3040802/
tt3040912,Space Girl,2012,10,"Action,Sci-Fi,Short",7.7,10,https://www.imdb.com/title/tt3040912/
tt31956398,The Downside of Time Travel,2024,\N,Sci-Fi,4.6,10,https://www.imdb.com/title/tt31956398/
tt3213510,Strange Campaign: Mystery File,2013,\N,"Mystery,Sci-Fi",4.8,10,https://www.imdb.com/title/tt3213510/
tt33836868,Subterranea,2024,\N,Sci-Fi,7.4,10,https://www.imdb.com/title/tt33836868/
tt3740240,Divinity: The Web Series,2013,\N,Sci-Fi,5.5,10,https://www.imdb.com/title/tt3740240/
tt39005824,Los custodios del umbral,2025,\N,"Comedy,Sci-Fi",4.1,10,https://www.imdb.com/title/tt39005824/
tt4278606,My Life in Science Fiction,2014,\N,"Documentary,Sci-Fi",7.1,10,https://www.imdb.com/title/tt4278606/
tt43686248,Roblox Analog Horror,2025,\N,"Horror,Sci-Fi,Thriller",8.5,10,https://www.imdb.com/title/tt43686248/
tt4424204,Cat Planet,2016,\N,"Animation,Comedy,Sci-Fi",7.2,10,https://www.imdb.com/title/tt4424204/
tt5312842,The Outer Rim,2016,22,Sci-Fi,8.4,10,https://www.imdb.com/title/tt5312842/
tt5715848,Resonance,2010,\N,Sci-Fi,6.7,10,https://www.imdb.com/title/tt5715848/
tt6028940,Everything's OK,2016,\N,Sci-Fi,7.9,10,https://www.imdb.com/title/tt6028940/
tt6550870,Doctor Who FanFilm Series: MB & Homeland,2006,\N,Sci-Fi,8.9,10,https://www.imdb.com/title/tt6550870/
tt6557216,Good Morning Antioch,2016,11,Sci-Fi,7.9,10,https://www.imdb.com/title/tt6557216/
tt6580006,Gold from the Sky,2019,\N,"Adventure,Sci-Fi",8.7,10,https://www.imdb.com/title/tt6580006/
tt6958920,School Trek,2011,\N,"Comedy,Sci-Fi",5.6,10,https://www.imdb.com/title/tt6958920/
tt7257234,Quantum Master,2017,\N,"Action,Comedy,Sci-Fi",8.3,10,https://www.imdb.com/title/tt7257234/
tt7497132,Paranormal Matrix,2016,\N,"Mystery,Reality-TV,Sci-Fi",6.4,10,https://www.imdb.com/title/tt7497132/
tt8206460,Night Crew,2017,\N,"Comedy,Sci-Fi",4.8,10,https://www.imdb.com/title/tt8206460/
tt8297846,Arabs in Space,2018,16,"Adventure,Comedy,Sci-Fi",7.5,10,https://www.imdb.com/title/tt8297846/
tt9547420,Utopia Planitia,2019,\N,Sci-Fi,7.1,10,https://www.imdb.com/title/tt9547420/
tt9606918,After Ray,2020,\N,Sci-Fi,5.0,10,https://www.imdb.com/title/tt9606918/
tt0485449,Saiko Exciting,2002,120,Sci-Fi,8.6,9,https://www.imdb.com/title/tt0485449/
tt0877084,Fantastikids,2006,\N,"Action,Sci-Fi",7.8,9,https://www.imdb.com/title/tt0877084/
tt0963612,Omoikkiri kagaku adobenchâ sô nan da!,2003,30,"Animation,Comedy,Sci-Fi",3.6,9,https://www.imdb.com/title/tt0963612/
tt10042498,Dark Before Dawn,2019,\N,"Action,Horror,Sci-Fi",7.7,9,https://www.imdb.com/title/tt10042498/
tt10572756,Despierta,2011,\N,Sci-Fi,8.7,9,https://www.imdb.com/title/tt10572756/
tt11182798,The Love Project,2019,\N,"Drama,Fantasy,Sci-Fi",8.8,9,https://www.imdb.com/title/tt11182798/
tt12695384,Rocket Records,2019,\N,"Horror,Sci-Fi,Short",8.0,9,https://www.imdb.com/title/tt12695384/
tt1443439,eScape,2010,\N,Sci-Fi,4.5,9,https://www.imdb.com/title/tt1443439/
tt14906848,Déjà vu: A time travel story,2021,6,Sci-Fi,7.4,9,https://www.imdb.com/title/tt14906848/
tt15091520,It Lies Within,2021,\N,Sci-Fi,7.3,9,https://www.imdb.com/title/tt15091520/
tt15489674,Treertoni Replay,2021,\N,Sci-Fi,1.0,9,https://www.imdb.com/title/tt15489674/
tt1672066,Yesterday Was a Lie,2010,\N,"Drama,Fantasy,Sci-Fi",8.0,9,https://www.imdb.com/title/tt1672066/
tt18227250,Shell,2022,\N,"Drama,Romance,Sci-Fi",6.6,9,https://www.imdb.com/title/tt18227250/
tt2092268,Raptured,2011,7,"Comedy,Sci-Fi,Thriller",8.9,9,https://www.imdb.com/title/tt2092268/
tt2290914,Hunter,2012,\N,"Adventure,Sci-Fi",4.8,9,https://www.imdb.com/title/tt2290914/
tt2319726,The League of Ordinary Gamers,2012,\N,"Comedy,Sci-Fi",6.9,9,https://www.imdb.com/title/tt2319726/
tt23858520,Alive in the Backrooms,2022,\N,"Horror,Sci-Fi,Thriller",6.2,9,https://www.imdb.com/title/tt23858520/
tt2505900,CV Nation,2012,\N,Sci-Fi,8.2,9,https://www.imdb.com/title/tt2505900/
tt29713928,SCP Academy,2024,\N,Sci-Fi,6.4,9,https://www.imdb.com/title/tt29713928/
tt3020820,The Survivor,2011,\N,"Sci-Fi,Thriller",7.5,9,https://www.imdb.com/title/tt3020820/
tt30797155,Hugo og Drømmemasken,2023,12,Sci-Fi,7.0,9,https://www.imdb.com/title/tt30797155/
tt3127192,Shattered Heaven,2013,15,Sci-Fi,7.9,9,https://www.imdb.com/title/tt3127192/
tt3294222,Doctor Who Animated Series,2013,\N,Sci-Fi,6.5,9,https://www.imdb.com/title/tt3294222/
tt33266072,Atom Town,2022,\N,"Animation,Family,Sci-Fi",7.0,9,https://www.imdb.com/title/tt33266072/
tt34677334,Wasteland Wonders,2024,\N,"Comedy,Sci-Fi,Talk-Show",8.6,9,https://www.imdb.com/title/tt34677334/
tt3622652,Bird Island,2003,\N,"Animation,History,Sci-Fi",7.7,9,https://www.imdb.com/title/tt3622652/
tt3653958,The Grey Matter Archives,2016,\N,"Fantasy,Horror,Sci-Fi",6.3,9,https://www.imdb.com/title/tt3653958/
tt36631527,Parták na baterky,2025,\N,"Comedy,Crime,Sci-Fi",5.5,9,https://www.imdb.com/title/tt36631527/
tt3709816,Prehistoric,2009,20,"Family,Sci-Fi",4.5,9,https://www.imdb.com/title/tt3709816/
tt3860152,Celebrity Ghost Stories UK,2011,60,"Fantasy,Sci-Fi",6.0,9,https://www.imdb.com/title/tt3860152/
tt3876658,Down to Film,2012,30,"Comedy,Horror,Sci-Fi",7.8,9,https://www.imdb.com/title/tt3876658/
tt4312346,The Secrets in the Sand,2010,\N,Sci-Fi,7.5,9,https://www.imdb.com/title/tt4312346/
tt4405692,Existence on Record,2014,47,"Drama,Sci-Fi",8.4,9,https://www.imdb.com/title/tt4405692/
tt4591100,The Third Age,2009,\N,Sci-Fi,7.0,9,https://www.imdb.com/title/tt4591100/
tt4679310,Números,2014,10,"Comedy,Drama,Sci-Fi",8.1,9,https://www.imdb.com/title/tt4679310/
tt4758138,Erasmus Interplanetario,2015,\N,Sci-Fi,8.6,9,https://www.imdb.com/title/tt4758138/
tt4915732,"Like Me, Like a Joker",2014,25,"Fantasy,Sci-Fi",8.1,9,https://www.imdb.com/title/tt4915732/
tt5039682,Here We Wait,2016,12,"Drama,Sci-Fi",8.5,9,https://www.imdb.com/title/tt5039682/
tt5627892,Still,2015,\N,"Horror,Sci-Fi",8.3,9,https://www.imdb.com/title/tt5627892/
tt5949624,The Blockade Runner,2017,\N,Sci-Fi,6.4,9,https://www.imdb.com/title/tt5949624/
tt6137796,Doctor Who: Season 26B,2007,45,"Adventure,Drama,Sci-Fi",7.5,9,https://www.imdb.com/title/tt6137796/
tt6199792,Sindbad & the 7 Galaxies,2016,11,"Adventure,Animation,Sci-Fi",7.0,9,https://www.imdb.com/title/tt6199792/
tt6263964,The Elements,2016,20,Sci-Fi,8.5,9,https://www.imdb.com/title/tt6263964/
tt6355992,Editor Man,2015,\N,Sci-Fi,8.0,9,https://www.imdb.com/title/tt6355992/
tt6654046,Marisa Romanov,2019,\N,"Fantasy,Mystery,Sci-Fi",3.6,9,https://www.imdb.com/title/tt6654046/
tt6810306,Elegant Scum,2017,11,Sci-Fi,8.1,9,https://www.imdb.com/title/tt6810306/
tt6860520,Eternal War,2018,\N,"Sci-Fi,Short",8.0,9,https://www.imdb.com/title/tt6860520/
tt7874094,"Red vs. Blue: Where There's a Will, There's a Wall",2012,4,"Animation,Comedy,Sci-Fi",6.6,9,https://www.imdb.com/title/tt7874094/
tt7946020,Transformers Infinite Chaos,2015,\N,Sci-Fi,2.6,9,https://www.imdb.com/title/tt7946020/
tt7989656,The Adventures of Hero-Man,2012,\N,"Animation,Sci-Fi,Short",8.6,9,https://www.imdb.com/title/tt7989656/
tt8300516,Transformers Ascension,2016,\N,Sci-Fi,8.4,9,https://www.imdb.com/title/tt8300516/
tt9849046,Halorama,2011,\N,"Adventure,Drama,Sci-Fi",8.0,9,https://www.imdb.com/title/tt9849046/
tt10666290,Neuroblast,2019,22,Sci-Fi,8.2,8,https://www.imdb.com/title/tt10666290/
tt11013024,Dan Aykroyd's Out There,2002,30,"Sci-Fi,Talk-Show",9.5,8,https://www.imdb.com/title/tt11013024/
tt12837158,Space Heroes,2021,10,Sci-Fi,4.8,8,https://www.imdb.com/title/tt12837158/
tt12938502,AI Her,2020,\N,Sci-Fi,7.4,8,https://www.imdb.com/title/tt12938502/
tt1305875,Fujiko F. Fujio's Parallel Space,2008,\N,"Drama,Sci-Fi",7.2,8,https://www.imdb.com/title/tt1305875/
tt15511216,Makinium,2021,22,"Adventure,Comedy,Sci-Fi",7.0,8,https://www.imdb.com/title/tt15511216/
tt1687980,PROBED: signals,2010,87,Sci-Fi,8.8,8,https://www.imdb.com/title/tt1687980/
tt19717640,Escape from Earth!,2022,64,Sci-Fi,4.0,8,https://www.imdb.com/title/tt19717640/
tt2058517,The Starmind Record,2011,\N,Sci-Fi,7.5,8,https://www.imdb.com/title/tt2058517/
tt21145702,Chronos Mercury,2022,\N,Sci-Fi,8.5,8,https://www.imdb.com/title/tt21145702/
tt2223646,The Silent City,2012,\N,Sci-Fi,6.8,8,https://www.imdb.com/title/tt2223646/
tt2303715,Look Up in the Sky,2012,2,"Drama,Mystery,Sci-Fi",8.2,8,https://www.imdb.com/title/tt2303715/
tt24712842,Sketches About Freedom,2018,\N,"Drama,Sci-Fi,Thriller",6.7,8,https://www.imdb.com/title/tt24712842/
tt25966280,Love through time,2020,300,"Drama,Sci-Fi",7.4,8,https://www.imdb.com/title/tt25966280/
tt26748269,Star Wars Kids,2018,\N,"Fantasy,Sci-Fi",6.2,8,https://www.imdb.com/title/tt26748269/
tt2678430,Public Domain Theatre,2011,120,"Comedy,Horror,Sci-Fi",4.8,8,https://www.imdb.com/title/tt2678430/
tt27411350,Descendants of Order 66,2022,\N,Sci-Fi,7.8,8,https://www.imdb.com/title/tt27411350/
tt29079706,Top Secret Files: Declassified,2023,20,"Documentary,History,Sci-Fi",8.2,8,https://www.imdb.com/title/tt29079706/
tt30177458,Gruzchiki,2022,30,"Comedy,Drama,Sci-Fi",6.7,8,https://www.imdb.com/title/tt30177458/
tt30400553,How the Earth Got Its Shapes,2014,\N,"Documentary,Sci-Fi",8.2,8,https://www.imdb.com/title/tt30400553/
tt3069074,Quantum Theory: SASSxACCELERATION,2013,\N,Sci-Fi,7.4,8,https://www.imdb.com/title/tt3069074/
tt31969663,Explosive!,2015,\N,"Documentary,Reality-TV,Sci-Fi",8.2,8,https://www.imdb.com/title/tt31969663/
tt3205808,Improbabilia,2013,9,Sci-Fi,7.0,8,https://www.imdb.com/title/tt3205808/
tt32874258,Akademiya druzhby,2025,30,"Adventure,Family,Sci-Fi",6.6,8,https://www.imdb.com/title/tt32874258/
tt33347377,A.U.F.L.: Au Unlimited Future Laboratory,2013,7,"Animation,Sci-Fi",4.0,8,https://www.imdb.com/title/tt33347377/
tt33888885,Pandora's Fruit,2022,\N,Sci-Fi,7.0,8,https://www.imdb.com/title/tt33888885/
tt3448078,The Cosmonaut: Transmedia Experience,2013,\N,"Drama,Sci-Fi",7.0,8,https://www.imdb.com/title/tt3448078/
tt3528208,Them,2014,25,Sci-Fi,2.0,8,https://www.imdb.com/title/tt3528208/
tt37535890,Down to Earth,2022,24,"Comedy,Sci-Fi",8.3,8,https://www.imdb.com/title/tt37535890/
tt39184193,Pathogen,2025,\N,"Crime,Drama,Sci-Fi",8.5,8,https://www.imdb.com/title/tt39184193/
tt41933983,Hippie Aliens: The Arrival of Zero,2025,23,Sci-Fi,6.9,8,https://www.imdb.com/title/tt41933983/
tt4322512,While,2015,200,"Crime,Drama,Sci-Fi",7.2,8,https://www.imdb.com/title/tt4322512/
tt4477862,Empires of Evil,2015,\N,"Drama,Sci-Fi,Thriller",8.7,8,https://www.imdb.com/title/tt4477862/
tt4579960,Aavishkaar: Ek Rakshak,2003,45,Sci-Fi,7.7,8,https://www.imdb.com/title/tt4579960/
tt5851318,Anazvara,2016,\N,"Action,Sci-Fi,Short",8.1,8,https://www.imdb.com/title/tt5851318/
tt6179316,Mars 2060: The Colony Files,2016,\N,Sci-Fi,6.9,8,https://www.imdb.com/title/tt6179316/
tt6252956,Dark Nights,2013,\N,Sci-Fi,8.8,8,https://www.imdb.com/title/tt6252956/
tt6568344,Hundred to Go,2016,\N,Sci-Fi,6.1,8,https://www.imdb.com/title/tt6568344/
tt6615662,War: 2600,2015,\N,"Action,Comedy,Sci-Fi",9.0,8,https://www.imdb.com/title/tt6615662/
tt6832736,Transformers: United,2015,\N,Sci-Fi,7.7,8,https://www.imdb.com/title/tt6832736/
tt8397732,Nemausus,2018,62,Sci-Fi,7.9,8,https://www.imdb.com/title/tt8397732/
tt0312141,He'almut,2000,\N,Sci-Fi,5.8,7,https://www.imdb.com/title/tt0312141/
tt11028748,Potemkin1711,2010,\N,Sci-Fi,6.8,7,https://www.imdb.com/title/tt11028748/
tt11535568,Genius Teens,2020,\N,Sci-Fi,7.6,7,https://www.imdb.com/title/tt11535568/
tt12822356,Mujo,2020,19,Sci-Fi,8.0,7,https://www.imdb.com/title/tt12822356/
tt1294956,The Triple Eight,2018,22,"Comedy,Sci-Fi",4.5,7,https://www.imdb.com/title/tt1294956/
tt15444052,The A.L.T.E.R. Tapes,2021,\N,"Horror,Sci-Fi,Short",6.6,7,https://www.imdb.com/title/tt15444052/
tt18688980,Dara Mezopotamya,2023,\N,"Action,Sci-Fi",9.0,7,https://www.imdb.com/title/tt18688980/
tt1957493,Red Faction: Armageddon - The Machinima Miniseries,2011,\N,Sci-Fi,7.0,7,https://www.imdb.com/title/tt1957493/
tt2070072,Chutes,2011,\N,Sci-Fi,5.3,7,https://www.imdb.com/title/tt2070072/
tt2138159,Generic Girl,2011,\N,"Adventure,Comedy,Sci-Fi",8.5,7,https://www.imdb.com/title/tt2138159/
tt22819458,Unusual Idol Love,2021,\N,"Comedy,Romance,Sci-Fi",7.1,7,https://www.imdb.com/title/tt22819458/
tt23711976,Dear Adam,2022,\N,"Drama,Sci-Fi",7.4,7,https://www.imdb.com/title/tt23711976/
tt2449614,Decrypted,2012,71,Sci-Fi,7.2,7,https://www.imdb.com/title/tt2449614/
tt28306690,Robotella,2023,50,Sci-Fi,8.1,7,https://www.imdb.com/title/tt28306690/
tt31117194,Outer Space,2023,\N,Sci-Fi,8.0,7,https://www.imdb.com/title/tt31117194/
tt31983270,Black Stone,2024,\N,"Sci-Fi,Thriller",8.4,7,https://www.imdb.com/title/tt31983270/
tt3284242,Exceptionals,2014,\N,"Drama,Sci-Fi",7.0,7,https://www.imdb.com/title/tt3284242/
tt3347848,The Duel,2011,\N,Sci-Fi,8.0,7,https://www.imdb.com/title/tt3347848/
tt33612948,The Dark Web,2024,12,Sci-Fi,8.3,7,https://www.imdb.com/title/tt33612948/
tt35488189,Isla Oculta,2025,\N,Sci-Fi,7.8,7,https://www.imdb.com/title/tt35488189/
tt35890545,The Perfect Soldier,2011,10,"Action,Drama,Sci-Fi",7.4,7,https://www.imdb.com/title/tt35890545/
tt3685670,Epytombs,2016,\N,"Drama,Mystery,Sci-Fi",7.8,7,https://www.imdb.com/title/tt3685670/
tt37730365,Epsws ¿Que pasaría si?,2025,\N,Sci-Fi,9.3,7,https://www.imdb.com/title/tt37730365/
tt42287789,Space Jam Roblox,2024,\N,"Adventure,Comedy,Sci-Fi",8.5,7,https://www.imdb.com/title/tt42287789/
tt4793092,The Edwin J. Hill Social Club,2005,22,"Comedy,Sci-Fi",6.0,7,https://www.imdb.com/title/tt4793092/
tt4908760,Lusa,2015,\N,"Action,Romance,Sci-Fi",7.7,7,https://www.imdb.com/title/tt4908760/
tt4926616,Ulysse: the Webseries,2013,\N,Sci-Fi,8.7,7,https://www.imdb.com/title/tt4926616/
tt5216668,Spookerbillies,2015,\N,"Comedy,Horror,Sci-Fi",6.7,7,https://www.imdb.com/title/tt5216668/
tt5268652,The Adventures of Bellatrix and Ayah,2016,\N,"Drama,Fantasy,Sci-Fi",8.0,7,https://www.imdb.com/title/tt5268652/
tt5314636,Star Wars: Vengeance Rising,2015,5,Sci-Fi,5.6,7,https://www.imdb.com/title/tt5314636/
tt5655412,Wonders of the Universe,2011,\N,"Animation,Comedy,Sci-Fi",6.5,7,https://www.imdb.com/title/tt5655412/
tt5859024,Creatures of the Night,2016,\N,"Comedy,Horror,Sci-Fi",7.0,7,https://www.imdb.com/title/tt5859024/
tt6370526,Exode,2015,\N,"Drama,Sci-Fi",7.9,7,https://www.imdb.com/title/tt6370526/
tt6401242,Time Keeper: The Webseries,2012,10,Sci-Fi,8.4,7,https://www.imdb.com/title/tt6401242/
tt7704856,The Jethroverse,2018,\N,"Action,Adventure,Sci-Fi",6.9,7,https://www.imdb.com/title/tt7704856/
tt8507152,Hunter,2018,\N,"Drama,Sci-Fi",2.2,7,https://www.imdb.com/title/tt8507152/
tt9470292,Decoding the Illusion,2018,\N,"Documentary,Mystery,Sci-Fi",8.5,7,https://www.imdb.com/title/tt9470292/
tt9765178,Fuzz & Malloy,2012,\N,"Comedy,Sci-Fi",7.0,7,https://www.imdb.com/title/tt9765178/
tt9810260,Surviving Mars Challenge,2018,14,"Comedy,Game-Show,Sci-Fi",8.0,7,https://www.imdb.com/title/tt9810260/
tt10387550,Satria Naga: Kai,2019,24,"Action,Fantasy,Sci-Fi",7.8,6,https://www.imdb.com/title/tt10387550/
tt11363034,Family Money,2019,\N,"Crime,Sci-Fi",7.0,6,https://www.imdb.com/title/tt11363034/
tt12228978,Unreal Dimensions,2020,18,"Action,Sci-Fi",8.5,6,https://www.imdb.com/title/tt12228978/
tt15385570,Yuki: Space Assassin,2020,\N,Sci-Fi,8.4,6,https://www.imdb.com/title/tt15385570/
tt15716976,Beta Boys,2020,\N,Sci-Fi,7.8,6,https://www.imdb.com/title/tt15716976/
tt16979958,Mobile Suit Gundam ZZ: Gundam Frag,2009,\N,"Action,Animation,Sci-Fi",5.0,6,https://www.imdb.com/title/tt16979958/
tt17043918,Animalia,2020,\N,Sci-Fi,6.5,6,https://www.imdb.com/title/tt17043918/
tt1820264,The Collector's Room,2010,30,"Horror,Mystery,Sci-Fi",6.6,6,https://www.imdb.com/title/tt1820264/
tt18967554,Redacted,2022,\N,"Action,Horror,Sci-Fi",8.6,6,https://www.imdb.com/title/tt18967554/
tt2091497,Afterlife,2005,\N,Sci-Fi,6.0,6,https://www.imdb.com/title/tt2091497/
tt2573316,Iq 73,2007,10,"Action,Sci-Fi,Short",8.3,6,https://www.imdb.com/title/tt2573316/
tt26733823,Rogue Element,2023,30,Sci-Fi,4.6,6,https://www.imdb.com/title/tt26733823/
tt30057734,Antariksh,2006,\N,Sci-Fi,7.6,6,https://www.imdb.com/title/tt30057734/
tt33292579,La Ventana De Pandora,2024,\N,Sci-Fi,7.2,6,https://www.imdb.com/title/tt33292579/
tt34230262,Monsters! Martians! Mad Scientists! Horror and Sci-Fi in the Atomic Age,2019,300,"Documentary,Horror,Sci-Fi",7.4,6,https://www.imdb.com/title/tt34230262/
tt34441167,Meu Relógio Nosso Futuro,2018,\N,Sci-Fi,8.8,6,https://www.imdb.com/title/tt34441167/
tt35665963,Ries,2022,\N,"Action,Drama,Sci-Fi",7.0,6,https://www.imdb.com/title/tt35665963/
tt3803292,The Listener,2015,\N,Sci-Fi,5.7,6,https://www.imdb.com/title/tt3803292/
tt3854504,Denizen: Descent,2014,\N,Sci-Fi,8.2,6,https://www.imdb.com/title/tt3854504/
tt4367208,Doctor Who: The Soldier Stories,2015,\N,"Fantasy,Sci-Fi",6.2,6,https://www.imdb.com/title/tt4367208/
tt4626224,Space Rangers,2017,10,Sci-Fi,8.2,6,https://www.imdb.com/title/tt4626224/
tt11634502,Stargaze,2018,\N,Sci-Fi,7.0,5,https://www.imdb.com/title/tt11634502/
tt12810008,KontaktLos,2020,\N,"Romance,Sci-Fi",5.4,5,https://www.imdb.com/title/tt12810008/
tt13403320,Soul Traveler,2021,\N,"Horror,Sci-Fi",6.0,5,https://www.imdb.com/title/tt13403320/
tt22798028,I Am A Super Star,2022,\N,Sci-Fi,6.8,5,https://www.imdb.com/title/tt22798028/
tt23355584,Kirameki Project,2005,\N,"Animation,Comedy,Sci-Fi",6.4,5,https://www.imdb.com/title/tt23355584/
tt2352537,InvaXon - Alieni nello spazio,2007,25,Sci-Fi,5.4,5,https://www.imdb.com/title/tt2352537/
tt38956207,The Toxic Doom,2025,\N,"Action,Horror,Sci-Fi",9.0,5,https://www.imdb.com/title/tt38956207/
tt6278782,Dear Mankind,2016,16,"Comedy,Sci-Fi",6.6,5,https://www.imdb.com/title/tt6278782/
tt6286682,Opas,2011,42,Sci-Fi,7.8,5,https://www.imdb.com/title/tt6286682/
